{"type":"FeatureCollection","features":[{"type":"Feature","geometry":{"type":"LineString","coordinates":[[-122.436991903567,37.714575236758],[-122.436900887172,37.71447898724],[-122.436357676665,37.71423533795],[-122.436176464925,37.714209483378]]},"properties":{":id":"row-e8ud.2hbj-qt6e",":version":"rv-j675.bt7v_mi5b",":created_at":"2026-03-10T12:37:08.575Z",":updated_at":"2026-03-10T12:37:08.575Z","cnn":"6143201","corridor":"Geneva Ave","limits":"Edinburg St  -  Naples St","cnnrightleft":"L","blockside":"NorthEast","fullname":"Saturday","weekday":"Sat","fromhour":"6","tohour":"8","week1":"1","week2":"1","week3":"1","week4":"1","week5":"1","holidays":"0","blocksweepid":"1633036"}},{"type":"Feature","geometry":{"type":"LineString","coordinates":[[-122.433623590741,37.726236244239],[-122.43398235555,37.72576179005]]},"properties":{":id":"row-pzky~a6f9~w2ms",":version":"rv-4ct5-km47.rf3b",":created_at":"2026-03-10T12:37:08.575Z",":updated_at":"2026-03-10T12:37:08.575Z","cnn":"9161000","corridor":"Mission St","limits":"Excelsior Ave  -  Santa Rosa Ave","cnnrightleft":"R","blockside":"NorthWest","fullname":"Saturday","weekday":"Sat","fromhour":"5","tohour":"7","week1":"1","week2":"1","week3":"1","week4":"1","week5":"1","holidays":"0","blocksweepid":"1626232"}},{"type":"Feature","geometry":{"type":"LineString","coordinates":[[-122.421384746936,37.748032124585],[-122.421493717379,37.748017887556],[-122.422252376224,37.747972484391],[-122.422487363566,37.748013449992]]},"properties":{":id":"row-zsk7.wgg4~4da6",":version":"rv-2h95.g5sx~y5ir",":created_at":"2026-03-10T12:37:08.575Z",":updated_at":"2026-03-10T12:37:08.575Z","cnn":"2490102","corridor":"Cesar Chavez St","limits":"San Jose Ave  -  Guerrero St","cnnrightleft":"R","blockside":"North","fullname":"Saturday","weekday":"Sat","fromhour":"8","tohour":"10","week1":"1","week2":"1","week3":"1","week4":"1","week5":"1","holidays":"0","blocksweepid":"1636941"}},{"type":"Feature","geometry":{"type":"LineString","coordinates":[[-122.401875118287,37.726964759406],[-122.401822426216,37.726775260692]]},"properties":{":id":"row-nnmh~qaxh_u3t7",":version":"rv-vrnr.33b5_gg2i",":created_at":"2026-03-10T12:37:08.575Z",":updated_at":"2026-03-10T12:37:08.575Z","cnn":"2811000","corridor":"Bay Shore Blvd","limits":"Fitzgerald Ave  -  Wayland St","cnnrightleft":"R","blockside":"West","fullname":"Saturday","weekday":"Sat","fromhour":"7","tohour":"8","week1":"1","week2":"1","week3":"1","week4":"1","week5":"1","holidays":"0","blocksweepid":"1628254"}},{"type":"Feature","geometry":{"type":"LineString","coordinates":[[-122.480450628149,37.780280237986],[-122.480571339622,37.780203137947],[-122.481389046261,37.780175194945],[-122.48151572233,37.780225819294]]},"properties":{":id":"row-3cy6-xeas.ipyr",":version":"rv-bqc9_mtyx_wgg2",":created_at":"2026-03-10T12:37:08.575Z",":updated_at":"2026-03-10T12:37:08.575Z","cnn":"6078101","corridor":"Geary Blvd","limits":"21st Ave  -  22nd Ave","cnnrightleft":"L","blockside":"South","fullname":"Saturday","weekday":"Sat","fromhour":"7","tohour":"8","week1":"1","week2":"1","week3":"1","week4":"1","week5":"1","holidays":"0","blocksweepid":"1621919"}},{"type":"Feature","geometry":{"type":"LineString","coordinates":[[-122.437149524136,37.721575001258],[-122.437150866321,37.721520807722],[-122.437396179395,37.721196045155],[-122.437461139482,37.721163548823]]},"properties":{":id":"row-mt6a.mt9f_gwxn",":version":"rv-utcf~ef2k-d8e4",":created_at":"2026-03-10T12:37:08.575Z",":updated_at":"2026-03-10T12:37:08.575Z","cnn":"9171101","corridor":"Mission St","limits":"Russia Ave  -  Onondaga Ave","cnnrightleft":"L","blockside":"SouthEast","fullname":"Saturday","weekday":"Sat","fromhour":"5","tohour":"7","week1":"1","week2":"1","week3":"1","week4":"1","week5":"1","holidays":"0","blocksweepid":"1619446"}},{"type":"Feature","geometry":{"type":"LineString","coordinates":[[-122.410292026651,37.782230575213],[-122.41031479345,37.782155489751],[-122.412422437609,37.780494977515],[-122.4125122556,37.780478512272]]},"properties":{":id":"row-63qm.v7ep-638b",":version":"rv-f3qe_kuh6~zpc3",":created_at":"2026-03-10T12:37:08.575Z",":updated_at":"2026-03-10T12:37:08.575Z","cnn":"8750101","corridor":"Market St","limits":"Taylor St  -  07th St","cnnrightleft":"L","blockside":"SouthEast","fullname":"Saturday","weekday":"Sat","fromhour":"5","tohour":"7","week1":"1","week2":"1","week3":"1","week4":"1","week5":"1","holidays":"1","blocksweepid":"1618085"}},{"type":"Feature","geometry":{"type":"LineString","coordinates":[[-122.395813421117,37.791152808467],[-122.396689694956,37.790461067931]]},"properties":{":id":"row-jvzd.mykb_6erb",":version":"rv-qzdg_x7tb~5he3",":created_at":"2026-03-10T12:37:08.575Z",":updated_at":"2026-03-10T12:37:08.575Z","cnn":"9086000","corridor":"Mission St","limits":"Beale St  -  Fremont St","cnnrightleft":"R","blockside":"NorthWest","fullname":"Saturday","weekday":"Sat","fromhour":"2","tohour":"6","week1":"1","week2":"1","week3":"1","week4":"1","week5":"1","holidays":"1","blocksweepid":"1618463"}},{"type":"Feature","geometry":{"type":"LineString","coordinates":[[-122.426391165486,37.73367501675],[-122.429304397483,37.730742172861]]},"properties":{":id":"row-v7ab.hjjn~8ii4",":version":"rv-buwd~gjib_h6kg",":created_at":"2026-03-10T12:37:08.575Z",":updated_at":"2026-03-10T12:37:08.575Z","cnn":"9150000","corridor":"Mission St","limits":"Bosworth St  -  Trumbull St","cnnrightleft":"R","blockside":"NorthWest","fullname":"Saturday","weekday":"Sat","fromhour":"5","tohour":"7","week1":"1","week2":"1","week3":"1","week4":"1","week5":"1","holidays":"0","blocksweepid":"1626221"}},{"type":"Feature","geometry":{"type":"LineString","coordinates":[[-122.412537956094,37.766770393357],[-122.412416426243,37.765489809124]]},"properties":{":id":"row-9zw2.a5py.3q4s",":version":"rv-dmq3~se9n.funk",":created_at":"2026-03-10T12:37:08.575Z",":updated_at":"2026-03-10T12:37:08.575Z","cnn":"2108000","corridor":"Alabama St","limits":"15th St  -  16th St","cnnrightleft":"L","blockside":"East","fullname":"Saturday","weekday":"Sat","fromhour":"2","tohour":"6","week1":"1","week2":"1","week3":"1","week4":"1","week5":"1","holidays":"1","blocksweepid":"1600629"}},{"type":"Feature","geometry":{"type":"LineString","coordinates":[[-122.401051293437,37.798580054283],[-122.40222863939,37.798429702041]]},"properties":{":id":"row-gqd5_mjxu_j2ux",":version":"rv-wsiv_2tgw.gd7n",":created_at":"2026-03-10T12:37:08.575Z",":updated_at":"2026-03-10T12:37:08.575Z","cnn":"3145000","corridor":"Broadway","limits":"Battery St  -  Sansome St","cnnrightleft":"L","blockside":"South","fullname":"Saturday","weekday":"Sat","fromhour":"4","tohour":"6","week1":"1","week2":"1","week3":"1","week4":"1","week5":"1","holidays":"0","blocksweepid":"1627453"}},{"type":"Feature","geometry":{"type":"LineString","coordinates":[[-122.41890102877,37.757035402008],[-122.418747573844,37.75543693624]]},"properties":{":id":"row-6vvt~k97b-gyv7",":version":"rv-de75-yazm~q9yv",":created_at":"2026-03-10T12:37:08.575Z",":updated_at":"2026-03-10T12:37:08.575Z","cnn":"9123000","corridor":"Mission St","limits":"21st St  -  22nd St","cnnrightleft":"R","blockside":"West","fullname":"Saturday","weekday":"Sat","fromhour":"4","tohour":"6","week1":"1","week2":"1","week3":"1","week4":"1","week5":"1","holidays":"0","blocksweepid":"1619060"}},{"type":"Feature","geometry":{"type":"LineString","coordinates":[[-122.418993273036,37.782169269872],[-122.420638249635,37.781960765928]]},"properties":{":id":"row-5rfu_8y9c~dbsu",":version":"rv-hjbn-gwqy-k4ak",":created_at":"2026-03-10T12:37:08.575Z",":updated_at":"2026-03-10T12:37:08.575Z","cnn":"12723000","corridor":"Turk St","limits":"Polk St  -  Van Ness Ave","cnnrightleft":"R","blockside":"North","fullname":"Saturday","weekday":"Sat","fromhour":"6","tohour":"8","week1":"1","week2":"1","week3":"1","week4":"1","week5":"1","holidays":"0","blocksweepid":"1625150"}},{"type":"Feature","geometry":{"type":"LineString","coordinates":[[-122.504185330568,37.735557882752],[-122.50515321079,37.735564869154],[-122.505257352258,37.735475288106]]},"properties":{":id":"row-9vea~wjtq.v7a4",":version":"rv-3ez2_gusb-364z",":created_at":"2026-03-10T12:37:08.575Z",":updated_at":"2026-03-10T12:37:08.575Z","cnn":"11963202","corridor":"Sloat Blvd","limits":"46th Ave  -  47th Ave","cnnrightleft":"R","blockside":"North","fullname":"Saturday","weekday":"Sat","fromhour":"5","tohour":"7","week1":"1","week2":"1","week3":"1","week4":"1","week5":"1","holidays":"0","blocksweepid":"1605661"}},{"type":"Feature","geometry":{"type":"LineString","coordinates":[[-122.409683072542,37.78620266448],[-122.411325581285,37.785996235681]]},"properties":{":id":"row-aq9b_n82p-fnxn",":version":"rv-k29t_8nxb.mac3",":created_at":"2026-03-10T12:37:08.575Z",":updated_at":"2026-03-10T12:37:08.575Z","cnn":"9726000","corridor":"O'Farrell St","limits":"Mason St  -  Taylor St","cnnrightleft":"R","blockside":"North","fullname":"Saturday","weekday":"Sat","fromhour":"2","tohour":"6","week1":"1","week2":"1","week3":"1","week4":"1","week5":"1","holidays":"0","blocksweepid":"1603615"}},{"type":"Feature","geometry":{"type":"LineString","coordinates":[[-122.422669444836,37.743942241177],[-122.422762724022,37.743855489874],[-122.423042553078,37.743114000395]]},"properties":{":id":"row-v7hd.jk7j-cf6a",":version":"rv-guvm~enhg_t2q8",":created_at":"2026-03-10T12:37:08.575Z",":updated_at":"2026-03-10T12:37:08.575Z","cnn":"11437201","corridor":"San Jose Ave","limits":"29th St  -  Day St","cnnrightleft":"L","blockside":"East","fullname":"Saturday","weekday":"Sat","fromhour":"6","tohour":"8","week1":"1","week2":"1","week3":"1","week4":"1","week5":"1","holidays":"0","blocksweepid":"1610881"}},{"type":"Feature","geometry":{"type":"LineString","coordinates":[[-122.410206544063,37.800315499308],[-122.410953740074,37.800832981544]]},"properties":{":id":"row-9sq6.76yr~6atb",":version":"rv-67kv~n292~9jmh",":created_at":"2026-03-10T12:37:08.575Z",":updated_at":"2026-03-10T12:37:08.575Z","cnn":"4296000","corridor":"Columbus Ave","limits":"Union St  -  Powell St","cnnrightleft":"R","blockside":"NorthEast","fullname":"Saturday","weekday":"Sat","fromhour":"4","tohour":"6","week1":"1","week2":"1","week3":"1","week4":"1","week5":"1","holidays":"0","blocksweepid":"1603293"}},{"type":"Feature","geometry":{"type":"LineString","coordinates":[[-122.419359267521,37.761835855191],[-122.419206043142,37.760235354983]]},"properties":{":id":"row-tszc-g48d-zvtd",":version":"rv-nvaz-68se_2ztr",":created_at":"2026-03-10T12:37:08.575Z",":updated_at":"2026-03-10T12:37:08.575Z","cnn":"9120000","corridor":"Mission St","limits":"18th St  -  19th St","cnnrightleft":"L","blockside":"East","fullname":"Saturday","weekday":"Sat","fromhour":"4","tohour":"6","week1":"1","week2":"1","week3":"1","week4":"1","week5":"1","holidays":"0","blocksweepid":"1641344"}},{"type":"Feature","geometry":{"type":"LineString","coordinates":[[-122.426309438393,37.769602597207],[-122.426555125847,37.769485328619],[-122.427462057785,37.768770498752]]},"properties":{":id":"row-337r~bak5.8492",":version":"rv-rrzm.tjqn~aaka",":created_at":"2026-03-10T12:37:08.575Z",":updated_at":"2026-03-10T12:37:08.575Z","cnn":"8762201","corridor":"Market St","limits":"Buchanan St  -  Reservoir St","cnnrightleft":"R","blockside":"NorthWest","fullname":"Saturday","weekday":"Sat","fromhour":"2","tohour":"6","week1":"1","week2":"1","week3":"1","week4":"1","week5":"1","holidays":"1","blocksweepid":"1625858"}},{"type":"Feature","geometry":{"type":"LineString","coordinates":[[-122.405288396517,37.796909057292],[-122.405318329414,37.797089847723]]},"properties":{":id":"row-z6wb-nyh7-9y8p",":version":"rv-8a3x.fqw8~4maw",":created_at":"2026-03-10T12:37:08.575Z",":updated_at":"2026-03-10T12:37:08.575Z","cnn":"7762000","corridor":"Kearny St","limits":"Columbus Ave  -  Pacific Ave","cnnrightleft":"R","blockside":"East","fullname":"Saturday","weekday":"Sat","fromhour":"4","tohour":"6","week1":"1","week2":"1","week3":"1","week4":"1","week5":"1","holidays":"0","blocksweepid":"1616416"}},{"type":"Feature","geometry":{"type":"LineString","coordinates":[[-122.395517753104,37.78106214102],[-122.395064952238,37.780700560209]]},"properties":{":id":"row-8bby-3qy2-rxe7",":version":"rv-ycw4~dycf_gfns",":created_at":"2026-03-10T12:37:08.575Z",":updated_at":"2026-03-10T12:37:08.575Z","cnn":"176000","corridor":"03rd St","limits":"Taber Pl  -  South Park","cnnrightleft":"L","blockside":"NorthEast","fullname":"Saturday","weekday":"Sat","fromhour":"2","tohour":"6","week1":"1","week2":"1","week3":"1","week4":"1","week5":"1","holidays":"0","blocksweepid":"1628633"}},{"type":"Feature","geometry":{"type":"LineString","coordinates":[[-122.470845996213,37.782652401122],[-122.47191503168,37.782596213938]]},"properties":{":id":"row-6jbw_b3zs_y3iw",":version":"rv-4f7y.bmq8-heh9",":created_at":"2026-03-10T12:37:08.575Z",":updated_at":"2026-03-10T12:37:08.575Z","cnn":"4161000","corridor":"Clement St","limits":"12th Ave  -  Funston Ave","cnnrightleft":"R","blockside":"North","fullname":"Saturday","weekday":"Sat","fromhour":"7","tohour":"8","week1":"1","week2":"1","week3":"1","week4":"1","week5":"1","holidays":"0","blocksweepid":"1615204"}},{"type":"Feature","geometry":{"type":"LineString","coordinates":[[-122.412541278017,37.801930636607],[-122.412908085159,37.802183771213]]},"properties":{":id":"row-8pmw_y2sw-xezp",":version":"rv-2fts~b4uu_3vsw",":created_at":"2026-03-10T12:37:08.575Z",":updated_at":"2026-03-10T12:37:08.575Z","cnn":"4299000","corridor":"Columbus Ave","limits":"Greenwich St  -  Mason St","cnnrightleft":"L","blockside":"SouthWest","fullname":"Saturday","weekday":"Sat","fromhour":"4","tohour":"6","week1":"1","week2":"1","week3":"1","week4":"1","week5":"1","holidays":"0","blocksweepid":"1637359"}},{"type":"Feature","geometry":{"type":"LineString","coordinates":[[-122.393358761315,37.724973571081],[-122.394243492859,37.725475649951]]},"properties":{":id":"row-m6p8.u5ey_k3ei",":version":"rv-5224_x5v7~2j8i",":created_at":"2026-03-10T12:37:08.575Z",":updated_at":"2026-03-10T12:37:08.575Z","cnn":"3738000","corridor":"Carroll Ave","limits":"Keith St  -  03rd St","cnnrightleft":"L","blockside":"SouthWest","fullname":"Saturday","weekday":"Sat","fromhour":"7","tohour":"8","week1":"1","week2":"1","week3":"1","week4":"1","week5":"1","holidays":"0","blocksweepid":"1636801"}},{"type":"Feature","geometry":{"type":"LineString","coordinates":[[-122.412220735371,37.782073067927],[-122.412411746542,37.783004078716]]},"properties":{":id":"row-qky2_55xz_nqdt",":version":"rv-aka7_ks7h_b5mp",":created_at":"2026-03-10T12:37:08.575Z",":updated_at":"2026-03-10T12:37:08.575Z","cnn":"7564000","corridor":"Jones St","limits":"Golden Gate Ave  -  Turk St","cnnrightleft":"R","blockside":"East","fullname":"Saturday","weekday":"Sat","fromhour":"6","tohour":"8","week1":"1","week2":"1","week3":"1","week4":"1","week5":"1","holidays":"0","blocksweepid":"1597569"}},{"type":"Feature","geometry":{"type":"LineString","coordinates":[[-122.400152468999,37.790290160159],[-122.4013477677,37.789347860189],[-122.401375491232,37.789264322323]]},"properties":{":id":"row-daqj-hsmh-jntr",":version":"rv-s5fb~u3ar-2fk4",":created_at":"2026-03-10T12:37:08.575Z",":updated_at":"2026-03-10T12:37:08.575Z","cnn":"8742203","corridor":"Market St","limits":"Sutter St  -  02nd St","cnnrightleft":"R","blockside":"NorthWest","fullname":"Saturday","weekday":"Sat","fromhour":"5","tohour":"7","week1":"1","week2":"1","week3":"1","week4":"1","week5":"1","holidays":"1","blocksweepid":"1640569"}},{"type":"Feature","geometry":{"type":"LineString","coordinates":[[-122.506717428299,37.735469757819],[-122.506822941268,37.735316192961],[-122.506820119915,37.734894173849],[-122.507194700566,37.733046359172],[-122.507209111143,37.732627456963],[-122.507150576142,37.732206386809],[-122.506997327224,37.731453359897],[-122.506867103394,37.730917788032],[-122.506802541013,37.730432153083],[-122.506697324742,37.729552367493],[-122.506536522265,37.72836039293],[-122.506464573107,37.727919131754],[-122.506292884584,37.727435320512],[-122.505970021997,37.726909826881],[-122.505617550619,37.7265584358],[-122.505319640444,37.72632184514],[-122.504763047215,37.726031787053],[-122.503612919831,37.725353584745],[-122.503288601223,37.725250176351],[-122.503127839642,37.725218258035],[-122.503040636347,37.725259549916]]},"properties":{":id":"row-7785-52w6-2rr6",":version":"rv-wh33_dc56-pgpc",":created_at":"2026-03-10T12:37:08.575Z",":updated_at":"2026-03-10T12:37:08.575Z","cnn":"6437201","corridor":"Great Hwy","limits":"Sloat Blvd  -  Skyline Blvd","cnnrightleft":"L","blockside":"East","fullname":"Saturday","weekday":"Sat","fromhour":"5","tohour":"7","week1":"1","week2":"1","week3":"1","week4":"1","week5":"1","holidays":"0","blocksweepid":"1613593"}},{"type":"Feature","geometry":{"type":"LineString","coordinates":[[-122.422853414265,37.764858950385],[-122.42311242134,37.764843298667]]},"properties":{":id":"row-65ek~752s.ani4",":version":"rv-syba.ydys_zrev",":created_at":"2026-03-10T12:37:08.575Z",":updated_at":"2026-03-10T12:37:08.575Z","cnn":"733000","corridor":"16th St","limits":"Albion St  -  Albion St","cnnrightleft":"L","blockside":"South","fullname":"Saturday","weekday":"Sat","fromhour":"2","tohour":"6","week1":"1","week2":"1","week3":"1","week4":"1","week5":"1","holidays":"1","blocksweepid":"1601944"}},{"type":"Feature","geometry":{"type":"LineString","coordinates":[[-122.400468484099,37.785030285046],[-122.399459824575,37.784213640123]]},"properties":{":id":"row-v3g8.79th~hsed",":version":"rv-6vbr-essi.zjc9",":created_at":"2025-06-19T16:07:35.272Z",":updated_at":"2025-06-19T16:07:35.272Z","cnn":"168000","corridor":"03rd St","limits":"Howard St  -  Clementina St","cnnrightleft":"L","blockside":"NorthEast","fullname":"Saturday","weekday":"Sat","fromhour":"2","tohour":"6","week1":"1","week2":"1","week3":"1","week4":"1","week5":"1","holidays":"0","blocksweepid":"1628625"}},{"type":"Feature","geometry":{"type":"LineString","coordinates":[[-122.409646387435,37.748334390368],[-122.409748528863,37.748379510339],[-122.410449112474,37.748365353815],[-122.410546068123,37.748316719113]]},"properties":{":id":"row-wg62_s5mj~9ibv",":version":"rv-ed46.cwyt-cykn",":created_at":"2026-03-10T12:37:08.575Z",":updated_at":"2026-03-10T12:37:08.575Z","cnn":"2483201","corridor":"Cesar Chavez St","limits":"Florida St  -  Alabama St","cnnrightleft":"L","blockside":"South","fullname":"Saturday","weekday":"Sat","fromhour":"8","tohour":"10","week1":"1","week2":"1","week3":"1","week4":"1","week5":"1","holidays":"0","blocksweepid":"1629608"}},{"type":"Feature","geometry":{"type":"LineString","coordinates":[[-122.420638249635,37.781960765928],[-122.420738089746,37.782053422963],[-122.420810457853,37.782417054753]]},"properties":{":id":"row-57g7_bjfa_uc6c",":version":"rv-fq6x.yfdu~qz52",":created_at":"2026-03-10T12:37:08.575Z",":updated_at":"2026-03-10T12:37:08.575Z","cnn":"13149101","corridor":"Van Ness Ave","limits":"Turk St  -  Larch St","cnnrightleft":"L","blockside":"West","fullname":"Saturday","weekday":"Sat","fromhour":"4","tohour":"6","week1":"1","week2":"1","week3":"1","week4":"1","week5":"1","holidays":"1","blocksweepid":"1640035"}},{"type":"Feature","geometry":{"type":"LineString","coordinates":[[-122.503104759293,37.735466491501],[-122.503202508107,37.735382428464],[-122.505127431735,37.735375465657],[-122.505257352258,37.735475288106]]},"properties":{":id":"row-rtpi.83a6-kirm",":version":"rv-a2ay.i8jd.gfcq",":created_at":"2026-03-10T12:37:08.575Z",":updated_at":"2026-03-10T12:37:08.575Z","cnn":"11963101","corridor":"Sloat Blvd","limits":"45th Ave  -  47th Ave","cnnrightleft":"L","blockside":"South","fullname":"Saturday","weekday":"Sat","fromhour":"5","tohour":"7","week1":"1","week2":"1","week3":"1","week4":"1","week5":"1","holidays":"0","blocksweepid":"1621600"}},{"type":"Feature","geometry":{"type":"LineString","coordinates":[[-122.39298153841,37.719113641918],[-122.394852049217,37.720175221605]]},"properties":{":id":"row-zdnr_wvxk-72jy",":version":"rv-ewfy~2xbq_d5eb",":created_at":"2026-03-10T12:37:08.575Z",":updated_at":"2026-03-10T12:37:08.575Z","cnn":"7251000","corridor":"Ingerson Ave","limits":"Ingalls St  -  Jennings St","cnnrightleft":"R","blockside":"NorthEast","fullname":"Saturday","weekday":"Sat","fromhour":"7","tohour":"8","week1":"1","week2":"1","week3":"1","week4":"1","week5":"1","holidays":"0","blocksweepid":"1623568"}},{"type":"Feature","geometry":{"type":"LineString","coordinates":[[-122.404679934447,37.798118445752],[-122.405473070568,37.798016956507]]},"properties":{":id":"row-4dhn_zckg-w2kg",":version":"rv-kj38-kgr4-szfr",":created_at":"2026-03-10T12:37:08.575Z",":updated_at":"2026-03-10T12:37:08.575Z","cnn":"3150000","corridor":"Broadway","limits":"Rowland St  -  Kearny St","cnnrightleft":"R","blockside":"North","fullname":"Saturday","weekday":"Sat","fromhour":"4","tohour":"6","week1":"1","week2":"1","week3":"1","week4":"1","week5":"1","holidays":"0","blocksweepid":"1635094"}},{"type":"Feature","geometry":{"type":"LineString","coordinates":[[-122.405831010893,37.785743989136],[-122.406225598754,37.785751062219],[-122.406398878228,37.786615347195]]},"properties":{":id":"row-zmkw~vjas-mtsb",":version":"rv-wna8.k8hu~nxx6",":created_at":"2026-03-10T12:37:08.575Z",":updated_at":"2026-03-10T12:37:08.575Z","cnn":"12194000","corridor":"Stockton St","limits":"Market St  -  O'Farrell St","cnnrightleft":"L","blockside":"SouthWest","fullname":"Saturday","weekday":"Sat","fromhour":"2","tohour":"6","week1":"1","week2":"1","week3":"1","week4":"1","week5":"1","holidays":"0","blocksweepid":"1639368"}},{"type":"Feature","geometry":{"type":"LineString","coordinates":[[-122.510341319396,37.764000833634],[-122.510406841337,37.763868537312],[-122.510173739086,37.762100947908],[-122.509691140123,37.758430997502],[-122.509195894343,37.754588218589],[-122.508711797707,37.750869183417],[-122.50682375967,37.736220979422],[-122.506795851345,37.735626083924],[-122.506717428299,37.735469757819]]},"properties":{":id":"row-7y3r_4pmb~aqb9",":version":"rv-dh5s_k2tj_geha",":created_at":"2026-03-10T12:37:08.575Z",":updated_at":"2026-03-10T12:37:08.575Z","cnn":"6436201","corridor":"Great Hwy","limits":"Lincoln Way  -  Sloat Blvd","cnnrightleft":"L","blockside":"East","fullname":"Saturday","weekday":"Sat","fromhour":"5","tohour":"7","week1":"1","week2":"1","week3":"1","week4":"1","week5":"1","holidays":"0","blocksweepid":"1613592"}},{"type":"Feature","geometry":{"type":"LineString","coordinates":[[-122.450118225666,37.722082795127],[-122.450002383917,37.722082426592],[-122.449343412337,37.721817724355],[-122.449295742334,37.721752412129]]},"properties":{":id":"row-g6p9_v2vj_35hn",":version":"rv-q8cz-q86i.cr49",":created_at":"2026-03-10T12:37:08.575Z",":updated_at":"2026-03-10T12:37:08.575Z","cnn":"6128101","corridor":"Geneva Ave","limits":"Howth St  -  Louisburg St","cnnrightleft":"R","blockside":"SouthWest","fullname":"Saturday","weekday":"Sat","fromhour":"6","tohour":"8","week1":"1","week2":"1","week3":"1","week4":"1","week5":"1","holidays":"0","blocksweepid":"1606129"}},{"type":"Feature","geometry":{"type":"LineString","coordinates":[[-122.421559716288,37.787087251593],[-122.42163673448,37.787467946577],[-122.42175810402,37.787548139832]]},"properties":{":id":"row-m3s9~6vid.k5jd",":version":"rv-xfm5_2egk.wznn",":created_at":"2026-03-10T12:37:08.575Z",":updated_at":"2026-03-10T12:37:08.575Z","cnn":"13154202","corridor":"Van Ness Ave","limits":"Hemlock St  -  Sutter St","cnnrightleft":"R","blockside":"East","fullname":"Saturday","weekday":"Sat","fromhour":"4","tohour":"6","week1":"1","week2":"1","week3":"1","week4":"1","week5":"1","holidays":"1","blocksweepid":"1617678"}},{"type":"Feature","geometry":{"type":"LineString","coordinates":[[-122.511294925013,37.775075961311],[-122.51121138876,37.774981401613],[-122.511132247489,37.774192163082],[-122.511182672469,37.773569063586],[-122.511205840766,37.773016623205],[-122.511282101517,37.77295994379]]},"properties":{":id":"row-rk8t_ahk4-x9nn",":version":"rv-598n.5rtb~ace4",":created_at":"2026-03-10T12:37:08.575Z",":updated_at":"2026-03-10T12:37:08.575Z","cnn":"6432101","corridor":"Great Hwy","limits":"Balboa St  -  Cabrillo St","cnnrightleft":"L","blockside":"East","fullname":"Saturday","weekday":"Sat","fromhour":"2","tohour":"6","week1":"1","week2":"1","week3":"1","week4":"1","week5":"1","holidays":"0","blocksweepid":"1601810"}},{"type":"Feature","geometry":{"type":"LineString","coordinates":[[-122.407159488015,37.779738905439],[-122.406628200105,37.779314675085]]},"properties":{":id":"row-jrcu_cryt-a7q6",":version":"rv-z8iw-nqgi~bxd3",":created_at":"2026-03-10T12:37:08.575Z",":updated_at":"2026-03-10T12:37:08.575Z","cnn":"332000","corridor":"06th St","limits":"Howard St  -  Tehama St","cnnrightleft":"L","blockside":"NorthEast","fullname":"Saturday","weekday":"Sat","fromhour":"4","tohour":"6","week1":"1","week2":"1","week3":"1","week4":"1","week5":"1","holidays":"1","blocksweepid":"1614286"}},{"type":"Feature","geometry":{"type":"LineString","coordinates":[[-122.410292026651,37.782230575213],[-122.410510138336,37.78230333693],[-122.410595617833,37.782374813229],[-122.410700604509,37.782895685135]]},"properties":{":id":"row-wd6c~w8b4.juen",":version":"rv-nbmf-7dzr-vzfn",":created_at":"2026-03-10T12:37:08.575Z",":updated_at":"2026-03-10T12:37:08.575Z","cnn":"12425000","corridor":"Taylor St","limits":"Market St  -  Opal Pl","cnnrightleft":"L","blockside":"SouthWest","fullname":"Saturday","weekday":"Sat","fromhour":"6","tohour":"8","week1":"1","week2":"1","week3":"1","week4":"1","week5":"1","holidays":"0","blocksweepid":"1617056"}},{"type":"Feature","geometry":{"type":"LineString","coordinates":[[-122.505257352258,37.735475288106],[-122.505368828366,37.735383345501],[-122.506516322243,37.735383532083],[-122.506717428299,37.735469757819]]},"properties":{":id":"row-fqux.yxwe~3bsk",":version":"rv-hr5g_riqh~qafj",":created_at":"2026-03-10T12:37:08.575Z",":updated_at":"2026-03-10T12:37:08.575Z","cnn":"11964101","corridor":"Sloat Blvd","limits":"47th Ave  -  Great Hwy","cnnrightleft":"R","blockside":"North","fullname":"Saturday","weekday":"Sat","fromhour":"5","tohour":"7","week1":"1","week2":"1","week3":"1","week4":"1","week5":"1","holidays":"0","blocksweepid":"1621651"}},{"type":"Feature","geometry":{"type":"LineString","coordinates":[[-122.412881239572,37.785353823175],[-122.412969666673,37.785789584224]]},"properties":{":id":"row-cd83.j4q2_dk5a",":version":"rv-anz8-zpkm-8cac",":created_at":"2026-03-10T12:37:08.575Z",":updated_at":"2026-03-10T12:37:08.575Z","cnn":"7569000","corridor":"Jones St","limits":"Steveloe Pl  -  O'Farrell St","cnnrightleft":"R","blockside":"East","fullname":"Saturday","weekday":"Sat","fromhour":"6","tohour":"8","week1":"1","week2":"1","week3":"1","week4":"1","week5":"1","holidays":"0","blocksweepid":"1597574"}},{"type":"Feature","geometry":{"type":"LineString","coordinates":[[-122.511053755672,37.771342499596],[-122.511091571731,37.771160112863],[-122.51102997535,37.770556859619],[-122.510925947378,37.770435676064]]},"properties":{":id":"row-bksk-mvbr~mia4",":version":"rv-2fff.qkr7_vtr5",":created_at":"2026-03-10T12:37:08.575Z",":updated_at":"2026-03-10T12:37:08.575Z","cnn":"6434201","corridor":"Great Hwy","limits":"Fulton St  -  John F Kennedy Dr","cnnrightleft":"R","blockside":"West","fullname":"Saturday","weekday":"Sat","fromhour":"3","tohour":"5","week1":"1","week2":"1","week3":"1","week4":"1","week5":"1","holidays":"1","blocksweepid":"1613564"}},{"type":"Feature","geometry":{"type":"LineString","coordinates":[[-122.419052606406,37.758632566983],[-122.419011533299,37.758199785454]]},"properties":{":id":"row-hy3j~iz4w_tei5",":version":"rv-ssir_zgyv_m7je",":created_at":"2026-03-10T12:37:08.575Z",":updated_at":"2026-03-10T12:37:08.575Z","cnn":"9122001","corridor":"Mission St","limits":"20th St  -  Catherine Ct","cnnrightleft":"L","blockside":null,"fullname":"Saturday","weekday":"Sat","fromhour":"4","tohour":"6","week1":"1","week2":"1","week3":"1","week4":"1","week5":"1","holidays":"0","blocksweepid":"1641346"}},{"type":"Feature","geometry":{"type":"LineString","coordinates":[[-122.404583316994,37.786730565979],[-122.404687713843,37.786709698887],[-122.405803215986,37.785827763175],[-122.405831010893,37.785743989136]]},"properties":{":id":"row-hj73-xzu7~3vt3",":version":"rv-vghe.vv22_xaz6",":created_at":"2026-03-10T12:37:08.575Z",":updated_at":"2026-03-10T12:37:08.575Z","cnn":"8746201","corridor":"Market St","limits":"Grant Ave  -  Stockton St","cnnrightleft":"R","blockside":"NorthWest","fullname":"Saturday","weekday":"Sat","fromhour":"5","tohour":"7","week1":"1","week2":"1","week3":"1","week4":"1","week5":"1","holidays":"1","blocksweepid":"1640574"}},{"type":"Feature","geometry":{"type":"LineString","coordinates":[[-122.42089365932,37.744037632601],[-122.421485450703,37.74312266457]]},"properties":{":id":"row-6p2s-7n4z.wgqn",":version":"rv-en2b-qitq_3i94",":created_at":"2026-03-10T12:37:08.575Z",":updated_at":"2026-03-10T12:37:08.575Z","cnn":"9134000","corridor":"Mission St","limits":"29th St  -  Virginia Ave","cnnrightleft":"R","blockside":"NorthWest","fullname":"Saturday","weekday":"Sat","fromhour":"5","tohour":"7","week1":"1","week2":"1","week3":"1","week4":"1","week5":"1","holidays":"0","blocksweepid":"1599814"}},{"type":"Feature","geometry":{"type":"LineString","coordinates":[[-122.431025470892,37.765867986364],[-122.431230731606,37.765788289326],[-122.432922797531,37.764468324029],[-122.433074470809,37.764195713209]]},"properties":{":id":"row-zgwf-37t3-m96u",":version":"rv-xh8y.v4m5~si26",":created_at":"2026-03-10T12:37:08.575Z",":updated_at":"2026-03-10T12:37:08.575Z","cnn":"8766201","corridor":"Market St","limits":"Sanchez St  -  16th St","cnnrightleft":"R","blockside":"NorthWest","fullname":"Saturday","weekday":"Sat","fromhour":"2","tohour":"6","week1":"1","week2":"1","week3":"1","week4":"1","week5":"1","holidays":"1","blocksweepid":"1625863"}},{"type":"Feature","geometry":{"type":"LineString","coordinates":[[-122.41936416784,37.784029116242],[-122.421008360568,37.783824118033]]},"properties":{":id":"row-dn4v_p2xx~vkqr",":version":"rv-eu8t~hfru~bfsa",":created_at":"2026-03-10T12:37:08.575Z",":updated_at":"2026-03-10T12:37:08.575Z","cnn":"5179000","corridor":"Ellis St","limits":"Polk St  -  Van Ness Ave","cnnrightleft":"R","blockside":"North","fullname":"Saturday","weekday":"Sat","fromhour":"6","tohour":"8","week1":"1","week2":"1","week3":"1","week4":"1","week5":"1","holidays":"0","blocksweepid":"1610138"}},{"type":"Feature","geometry":{"type":"LineString","coordinates":[[-122.39463146327,37.780354395261],[-122.394300037428,37.780089730328]]},"properties":{":id":"row-u9qh-eayp-3gaa",":version":"rv-6bct.bavv-b2xp",":created_at":"2026-03-10T12:37:08.575Z",":updated_at":"2026-03-10T12:37:08.575Z","cnn":"178000","corridor":"03rd St","limits":"Varney Pl  -  Brannan St","cnnrightleft":"L","blockside":"NorthEast","fullname":"Saturday","weekday":"Sat","fromhour":"2","tohour":"6","week1":"1","week2":"1","week3":"1","week4":"1","week5":"1","holidays":"0","blocksweepid":"1628635"}},{"type":"Feature","geometry":{"type":"LineString","coordinates":[[-122.501770499044,37.728394038133],[-122.502501938374,37.726645181306]]},"properties":{":id":"row-q6sb-r6fp_5kr2",":version":"rv-ndry_7z9y-azrc",":created_at":"2026-03-10T12:37:08.575Z",":updated_at":"2026-03-10T12:37:08.575Z","cnn":"11941000","corridor":"Skyline Blvd","limits":"Herbst Rd  -  Harding Rd","cnnrightleft":"R","blockside":"West","fullname":"Saturday","weekday":"Sat","fromhour":"0","tohour":"2","week1":"1","week2":"1","week3":"1","week4":"1","week5":"1","holidays":"1","blocksweepid":"1632401"}},{"type":"Feature","geometry":{"type":"LineString","coordinates":[[-122.40460550599,37.777699659847],[-122.404070256834,37.777272702501]]},"properties":{":id":"row-m5fw-k2b3.cnqu",":version":"rv-wae9~pbd3-9zqp",":created_at":"2026-03-10T12:37:08.575Z",":updated_at":"2026-03-10T12:37:08.575Z","cnn":"337000","corridor":"06th St","limits":"Clara St  -  Harrison St","cnnrightleft":"L","blockside":"NorthEast","fullname":"Saturday","weekday":"Sat","fromhour":"4","tohour":"6","week1":"1","week2":"1","week3":"1","week4":"1","week5":"1","holidays":"1","blocksweepid":"1614291"}},{"type":"Feature","geometry":{"type":"LineString","coordinates":[[-122.486552072443,37.729585010642],[-122.486420779258,37.729606247775],[-122.485643363148,37.729386834943],[-122.485295539808,37.72908754863],[-122.483924357659,37.727457028093],[-122.483828263282,37.727136213204],[-122.483864395827,37.727019523181]]},"properties":{":id":"row-i2e5~ysex_dcf8",":version":"rv-eeei_i56h-kmtj",":created_at":"2026-03-10T12:37:08.575Z",":updated_at":"2026-03-10T12:37:08.575Z","cnn":"8047101","corridor":"Lake Merced Blvd","limits":"Middlefield Dr  -  Winston Dr","cnnrightleft":"L","blockside":"NorthEast","fullname":"Saturday","weekday":"Sat","fromhour":"4","tohour":"6","week1":"1","week2":"1","week3":"1","week4":"1","week5":"1","holidays":"0","blocksweepid":"1616567"}},{"type":"Feature","geometry":{"type":"LineString","coordinates":[[-122.4212321554,37.773523380984],[-122.421825039078,37.773057440463],[-122.421941247356,37.773036050758]]},"properties":{":id":"row-jwxh~djw6~q3cc",":version":"rv-jxtp-t5ee_53zy",":created_at":"2026-03-10T12:37:08.575Z",":updated_at":"2026-03-10T12:37:08.575Z","cnn":"8757102","corridor":"Market St","limits":"Brady St  -  Gough St","cnnrightleft":"L","blockside":"SouthEast","fullname":"Saturday","weekday":"Sat","fromhour":"2","tohour":"6","week1":"1","week2":"1","week3":"1","week4":"1","week5":"1","holidays":"1","blocksweepid":"1640937"}},{"type":"Feature","geometry":{"type":"LineString","coordinates":[[-122.408430886462,37.796703902691],[-122.408557722805,37.797327198682]]},"properties":{":id":"row-bw53.s9nk_94sy",":version":"rv-mf2t_8x9s-u5d6",":created_at":"2026-03-10T12:37:08.575Z",":updated_at":"2026-03-10T12:37:08.575Z","cnn":"12208000","corridor":"Stockton St","limits":"Pacific Ave  -  Stark St","cnnrightleft":"R","blockside":"East","fullname":"Saturday","weekday":"Sat","fromhour":"2","tohour":"6","week1":"1","week2":"1","week3":"1","week4":"1","week5":"1","holidays":"0","blocksweepid":"1617172"}},{"type":"Feature","geometry":{"type":"LineString","coordinates":[[-122.411985369438,37.780951763547],[-122.412024074642,37.781136160202]]},"properties":{":id":"row-cem5~8tvd~pduw",":version":"rv-i9bn_tikh~8kgd",":created_at":"2026-03-10T12:37:08.575Z",":updated_at":"2026-03-10T12:37:08.575Z","cnn":"7562000","corridor":"Jones St","limits":"Market St  -  McAllister St","cnnrightleft":"L","blockside":"West","fullname":"Saturday","weekday":"Sat","fromhour":"6","tohour":"8","week1":"1","week2":"1","week3":"1","week4":"1","week5":"1","holidays":"0","blocksweepid":"1597558"}},{"type":"Feature","geometry":{"type":"LineString","coordinates":[[-122.401973426877,37.804072250218],[-122.40221137698,37.804135160549],[-122.403376094046,37.804977480264],[-122.403435725006,37.805184901498]]},"properties":{":id":"row-fmqs-755y-d872",":version":"rv-bjn8~dc3u_6ugj",":created_at":"2026-03-10T12:37:08.575Z",":updated_at":"2026-03-10T12:37:08.575Z","cnn":"12557101","corridor":"The Embarcadero","limits":"Lombard St  -  Chestnut St","cnnrightleft":"L","blockside":"SouthWest","fullname":"Saturday","weekday":"Sat","fromhour":"1","tohour":"3","week1":"1","week2":"1","week3":"1","week4":"1","week5":"1","holidays":"1","blocksweepid":"1639523"}},{"type":"Feature","geometry":{"type":"LineString","coordinates":[[-122.475644467962,37.743051812571],[-122.476764599089,37.743002633011]]},"properties":{":id":"row-7azv-bjpy.edz9",":version":"rv-ve65~gs4r~4zcj",":created_at":"2026-03-10T12:37:08.575Z",":updated_at":"2026-03-10T12:37:08.575Z","cnn":"12395000","corridor":"Taraval St","limits":"19th Ave  -  20th Ave","cnnrightleft":"L","blockside":"South","fullname":"Saturday","weekday":"Sat","fromhour":"2","tohour":"6","week1":"1","week2":"1","week3":"1","week4":"1","week5":"1","holidays":"0","blocksweepid":"1624546"}},{"type":"Feature","geometry":{"type":"LineString","coordinates":[[-122.444743290829,37.712622217509],[-122.445528472041,37.711886570412],[-122.446091130186,37.711592021277]]},"properties":{":id":"row-enp9_72pb.ypdd",":version":"rv-d25j_uj6a-rief",":created_at":"2026-03-10T12:37:08.575Z",":updated_at":"2026-03-10T12:37:08.575Z","cnn":"9188000","corridor":"Mission St","limits":"Foote Ave  -  Naglee Ave","cnnrightleft":"R","blockside":"NorthWest","fullname":"Saturday","weekday":"Sat","fromhour":"5","tohour":"7","week1":"1","week2":"1","week3":"1","week4":"1","week5":"1","holidays":"0","blocksweepid":"1600092"}},{"type":"Feature","geometry":{"type":"LineString","coordinates":[[-122.416580343173,37.778657855353],[-122.416768092983,37.779584437842]]},"properties":{":id":"row-f6jj_jmpv~yzfs",":version":"rv-uj6g.zfr9-bssa",":created_at":"2026-03-10T12:37:08.575Z",":updated_at":"2026-03-10T12:37:08.575Z","cnn":"8121000","corridor":"Larkin St","limits":"Grove St  -  Fulton St","cnnrightleft":"R","blockside":"East","fullname":"Saturday","weekday":"Sat","fromhour":"2","tohour":"6","week1":"1","week2":"1","week3":"1","week4":"1","week5":"1","holidays":"0","blocksweepid":"1624354"}},{"type":"Feature","geometry":{"type":"LineString","coordinates":[[-122.416387522994,37.76524949406],[-122.417486595427,37.765183134696]]},"properties":{":id":"row-mcpq-qw9u.g9dh",":version":"rv-iwtc_8hgu-ggh6",":created_at":"2026-03-10T12:37:08.575Z",":updated_at":"2026-03-10T12:37:08.575Z","cnn":"722000","corridor":"16th St","limits":"Shotwell St  -  South Van Ness Ave","cnnrightleft":"L","blockside":"South","fullname":"Saturday","weekday":"Sat","fromhour":"2","tohour":"6","week1":"1","week2":"1","week3":"1","week4":"1","week5":"1","holidays":"1","blocksweepid":"1601933"}},{"type":"Feature","geometry":{"type":"LineString","coordinates":[[-122.412404683738,37.788086692014],[-122.412796752445,37.788036681595]]},"properties":{":id":"row-4ghi-yecg~s66a",":version":"rv-tpw7_393y-g627",":created_at":"2026-03-10T12:37:08.575Z",":updated_at":"2026-03-10T12:37:08.575Z","cnn":"4446000","corridor":"Cosmo Pl","limits":"Trader Vic Aly  -  Ophir Aly","cnnrightleft":"L","blockside":"South","fullname":"Saturday","weekday":"Sat","fromhour":"2","tohour":"6","week1":"1","week2":"1","week3":"1","week4":"1","week5":"1","holidays":"0","blocksweepid":"1603345"}},{"type":"Feature","geometry":{"type":"LineString","coordinates":[[-122.403186035637,37.741885881715],[-122.403451320002,37.742036221024]]},"properties":{":id":"row-xn79_m4n5~9g3f",":version":"rv-m49v-uumt.t59y",":created_at":"2026-03-10T12:37:08.575Z",":updated_at":"2026-03-10T12:37:08.575Z","cnn":"9796000","corridor":"Oakdale Ave","limits":"Barneveld Ave  -  Barneveld Ave","cnnrightleft":"L","blockside":"SouthWest","fullname":"Saturday","weekday":"Sat","fromhour":"2","tohour":"3","week1":"1","week2":"1","week3":"1","week4":"1","week5":"1","holidays":"0","blocksweepid":"1603433"}},{"type":"Feature","geometry":{"type":"LineString","coordinates":[[-122.407254674597,37.782119419193],[-122.408708673446,37.780971182971]]},"properties":{":id":"row-pbsc-6h6f.u5tq",":version":"rv-q6fa-qzgq_ayex",":created_at":"2026-03-10T12:37:08.575Z",":updated_at":"2026-03-10T12:37:08.575Z","cnn":"9099000","corridor":"Mission St","limits":"Mary St  -  06th St","cnnrightleft":"R","blockside":"NorthWest","fullname":"Saturday","weekday":"Sat","fromhour":"2","tohour":"6","week1":"1","week2":"1","week3":"1","week4":"1","week5":"1","holidays":"1","blocksweepid":"1618479"}},{"type":"Feature","geometry":{"type":"LineString","coordinates":[[-122.496635997254,37.733770843107],[-122.496759944846,37.733586295762],[-122.497455764368,37.733013264501],[-122.498106916217,37.732267891808]]},"properties":{":id":"row-tmea-9j29_d7tw",":version":"rv-suxs.9r8b-km6h",":created_at":"2026-03-10T12:37:08.575Z",":updated_at":"2026-03-10T12:37:08.575Z","cnn":"11938000","corridor":"Skyline Blvd","limits":"Sloat Blvd  -  Lake Merced Blvd","cnnrightleft":"R","blockside":"NorthWest","fullname":"Saturday","weekday":"Sat","fromhour":"0","tohour":"2","week1":"1","week2":"1","week3":"1","week4":"1","week5":"1","holidays":"1","blocksweepid":"1621564"}},{"type":"Feature","geometry":{"type":"LineString","coordinates":[[-122.419738733972,37.78589290085],[-122.421393307556,37.785685802529]]},"properties":{":id":"row-zxy6~6wwg-iswm",":version":"rv-3rjy_xv9n-qifs",":created_at":"2026-03-10T12:37:08.575Z",":updated_at":"2026-03-10T12:37:08.575Z","cnn":"6118000","corridor":"Geary St","limits":"Polk St  -  Geary Blvd","cnnrightleft":"R","blockside":"North","fullname":"Saturday","weekday":"Sat","fromhour":"6","tohour":"8","week1":"1","week2":"1","week3":"1","week4":"1","week5":"1","holidays":"0","blocksweepid":"1622099"}},{"type":"Feature","geometry":{"type":"LineString","coordinates":[[-122.408557722805,37.797327198682],[-122.40861884556,37.797627561973]]},"properties":{":id":"row-sw3w_6vum.kz3p",":version":"rv-svtf~u7fr~yrd4",":created_at":"2026-03-10T12:37:08.575Z",":updated_at":"2026-03-10T12:37:08.575Z","cnn":"12209000","corridor":"Stockton St","limits":"Stark St  -  Broadway","cnnrightleft":"L","blockside":"West","fullname":"Saturday","weekday":"Sat","fromhour":"2","tohour":"6","week1":"1","week2":"1","week3":"1","week4":"1","week5":"1","holidays":"0","blocksweepid":"1624706"}},{"type":"Feature","geometry":{"type":"LineString","coordinates":[[-122.452664721847,37.708806337672],[-122.454281126256,37.708255960491]]},"properties":{":id":"row-3mtm_t5hi-a8hn",":version":"rv-pbv4-b4fz~rtjz",":created_at":"2026-03-10T12:37:08.575Z",":updated_at":"2026-03-10T12:37:08.575Z","cnn":"9197000","corridor":"Mission St","limits":"Sickles Ave  -  Huron Ave","cnnrightleft":"L","blockside":"South","fullname":"Saturday","weekday":"Sat","fromhour":"5","tohour":"7","week1":"1","week2":"1","week3":"1","week4":"1","week5":"1","holidays":"0","blocksweepid":"1626587"}},{"type":"Feature","geometry":{"type":"LineString","coordinates":[[-122.420580608155,37.764996269981],[-122.420901270457,37.764976898832]]},"properties":{":id":"row-dn5c-8a5x.3pkt",":version":"rv-wp4c.ttjb.adz9",":created_at":"2026-03-10T12:37:08.575Z",":updated_at":"2026-03-10T12:37:08.575Z","cnn":"728000","corridor":"16th St","limits":"Hoff St  -  Julian Ave","cnnrightleft":"L","blockside":"South","fullname":"Saturday","weekday":"Sat","fromhour":"2","tohour":"6","week1":"1","week2":"1","week3":"1","week4":"1","week5":"1","holidays":"1","blocksweepid":"1601939"}},{"type":"Feature","geometry":{"type":"LineString","coordinates":[[-122.403501281584,37.78512185399],[-122.404180652279,37.784585546054],[-122.404266873046,37.784478744544]]},"properties":{":id":"row-r4ub-zyha_kbud",":version":"rv-rmxk_v7ej.bea7",":created_at":"2026-03-10T12:37:08.575Z",":updated_at":"2026-03-10T12:37:08.575Z","cnn":"9095202","corridor":"Mission St","limits":"Yerba Buena Ln  -  04th St","cnnrightleft":"R","blockside":null,"fullname":"Saturday","weekday":"Sat","fromhour":"2","tohour":"6","week1":"1","week2":"1","week3":"1","week4":"1","week5":"1","holidays":"1","blocksweepid":"1618473"}},{"type":"Feature","geometry":{"type":"LineString","coordinates":[[-122.399130242841,37.800896476996],[-122.399324348388,37.800911294234],[-122.401926845646,37.803853934751],[-122.401973426877,37.804072250218]]},"properties":{":id":"row-q46b.kkia-yaf7",":version":"rv-d3sn_jr8t.3i9u",":created_at":"2026-03-10T12:37:08.575Z",":updated_at":"2026-03-10T12:37:08.575Z","cnn":"12556102","corridor":"The Embarcadero","limits":"Green St  -  Lombard St","cnnrightleft":"L","blockside":"SouthWest","fullname":"Saturday","weekday":"Sat","fromhour":"1","tohour":"3","week1":"1","week2":"1","week3":"1","week4":"1","week5":"1","holidays":"1","blocksweepid":"1639522"}},{"type":"Feature","geometry":{"type":"LineString","coordinates":[[-122.410546068123,37.748316719113],[-122.41064652368,37.748265057214],[-122.411341640644,37.748249404231],[-122.41148412832,37.74829828695]]},"properties":{":id":"row-jbs4-eqct.ptry",":version":"rv-wr7h~43vc-4zxu",":created_at":"2026-03-10T12:37:08.575Z",":updated_at":"2026-03-10T12:37:08.575Z","cnn":"2484101","corridor":"Cesar Chavez St","limits":"Alabama St  -  Harrison St","cnnrightleft":"R","blockside":"North","fullname":"Saturday","weekday":"Sat","fromhour":"8","tohour":"10","week1":"1","week2":"1","week3":"1","week4":"1","week5":"1","holidays":"0","blocksweepid":"1636934"}},{"type":"Feature","geometry":{"type":"LineString","coordinates":[[-122.421941247356,37.773036050758],[-122.421968142548,37.772944975733],[-122.422510656235,37.77251888067],[-122.422619690436,37.772502817369]]},"properties":{":id":"row-qvwu-i3m4_97ue",":version":"rv-djg6-2n6n_wqm4",":created_at":"2026-03-10T12:37:08.575Z",":updated_at":"2026-03-10T12:37:08.575Z","cnn":"8758101","corridor":"Market St","limits":"Gough St  -  Valencia St","cnnrightleft":"L","blockside":"SouthEast","fullname":"Saturday","weekday":"Sat","fromhour":"2","tohour":"6","week1":"1","week2":"1","week3":"1","week4":"1","week5":"1","holidays":"1","blocksweepid":"1640938"}},{"type":"Feature","geometry":{"type":"LineString","coordinates":[[-122.43398235555,37.72576179005],[-122.434425696346,37.725175476577]]},"properties":{":id":"row-vyhu-sref~dpns",":version":"rv-rmh6_i9gw~q9vi",":created_at":"2026-03-10T12:37:08.575Z",":updated_at":"2026-03-10T12:37:08.575Z","cnn":"9162000","corridor":"Mission St","limits":"Santa Rosa Ave  -  Harrington St","cnnrightleft":"R","blockside":"NorthWest","fullname":"Saturday","weekday":"Sat","fromhour":"5","tohour":"7","week1":"1","week2":"1","week3":"1","week4":"1","week5":"1","holidays":"0","blocksweepid":"1626233"}},{"type":"Feature","geometry":{"type":"LineString","coordinates":[[-122.41590817905,37.775272060559],[-122.417104135557,37.774325287386]]},"properties":{":id":"row-7638~5arz_rkyi",":version":"rv-ntyu-rwiw.zjke",":created_at":"2026-03-10T12:37:08.575Z",":updated_at":"2026-03-10T12:37:08.575Z","cnn":"9108000","corridor":"Mission St","limits":"10th St  -  11th St","cnnrightleft":"R","blockside":"NorthWest","fullname":"Saturday","weekday":"Sat","fromhour":"2","tohour":"6","week1":"1","week2":"1","week3":"1","week4":"1","week5":"1","holidays":"1","blocksweepid":"1618488"}},{"type":"Feature","geometry":{"type":"LineString","coordinates":[[-122.390723104978,37.716921905991],[-122.391088332706,37.7172564843],[-122.391599410583,37.717526158823]]},"properties":{":id":"row-her8_zbid_97je",":version":"rv-gqqb~xvkp~ycdw",":created_at":"2026-03-10T12:37:08.575Z",":updated_at":"2026-03-10T12:37:08.575Z","cnn":"7429000","corridor":"Jamestown Ave","limits":"Coronado St  -  Hawes St","cnnrightleft":"R","blockside":"NorthEast","fullname":"Saturday","weekday":"Sat","fromhour":"7","tohour":"8","week1":"1","week2":"1","week3":"1","week4":"1","week5":"1","holidays":"0","blocksweepid":"1597362"}},{"type":"Feature","geometry":{"type":"LineString","coordinates":[[-122.426114538813,37.733954475206],[-122.426175158339,37.733937672714],[-122.426374918447,37.733735867308],[-122.426391165486,37.73367501675]]},"properties":{":id":"row-ywzt-k575_qcuf",":version":"rv-cagh_9964_gm8m",":created_at":"2026-03-10T12:37:08.575Z",":updated_at":"2026-03-10T12:37:08.575Z","cnn":"9149201","corridor":"Mission St","limits":"Saint Mary's Ave  -  Bosworth St","cnnrightleft":"R","blockside":"NorthWest","fullname":"Saturday","weekday":"Sat","fromhour":"5","tohour":"7","week1":"1","week2":"1","week3":"1","week4":"1","week5":"1","holidays":"0","blocksweepid":"1626220"}},{"type":"Feature","geometry":{"type":"LineString","coordinates":[[-122.419885764063,37.745595096744],[-122.420019126612,37.745389020592]]},"properties":{":id":"row-r6u2_qdem.mzyk",":version":"rv-5tm5~g4km_7sru",":created_at":"2026-03-10T12:37:08.575Z",":updated_at":"2026-03-10T12:37:08.575Z","cnn":"9132000","corridor":"Mission St","limits":"Fair Ave  -  Valencia St","cnnrightleft":"R","blockside":"NorthWest","fullname":"Saturday","weekday":"Sat","fromhour":"5","tohour":"7","week1":"1","week2":"1","week3":"1","week4":"1","week5":"1","holidays":"0","blocksweepid":"1599812"}},{"type":"Feature","geometry":{"type":"LineString","coordinates":[[-122.418352033444,37.772222179964],[-122.41822616606,37.772130900909],[-122.41783138732,37.770810880908],[-122.417758805993,37.770685747519],[-122.41765283126,37.770524072815],[-122.417609443379,37.770407417341]]},"properties":{":id":"row-d8w5_vr98-jjym",":version":"rv-4sf9-utuk.izf6",":created_at":"2026-03-10T12:37:08.575Z",":updated_at":"2026-03-10T12:37:08.575Z","cnn":"12017101","corridor":"South Van Ness Ave","limits":"12th St  -  Howard St","cnnrightleft":"L","blockside":"East","fullname":"Saturday","weekday":"Sat","fromhour":"4","tohour":"6","week1":"1","week2":"1","week3":"1","week4":"1","week5":"1","holidays":"1","blocksweepid":"1611089"}},{"type":"Feature","geometry":{"type":"LineString","coordinates":[[-122.407164382555,37.782190721716],[-122.407254674597,37.782119419193]]},"properties":{":id":"row-sy6k~fygi.ehed",":version":"rv-6srz-5hhh-3ztc",":created_at":"2026-03-10T12:37:08.575Z",":updated_at":"2026-03-10T12:37:08.575Z","cnn":"9098000","corridor":"Mission St","limits":"Mint St  -  Mary St","cnnrightleft":"R","blockside":"NorthWest","fullname":"Saturday","weekday":"Sat","fromhour":"2","tohour":"6","week1":"1","week2":"1","week3":"1","week4":"1","week5":"1","holidays":"1","blocksweepid":"1618478"}},{"type":"Feature","geometry":{"type":"LineString","coordinates":[[-122.440417738126,37.717244618779],[-122.441019561727,37.716459545953]]},"properties":{":id":"row-k96f_cqzq.6svt",":version":"rv-6p7t.4usy_zipz",":created_at":"2026-03-10T12:37:08.575Z",":updated_at":"2026-03-10T12:37:08.575Z","cnn":"9177000","corridor":"Mission St","limits":"Amazon Ave  -  Geneva Ave","cnnrightleft":"R","blockside":"NorthWest","fullname":"Saturday","weekday":"Sat","fromhour":"5","tohour":"7","week1":"1","week2":"1","week3":"1","week4":"1","week5":"1","holidays":"0","blocksweepid":"1626248"}},{"type":"Feature","geometry":{"type":"LineString","coordinates":[[-122.418593944952,37.753836587811],[-122.418445270656,37.752239454508]]},"properties":{":id":"row-8ipd_ihrs_3aqd",":version":"rv-943p-kk8s~znz4",":created_at":"2026-03-10T12:37:08.575Z",":updated_at":"2026-03-10T12:37:08.575Z","cnn":"9125000","corridor":"Mission St","limits":"23rd St  -  24th St","cnnrightleft":"R","blockside":"West","fullname":"Saturday","weekday":"Sat","fromhour":"4","tohour":"6","week1":"1","week2":"1","week3":"1","week4":"1","week5":"1","holidays":"0","blocksweepid":"1619093"}},{"type":"Feature","geometry":{"type":"LineString","coordinates":[[-122.40622473616,37.796077505163],[-122.40635066883,37.796061968847]]},"properties":{":id":"row-ip7t~cu88-zsst",":version":"rv-fdkd.pk7f.55tg",":created_at":"2026-03-10T12:37:08.575Z",":updated_at":"2026-03-10T12:37:08.575Z","cnn":"7371000","corridor":"Jackson St","limits":"Wentworth Pl  -  Beckett St","cnnrightleft":"R","blockside":"North","fullname":"Saturday","weekday":"Sat","fromhour":"2","tohour":"6","week1":"1","week2":"1","week3":"1","week4":"1","week5":"1","holidays":"0","blocksweepid":"1638519"}},{"type":"Feature","geometry":{"type":"LineString","coordinates":[[-122.412416426243,37.765489809124],[-122.41310524323,37.765447608418]]},"properties":{":id":"row-msy6_x8tf.s7ta",":version":"rv-5wa4_2558.yih6",":created_at":"2026-03-10T12:37:08.575Z",":updated_at":"2026-03-10T12:37:08.575Z","cnn":"719000","corridor":"16th St","limits":"Alabama St  -  Harrison St","cnnrightleft":"L","blockside":"South","fullname":"Saturday","weekday":"Sat","fromhour":"2","tohour":"6","week1":"1","week2":"1","week3":"1","week4":"1","week5":"1","holidays":"1","blocksweepid":"1601930"}},{"type":"Feature","geometry":{"type":"LineString","coordinates":[[-122.420698773999,37.774007805689],[-122.420807965015,37.773996834559],[-122.421089416929,37.773774753562]]},"properties":{":id":"row-zvtu~mqq5~5kbt",":version":"rv-j7xi.jnhq_pyzr",":created_at":"2026-03-10T12:37:08.575Z",":updated_at":"2026-03-10T12:37:08.575Z","cnn":"8757201","corridor":"Market St","limits":"Franklin St  -  Rose St","cnnrightleft":"R","blockside":"NorthWest","fullname":"Saturday","weekday":"Sat","fromhour":"2","tohour":"6","week1":"1","week2":"1","week3":"1","week4":"1","week5":"1","holidays":"1","blocksweepid":"1625850"}},{"type":"Feature","geometry":{"type":"LineString","coordinates":[[-122.41590817905,37.775272060559],[-122.417104135557,37.774325287386]]},"properties":{":id":"row-5p9v_53ge~q5ui",":version":"rv-65s3_hmmz-px3y",":created_at":"2026-03-10T12:37:08.575Z",":updated_at":"2026-03-10T12:37:08.575Z","cnn":"9108000","corridor":"Mission St","limits":"10th St  -  11th St","cnnrightleft":"L","blockside":"SouthEast","fullname":"Saturday","weekday":"Sat","fromhour":"2","tohour":"6","week1":"1","week2":"1","week3":"1","week4":"1","week5":"1","holidays":"1","blocksweepid":"1618934"}},{"type":"Feature","geometry":{"type":"LineString","coordinates":[[-122.422083785231,37.742197553341],[-122.422366459744,37.741760488778]]},"properties":{":id":"row-6kns-2dy3.pv2z",":version":"rv-2ddy_7jyr~i5du",":created_at":"2026-03-10T12:37:08.575Z",":updated_at":"2026-03-10T12:37:08.575Z","cnn":"9138000","corridor":"Mission St","limits":"Eugenia Ave  -  Kingston St","cnnrightleft":"R","blockside":"NorthWest","fullname":"Saturday","weekday":"Sat","fromhour":"5","tohour":"7","week1":"1","week2":"1","week3":"1","week4":"1","week5":"1","holidays":"0","blocksweepid":"1599818"}},{"type":"Feature","geometry":{"type":"LineString","coordinates":[[-122.396154143476,37.708394652333],[-122.396059457885,37.708523666671],[-122.395919022743,37.708629585778],[-122.395737458655,37.708698291923],[-122.395542581541,37.708737310303],[-122.39440306567,37.708903826132]]},"properties":{":id":"row-4qgv.z3xq~cj7k",":version":"rv-7a3y.m7s6~8vqp",":created_at":"2026-03-10T12:37:08.575Z",":updated_at":"2026-03-10T12:37:08.575Z","cnn":"2141000","corridor":"Alana Way","limits":"County Line  -  Executive Park Blvd","cnnrightleft":"L","blockside":"North","fullname":"Saturday","weekday":"Sat","fromhour":"7","tohour":"8","week1":"1","week2":"1","week3":"1","week4":"1","week5":"1","holidays":"0","blocksweepid":"1627169"}},{"type":"Feature","geometry":{"type":"LineString","coordinates":[[-122.408941027974,37.786295916211],[-122.409328905494,37.786247172766]]},"properties":{":id":"row-54hi.kxyp_swrj",":version":"rv-q5j2~uwp4~m387",":created_at":"2026-03-10T12:37:08.575Z",":updated_at":"2026-03-10T12:37:08.575Z","cnn":"9724000","corridor":"O'Farrell St","limits":"Cyril Magnin St  -  Elwood St","cnnrightleft":"R","blockside":"North","fullname":"Saturday","weekday":"Sat","fromhour":"2","tohour":"6","week1":"1","week2":"1","week3":"1","week4":"1","week5":"1","holidays":"0","blocksweepid":"1603613"}},{"type":"Feature","geometry":{"type":"LineString","coordinates":[[-122.458858661406,37.781257061325],[-122.459039858278,37.781189713337],[-122.459874043119,37.781146583861],[-122.459999657963,37.781213477912]]},"properties":{":id":"row-dvtk-7vee.g3e3",":version":"rv-9ryg_v5sw.wfci",":created_at":"2026-03-10T12:37:08.575Z",":updated_at":"2026-03-10T12:37:08.575Z","cnn":"6057101","corridor":"Geary Blvd","limits":"Arguello Blvd  -  02nd Ave","cnnrightleft":"L","blockside":"South","fullname":"Saturday","weekday":"Sat","fromhour":"7","tohour":"8","week1":"1","week2":"1","week3":"1","week4":"1","week5":"1","holidays":"0","blocksweepid":"1621898"}},{"type":"Feature","geometry":{"type":"LineString","coordinates":[[-122.410764827715,37.78321431286],[-122.410951618189,37.78414101264]]},"properties":{":id":"row-bysn.h9z6.nqb3",":version":"rv-nfis-jxn4_gnvc",":created_at":"2026-03-10T12:37:08.575Z",":updated_at":"2026-03-10T12:37:08.575Z","cnn":"12427000","corridor":"Taylor St","limits":"Turk St  -  Eddy St","cnnrightleft":"L","blockside":"West","fullname":"Saturday","weekday":"Sat","fromhour":"6","tohour":"8","week1":"1","week2":"1","week3":"1","week4":"1","week5":"1","holidays":"0","blocksweepid":"1617058"}},{"type":"Feature","geometry":{"type":"LineString","coordinates":[[-122.389483281624,37.770656736146],[-122.389541808044,37.770543041676],[-122.389466688445,37.769757143257]]},"properties":{":id":"row-hjfy_65he_8ihc",":version":"rv-av6s~a3qn~zip5",":created_at":"2026-03-10T12:37:08.575Z",":updated_at":"2026-03-10T12:37:08.575Z","cnn":"185204","corridor":"03rd St","limits":"Start:  Block  -  Nelson Rising Ln","cnnrightleft":"R","blockside":null,"fullname":"Saturday","weekday":"Sat","fromhour":"2","tohour":"6","week1":"1","week2":"1","week3":"1","week4":"1","week5":"1","holidays":"0","blocksweepid":"1613851"}},{"type":"Feature","geometry":{"type":"LineString","coordinates":[[-122.421964312447,37.765720755375],[-122.421886446144,37.764917378514]]},"properties":{":id":"row-kjwj.sx9q~phcd",":version":"rv-pjv6-z6m7~q4qs",":created_at":"2026-03-10T12:37:08.575Z",":updated_at":"2026-03-10T12:37:08.575Z","cnn":"13059000","corridor":"Valencia St","limits":"Sparrow St  -  16th St","cnnrightleft":"R","blockside":"West","fullname":"Saturday","weekday":"Sat","fromhour":"6","tohour":"8","week1":"1","week2":"1","week3":"1","week4":"1","week5":"1","holidays":"0","blocksweepid":"1598800"}},{"type":"Feature","geometry":{"type":"LineString","coordinates":[[-122.419512737159,37.763429273393],[-122.41947628774,37.763050839627]]},"properties":{":id":"row-g2mr_zzfv_zszh",":version":"rv-4zzw.jd9i~2tyv",":created_at":"2026-03-10T12:37:08.575Z",":updated_at":"2026-03-10T12:37:08.575Z","cnn":"9117000","corridor":"Mission St","limits":"17th St  -  Clarion Aly","cnnrightleft":"L","blockside":"East","fullname":"Saturday","weekday":"Sat","fromhour":"4","tohour":"6","week1":"1","week2":"1","week3":"1","week4":"1","week5":"1","holidays":"0","blocksweepid":"1641341"}},{"type":"Feature","geometry":{"type":"LineString","coordinates":[[-122.408708673446,37.780971182971],[-122.410936574036,37.779211685706]]},"properties":{":id":"row-py8s~euiz-y54d",":version":"rv-pxgr-bgrv.g7y8",":created_at":"2026-03-10T12:37:08.575Z",":updated_at":"2026-03-10T12:37:08.575Z","cnn":"9100000","corridor":"Mission St","limits":"06th St  -  07th St","cnnrightleft":"L","blockside":"SouthEast","fullname":"Saturday","weekday":"Sat","fromhour":"2","tohour":"6","week1":"1","week2":"1","week3":"1","week4":"1","week5":"1","holidays":"1","blocksweepid":"1618926"}},{"type":"Feature","geometry":{"type":"LineString","coordinates":[[-122.395943826939,37.721715880382],[-122.396047643573,37.721634704524],[-122.396297142805,37.721081141695],[-122.396272841569,37.720981529973]]},"properties":{":id":"row-cymn_5ink_254e",":version":"rv-iw3q.sn4q~j5y9",":created_at":"2026-03-10T12:37:08.575Z",":updated_at":"2026-03-10T12:37:08.575Z","cnn":"229201","corridor":"03rd St","limits":"Hollister Ave  -  Ingerson Ave","cnnrightleft":"R","blockside":"West","fullname":"Saturday","weekday":"Sat","fromhour":"2","tohour":"6","week1":"1","week2":"1","week3":"1","week4":"1","week5":"1","holidays":"0","blocksweepid":"1613899"}},{"type":"Feature","geometry":{"type":"LineString","coordinates":[[-122.502031178,37.735514909104],[-122.502557647166,37.735557451758],[-122.502994563118,37.735554712227],[-122.503104759293,37.735466491501]]},"properties":{":id":"row-3q3z_3f64.d2hs",":version":"rv-t45n-f55j-ivyj",":created_at":"2026-03-10T12:37:08.575Z",":updated_at":"2026-03-10T12:37:08.575Z","cnn":"11962202","corridor":"Sloat Blvd","limits":"44th Ave  -  45th Ave","cnnrightleft":"L","blockside":"South","fullname":"Saturday","weekday":"Sat","fromhour":"5","tohour":"7","week1":"1","week2":"1","week3":"1","week4":"1","week5":"1","holidays":"0","blocksweepid":"1605687"}},{"type":"Feature","geometry":{"type":"LineString","coordinates":[[-122.402105120585,37.727789703729],[-122.401875118287,37.726964759406]]},"properties":{":id":"row-i8s8~xttv.kjy3",":version":"rv-8zy8~ftmq.nxv3",":created_at":"2026-03-10T12:37:08.575Z",":updated_at":"2026-03-10T12:37:08.575Z","cnn":"2810000","corridor":"Bay Shore Blvd","limits":"Phelps St  -  Fitzgerald Ave","cnnrightleft":"R","blockside":"West","fullname":"Saturday","weekday":"Sat","fromhour":"7","tohour":"8","week1":"1","week2":"1","week3":"1","week4":"1","week5":"1","holidays":"0","blocksweepid":"1628253"}},{"type":"Feature","geometry":{"type":"LineString","coordinates":[[-122.401875118287,37.726964759406],[-122.401822426216,37.726775260692]]},"properties":{":id":"row-xtva~y2x7-v3pf",":version":"rv-4qyr~i4yw~ytfr",":created_at":"2026-03-10T12:37:08.575Z",":updated_at":"2026-03-10T12:37:08.575Z","cnn":"2811000","corridor":"Bay Shore Blvd","limits":"Fitzgerald Ave  -  Wayland St","cnnrightleft":"L","blockside":"East","fullname":"Saturday","weekday":"Sat","fromhour":"7","tohour":"8","week1":"1","week2":"1","week3":"1","week4":"1","week5":"1","holidays":"0","blocksweepid":"1613343"}},{"type":"Feature","geometry":{"type":"LineString","coordinates":[[-122.416330777244,37.785726516619],[-122.416449123004,37.786310218483]]},"properties":{":id":"row-vkfe~smrv_ps5u",":version":"rv-9xwt.pu3e_5b2z",":created_at":"2026-03-10T12:37:08.575Z",":updated_at":"2026-03-10T12:37:08.575Z","cnn":"7120000","corridor":"Hyde St","limits":"Mabel Aly  -  Geary St","cnnrightleft":"L","blockside":"West","fullname":"Saturday","weekday":"Sat","fromhour":"6","tohour":"8","week1":"1","week2":"1","week3":"1","week4":"1","week5":"1","holidays":"0","blocksweepid":"1608325"}},{"type":"Feature","geometry":{"type":"LineString","coordinates":[[-122.387174218361,37.746157127786],[-122.387220488812,37.74594109545],[-122.387167648335,37.745202563025],[-122.387128522238,37.745070439904]]},"properties":{":id":"row-msrs_j6at_s78n",":version":"rv-2miq.4b3d~92th",":created_at":"2026-03-10T12:37:08.575Z",":updated_at":"2026-03-10T12:37:08.575Z","cnn":"198201","corridor":"03rd St","limits":"Cargo Way  -  Burke Ave","cnnrightleft":"R","blockside":"West","fullname":"Saturday","weekday":"Sat","fromhour":"2","tohour":"6","week1":"1","week2":"1","week3":"1","week4":"1","week5":"1","holidays":"0","blocksweepid":"1613867"}},{"type":"Feature","geometry":{"type":"LineString","coordinates":[[-122.440255134802,37.716038820045],[-122.440171085565,37.715945700412],[-122.439565429574,37.715674069439],[-122.439438471855,37.715672554478]]},"properties":{":id":"row-aw8s.44sw-pe37",":version":"rv-v5rp_h6ex-azi8",":created_at":"2026-03-10T12:37:08.575Z",":updated_at":"2026-03-10T12:37:08.575Z","cnn":"6139201","corridor":"Geneva Ave","limits":"London St  -  Paris St","cnnrightleft":"L","blockside":"NorthEast","fullname":"Saturday","weekday":"Sat","fromhour":"6","tohour":"8","week1":"1","week2":"1","week3":"1","week4":"1","week5":"1","holidays":"0","blocksweepid":"1633032"}},{"type":"Feature","geometry":{"type":"LineString","coordinates":[[-122.499058976811,37.73157606995],[-122.498229794711,37.731376238726],[-122.498001636793,37.73127783217]]},"properties":{":id":"row-9mjp~z7xh~gny9",":version":"rv-q4e4-dwv4-6b28",":created_at":"2026-03-10T12:37:08.575Z",":updated_at":"2026-03-10T12:37:08.575Z","cnn":"8042000","corridor":"Lake Merced Blvd","limits":"Skyline Blvd  -  Lakeshore Dr","cnnrightleft":"L","blockside":"North","fullname":"Saturday","weekday":"Sat","fromhour":"4","tohour":"6","week1":"1","week2":"1","week3":"1","week4":"1","week5":"1","holidays":"0","blocksweepid":"1616563"}},{"type":"Feature","geometry":{"type":"LineString","coordinates":[[-122.404875610531,37.794859533302],[-122.404957208412,37.795326691803]]},"properties":{":id":"row-gfwr_cyw3_zz9e",":version":"rv-xxd3-sqet~i8au",":created_at":"2026-03-10T12:37:08.575Z",":updated_at":"2026-03-10T12:37:08.575Z","cnn":"7759000","corridor":"Kearny St","limits":"Merchant St  -  Washington St","cnnrightleft":"R","blockside":"East","fullname":"Saturday","weekday":"Sat","fromhour":"2","tohour":"6","week1":"1","week2":"1","week3":"1","week4":"1","week5":"1","holidays":"0","blocksweepid":"1624006"}},{"type":"Feature","geometry":{"type":"LineString","coordinates":[[-122.421940374296,37.788968774327],[-122.42201383444,37.789331862384],[-122.422135208482,37.789412061535]]},"properties":{":id":"row-igt7_6p32-cjku",":version":"rv-kjbc_itac-guny",":created_at":"2026-03-10T12:37:08.575Z",":updated_at":"2026-03-10T12:37:08.575Z","cnn":"13156202","corridor":"Van Ness Ave","limits":"Austin St  -  Pine St","cnnrightleft":"R","blockside":"East","fullname":"Saturday","weekday":"Sat","fromhour":"4","tohour":"6","week1":"1","week2":"1","week3":"1","week4":"1","week5":"1","holidays":"1","blocksweepid":"1640011"}},{"type":"Feature","geometry":{"type":"LineString","coordinates":[[-122.41744593863,37.808013324233],[-122.419086067987,37.807803117552]]},"properties":{":id":"row-76f3-9kis-xnqj",":version":"rv-vtdg.s6ry_ftiq",":created_at":"2026-03-10T12:37:08.575Z",":updated_at":"2026-03-10T12:37:08.575Z","cnn":"7458000","corridor":"Jefferson St","limits":"Jones St  -  Leavenworth St","cnnrightleft":"L","blockside":"South","fullname":"Saturday","weekday":"Sat","fromhour":"1","tohour":"3","week1":"1","week2":"1","week3":"1","week4":"1","week5":"1","holidays":"1","blocksweepid":"1597394"}},{"type":"Feature","geometry":{"type":"LineString","coordinates":[[-122.406129483695,37.793379704657],[-122.406220480026,37.793831753392]]},"properties":{":id":"row-9jzb-asf9.ubgx",":version":"rv-93h3~w9xi~7wfm",":created_at":"2026-03-10T12:37:08.575Z",":updated_at":"2026-03-10T12:37:08.575Z","cnn":"6393000","corridor":"Grant Ave","limits":"Sacramento St  -  Commercial St","cnnrightleft":"R","blockside":"East","fullname":"Saturday","weekday":"Sat","fromhour":"2","tohour":"6","week1":"1","week2":"1","week3":"1","week4":"1","week5":"1","holidays":"0","blocksweepid":"1606407"}},{"type":"Feature","geometry":{"type":"LineString","coordinates":[[-122.402836569586,37.788049513231],[-122.403328529166,37.787660586789],[-122.403430800691,37.787641848946]]},"properties":{":id":"row-dsm6.4d52.rhwm",":version":"rv-4w7a~taz6~8shq",":created_at":"2026-03-10T12:37:08.575Z",":updated_at":"2026-03-10T12:37:08.575Z","cnn":"8744102","corridor":"Market St","limits":"Annie St  -  03rd St","cnnrightleft":"L","blockside":"SouthEast","fullname":"Saturday","weekday":"Sat","fromhour":"5","tohour":"7","week1":"1","week2":"1","week3":"1","week4":"1","week5":"1","holidays":"1","blocksweepid":"1640607"}},{"type":"Feature","geometry":{"type":"LineString","coordinates":[[-122.394747579196,37.794479718642],[-122.394859912759,37.794458682339],[-122.39627813127,37.793341735339],[-122.396302004798,37.79325635015]]},"properties":{":id":"row-rd5d_d6y4~xbig",":version":"rv-h5n6-9uux_scmj",":created_at":"2026-03-10T12:37:08.575Z",":updated_at":"2026-03-10T12:37:08.575Z","cnn":"8737201","corridor":"Market St","limits":"Steuart St  -  Drumm St","cnnrightleft":"R","blockside":"NorthWest","fullname":"Saturday","weekday":"Sat","fromhour":"5","tohour":"7","week1":"1","week2":"1","week3":"1","week4":"1","week5":"1","holidays":"1","blocksweepid":"1640562"}},{"type":"Feature","geometry":{"type":"LineString","coordinates":[[-122.384085870296,37.719667249141],[-122.384216604908,37.719808302772],[-122.385869068336,37.720746312725]]},"properties":{":id":"row-qqge~hchb.i2m3",":version":"rv-25f7~ezkd~n2iy",":created_at":"2026-03-10T12:37:08.575Z",":updated_at":"2026-03-10T12:37:08.575Z","cnn":"3733000","corridor":"Carroll Ave","limits":"Fitch St  -  Griffith St","cnnrightleft":"L","blockside":"SouthWest","fullname":"Saturday","weekday":"Sat","fromhour":"7","tohour":"8","week1":"1","week2":"1","week3":"1","week4":"1","week5":"1","holidays":"0","blocksweepid":"1636796"}},{"type":"Feature","geometry":{"type":"LineString","coordinates":[[-122.43398235555,37.72576179005],[-122.434425696346,37.725175476577]]},"properties":{":id":"row-7m9g_c3vq~tus3",":version":"rv-jftg_2nmx-fg64",":created_at":"2026-03-10T12:37:08.575Z",":updated_at":"2026-03-10T12:37:08.575Z","cnn":"9162000","corridor":"Mission St","limits":"Santa Rosa Ave  -  Harrington St","cnnrightleft":"L","blockside":"SouthEast","fullname":"Saturday","weekday":"Sat","fromhour":"5","tohour":"7","week1":"1","week2":"1","week3":"1","week4":"1","week5":"1","holidays":"0","blocksweepid":"1619437"}},{"type":"Feature","geometry":{"type":"LineString","coordinates":[[-122.406045235905,37.795198283594],[-122.406475551112,37.795144464814]]},"properties":{":id":"row-r38q_gjry-mipm",":version":"rv-biwr.uh3q~uxqk",":created_at":"2026-03-10T12:37:08.575Z",":updated_at":"2026-03-10T12:37:08.575Z","cnn":"13413000","corridor":"Washington St","limits":"Wentworth Pl  -  Grant Ave","cnnrightleft":"R","blockside":"North","fullname":"Saturday","weekday":"Sat","fromhour":"2","tohour":"6","week1":"1","week2":"1","week3":"1","week4":"1","week5":"1","holidays":"0","blocksweepid":"1625541"}},{"type":"Feature","geometry":{"type":"LineString","coordinates":[[-122.412872037823,37.78530844888],[-122.412881239572,37.785353823175]]},"properties":{":id":"row-dza7~ygmt.nu5r",":version":"rv-5f6n.pvvd_rrae",":created_at":"2026-03-10T12:37:08.575Z",":updated_at":"2026-03-10T12:37:08.575Z","cnn":"7568000","corridor":"Jones St","limits":"Antonio St  -  Steveloe Pl","cnnrightleft":"L","blockside":"West","fullname":"Saturday","weekday":"Sat","fromhour":"6","tohour":"8","week1":"1","week2":"1","week3":"1","week4":"1","week5":"1","holidays":"0","blocksweepid":"1597564"}},{"type":"Feature","geometry":{"type":"LineString","coordinates":[[-122.422694163657,37.792174644917],[-122.422610507892,37.792280886586],[-122.422749895775,37.792969767728],[-122.422871202196,37.793050003145]]},"properties":{":id":"row-f9yj_9qdy-n4rj",":version":"rv-q2v5.29i3.y94c",":created_at":"2026-03-10T12:37:08.575Z",":updated_at":"2026-03-10T12:37:08.575Z","cnn":"13160201","corridor":"Van Ness Ave","limits":"Clay St  -  Washington St","cnnrightleft":"R","blockside":"East","fullname":"Saturday","weekday":"Sat","fromhour":"4","tohour":"6","week1":"1","week2":"1","week3":"1","week4":"1","week5":"1","holidays":"1","blocksweepid":"1640015"}},{"type":"Feature","geometry":{"type":"LineString","coordinates":[[-122.422383535663,37.747171915024],[-122.422434433061,37.747021056745],[-122.422385811595,37.746495224666],[-122.422310655307,37.746376519604]]},"properties":{":id":"row-va9d-6ax4~yy4r",":version":"rv-4qk5_pr8c_ymzk",":created_at":"2026-03-10T12:37:08.575Z",":updated_at":"2026-03-10T12:37:08.575Z","cnn":"6590201","corridor":"Guerrero St","limits":"27th St  -  Duncan St","cnnrightleft":"L","blockside":"East","fullname":"Saturday","weekday":"Sat","fromhour":"6","tohour":"8","week1":"1","week2":"1","week3":"1","week4":"1","week5":"1","holidays":"0","blocksweepid":"1606751"}},{"type":"Feature","geometry":{"type":"LineString","coordinates":[[-122.404864793932,37.784006613234],[-122.406023808497,37.783091403293]]},"properties":{":id":"row-sqk7.ghph-zjz8",":version":"rv-wei8~qnwx_62rh",":created_at":"2026-03-10T12:37:08.575Z",":updated_at":"2026-03-10T12:37:08.575Z","cnn":"9096002","corridor":"Mission St","limits":"Jessie East St  -  Jessie West St","cnnrightleft":"R","blockside":null,"fullname":"Saturday","weekday":"Sat","fromhour":"2","tohour":"6","week1":"1","week2":"1","week3":"1","week4":"1","week5":"1","holidays":"1","blocksweepid":"1618475"}},{"type":"Feature","geometry":{"type":"LineString","coordinates":[[-122.409874016327,37.787149143318],[-122.41151576723,37.786939706696]]},"properties":{":id":"row-js5q_eiar_cumu",":version":"rv-4n9c-cuej~p8t4",":created_at":"2026-03-10T12:37:08.575Z",":updated_at":"2026-03-10T12:37:08.575Z","cnn":"6111000","corridor":"Geary St","limits":"Mason St  -  Taylor St","cnnrightleft":"R","blockside":"North","fullname":"Saturday","weekday":"Sat","fromhour":"2","tohour":"6","week1":"1","week2":"1","week3":"1","week4":"1","week5":"1","holidays":"0","blocksweepid":"1606095"}},{"type":"Feature","geometry":{"type":"LineString","coordinates":[[-122.470716749947,37.780723353374],[-122.470815008875,37.78065272834],[-122.471671044446,37.780615637797],[-122.4717754593,37.78068110402]]},"properties":{":id":"row-fn2b-9h6t-xsvf",":version":"rv-nckw-zwng~c85a",":created_at":"2026-03-10T12:37:08.575Z",":updated_at":"2026-03-10T12:37:08.575Z","cnn":"6068101","corridor":"Geary Blvd","limits":"12th Ave  -  Funston Ave","cnnrightleft":"L","blockside":"South","fullname":"Saturday","weekday":"Sat","fromhour":"7","tohour":"8","week1":"1","week2":"1","week3":"1","week4":"1","week5":"1","holidays":"0","blocksweepid":"1621909"}},{"type":"Feature","geometry":{"type":"LineString","coordinates":[[-122.415308388318,37.765314639454],[-122.416387522994,37.76524949406]]},"properties":{":id":"row-uiv5.xery~nrmb",":version":"rv-qexs-432z.r885",":created_at":"2026-03-10T12:37:08.575Z",":updated_at":"2026-03-10T12:37:08.575Z","cnn":"721000","corridor":"16th St","limits":"Folsom St  -  Shotwell St","cnnrightleft":"L","blockside":"South","fullname":"Saturday","weekday":"Sat","fromhour":"2","tohour":"6","week1":"1","week2":"1","week3":"1","week4":"1","week5":"1","holidays":"1","blocksweepid":"1601932"}},{"type":"Feature","geometry":{"type":"LineString","coordinates":[[-122.415693872616,37.782585033233],[-122.416982995675,37.782420418166]]},"properties":{":id":"row-jj6j-mxcs_b76k",":version":"rv-hakg.9en9.ytka",":created_at":"2026-03-10T12:37:08.575Z",":updated_at":"2026-03-10T12:37:08.575Z","cnn":"12720000","corridor":"Turk St","limits":"Hyde St  -  Dodge Pl","cnnrightleft":"R","blockside":"North","fullname":"Saturday","weekday":"Sat","fromhour":"6","tohour":"8","week1":"1","week2":"1","week3":"1","week4":"1","week5":"1","holidays":"0","blocksweepid":"1625147"}},{"type":"Feature","geometry":{"type":"LineString","coordinates":[[-122.420210435639,37.788222700125],[-122.421749881333,37.788027214872]]},"properties":{":id":"row-98e6.dqas.ufpi",":version":"rv-px2s_8g9q_4ar4",":created_at":"2026-03-10T12:37:08.575Z",":updated_at":"2026-03-10T12:37:08.575Z","cnn":"5483000","corridor":"Fern St","limits":"Polk St  -  Van Ness Ave","cnnrightleft":"L","blockside":"South","fullname":"Saturday","weekday":"Sat","fromhour":"4","tohour":"6","week1":"1","week2":"1","week3":"1","week4":"1","week5":"1","holidays":"1","blocksweepid":"1631251"}},{"type":"Feature","geometry":{"type":"LineString","coordinates":[[-122.387508746113,37.744062079357],[-122.387653341643,37.743647285127],[-122.387629453835,37.743527928107]]},"properties":{":id":"row-qe3h.466s_wmrx",":version":"rv-9iep.c5eb.ye2d",":created_at":"2026-03-10T12:37:08.575Z",":updated_at":"2026-03-10T12:37:08.575Z","cnn":"200202","corridor":"03rd St","limits":"Phelps St  -  Davidson Ave","cnnrightleft":"R","blockside":"West","fullname":"Saturday","weekday":"Sat","fromhour":"2","tohour":"6","week1":"1","week2":"1","week3":"1","week4":"1","week5":"1","holidays":"0","blocksweepid":"1613870"}},{"type":"Feature","geometry":{"type":"LineString","coordinates":[[-122.406827677878,37.796901905855],[-122.406944628746,37.797468973132]]},"properties":{":id":"row-ytpj~dsvj.xke8",":version":"rv-3a5w.7k6z.g3fq",":created_at":"2026-03-10T12:37:08.575Z",":updated_at":"2026-03-10T12:37:08.575Z","cnn":"6398000","corridor":"Grant Ave","limits":"Pacific Ave  -  Jack Kerouac Aly","cnnrightleft":"L","blockside":"West","fullname":"Saturday","weekday":"Sat","fromhour":"2","tohour":"6","week1":"1","week2":"1","week3":"1","week4":"1","week5":"1","holidays":"0","blocksweepid":"1606433"}},{"type":"Feature","geometry":{"type":"LineString","coordinates":[[-122.408066547135,37.7839914871],[-122.408160458438,37.783972712273],[-122.408930886611,37.783364257772],[-122.40895215881,37.783287852635]]},"properties":{":id":"row-9ju2~8jvk.wmyp",":version":"rv-tvks.jf3e_pcsp",":created_at":"2026-03-10T12:37:08.575Z",":updated_at":"2026-03-10T12:37:08.575Z","cnn":"8748201","corridor":"Market St","limits":"05th St  -  Mason St","cnnrightleft":"R","blockside":"NorthWest","fullname":"Saturday","weekday":"Sat","fromhour":"5","tohour":"7","week1":"1","week2":"1","week3":"1","week4":"1","week5":"1","holidays":"1","blocksweepid":"1640577"}},{"type":"Feature","geometry":{"type":"LineString","coordinates":[[-122.398930331179,37.783784933736],[-122.397942939431,37.782997897616]]},"properties":{":id":"row-4ebc_7fnp.5isc",":version":"rv-d8jf-dfkp-s7df",":created_at":"2025-06-19T16:07:35.272Z",":updated_at":"2025-06-19T16:07:35.272Z","cnn":"170000","corridor":"03rd St","limits":"Folsom St  -  Saint Francis Pl","cnnrightleft":"R","blockside":"SouthWest","fullname":"Saturday","weekday":"Sat","fromhour":"2","tohour":"6","week1":"1","week2":"1","week3":"1","week4":"1","week5":"1","holidays":"0","blocksweepid":"1628699"}},{"type":"Feature","geometry":{"type":"LineString","coordinates":[[-122.447751554045,37.721155307309],[-122.447658689707,37.72118656931],[-122.446727170283,37.720806506172],[-122.446608650632,37.720724224495]]},"properties":{":id":"row-qtwu.nbpi.f37v",":version":"rv-gvjk-qq7q-nwxc",":created_at":"2026-03-10T12:37:08.575Z",":updated_at":"2026-03-10T12:37:08.575Z","cnn":"6131101","corridor":"Geneva Ave","limits":"I-280 N On Ramp  -  San Jose Ave","cnnrightleft":"R","blockside":"SouthWest","fullname":"Saturday","weekday":"Sat","fromhour":"6","tohour":"8","week1":"1","week2":"1","week3":"1","week4":"1","week5":"1","holidays":"0","blocksweepid":"1606132"}},{"type":"Feature","geometry":{"type":"LineString","coordinates":[[-122.397942939431,37.782997897616],[-122.39738553825,37.782553592904]]},"properties":{":id":"row-xase_wmri.s9tz",":version":"rv-mfgk~vngq.yqxd",":created_at":"2026-03-10T12:37:08.575Z",":updated_at":"2026-03-10T12:37:08.575Z","cnn":"171000","corridor":"03rd St","limits":"Saint Francis Pl  -  Harrison St","cnnrightleft":"R","blockside":"SouthWest","fullname":"Saturday","weekday":"Sat","fromhour":"2","tohour":"6","week1":"1","week2":"1","week3":"1","week4":"1","week5":"1","holidays":"0","blocksweepid":"1628700"}},{"type":"Feature","geometry":{"type":"LineString","coordinates":[[-122.469056678361,37.737969881636],[-122.469123203849,37.737973654803],[-122.469972799199,37.73726508279],[-122.470571720116,37.736657705969],[-122.470574087741,37.736589028986]]},"properties":{":id":"row-38in_nkys.w6yj",":version":"rv-cg3g.ecrz-qfig",":created_at":"2026-03-10T12:37:08.575Z",":updated_at":"2026-03-10T12:37:08.575Z","cnn":"13579201","corridor":"West Portal Ave","limits":"14th Ave  -  15th Ave","cnnrightleft":"R","blockside":"NorthWest","fullname":"Saturday","weekday":"Sat","fromhour":"5","tohour":"7","week1":"1","week2":"1","week3":"1","week4":"1","week5":"1","holidays":"0","blocksweepid":"1601147"}},{"type":"Feature","geometry":{"type":"LineString","coordinates":[[-122.418221170888,37.748165688851],[-122.419121300714,37.746775140348]]},"properties":{":id":"row-n7st_f9dm~uu6h",":version":"rv-426e.j8a7-dgq4",":created_at":"2026-03-10T12:37:08.575Z",":updated_at":"2026-03-10T12:37:08.575Z","cnn":"9129000","corridor":"Mission St","limits":"Cesar Chavez St  -  Precita Ave","cnnrightleft":"R","blockside":"NorthWest","fullname":"Saturday","weekday":"Sat","fromhour":"5","tohour":"7","week1":"1","week2":"1","week3":"1","week4":"1","week5":"1","holidays":"0","blocksweepid":"1599809"}},{"type":"Feature","geometry":{"type":"LineString","coordinates":[[-122.498001636793,37.73127783217],[-122.498060255039,37.731164585272],[-122.497870693149,37.730730211739],[-122.497353646764,37.729668380692],[-122.49723289707,37.729489767783],[-122.497017439653,37.729302534193],[-122.496699148506,37.729123860574],[-122.496357483294,37.729034207927],[-122.496034818887,37.72901240541],[-122.4956882302,37.72905918137],[-122.493469932994,37.729596663122]]},"properties":{":id":"row-bshj~64ts-cwyc",":version":"rv-texw.y4si-n4xn",":created_at":"2026-03-10T12:37:08.575Z",":updated_at":"2026-03-10T12:37:08.575Z","cnn":"8044000","corridor":"Lake Merced Blvd","limits":"Lakeshore Dr  -  Sunset Blvd","cnnrightleft":"R","blockside":"SouthWest","fullname":"Saturday","weekday":"Sat","fromhour":"4","tohour":"6","week1":"1","week2":"1","week3":"1","week4":"1","week5":"1","holidays":"0","blocksweepid":"1597916"}},{"type":"Feature","geometry":{"type":"LineString","coordinates":[[-122.418708904118,37.780773161722],[-122.41880845049,37.781235767171]]},"properties":{":id":"row-r5br.xnyz~pxp9",":version":"rv-8isd~td6x.9hgc",":created_at":"2026-03-10T12:37:08.575Z",":updated_at":"2026-03-10T12:37:08.575Z","cnn":"10551000","corridor":"Polk St","limits":"Redwood St  -  Golden Gate Ave","cnnrightleft":"L","blockside":"West","fullname":"Saturday","weekday":"Sat","fromhour":"6","tohour":"8","week1":"1","week2":"1","week3":"1","week4":"1","week5":"1","holidays":"0","blocksweepid":"1619941"}},{"type":"Feature","geometry":{"type":"LineString","coordinates":[[-122.479382975191,37.780334689639],[-122.47949074366,37.780251721321],[-122.480316066553,37.780221628755],[-122.480450628149,37.780280237986]]},"properties":{":id":"row-gv2s-r3i7_cxgp",":version":"rv-vf5t_fd36~mg57",":created_at":"2026-03-10T12:37:08.575Z",":updated_at":"2026-03-10T12:37:08.575Z","cnn":"6077101","corridor":"Geary Blvd","limits":"20th Ave  -  21st Ave","cnnrightleft":"L","blockside":"South","fullname":"Saturday","weekday":"Sat","fromhour":"7","tohour":"8","week1":"1","week2":"1","week3":"1","week4":"1","week5":"1","holidays":"0","blocksweepid":"1621918"}},{"type":"Feature","geometry":{"type":"LineString","coordinates":[[-122.393570157018,37.726979832623],[-122.393678160428,37.726905284961],[-122.393911016544,37.726385106504],[-122.393902507043,37.726237395014]]},"properties":{":id":"row-ka75~cgbe~dtwa",":version":"rv-6bcc-ndbf_dcxj",":created_at":"2026-03-10T12:37:08.575Z",":updated_at":"2026-03-10T12:37:08.575Z","cnn":"223201","corridor":"03rd St","limits":"Armstrong Ave  -  Bancroft Ave","cnnrightleft":"R","blockside":"West","fullname":"Saturday","weekday":"Sat","fromhour":"2","tohour":"6","week1":"1","week2":"1","week3":"1","week4":"1","week5":"1","holidays":"0","blocksweepid":"1613893"}},{"type":"Feature","geometry":{"type":"LineString","coordinates":[[-122.421764812617,37.787061578799],[-122.421841758187,37.787441910237],[-122.42175810402,37.787548139832]]},"properties":{":id":"row-pisp-s57q_hahg",":version":"rv-9ecz_mg7m.5wfc",":created_at":"2026-03-10T12:37:08.575Z",":updated_at":"2026-03-10T12:37:08.575Z","cnn":"13154102","corridor":"Van Ness Ave","limits":"Daniel Burnham Ct  -  Sutter St","cnnrightleft":"L","blockside":"West","fullname":"Saturday","weekday":"Sat","fromhour":"4","tohour":"6","week1":"1","week2":"1","week3":"1","week4":"1","week5":"1","holidays":"1","blocksweepid":"1640045"}},{"type":"Feature","geometry":{"type":"LineString","coordinates":[[-122.405838158185,37.742391761349],[-122.406109095455,37.742020598798],[-122.406533438309,37.741439273442],[-122.406913567012,37.740762970166],[-122.407004959918,37.74024226623],[-122.40705184867,37.739705734454],[-122.406978585293,37.739566272703]]},"properties":{":id":"row-xw4u-ekjn-3kww",":version":"rv-54hj_ujef~gwim",":created_at":"2026-03-10T12:37:08.575Z",":updated_at":"2026-03-10T12:37:08.575Z","cnn":"2800202","corridor":"Bay Shore Blvd","limits":"Cosgrove St  -  Cortland Ave","cnnrightleft":"R","blockside":"West","fullname":"Saturday","weekday":"Sat","fromhour":"0","tohour":"2","week1":"1","week2":"1","week3":"1","week4":"1","week5":"1","holidays":"1","blocksweepid":"1613296"}},{"type":"Feature","geometry":{"type":"LineString","coordinates":[[-122.405831010893,37.785743989136],[-122.407852519844,37.785491560352]]},"properties":{":id":"row-4y7u-fhrf~v2si",":version":"rv-ggnz~p9sm.zqqk",":created_at":"2026-03-10T12:37:08.575Z",":updated_at":"2026-03-10T12:37:08.575Z","cnn":"5169000","corridor":"Ellis St","limits":"Market St  -  Powell St","cnnrightleft":"L","blockside":"South","fullname":"Saturday","weekday":"Sat","fromhour":"6","tohour":"8","week1":"1","week2":"1","week3":"1","week4":"1","week5":"1","holidays":"0","blocksweepid":"1604748"}},{"type":"Feature","geometry":{"type":"LineString","coordinates":[[-122.422619690436,37.772502817369],[-122.42273203126,37.772480081761],[-122.423331543934,37.772006514867],[-122.423396761057,37.77188564464]]},"properties":{":id":"row-3n9y_6pkg_6swz",":version":"rv-v72t.bf2x~vunm",":created_at":"2026-03-10T12:37:08.575Z",":updated_at":"2026-03-10T12:37:08.575Z","cnn":"8759201","corridor":"Market St","limits":"Valencia St  -  Octavia St","cnnrightleft":"R","blockside":"NorthWest","fullname":"Saturday","weekday":"Sat","fromhour":"2","tohour":"6","week1":"1","week2":"1","week3":"1","week4":"1","week5":"1","holidays":"1","blocksweepid":"1625854"}},{"type":"Feature","geometry":{"type":"LineString","coordinates":[[-122.419671829395,37.77230320357],[-122.42034436809,37.771770250043]]},"properties":{":id":"row-fxc3_unia~te4p",":version":"rv-mjwi_a59r.dmau",":created_at":"2026-03-10T12:37:08.575Z",":updated_at":"2026-03-10T12:37:08.575Z","cnn":"10047000","corridor":"Otis St","limits":"Brady St  -  Gough St","cnnrightleft":"R","blockside":"NorthWest","fullname":"Saturday","weekday":"Sat","fromhour":"4","tohour":"6","week1":"1","week2":"1","week3":"1","week4":"1","week5":"1","holidays":"0","blocksweepid":"1630222"}},{"type":"Feature","geometry":{"type":"LineString","coordinates":[[-122.419693565872,37.777299856161],[-122.419637774155,37.777406799606],[-122.419711625489,37.777770152091]]},"properties":{":id":"row-fqgh~cnjx-fysq",":version":"rv-5ae4-5nip~4qxk",":created_at":"2026-03-10T12:37:08.575Z",":updated_at":"2026-03-10T12:37:08.575Z","cnn":"13145201","corridor":"Van Ness Ave","limits":"Hayes St  -  Lech Walesa St","cnnrightleft":"R","blockside":"East","fullname":"Saturday","weekday":"Sat","fromhour":"4","tohour":"6","week1":"1","week2":"1","week3":"1","week4":"1","week5":"1","holidays":"1","blocksweepid":"1639865"}},{"type":"Feature","geometry":{"type":"LineString","coordinates":[[-122.417528773794,37.783310889584],[-122.417618571016,37.783777523379]]},"properties":{":id":"row-c67m_4i92.j8pe",":version":"rv-yfw2_5vj2~8v6k",":created_at":"2026-03-10T12:37:08.575Z",":updated_at":"2026-03-10T12:37:08.575Z","cnn":"8126000","corridor":"Larkin St","limits":"Eddy St  -  Willow St","cnnrightleft":"L","blockside":"West","fullname":"Saturday","weekday":"Sat","fromhour":"6","tohour":"8","week1":"1","week2":"1","week3":"1","week4":"1","week5":"1","holidays":"0","blocksweepid":"1616756"}},{"type":"Feature","geometry":{"type":"LineString","coordinates":[[-122.407869496169,37.798696861567],[-122.409014377479,37.799489820039]]},"properties":{":id":"row-antg.hpxb~sdzk",":version":"rv-jxp7~j5jk_4ccm",":created_at":"2026-03-10T12:37:08.575Z",":updated_at":"2026-03-10T12:37:08.575Z","cnn":"4294000","corridor":"Columbus Ave","limits":"Vallejo St  -  Green St","cnnrightleft":"L","blockside":"SouthWest","fullname":"Saturday","weekday":"Sat","fromhour":"4","tohour":"6","week1":"1","week2":"1","week3":"1","week4":"1","week5":"1","holidays":"0","blocksweepid":"1637354"}},{"type":"Feature","geometry":{"type":"LineString","coordinates":[[-122.405512936056,37.797064590557],[-122.406226437742,37.797558810251]]},"properties":{":id":"row-k7by_uisx.7djp",":version":"rv-ux8z~4k54.y54g",":created_at":"2026-03-10T12:37:08.575Z",":updated_at":"2026-03-10T12:37:08.575Z","cnn":"4290000","corridor":"Columbus Ave","limits":"Pacific Ave  -  Jack Kerouac Aly","cnnrightleft":"L","blockside":"SouthWest","fullname":"Saturday","weekday":"Sat","fromhour":"4","tohour":"6","week1":"1","week2":"1","week3":"1","week4":"1","week5":"1","holidays":"0","blocksweepid":"1629886"}},{"type":"Feature","geometry":{"type":"LineString","coordinates":[[-122.410951618189,37.78414101264],[-122.412595276786,37.783932576959]]},"properties":{":id":"row-gnmf~bft6~httm",":version":"rv-gawh~6zki.nqke",":created_at":"2026-03-10T12:37:08.575Z",":updated_at":"2026-03-10T12:37:08.575Z","cnn":"5060000","corridor":"Eddy St","limits":"Taylor St  -  Jones St","cnnrightleft":"R","blockside":"North","fullname":"Saturday","weekday":"Sat","fromhour":"6","tohour":"8","week1":"1","week2":"1","week3":"1","week4":"1","week5":"1","holidays":"0","blocksweepid":"1630889"}},{"type":"Feature","geometry":{"type":"LineString","coordinates":[[-122.418698425757,37.765109955105],[-122.419668972896,37.765051337402]]},"properties":{":id":"row-euxf_ihz2~gyxg",":version":"rv-jsxp~hq6s_wsmm",":created_at":"2026-03-10T12:37:08.575Z",":updated_at":"2026-03-10T12:37:08.575Z","cnn":"725000","corridor":"16th St","limits":"Capp St  -  Mission St","cnnrightleft":"L","blockside":"South","fullname":"Saturday","weekday":"Sat","fromhour":"2","tohour":"6","week1":"1","week2":"1","week3":"1","week4":"1","week5":"1","holidays":"1","blocksweepid":"1601936"}},{"type":"Feature","geometry":{"type":"LineString","coordinates":[[-122.42311242134,37.764843298667],[-122.424102683817,37.764783452449]]},"properties":{":id":"row-nk7j~xh6n~ks5e",":version":"rv-ijpt-sf2k-r9z7",":created_at":"2026-03-10T12:37:08.575Z",":updated_at":"2026-03-10T12:37:08.575Z","cnn":"734000","corridor":"16th St","limits":"Albion St  -  Guerrero St","cnnrightleft":"L","blockside":"South","fullname":"Saturday","weekday":"Sat","fromhour":"2","tohour":"6","week1":"1","week2":"1","week3":"1","week4":"1","week5":"1","holidays":"1","blocksweepid":"1601945"}},{"type":"Feature","geometry":{"type":"LineString","coordinates":[[-122.414053764894,37.782794446306],[-122.414241572962,37.78372378285]]},"properties":{":id":"row-fuwu~6v4w_8hmm",":version":"rv-ig7i-4i95.pcar",":created_at":"2026-03-10T12:37:08.575Z",":updated_at":"2026-03-10T12:37:08.575Z","cnn":"8240000","corridor":"Leavenworth St","limits":"Turk St  -  Eddy St","cnnrightleft":"L","blockside":"West","fullname":"Saturday","weekday":"Sat","fromhour":"6","tohour":"8","week1":"1","week2":"1","week3":"1","week4":"1","week5":"1","holidays":"0","blocksweepid":"1616824"}},{"type":"Feature","geometry":{"type":"LineString","coordinates":[[-122.40861884556,37.797627561973],[-122.408808128619,37.798571324139]]},"properties":{":id":"row-uiqp_6bd5.98vm",":version":"rv-yc9z_fg7x-rg37",":created_at":"2026-03-10T12:37:08.575Z",":updated_at":"2026-03-10T12:37:08.575Z","cnn":"12210000","corridor":"Stockton St","limits":"Broadway  -  Vallejo St","cnnrightleft":"R","blockside":"East","fullname":"Saturday","weekday":"Sat","fromhour":"4","tohour":"6","week1":"1","week2":"1","week3":"1","week4":"1","week5":"1","holidays":"0","blocksweepid":"1624667"}},{"type":"Feature","geometry":{"type":"LineString","coordinates":[[-122.412024074642,37.781136160202],[-122.41314804895,37.780993782209]]},"properties":{":id":"row-95r3~cfx6-jvha",":version":"rv-ci7u-66nh_2mfg",":created_at":"2026-03-10T12:37:08.575Z",":updated_at":"2026-03-10T12:37:08.575Z","cnn":"8888000","corridor":"McAllister St","limits":"Jones St  -  Charles J Brenham Pl","cnnrightleft":"R","blockside":"North","fullname":"Saturday","weekday":"Sat","fromhour":"2","tohour":"6","week1":"1","week2":"1","week3":"1","week4":"1","week5":"1","holidays":"0","blocksweepid":"1599646"}},{"type":"Feature","geometry":{"type":"LineString","coordinates":[[-122.408708673446,37.780971182971],[-122.408160792966,37.78053538629]]},"properties":{":id":"row-ph2f-njh3.gdh3",":version":"rv-7vur~7a54~6jrz",":created_at":"2026-03-10T12:37:08.575Z",":updated_at":"2026-03-10T12:37:08.575Z","cnn":"329000","corridor":"06th St","limits":"Mission St  -  Minna St","cnnrightleft":"R","blockside":"SouthWest","fullname":"Saturday","weekday":"Sat","fromhour":"4","tohour":"6","week1":"1","week2":"1","week3":"1","week4":"1","week5":"1","holidays":"1","blocksweepid":"1636385"}},{"type":"Feature","geometry":{"type":"LineString","coordinates":[[-122.463210680143,37.781070164904],[-122.463329796935,37.780990837662],[-122.464132535814,37.780954472587],[-122.46427917012,37.781018921641]]},"properties":{":id":"row-zred_3k69~e5yr",":version":"rv-54mw_5m6d_azp2",":created_at":"2026-03-10T12:37:08.575Z",":updated_at":"2026-03-10T12:37:08.575Z","cnn":"6061101","corridor":"Geary Blvd","limits":"05th Ave  -  06th Ave","cnnrightleft":"L","blockside":"South","fullname":"Saturday","weekday":"Sat","fromhour":"7","tohour":"8","week1":"1","week2":"1","week3":"1","week4":"1","week5":"1","holidays":"0","blocksweepid":"1621902"}},{"type":"Feature","geometry":{"type":"LineString","coordinates":[[-122.412411746542,37.783004078716],[-122.414053764894,37.782794446306]]},"properties":{":id":"row-5upk~ecna_wsyz",":version":"rv-um2v.t9fp.edu8",":created_at":"2026-03-10T12:37:08.575Z",":updated_at":"2026-03-10T12:37:08.575Z","cnn":"12718000","corridor":"Turk St","limits":"Jones St  -  Leavenworth St","cnnrightleft":"R","blockside":"North","fullname":"Saturday","weekday":"Sat","fromhour":"6","tohour":"8","week1":"1","week2":"1","week3":"1","week4":"1","week5":"1","holidays":"0","blocksweepid":"1625145"}},{"type":"Feature","geometry":{"type":"LineString","coordinates":[[-122.42001957405,37.787280026389],[-122.421559716288,37.787087251593]]},"properties":{":id":"row-eab7.aiv2~xvm6",":version":"rv-qtan.6dxc_fwu9",":created_at":"2026-03-10T12:37:08.575Z",":updated_at":"2026-03-10T12:37:08.575Z","cnn":"6876000","corridor":"Hemlock St","limits":"Polk St  -  Van Ness Ave","cnnrightleft":"R","blockside":"North","fullname":"Saturday","weekday":"Sat","fromhour":"4","tohour":"6","week1":"1","week2":"1","week3":"1","week4":"1","week5":"1","holidays":"1","blocksweepid":"1623392"}},{"type":"Feature","geometry":{"type":"LineString","coordinates":[[-122.407000777835,37.795077381844],[-122.407266741027,37.795043667683]]},"properties":{":id":"row-pjmx~2ngi~yrwv",":version":"rv-7e4s_f8wb~dufk",":created_at":"2026-03-10T12:37:08.575Z",":updated_at":"2026-03-10T12:37:08.575Z","cnn":"13415000","corridor":"Washington St","limits":"Waverly Pl  -  Ross Aly","cnnrightleft":"R","blockside":"North","fullname":"Saturday","weekday":"Sat","fromhour":"2","tohour":"6","week1":"1","week2":"1","week3":"1","week4":"1","week5":"1","holidays":"0","blocksweepid":"1625543"}},{"type":"Feature","geometry":{"type":"LineString","coordinates":[[-122.390025039703,37.776300145376],[-122.389865003356,37.774551171444]]},"properties":{":id":"row-6a8y-zbm2.8m3h",":version":"rv-eiak~euee.75x6",":created_at":"2026-03-10T12:37:08.575Z",":updated_at":"2026-03-10T12:37:08.575Z","cnn":"184001","corridor":"03rd St","limits":"rry A Francois Blvd  -  Channel","cnnrightleft":"L","blockside":null,"fullname":"Saturday","weekday":"Sat","fromhour":"2","tohour":"6","week1":"1","week2":"1","week3":"1","week4":"1","week5":"1","holidays":"0","blocksweepid":"1628952"}},{"type":"Feature","geometry":{"type":"LineString","coordinates":[[-122.399504510859,37.790805376314],[-122.400152468999,37.790290160159]]},"properties":{":id":"row-inzu.su2i-fs84",":version":"rv-mr6d~qdb3~mvr7",":created_at":"2026-03-10T12:37:08.575Z",":updated_at":"2026-03-10T12:37:08.575Z","cnn":"8742202","corridor":"Market St","limits":"Battery St  -  Sutter St","cnnrightleft":"R","blockside":"NorthWest","fullname":"Saturday","weekday":"Sat","fromhour":"5","tohour":"7","week1":"1","week2":"1","week3":"1","week4":"1","week5":"1","holidays":"1","blocksweepid":"1640568"}},{"type":"Feature","geometry":{"type":"LineString","coordinates":[[-122.462139278828,37.781110995361],[-122.46228232273,37.781039632216],[-122.463085173117,37.781007453407],[-122.463210680143,37.781070164904]]},"properties":{":id":"row-kcr7-9t6p~p6q7",":version":"rv-xe9q~jaqw.kvxn",":created_at":"2026-03-10T12:37:08.575Z",":updated_at":"2026-03-10T12:37:08.575Z","cnn":"6060101","corridor":"Geary Blvd","limits":"04th Ave  -  05th Ave","cnnrightleft":"L","blockside":"South","fullname":"Saturday","weekday":"Sat","fromhour":"7","tohour":"8","week1":"1","week2":"1","week3":"1","week4":"1","week5":"1","holidays":"0","blocksweepid":"1621901"}},{"type":"Feature","geometry":{"type":"LineString","coordinates":[[-122.394532121343,37.724693137392],[-122.394821474013,37.724058781321],[-122.394926152382,37.723972563668]]},"properties":{":id":"row-pf6m~p5qu-x4b3",":version":"rv-xyu3~bbyy_h62w",":created_at":"2026-03-10T12:37:08.575Z",":updated_at":"2026-03-10T12:37:08.575Z","cnn":"225102","corridor":"03rd St","limits":"Donner Ave  -  Egbert Ave","cnnrightleft":"L","blockside":"SouthEast","fullname":"Saturday","weekday":"Sat","fromhour":"2","tohour":"6","week1":"1","week2":"1","week3":"1","week4":"1","week5":"1","holidays":"0","blocksweepid":"1629150"}},{"type":"Feature","geometry":{"type":"LineString","coordinates":[[-122.408808128619,37.798571324139],[-122.408912340509,37.79903585636]]},"properties":{":id":"row-zmx4-ntd6_kd8h",":version":"rv-wrfi.tfjm~snua",":created_at":"2026-03-10T12:37:08.575Z",":updated_at":"2026-03-10T12:37:08.575Z","cnn":"12211000","corridor":"Stockton St","limits":"Vallejo St  -  Card Aly","cnnrightleft":"R","blockside":"East","fullname":"Saturday","weekday":"Sat","fromhour":"4","tohour":"6","week1":"1","week2":"1","week3":"1","week4":"1","week5":"1","holidays":"0","blocksweepid":"1624668"}},{"type":"Feature","geometry":{"type":"LineString","coordinates":[[-122.441622840547,37.717258173255],[-122.441612408963,37.717173608157],[-122.441379898297,37.716899725599],[-122.44115572962,37.716511485902],[-122.441019561727,37.716459545953]]},"properties":{":id":"row-taqs-ut7e~v9jm",":version":"rv-pzwz~8ra8.ax47",":created_at":"2026-03-10T12:37:08.575Z",":updated_at":"2026-03-10T12:37:08.575Z","cnn":"6137201","corridor":"Geneva Ave","limits":"Gloria Ct  -  Mission St","cnnrightleft":"L","blockside":"NorthEast","fullname":"Saturday","weekday":"Sat","fromhour":"6","tohour":"8","week1":"1","week2":"1","week3":"1","week4":"1","week5":"1","holidays":"0","blocksweepid":"1633030"}},{"type":"Feature","geometry":{"type":"LineString","coordinates":[[-122.499058976811,37.73157606995],[-122.499344530633,37.731198779216],[-122.500896700388,37.729687527145],[-122.501492800423,37.728874627492],[-122.501770499044,37.728394038133]]},"properties":{":id":"row-wsvw_tpe9-g7xx",":version":"rv-tfw3.7uqn~z4gj",":created_at":"2026-03-10T12:37:08.575Z",":updated_at":"2026-03-10T12:37:08.575Z","cnn":"11940000","corridor":"Skyline Blvd","limits":"Lake Merced Blvd  -  Herbst Rd","cnnrightleft":"R","blockside":"NorthWest","fullname":"Saturday","weekday":"Sat","fromhour":"0","tohour":"2","week1":"1","week2":"1","week3":"1","week4":"1","week5":"1","holidays":"1","blocksweepid":"1632400"}},{"type":"Feature","geometry":{"type":"LineString","coordinates":[[-122.420817003141,37.78289412161],[-122.420901331486,37.782977196495],[-122.4209771239,37.783352075047]]},"properties":{":id":"row-7d92-p3v7.dtnk",":version":"rv-uzcu~g7w7-9cmk",":created_at":"2026-03-10T12:37:08.575Z",":updated_at":"2026-03-10T12:37:08.575Z","cnn":"13150101","corridor":"Van Ness Ave","limits":"Eddy St  -  Willow St","cnnrightleft":"L","blockside":"West","fullname":"Saturday","weekday":"Sat","fromhour":"4","tohour":"6","week1":"1","week2":"1","week3":"1","week4":"1","week5":"1","holidays":"1","blocksweepid":"1640037"}},{"type":"Feature","geometry":{"type":"LineString","coordinates":[[-122.415484750383,37.775607257424],[-122.41590817905,37.775272060559]]},"properties":{":id":"row-r8vi~bjka-345g",":version":"rv-qztm_pvrt.7t6f",":created_at":"2026-03-10T12:37:08.575Z",":updated_at":"2026-03-10T12:37:08.575Z","cnn":"9107000","corridor":"Mission St","limits":"Grace St  -  10th St","cnnrightleft":"L","blockside":"SouthEast","fullname":"Saturday","weekday":"Sat","fromhour":"2","tohour":"6","week1":"1","week2":"1","week3":"1","week4":"1","week5":"1","holidays":"1","blocksweepid":"1618933"}},{"type":"Feature","geometry":{"type":"LineString","coordinates":[[-122.398695702376,37.798880967338],[-122.399873457754,37.798729001446]]},"properties":{":id":"row-pifq.6yvw_44xk",":version":"rv-bi6d-y445.hi68",":created_at":"2026-03-10T12:37:08.575Z",":updated_at":"2026-03-10T12:37:08.575Z","cnn":"3143000","corridor":"Broadway","limits":"Davis St  -  Front St","cnnrightleft":"L","blockside":"South","fullname":"Saturday","weekday":"Sat","fromhour":"4","tohour":"6","week1":"1","week2":"1","week3":"1","week4":"1","week5":"1","holidays":"0","blocksweepid":"1627451"}},{"type":"Feature","geometry":{"type":"LineString","coordinates":[[-122.408912340509,37.79903585636],[-122.409014377479,37.799489820039]]},"properties":{":id":"row-mqzv~hi4z-hzqt",":version":"rv-x6zc~rgdh.9rjd",":created_at":"2026-03-10T12:37:08.575Z",":updated_at":"2026-03-10T12:37:08.575Z","cnn":"12212000","corridor":"Stockton St","limits":"Card Aly  -  Green St","cnnrightleft":"L","blockside":"West","fullname":"Saturday","weekday":"Sat","fromhour":"4","tohour":"6","week1":"1","week2":"1","week3":"1","week4":"1","week5":"1","holidays":"0","blocksweepid":"1617235"}},{"type":"Feature","geometry":{"type":"LineString","coordinates":[[-122.446383348638,37.711436150087],[-122.447672442697,37.71074852298]]},"properties":{":id":"row-fd2n.g46m.57b7",":version":"rv-fxjy_krpj~5yzp",":created_at":"2026-03-10T12:37:08.575Z",":updated_at":"2026-03-10T12:37:08.575Z","cnn":"9190000","corridor":"Mission St","limits":"Lowell St  -  Whipple Ave","cnnrightleft":"R","blockside":"NorthWest","fullname":"Saturday","weekday":"Sat","fromhour":"5","tohour":"7","week1":"1","week2":"1","week3":"1","week4":"1","week5":"1","holidays":"0","blocksweepid":"1600094"}},{"type":"Feature","geometry":{"type":"LineString","coordinates":[[-122.407563768616,37.795910291779],[-122.407797303581,37.795880962708]]},"properties":{":id":"row-efer_vhww_wund",":version":"rv-s2au~7qx3~6zfi",":created_at":"2026-03-10T12:37:08.575Z",":updated_at":"2026-03-10T12:37:08.575Z","cnn":"7377000","corridor":"Jackson St","limits":"Duncombe Aly  -  Pontiac St","cnnrightleft":"R","blockside":"North","fullname":"Saturday","weekday":"Sat","fromhour":"2","tohour":"6","week1":"1","week2":"1","week3":"1","week4":"1","week5":"1","holidays":"0","blocksweepid":"1638525"}},{"type":"Feature","geometry":{"type":"LineString","coordinates":[[-122.400503096316,37.787450498776],[-122.401261501824,37.786851715577]]},"properties":{":id":"row-87tk_2jbc_pqyr",":version":"rv-t29b_33yi-7yiv",":created_at":"2026-03-10T12:37:08.575Z",":updated_at":"2026-03-10T12:37:08.575Z","cnn":"9093000","corridor":"Mission St","limits":"New Montgomery St  -  Annie St","cnnrightleft":"R","blockside":"NorthWest","fullname":"Saturday","weekday":"Sat","fromhour":"2","tohour":"6","week1":"1","week2":"1","week3":"1","week4":"1","week5":"1","holidays":"1","blocksweepid":"1618470"}},{"type":"Feature","geometry":{"type":"LineString","coordinates":[[-122.402065729755,37.788721152431],[-122.402090571663,37.788639261705],[-122.402836569586,37.788049513231]]},"properties":{":id":"row-v6kc_76zn_tu2w",":version":"rv-9vj8.vdjp~bikh",":created_at":"2026-03-10T12:37:08.575Z",":updated_at":"2026-03-10T12:37:08.575Z","cnn":"8744101","corridor":"Market St","limits":"Montgomery St  -  Annie St","cnnrightleft":"L","blockside":"SouthEast","fullname":"Saturday","weekday":"Sat","fromhour":"5","tohour":"7","week1":"1","week2":"1","week3":"1","week4":"1","week5":"1","holidays":"1","blocksweepid":"1640606"}},{"type":"Feature","geometry":{"type":"LineString","coordinates":[[-122.407159488015,37.779738905439],[-122.406628200105,37.779314675085]]},"properties":{":id":"row-3b7i-k9x3_ip8h",":version":"rv-mhxp_6gwn_tr86",":created_at":"2026-03-10T12:37:08.575Z",":updated_at":"2026-03-10T12:37:08.575Z","cnn":"332000","corridor":"06th St","limits":"Howard St  -  Tehama St","cnnrightleft":"R","blockside":"SouthWest","fullname":"Saturday","weekday":"Sat","fromhour":"4","tohour":"6","week1":"1","week2":"1","week3":"1","week4":"1","week5":"1","holidays":"1","blocksweepid":"1636388"}},{"type":"Feature","geometry":{"type":"LineString","coordinates":[[-122.403841563565,37.789829338933],[-122.403934377342,37.790286026208]]},"properties":{":id":"row-zqsy~7e6a_98ce",":version":"rv-24v3-qukz.5f3d",":created_at":"2026-03-10T12:37:08.575Z",":updated_at":"2026-03-10T12:37:08.575Z","cnn":"7751000","corridor":"Kearny St","limits":"Sutter St  -  Hardie Pl","cnnrightleft":"R","blockside":"East","fullname":"Saturday","weekday":"Sat","fromhour":"2","tohour":"6","week1":"1","week2":"1","week3":"1","week4":"1","week5":"1","holidays":"0","blocksweepid":"1623998"}},{"type":"Feature","geometry":{"type":"LineString","coordinates":[[-122.40803623664,37.78640961353],[-122.408941027974,37.786295916211]]},"properties":{":id":"row-i299_i9mv.vbzq",":version":"rv-rrep.csrc_zshz",":created_at":"2026-03-10T12:37:08.575Z",":updated_at":"2026-03-10T12:37:08.575Z","cnn":"9723000","corridor":"O'Farrell St","limits":"Powell St  -  Cyril Magnin St","cnnrightleft":"R","blockside":"North","fullname":"Saturday","weekday":"Sat","fromhour":"2","tohour":"6","week1":"1","week2":"1","week3":"1","week4":"1","week5":"1","holidays":"0","blocksweepid":"1603612"}},{"type":"Feature","geometry":{"type":"LineString","coordinates":[[-122.434380484153,37.79159165099],[-122.434557721145,37.792471637206]]},"properties":{":id":"row-qamq-zvu6.spbu",":version":"rv-c27c.48vd_d5bx",":created_at":"2026-03-10T12:37:08.575Z",":updated_at":"2026-03-10T12:37:08.575Z","cnn":"5556000","corridor":"Fillmore St","limits":"Washington St  -  Jackson St","cnnrightleft":"L","blockside":"West","fullname":"Saturday","weekday":"Sat","fromhour":"6","tohour":"8","week1":"1","week2":"1","week3":"1","week4":"1","week5":"1","holidays":"0","blocksweepid":"1631383"}},{"type":"Feature","geometry":{"type":"LineString","coordinates":[[-122.413157691449,37.777457419935],[-122.414106895841,37.776707688168]]},"properties":{":id":"row-tuxy_r7z7.j9f3",":version":"rv-8btp-7ptg_25nh",":created_at":"2026-03-10T12:37:08.575Z",":updated_at":"2026-03-10T12:37:08.575Z","cnn":"9103000","corridor":"Mission St","limits":"08th St  -  Laskie St","cnnrightleft":"L","blockside":"SouthEast","fullname":"Saturday","weekday":"Sat","fromhour":"2","tohour":"6","week1":"1","week2":"1","week3":"1","week4":"1","week5":"1","holidays":"1","blocksweepid":"1618929"}},{"type":"Feature","geometry":{"type":"LineString","coordinates":[[-122.502031178,37.735514909104],[-122.502557647166,37.735557451758],[-122.502994563118,37.735554712227],[-122.503104759293,37.735466491501]]},"properties":{":id":"row-dmnr~cys7-e8m5",":version":"rv-n796~ae2k.4dxn",":created_at":"2026-03-10T12:37:08.575Z",":updated_at":"2026-03-10T12:37:08.575Z","cnn":"11962202","corridor":"Sloat Blvd","limits":"44th Ave  -  45th Ave","cnnrightleft":"R","blockside":"North","fullname":"Saturday","weekday":"Sat","fromhour":"5","tohour":"7","week1":"1","week2":"1","week3":"1","week4":"1","week5":"1","holidays":"0","blocksweepid":"1605659"}},{"type":"Feature","geometry":{"type":"LineString","coordinates":[[-122.411699930273,37.781177218451],[-122.411985369438,37.780951763547]]},"properties":{":id":"row-b4jc-844m_ui2m",":version":"rv-z3xm_vr3n_6qae",":created_at":"2026-03-10T12:37:08.575Z",":updated_at":"2026-03-10T12:37:08.575Z","cnn":"8750202","corridor":"Market St","limits":"McAllister St  -  Jones St","cnnrightleft":"R","blockside":"NorthWest","fullname":"Saturday","weekday":"Sat","fromhour":"5","tohour":"7","week1":"1","week2":"1","week3":"1","week4":"1","week5":"1","holidays":"1","blocksweepid":"1640580"}},{"type":"Feature","geometry":{"type":"LineString","coordinates":[[-122.41314804895,37.780993782209],[-122.413676360884,37.780926855234]]},"properties":{":id":"row-86qy.tewv_px2g",":version":"rv-5je3-ekcq-gpgt",":created_at":"2026-03-10T12:37:08.575Z",":updated_at":"2026-03-10T12:37:08.575Z","cnn":"8889000","corridor":"McAllister St","limits":"Charles J Brenham Pl  -  Leavenworth St","cnnrightleft":"R","blockside":"North","fullname":"Saturday","weekday":"Sat","fromhour":"2","tohour":"6","week1":"1","week2":"1","week3":"1","week4":"1","week5":"1","holidays":"0","blocksweepid":"1599647"}},{"type":"Feature","geometry":{"type":"LineString","coordinates":[[-122.403660676944,37.788894429573],[-122.403746846512,37.789363277615]]},"properties":{":id":"row-qwq4_25wh_6gk2",":version":"rv-2ux6-wxnx-nghk",":created_at":"2026-03-10T12:37:08.575Z",":updated_at":"2026-03-10T12:37:08.575Z","cnn":"7749000","corridor":"Kearny St","limits":"Post St  -  Ver Mehr Pl","cnnrightleft":"R","blockside":"East","fullname":"Saturday","weekday":"Sat","fromhour":"2","tohour":"6","week1":"1","week2":"1","week3":"1","week4":"1","week5":"1","holidays":"0","blocksweepid":"1623996"}},{"type":"Feature","geometry":{"type":"LineString","coordinates":[[-122.440106607185,37.717665309709],[-122.440132630298,37.717586749785],[-122.440355433547,37.717285489592],[-122.440417738126,37.717244618779]]},"properties":{":id":"row-b3ya.y5zg-x2zw",":version":"rv-izz6~zmgy~nf8j",":created_at":"2026-03-10T12:37:08.575Z",":updated_at":"2026-03-10T12:37:08.575Z","cnn":"9176101","corridor":"Mission St","limits":"Seneca Ave  -  Amazon Ave","cnnrightleft":"L","blockside":"SouthEast","fullname":"Saturday","weekday":"Sat","fromhour":"5","tohour":"7","week1":"1","week2":"1","week3":"1","week4":"1","week5":"1","holidays":"0","blocksweepid":"1619451"}},{"type":"Feature","geometry":{"type":"LineString","coordinates":[[-122.403430800691,37.787641848946],[-122.403342641146,37.787274627763],[-122.403028192908,37.787024418781]]},"properties":{":id":"row-fmwr-kk56.55i3",":version":"rv-tgdu~3wrk_c6s6",":created_at":"2026-03-10T12:37:08.575Z",":updated_at":"2026-03-10T12:37:08.575Z","cnn":"163000","corridor":"03rd St","limits":"Market St  -  Stevenson St","cnnrightleft":"R","blockside":"SouthWest","fullname":"Saturday","weekday":"Sat","fromhour":"2","tohour":"6","week1":"1","week2":"1","week3":"1","week4":"1","week5":"1","holidays":"0","blocksweepid":"1628692"}},{"type":"Feature","geometry":{"type":"LineString","coordinates":[[-122.438329414073,37.720015525127],[-122.438328175394,37.719963833529],[-122.438792932295,37.719351157824],[-122.438863485498,37.7193093603]]},"properties":{":id":"row-u43u-svhe-wzmm",":version":"rv-4gp9.7hm5~nutd",":created_at":"2026-03-10T12:37:08.575Z",":updated_at":"2026-03-10T12:37:08.575Z","cnn":"9173101","corridor":"Mission St","limits":"France Ave  -  Kenny Aly","cnnrightleft":"L","blockside":"SouthEast","fullname":"Saturday","weekday":"Sat","fromhour":"5","tohour":"7","week1":"1","week2":"1","week3":"1","week4":"1","week5":"1","holidays":"0","blocksweepid":"1619448"}},{"type":"Feature","geometry":{"type":"LineString","coordinates":[[-122.416982995675,37.782420418166],[-122.417338880528,37.782378943181]]},"properties":{":id":"row-sn67_iw5p_te2e",":version":"rv-zq5v.phfx_a57r",":created_at":"2026-03-10T12:37:08.575Z",":updated_at":"2026-03-10T12:37:08.575Z","cnn":"12721000","corridor":"Turk St","limits":"Dodge Pl  -  Larkin St","cnnrightleft":"R","blockside":"North","fullname":"Saturday","weekday":"Sat","fromhour":"6","tohour":"8","week1":"1","week2":"1","week3":"1","week4":"1","week5":"1","holidays":"0","blocksweepid":"1625148"}},{"type":"Feature","geometry":{"type":"LineString","coordinates":[[-122.422514943906,37.791288891217],[-122.422636339427,37.79136917603],[-122.422777819191,37.792068403537],[-122.422694163657,37.792174644917]]},"properties":{":id":"row-g7pi.nqp2_kmeu",":version":"rv-53up.xwzr~pvme",":created_at":"2026-03-10T12:37:08.575Z",":updated_at":"2026-03-10T12:37:08.575Z","cnn":"13159101","corridor":"Van Ness Ave","limits":"Sacramento St  -  Clay St","cnnrightleft":"L","blockside":"West","fullname":"Saturday","weekday":"Sat","fromhour":"4","tohour":"6","week1":"1","week2":"1","week3":"1","week4":"1","week5":"1","holidays":"1","blocksweepid":"1640052"}},{"type":"Feature","geometry":{"type":"LineString","coordinates":[[-122.399148598539,37.791016649255],[-122.399254567821,37.790997415021],[-122.399504510859,37.790805376314]]},"properties":{":id":"row-5bu8-ka3x-6jdz",":version":"rv-sscu-e9ua~vjjy",":created_at":"2026-03-10T12:37:08.575Z",":updated_at":"2026-03-10T12:37:08.575Z","cnn":"8742201","corridor":"Market St","limits":"Bush St  -  Battery St","cnnrightleft":"R","blockside":"NorthWest","fullname":"Saturday","weekday":"Sat","fromhour":"5","tohour":"7","week1":"1","week2":"1","week3":"1","week4":"1","week5":"1","holidays":"1","blocksweepid":"1640567"}},{"type":"Feature","geometry":{"type":"LineString","coordinates":[[-122.387174218361,37.746157127786],[-122.387090748912,37.745945173461],[-122.387038483697,37.74521466595],[-122.387128522238,37.745070439904]]},"properties":{":id":"row-xvqp~wgbw-j3zk",":version":"rv-bcps-faqq_ihq6",":created_at":"2026-03-10T12:37:08.575Z",":updated_at":"2026-03-10T12:37:08.575Z","cnn":"198101","corridor":"03rd St","limits":"Cargo Way  -  Burke Ave","cnnrightleft":"L","blockside":"East","fullname":"Saturday","weekday":"Sat","fromhour":"2","tohour":"6","week1":"1","week2":"1","week3":"1","week4":"1","week5":"1","holidays":"0","blocksweepid":"1629120"}},{"type":"Feature","geometry":{"type":"LineString","coordinates":[[-122.44232816259,37.71783344576],[-122.44225104836,37.717689140743],[-122.441734644486,37.717273573619],[-122.441622840547,37.717258173255]]},"properties":{":id":"row-yq8c-sszr_rwex",":version":"rv-bxnq_7bsa_ij8a",":created_at":"2026-03-10T12:37:08.575Z",":updated_at":"2026-03-10T12:37:08.575Z","cnn":"6136201","corridor":"Geneva Ave","limits":"Alemany Blvd  -  Gloria Ct","cnnrightleft":"R","blockside":"SouthWest","fullname":"Saturday","weekday":"Sat","fromhour":"5","tohour":"7","week1":"1","week2":"1","week3":"1","week4":"1","week5":"1","holidays":"0","blocksweepid":"1606195"}},{"type":"Feature","geometry":{"type":"LineString","coordinates":[[-122.39540516528,37.722752177442],[-122.39551002808,37.722529468571],[-122.395622760624,37.72243160376]]},"properties":{":id":"row-g43a.arqm-k3tn",":version":"rv-p7d3.kexj~nwhd",":created_at":"2026-03-10T12:37:08.575Z",":updated_at":"2026-03-10T12:37:08.575Z","cnn":"227103","corridor":"03rd St","limits":"Keith St  -  Gilman Ave","cnnrightleft":"L","blockside":null,"fullname":"Saturday","weekday":"Sat","fromhour":"2","tohour":"6","week1":"1","week2":"1","week3":"1","week4":"1","week5":"1","holidays":"0","blocksweepid":"1629153"}},{"type":"Feature","geometry":{"type":"LineString","coordinates":[[-122.419181703701,37.783101400225],[-122.419273432237,37.783567785618]]},"properties":{":id":"row-vq9w.2pbh~wje7",":version":"rv-ym3n-i5x8_fujx",":created_at":"2026-03-10T12:37:08.575Z",":updated_at":"2026-03-10T12:37:08.575Z","cnn":"10555000","corridor":"Polk St","limits":"Eddy St  -  Willow St","cnnrightleft":"L","blockside":"West","fullname":"Saturday","weekday":"Sat","fromhour":"6","tohour":"8","week1":"1","week2":"1","week3":"1","week4":"1","week5":"1","holidays":"0","blocksweepid":"1619945"}},{"type":"Feature","geometry":{"type":"LineString","coordinates":[[-122.483881126196,37.72667251395],[-122.484628816064,37.724890087994]]},"properties":{":id":"row-hm6q.5sv8_9fk2",":version":"rv-dt72-c9vw_egz8",":created_at":"2026-03-10T12:37:08.575Z",":updated_at":"2026-03-10T12:37:08.575Z","cnn":"8048102","corridor":"Lake Merced Blvd","limits":"State Dr  -  State Dr","cnnrightleft":"R","blockside":"West","fullname":"Saturday","weekday":"Sat","fromhour":"4","tohour":"6","week1":"1","week2":"1","week3":"1","week4":"1","week5":"1","holidays":"0","blocksweepid":"1597921"}},{"type":"Feature","geometry":{"type":"LineString","coordinates":[[-122.390025039703,37.776300145376],[-122.389865003356,37.774551171444]]},"properties":{":id":"row-cned~phd8-uirq",":version":"rv-xr32_b83b_fmzs",":created_at":"2026-03-10T12:37:08.575Z",":updated_at":"2026-03-10T12:37:08.575Z","cnn":"184001","corridor":"03rd St","limits":"rry A Francois Blvd  -  Channel","cnnrightleft":"R","blockside":null,"fullname":"Saturday","weekday":"Sat","fromhour":"2","tohour":"6","week1":"1","week2":"1","week3":"1","week4":"1","week5":"1","holidays":"0","blocksweepid":"1613846"}},{"type":"Feature","geometry":{"type":"LineString","coordinates":[[-122.412595276786,37.783932576959],[-122.412782128368,37.784866245085]]},"properties":{":id":"row-b4tt~wi8w_9bzf",":version":"rv-rzqq~q7si~8263",":created_at":"2026-03-10T12:37:08.575Z",":updated_at":"2026-03-10T12:37:08.575Z","cnn":"7566000","corridor":"Jones St","limits":"Eddy St  -  Ellis St","cnnrightleft":"R","blockside":"East","fullname":"Saturday","weekday":"Sat","fromhour":"6","tohour":"8","week1":"1","week2":"1","week3":"1","week4":"1","week5":"1","holidays":"0","blocksweepid":"1597571"}},{"type":"Feature","geometry":{"type":"LineString","coordinates":[[-122.435385086008,37.723909403464],[-122.435976889062,37.72312996338]]},"properties":{":id":"row-vg9h.vfk4_vqe9",":version":"rv-6r7s.i4db_n7ay",":created_at":"2026-03-10T12:37:08.575Z",":updated_at":"2026-03-10T12:37:08.575Z","cnn":"9167000","corridor":"Mission St","limits":"Ocean Ave  -  Persia Ave","cnnrightleft":"L","blockside":"SouthEast","fullname":"Saturday","weekday":"Sat","fromhour":"5","tohour":"7","week1":"1","week2":"1","week3":"1","week4":"1","week5":"1","holidays":"0","blocksweepid":"1619442"}},{"type":"Feature","geometry":{"type":"LineString","coordinates":[[-122.421680447672,37.742821173962],[-122.421968761687,37.742375398498]]},"properties":{":id":"row-kdah_dr2c.h447",":version":"rv-b4kh~uzdi.7bin",":created_at":"2026-03-10T12:37:08.575Z",":updated_at":"2026-03-10T12:37:08.575Z","cnn":"9136000","corridor":"Mission St","limits":"Godeus St  -  30th St","cnnrightleft":"R","blockside":"NorthWest","fullname":"Saturday","weekday":"Sat","fromhour":"5","tohour":"7","week1":"1","week2":"1","week3":"1","week4":"1","week5":"1","holidays":"0","blocksweepid":"1599816"}},{"type":"Feature","geometry":{"type":"LineString","coordinates":[[-122.404306292173,37.74252073392],[-122.404828386001,37.742816598686]]},"properties":{":id":"row-vkay.6enu_enyw",":version":"rv-hm5w-qte4~z8x3",":created_at":"2026-03-10T12:37:08.575Z",":updated_at":"2026-03-10T12:37:08.575Z","cnn":"9798000","corridor":"Oakdale Ave","limits":"Loomis St  -  Patterson St","cnnrightleft":"L","blockside":"SouthWest","fullname":"Saturday","weekday":"Sat","fromhour":"2","tohour":"3","week1":"1","week2":"1","week3":"1","week4":"1","week5":"1","holidays":"0","blocksweepid":"1603435"}},{"type":"Feature","geometry":{"type":"LineString","coordinates":[[-122.387456310816,37.749004758693],[-122.387387855154,37.74891923595],[-122.387123923536,37.746335746312],[-122.387174218361,37.746157127786]]},"properties":{":id":"row-r9yx_xr8g_juyp",":version":"rv-6gt8_76ck_r6sw",":created_at":"2026-03-10T12:37:08.575Z",":updated_at":"2026-03-10T12:37:08.575Z","cnn":"197101","corridor":"03rd St","limits":"Marin St  -  Cargo Way","cnnrightleft":"L","blockside":"East","fullname":"Saturday","weekday":"Sat","fromhour":"2","tohour":"6","week1":"1","week2":"1","week3":"1","week4":"1","week5":"1","holidays":"0","blocksweepid":"1629119"}},{"type":"Feature","geometry":{"type":"LineString","coordinates":[[-122.422366459744,37.741760488778],[-122.422840576823,37.741027407651]]},"properties":{":id":"row-detz.mver~vmkx",":version":"rv-qi6j_fwxz_8ygg",":created_at":"2026-03-10T12:37:08.575Z",":updated_at":"2026-03-10T12:37:08.575Z","cnn":"9139000","corridor":"Mission St","limits":"Kingston St  -  Cortland Ave","cnnrightleft":"R","blockside":"NorthWest","fullname":"Saturday","weekday":"Sat","fromhour":"5","tohour":"7","week1":"1","week2":"1","week3":"1","week4":"1","week5":"1","holidays":"0","blocksweepid":"1599819"}},{"type":"Feature","geometry":{"type":"LineString","coordinates":[[-122.414617207257,37.785582474549],[-122.415020022761,37.785531833664]]},"properties":{":id":"row-e5qs.iye7-zbec",":version":"rv-88rt~4k4w-ieb6",":created_at":"2026-03-10T12:37:08.575Z",":updated_at":"2026-03-10T12:37:08.575Z","cnn":"9730000","corridor":"O'Farrell St","limits":"Leavenworth St  -  Harlem Aly","cnnrightleft":"R","blockside":"North","fullname":"Saturday","weekday":"Sat","fromhour":"6","tohour":"8","week1":"1","week2":"1","week3":"1","week4":"1","week5":"1","holidays":"0","blocksweepid":"1603699"}},{"type":"Feature","geometry":{"type":"LineString","coordinates":[[-122.418708904118,37.780773161722],[-122.420255458708,37.780576218265]]},"properties":{":id":"row-wn8g.p5tt~bi3i",":version":"rv-9nva_pap5-u2hn",":created_at":"2026-03-10T12:37:08.575Z",":updated_at":"2026-03-10T12:37:08.575Z","cnn":"10955000","corridor":"Redwood St","limits":"Polk St  -  Van Ness Ave","cnnrightleft":"L","blockside":"South","fullname":"Saturday","weekday":"Sat","fromhour":"4","tohour":"6","week1":"1","week2":"1","week3":"1","week4":"1","week5":"1","holidays":"1","blocksweepid":"1620958"}},{"type":"Feature","geometry":{"type":"LineString","coordinates":[[-122.441019561727,37.716459545953],[-122.441554284708,37.71575344485]]},"properties":{":id":"row-ay9n~uhb9.jtf8",":version":"rv-w2nr~cgv4_mpwr",":created_at":"2026-03-10T12:37:08.575Z",":updated_at":"2026-03-10T12:37:08.575Z","cnn":"9178000","corridor":"Mission St","limits":"Geneva Ave  -  Rolph St","cnnrightleft":"R","blockside":"NorthWest","fullname":"Saturday","weekday":"Sat","fromhour":"5","tohour":"7","week1":"1","week2":"1","week3":"1","week4":"1","week5":"1","holidays":"0","blocksweepid":"1626249"}},{"type":"Feature","geometry":{"type":"LineString","coordinates":[[-122.405346079026,37.786747618663],[-122.406398878228,37.786615347195]]},"properties":{":id":"row-vtth_z8d3~98by",":version":"rv-9g75_upn4-33jd",":created_at":"2026-03-10T12:37:08.575Z",":updated_at":"2026-03-10T12:37:08.575Z","cnn":"9721000","corridor":"O'Farrell St","limits":"Security Pacific Pl  -  Stockton St","cnnrightleft":"R","blockside":"North","fullname":"Saturday","weekday":"Sat","fromhour":"2","tohour":"6","week1":"1","week2":"1","week3":"1","week4":"1","week5":"1","holidays":"0","blocksweepid":"1603610"}},{"type":"Feature","geometry":{"type":"LineString","coordinates":[[-122.408667084512,37.78538824897],[-122.408840342934,37.785835964126],[-122.408941027974,37.786295916211]]},"properties":{":id":"row-q8cd.vf2g-hjf9",":version":"rv-64pq_xnkf_uira",":created_at":"2026-03-10T12:37:08.575Z",":updated_at":"2026-03-10T12:37:08.575Z","cnn":"4571000","corridor":"Cyril Magnin St","limits":"Ellis St  -  O'Farrell St","cnnrightleft":"L","blockside":"West","fullname":"Saturday","weekday":"Sat","fromhour":"2","tohour":"6","week1":"1","week2":"1","week3":"1","week4":"1","week5":"1","holidays":"0","blocksweepid":"1609930"}},{"type":"Feature","geometry":{"type":"LineString","coordinates":[[-122.382522057226,37.715064587549],[-122.384402010628,37.71609096802]]},"properties":{":id":"row-kpi3-fp7m~gsra",":version":"rv-5hgc~dsa2-nrnh",":created_at":"2026-03-10T12:37:08.575Z",":updated_at":"2026-03-10T12:37:08.575Z","cnn":"6184000","corridor":"Gilman Ave","limits":"Donahue St  -  Earl St","cnnrightleft":"L","blockside":"SouthWest","fullname":"Saturday","weekday":"Sat","fromhour":"7","tohour":"8","week1":"1","week2":"1","week3":"1","week4":"1","week5":"1","holidays":"0","blocksweepid":"1633111"}},{"type":"Feature","geometry":{"type":"LineString","coordinates":[[-122.409646387435,37.748334390368],[-122.409743223632,37.748283002382],[-122.410438874523,37.748269162473],[-122.410546068123,37.748316719113]]},"properties":{":id":"row-wjkr.q9cx.2xvi",":version":"rv-qrd8_w86s.n5ea",":created_at":"2026-03-10T12:37:08.575Z",":updated_at":"2026-03-10T12:37:08.575Z","cnn":"2483101","corridor":"Cesar Chavez St","limits":"Florida St  -  Alabama St","cnnrightleft":"R","blockside":"North","fullname":"Saturday","weekday":"Sat","fromhour":"8","tohour":"10","week1":"1","week2":"1","week3":"1","week4":"1","week5":"1","holidays":"0","blocksweepid":"1636933"}},{"type":"Feature","geometry":{"type":"LineString","coordinates":[[-122.390887824731,37.710365233799],[-122.391332097419,37.710140738608],[-122.392689161797,37.709094657653]]},"properties":{":id":"row-cs2t_c97t.t6uf",":version":"rv-kag9~xyiw-fyrq",":created_at":"2026-03-10T12:37:08.575Z",":updated_at":"2026-03-10T12:37:08.575Z","cnn":"6691000","corridor":"Harney Way","limits":"Executive Park Blvd  -  Thomas Mellon Cir","cnnrightleft":"R","blockside":"NorthWest","fullname":"Saturday","weekday":"Sat","fromhour":"7","tohour":"8","week1":"1","week2":"1","week3":"1","week4":"1","week5":"1","holidays":"0","blocksweepid":"1634483"}},{"type":"Feature","geometry":{"type":"LineString","coordinates":[[-122.447672442697,37.71074852298],[-122.448376961959,37.710372707695]]},"properties":{":id":"row-wkrf_q29w_yvba",":version":"rv-fvkm~pa5x~6gc6",":created_at":"2026-03-10T12:37:08.575Z",":updated_at":"2026-03-10T12:37:08.575Z","cnn":"9191000","corridor":"Mission St","limits":"Whipple Ave  -  Morse St","cnnrightleft":"R","blockside":"NorthWest","fullname":"Saturday","weekday":"Sat","fromhour":"5","tohour":"7","week1":"1","week2":"1","week3":"1","week4":"1","week5":"1","holidays":"0","blocksweepid":"1600095"}},{"type":"Feature","geometry":{"type":"LineString","coordinates":[[-122.409245442644,37.781398133902],[-122.408708673446,37.780971182971]]},"properties":{":id":"row-8e53_rhk6_pdhp",":version":"rv-gkgh~x5xe~p2k8",":created_at":"2026-03-10T12:37:08.575Z",":updated_at":"2026-03-10T12:37:08.575Z","cnn":"328000","corridor":"06th St","limits":"Jessie St  -  Mission St","cnnrightleft":"L","blockside":"NorthEast","fullname":"Saturday","weekday":"Sat","fromhour":"4","tohour":"6","week1":"1","week2":"1","week3":"1","week4":"1","week5":"1","holidays":"1","blocksweepid":"1614282"}},{"type":"Feature","geometry":{"type":"LineString","coordinates":[[-122.412413343787,37.778045328617],[-122.413157691449,37.777457419935]]},"properties":{":id":"row-i52z-pgyw-erhs",":version":"rv-sdsp-4t6w_58ye",":created_at":"2026-03-10T12:37:08.575Z",":updated_at":"2026-03-10T12:37:08.575Z","cnn":"9102000","corridor":"Mission St","limits":"Julia St  -  08th St","cnnrightleft":"R","blockside":"NorthWest","fullname":"Saturday","weekday":"Sat","fromhour":"2","tohour":"6","week1":"1","week2":"1","week3":"1","week4":"1","week5":"1","holidays":"1","blocksweepid":"1618482"}},{"type":"Feature","geometry":{"type":"LineString","coordinates":[[-122.388737998431,37.763048278835],[-122.388775944031,37.762950954817],[-122.388749641768,37.76185373191],[-122.388684015952,37.761766444853]]},"properties":{":id":"row-dvr7.fevk.peq4",":version":"rv-22kr_ytdx.284i",":created_at":"2026-03-10T12:37:08.575Z",":updated_at":"2026-03-10T12:37:08.575Z","cnn":"188201","corridor":"03rd St","limits":"18th St  -  19th St","cnnrightleft":"R","blockside":"West","fullname":"Saturday","weekday":"Sat","fromhour":"2","tohour":"6","week1":"1","week2":"1","week3":"1","week4":"1","week5":"1","holidays":"0","blocksweepid":"1613857"}},{"type":"Feature","geometry":{"type":"LineString","coordinates":[[-122.428657163625,37.767734888173],[-122.428804951673,37.767714934303],[-122.428930304354,37.767615810853],[-122.428948566763,37.767504459571]]},"properties":{":id":"row-a5xv-5ix5-iitm",":version":"rv-ph42-iv8x-v29k",":created_at":"2026-03-10T12:37:08.575Z",":updated_at":"2026-03-10T12:37:08.575Z","cnn":"8763201","corridor":"Market St","limits":"14th St  -  Church St","cnnrightleft":"R","blockside":"NorthWest","fullname":"Saturday","weekday":"Sat","fromhour":"2","tohour":"6","week1":"1","week2":"1","week3":"1","week4":"1","week5":"1","holidays":"1","blocksweepid":"1625860"}},{"type":"Feature","geometry":{"type":"LineString","coordinates":[[-122.403491775033,37.787963091336],[-122.40504139842,37.787765496043]]},"properties":{":id":"row-kmdt~29s5-ecs3",":version":"rv-q9gg-ij99.q573",":created_at":"2026-03-10T12:37:08.575Z",":updated_at":"2026-03-10T12:37:08.575Z","cnn":"6107000","corridor":"Geary St","limits":"Kearny St  -  Grant Ave","cnnrightleft":"R","blockside":"North","fullname":"Saturday","weekday":"Sat","fromhour":"2","tohour":"6","week1":"1","week2":"1","week3":"1","week4":"1","week5":"1","holidays":"0","blocksweepid":"1606091"}},{"type":"Feature","geometry":{"type":"LineString","coordinates":[[-122.4202542788,37.774358674821],[-122.420278951832,37.774275133019],[-122.420591658844,37.774027520022],[-122.420698773999,37.774007805689]]},"properties":{":id":"row-mpkk_4szm_f3h4",":version":"rv-4dwf.64xn~xxnh",":created_at":"2026-03-10T12:37:08.575Z",":updated_at":"2026-03-10T12:37:08.575Z","cnn":"8756101","corridor":"Market St","limits":"Page St  -  Franklin St","cnnrightleft":"L","blockside":"SouthEast","fullname":"Saturday","weekday":"Sat","fromhour":"2","tohour":"6","week1":"1","week2":"1","week3":"1","week4":"1","week5":"1","holidays":"1","blocksweepid":"1640935"}},{"type":"Feature","geometry":{"type":"LineString","coordinates":[[-122.414711003922,37.776230519995],[-122.415127952624,37.775889703335]]},"properties":{":id":"row-krsu~vas8_d98s",":version":"rv-rw7p_rkxu_sifk",":created_at":"2026-03-10T12:37:08.575Z",":updated_at":"2026-03-10T12:37:08.575Z","cnn":"9105000","corridor":"Mission St","limits":"09th St  -  Washburn St","cnnrightleft":"L","blockside":"SouthEast","fullname":"Saturday","weekday":"Sat","fromhour":"2","tohour":"6","week1":"1","week2":"1","week3":"1","week4":"1","week5":"1","holidays":"1","blocksweepid":"1618931"}},{"type":"Feature","geometry":{"type":"LineString","coordinates":[[-122.403451320002,37.742036221024],[-122.404306292173,37.74252073392]]},"properties":{":id":"row-ikrf_wbi2-wb8c",":version":"rv-e8ph_3bz2~vyzy",":created_at":"2026-03-10T12:37:08.575Z",":updated_at":"2026-03-10T12:37:08.575Z","cnn":"9797000","corridor":"Oakdale Ave","limits":"Barneveld Ave  -  Loomis St","cnnrightleft":"R","blockside":"NorthEast","fullname":"Saturday","weekday":"Sat","fromhour":"2","tohour":"3","week1":"1","week2":"1","week3":"1","week4":"1","week5":"1","holidays":"0","blocksweepid":"1603454"}},{"type":"Feature","geometry":{"type":"LineString","coordinates":[[-122.40222863939,37.798429702041],[-122.403075017383,37.798323274712]]},"properties":{":id":"row-9jst-jwbu-hajz",":version":"rv-uqnn~jq4f~4rxi",":created_at":"2026-03-10T12:37:08.575Z",":updated_at":"2026-03-10T12:37:08.575Z","cnn":"3146000","corridor":"Broadway","limits":"Sansome St  -  Osgood Pl","cnnrightleft":"L","blockside":"South","fullname":"Saturday","weekday":"Sat","fromhour":"4","tohour":"6","week1":"1","week2":"1","week3":"1","week4":"1","week5":"1","holidays":"0","blocksweepid":"1627454"}},{"type":"Feature","geometry":{"type":"LineString","coordinates":[[-122.418618215796,37.773053454473],[-122.418694666174,37.772793495824],[-122.419173127618,37.772001253512],[-122.419610664044,37.771106738356],[-122.41964545812,37.771005772206]]},"properties":{":id":"row-fv8m-xmur_vqes",":version":"rv-6euk-tdha.9fsn",":created_at":"2026-03-10T12:37:08.575Z",":updated_at":"2026-03-10T12:37:08.575Z","cnn":"9110000","corridor":"Mission St","limits":"South Van Ness Ave  -  Plum St","cnnrightleft":"R","blockside":"West","fullname":"Saturday","weekday":"Sat","fromhour":"4","tohour":"6","week1":"1","week2":"1","week3":"1","week4":"1","week5":"1","holidays":"0","blocksweepid":"1618869"}},{"type":"Feature","geometry":{"type":"LineString","coordinates":[[-122.404796472442,37.794453004766],[-122.404875610531,37.794859533302]]},"properties":{":id":"row-84ya_q9pu_e5k8",":version":"rv-u3p5.kfcw~dj8s",":created_at":"2026-03-10T12:37:08.575Z",":updated_at":"2026-03-10T12:37:08.575Z","cnn":"7758000","corridor":"Kearny St","limits":"Clay St  -  Merchant St","cnnrightleft":"L","blockside":"West","fullname":"Saturday","weekday":"Sat","fromhour":"2","tohour":"6","week1":"1","week2":"1","week3":"1","week4":"1","week5":"1","holidays":"0","blocksweepid":"1623989"}},{"type":"Feature","geometry":{"type":"LineString","coordinates":[[-122.40148983584,37.785829214079],[-122.400468484099,37.785030285046]]},"properties":{":id":"row-jgya_r69q.93q9",":version":"rv-2n3s.nb8f~3dy7",":created_at":"2025-06-19T16:07:35.272Z",":updated_at":"2025-06-19T16:07:35.272Z","cnn":"167000","corridor":"03rd St","limits":"Minna St  -  Howard St","cnnrightleft":"R","blockside":"SouthWest","fullname":"Saturday","weekday":"Sat","fromhour":"2","tohour":"6","week1":"1","week2":"1","week3":"1","week4":"1","week5":"1","holidays":"0","blocksweepid":"1628696"}},{"type":"Feature","geometry":{"type":"LineString","coordinates":[[-122.407534229657,37.765783299249],[-122.408544242621,37.765722599629]]},"properties":{":id":"row-rx3k.3nke_u8zb",":version":"rv-m7jk-2846.yyrr",":created_at":"2026-03-10T12:37:08.575Z",":updated_at":"2026-03-10T12:37:08.575Z","cnn":"715000","corridor":"16th St","limits":"Potrero Ave  -  Hampshire St","cnnrightleft":"L","blockside":"South","fullname":"Saturday","weekday":"Sat","fromhour":"2","tohour":"6","week1":"1","week2":"1","week3":"1","week4":"1","week5":"1","holidays":"1","blocksweepid":"1601886"}},{"type":"Feature","geometry":{"type":"LineString","coordinates":[[-122.387585270171,37.750263377895],[-122.387456310816,37.749004758693]]},"properties":{":id":"row-qgr3_b256_ffyu",":version":"rv-qwyk~ey4z_4eds",":created_at":"2026-03-10T12:37:08.575Z",":updated_at":"2026-03-10T12:37:08.575Z","cnn":"196000","corridor":"03rd St","limits":"Cesar Chavez St  -  Marin St","cnnrightleft":"L","blockside":"East","fullname":"Saturday","weekday":"Sat","fromhour":"2","tohour":"6","week1":"1","week2":"1","week3":"1","week4":"1","week5":"1","holidays":"0","blocksweepid":"1629118"}},{"type":"Feature","geometry":{"type":"LineString","coordinates":[[-122.403591771207,37.74720516643],[-122.403740942181,37.746514150882],[-122.403829085114,37.746015502512]]},"properties":{":id":"row-jayf.m5aw.r4xf",":version":"rv-dvhh-bi64.84vn",":created_at":"2026-03-10T12:37:08.575Z",":updated_at":"2026-03-10T12:37:08.575Z","cnn":"2799104","corridor":"Bay Shore Blvd","limits":"Jerrold Ave  -  Bay Shore Blvd","cnnrightleft":"R","blockside":"West","fullname":"Saturday","weekday":"Sat","fromhour":"0","tohour":"2","week1":"1","week2":"1","week3":"1","week4":"1","week5":"1","holidays":"1","blocksweepid":"1613292"}},{"type":"Feature","geometry":{"type":"LineString","coordinates":[[-122.405831010893,37.785743989136],[-122.405975568058,37.785692692288],[-122.40732615349,37.784629504524],[-122.407337040264,37.78456014194]]},"properties":{":id":"row-8wcy_c6ka-evti",":version":"rv-itph_ttwt~9pj7",":created_at":"2026-03-10T12:37:08.575Z",":updated_at":"2026-03-10T12:37:08.575Z","cnn":"8747202","corridor":"Market St","limits":"Powell St  -  05th St","cnnrightleft":"R","blockside":null,"fullname":"Saturday","weekday":"Sat","fromhour":"5","tohour":"7","week1":"1","week2":"1","week3":"1","week4":"1","week5":"1","holidays":"1","blocksweepid":"1640575"}},{"type":"Feature","geometry":{"type":"LineString","coordinates":[[-122.40895215881,37.783287852635],[-122.409053198126,37.783267651588],[-122.410271096791,37.78230575713],[-122.410292026651,37.782230575213]]},"properties":{":id":"row-bjke.gcc4.ipia",":version":"rv-ihvi.zkry~99vc",":created_at":"2026-03-10T12:37:08.575Z",":updated_at":"2026-03-10T12:37:08.575Z","cnn":"8749201","corridor":"Market St","limits":"Mason St  -  Taylor St","cnnrightleft":"R","blockside":"NorthWest","fullname":"Saturday","weekday":"Sat","fromhour":"5","tohour":"7","week1":"1","week2":"1","week3":"1","week4":"1","week5":"1","holidays":"1","blocksweepid":"1640578"}},{"type":"Feature","geometry":{"type":"LineString","coordinates":[[-122.406304985895,37.794263626856],[-122.406821216386,37.794197957191]]},"properties":{":id":"row-qmq2~6vsu~i2fg",":version":"rv-ad7z_wvv2~hxq9",":created_at":"2026-03-10T12:37:08.575Z",":updated_at":"2026-03-10T12:37:08.575Z","cnn":"4089000","corridor":"Clay St","limits":"Grant Ave  -  Waverly Pl","cnnrightleft":"R","blockside":"North","fullname":"Saturday","weekday":"Sat","fromhour":"2","tohour":"6","week1":"1","week2":"1","week3":"1","week4":"1","week5":"1","holidays":"0","blocksweepid":"1637061"}},{"type":"Feature","geometry":{"type":"LineString","coordinates":[[-122.432857500965,37.712914374031],[-122.432128044135,37.712760387508],[-122.431927236229,37.712766596539]]},"properties":{":id":"row-scva~5cr4~y9g7",":version":"rv-w6rx.bzj7.y5va",":created_at":"2026-03-10T12:37:08.575Z",":updated_at":"2026-03-10T12:37:08.575Z","cnn":"6147202","corridor":"Geneva Ave","limits":"Munich St  -  Prague St","cnnrightleft":"L","blockside":"North","fullname":"Saturday","weekday":"Sat","fromhour":"6","tohour":"8","week1":"1","week2":"1","week3":"1","week4":"1","week5":"1","holidays":"0","blocksweepid":"1633041"}},{"type":"Feature","geometry":{"type":"LineString","coordinates":[[-122.410764827715,37.78321431286],[-122.412411746542,37.783004078716]]},"properties":{":id":"row-h4qw-ap9k.zhqt",":version":"rv-7yrf-yu8a.fem7",":created_at":"2026-03-10T12:37:08.575Z",":updated_at":"2026-03-10T12:37:08.575Z","cnn":"12717000","corridor":"Turk St","limits":"Taylor St  -  Jones St","cnnrightleft":"R","blockside":"North","fullname":"Saturday","weekday":"Sat","fromhour":"6","tohour":"8","week1":"1","week2":"1","week3":"1","week4":"1","week5":"1","holidays":"0","blocksweepid":"1625144"}},{"type":"Feature","geometry":{"type":"LineString","coordinates":[[-122.405142977293,37.796210954662],[-122.405862651929,37.796122174098]]},"properties":{":id":"row-84v4.fj6d-bv3c",":version":"rv-7wtb.fu5y_7eu4",":created_at":"2026-03-10T12:37:08.575Z",":updated_at":"2026-03-10T12:37:08.575Z","cnn":"7369000","corridor":"Jackson St","limits":"Kearny St  -  Cooper Aly","cnnrightleft":"R","blockside":"North","fullname":"Saturday","weekday":"Sat","fromhour":"2","tohour":"6","week1":"1","week2":"1","week3":"1","week4":"1","week5":"1","holidays":"0","blocksweepid":"1638517"}},{"type":"Feature","geometry":{"type":"LineString","coordinates":[[-122.410936574036,37.779211685706],[-122.412413343787,37.778045328617]]},"properties":{":id":"row-wg69~sf23_a9fx",":version":"rv-xb2y_cxf9_6pmm",":created_at":"2026-03-10T12:37:08.575Z",":updated_at":"2026-03-10T12:37:08.575Z","cnn":"9101000","corridor":"Mission St","limits":"07th St  -  Julia St","cnnrightleft":"R","blockside":"NorthWest","fullname":"Saturday","weekday":"Sat","fromhour":"2","tohour":"6","week1":"1","week2":"1","week3":"1","week4":"1","week5":"1","holidays":"1","blocksweepid":"1618481"}},{"type":"Feature","geometry":{"type":"LineString","coordinates":[[-122.40406849084,37.796064037438],[-122.404412160717,37.796302098069]]},"properties":{":id":"row-vgzh-jvs6~xuq7",":version":"rv-id66_udba_z26r",":created_at":"2026-03-10T12:37:08.575Z",":updated_at":"2026-03-10T12:37:08.575Z","cnn":"4287000","corridor":"Columbus Ave","limits":"Ils Ln  -  Jackson St","cnnrightleft":"L","blockside":"SouthWest","fullname":"Saturday","weekday":"Sat","fromhour":"4","tohour":"6","week1":"1","week2":"1","week3":"1","week4":"1","week5":"1","holidays":"0","blocksweepid":"1629883"}},{"type":"Feature","geometry":{"type":"LineString","coordinates":[[-122.389437675822,37.715557620476],[-122.390001720653,37.716156275131]]},"properties":{":id":"row-ve4z.8mcr-69kf",":version":"rv-gvhk.8ptv-9xj6",":created_at":"2026-03-10T12:37:08.575Z",":updated_at":"2026-03-10T12:37:08.575Z","cnn":"7427000","corridor":"Jamestown Ave","limits":"Gilroy St  -  Griffith St","cnnrightleft":"R","blockside":"NorthEast","fullname":"Saturday","weekday":"Sat","fromhour":"7","tohour":"8","week1":"1","week2":"1","week3":"1","week4":"1","week5":"1","holidays":"0","blocksweepid":"1597360"}},{"type":"Feature","geometry":{"type":"LineString","coordinates":[[-122.402866309241,37.749478459157],[-122.402968925915,37.749550037001],[-122.403260968839,37.74953040948]]},"properties":{":id":"row-gukt.gbdz_cz63",":version":"rv-c9js~ehhi-ve25",":created_at":"2026-03-10T12:37:08.575Z",":updated_at":"2026-03-10T12:37:08.575Z","cnn":"2479201","corridor":"Cesar Chavez St","limits":"Bay Shore Blvd  -  Hwy 101 N On Ramp","cnnrightleft":"L","blockside":"South","fullname":"Saturday","weekday":"Sat","fromhour":"8","tohour":"10","week1":"1","week2":"1","week3":"1","week4":"1","week5":"1","holidays":"0","blocksweepid":"1629602"}},{"type":"Feature","geometry":{"type":"LineString","coordinates":[[-122.393232786724,37.727733468261],[-122.393340495003,37.727659582483],[-122.393581180212,37.727121926179],[-122.393570157018,37.726979832623]]},"properties":{":id":"row-8czg-9jp9.974n",":version":"rv-7nrz_r535.npxi",":created_at":"2026-03-10T12:37:08.575Z",":updated_at":"2026-03-10T12:37:08.575Z","cnn":"222201","corridor":"03rd St","limits":"Yosemite Ave  -  Armstrong Ave","cnnrightleft":"R","blockside":"West","fullname":"Saturday","weekday":"Sat","fromhour":"2","tohour":"6","week1":"1","week2":"1","week3":"1","week4":"1","week5":"1","holidays":"0","blocksweepid":"1613892"}},{"type":"Feature","geometry":{"type":"LineString","coordinates":[[-122.438329414073,37.720015525127],[-122.438388673816,37.719990500235],[-122.438855031781,37.71937386799],[-122.438863485498,37.7193093603]]},"properties":{":id":"row-vjex~w3wz_zhq3",":version":"rv-gsrt~jy3y-cd66",":created_at":"2026-03-10T12:37:08.575Z",":updated_at":"2026-03-10T12:37:08.575Z","cnn":"9173201","corridor":"Mission St","limits":"France Ave  -  Kenny Aly","cnnrightleft":"R","blockside":"NorthWest","fullname":"Saturday","weekday":"Sat","fromhour":"5","tohour":"7","week1":"1","week2":"1","week3":"1","week4":"1","week5":"1","holidays":"0","blocksweepid":"1626244"}},{"type":"Feature","geometry":{"type":"LineString","coordinates":[[-122.397669948657,37.799234483026],[-122.397868672472,37.799267381133],[-122.399170106705,37.800749537631],[-122.399130242841,37.800896476996]]},"properties":{":id":"row-fxxq~8a9x.22sk",":version":"rv-zskd~ctif~yetz",":created_at":"2026-03-10T12:37:08.575Z",":updated_at":"2026-03-10T12:37:08.575Z","cnn":"12555102","corridor":"The Embarcadero","limits":"Broadway  -  Green St","cnnrightleft":"L","blockside":"SouthWest","fullname":"Saturday","weekday":"Sat","fromhour":"1","tohour":"3","week1":"1","week2":"1","week3":"1","week4":"1","week5":"1","holidays":"1","blocksweepid":"1639521"}},{"type":"Feature","geometry":{"type":"LineString","coordinates":[[-122.412404683738,37.788086692014],[-122.412796752445,37.788036681595]]},"properties":{":id":"row-kvp7.bj5k-u423",":version":"rv-vhgs_r9us~5e4u",":created_at":"2026-03-10T12:37:08.575Z",":updated_at":"2026-03-10T12:37:08.575Z","cnn":"4446000","corridor":"Cosmo Pl","limits":"Trader Vic Aly  -  Ophir Aly","cnnrightleft":"R","blockside":"North","fullname":"Saturday","weekday":"Sat","fromhour":"2","tohour":"6","week1":"1","week2":"1","week3":"1","week4":"1","week5":"1","holidays":"0","blocksweepid":"1603342"}},{"type":"Feature","geometry":{"type":"LineString","coordinates":[[-122.417486595427,37.765183134696],[-122.418579138758,37.765117159294]]},"properties":{":id":"row-q95e-ezyp.vnbv",":version":"rv-x7bj.j9xm_dkyx",":created_at":"2026-03-10T12:37:08.575Z",":updated_at":"2026-03-10T12:37:08.575Z","cnn":"723000","corridor":"16th St","limits":"South Van Ness Ave  -  Capp St","cnnrightleft":"L","blockside":"South","fullname":"Saturday","weekday":"Sat","fromhour":"2","tohour":"6","week1":"1","week2":"1","week3":"1","week4":"1","week5":"1","holidays":"1","blocksweepid":"1601934"}},{"type":"Feature","geometry":{"type":"LineString","coordinates":[[-122.420580608155,37.764996269981],[-122.420901270457,37.764976898832]]},"properties":{":id":"row-nyvk_hsnd_i87g",":version":"rv-wxux.8t8u-pg8v",":created_at":"2026-03-10T12:37:08.575Z",":updated_at":"2026-03-10T12:37:08.575Z","cnn":"728000","corridor":"16th St","limits":"Hoff St  -  Julian Ave","cnnrightleft":"R","blockside":"North","fullname":"Saturday","weekday":"Sat","fromhour":"2","tohour":"6","week1":"1","week2":"1","week3":"1","week4":"1","week5":"1","holidays":"1","blocksweepid":"1628521"}},{"type":"Feature","geometry":{"type":"LineString","coordinates":[[-122.387585270171,37.750263377895],[-122.387456310816,37.749004758693]]},"properties":{":id":"row-nyht_yjr9~mbj4",":version":"rv-rxax~t5ac_9cqz",":created_at":"2026-03-10T12:37:08.575Z",":updated_at":"2026-03-10T12:37:08.575Z","cnn":"196000","corridor":"03rd St","limits":"Cesar Chavez St  -  Marin St","cnnrightleft":"R","blockside":"West","fullname":"Saturday","weekday":"Sat","fromhour":"2","tohour":"6","week1":"1","week2":"1","week3":"1","week4":"1","week5":"1","holidays":"0","blocksweepid":"1613865"}},{"type":"Feature","geometry":{"type":"LineString","coordinates":[[-122.411325581285,37.785996235681],[-122.412147506549,37.785892927575]]},"properties":{":id":"row-tddh_e988.nyzw",":version":"rv-bdns_znsw.jet9",":created_at":"2026-03-10T12:37:08.575Z",":updated_at":"2026-03-10T12:37:08.575Z","cnn":"9727000","corridor":"O'Farrell St","limits":"Taylor St  -  Shannon St","cnnrightleft":"R","blockside":"North","fullname":"Saturday","weekday":"Sat","fromhour":"6","tohour":"8","week1":"1","week2":"1","week3":"1","week4":"1","week5":"1","holidays":"0","blocksweepid":"1603696"}},{"type":"Feature","geometry":{"type":"LineString","coordinates":[[-122.390205026187,37.717497914175],[-122.39114136606,37.718040053538]]},"properties":{":id":"row-jiqe.m64j-97qb",":version":"rv-ubnn-czcr.ejrf",":created_at":"2026-03-10T12:37:08.575Z",":updated_at":"2026-03-10T12:37:08.575Z","cnn":"7248000","corridor":"Ingerson Ave","limits":"Coronado St  -  Hawes St","cnnrightleft":"R","blockside":"NorthEast","fullname":"Saturday","weekday":"Sat","fromhour":"7","tohour":"8","week1":"1","week2":"1","week3":"1","week4":"1","week5":"1","holidays":"0","blocksweepid":"1623565"}},{"type":"Feature","geometry":{"type":"LineString","coordinates":[[-122.410292026651,37.782230575213],[-122.410391457655,37.782210694042],[-122.411699930273,37.781177218451]]},"properties":{":id":"row-t7rk-6hud_yqau",":version":"rv-euxe.92ar-7w7r",":created_at":"2026-03-10T12:37:08.575Z",":updated_at":"2026-03-10T12:37:08.575Z","cnn":"8750201","corridor":"Market St","limits":"Taylor St  -  McAllister St","cnnrightleft":"R","blockside":"NorthWest","fullname":"Saturday","weekday":"Sat","fromhour":"5","tohour":"7","week1":"1","week2":"1","week3":"1","week4":"1","week5":"1","holidays":"1","blocksweepid":"1640579"}},{"type":"Feature","geometry":{"type":"LineString","coordinates":[[-122.409689043756,37.797493152091],[-122.410263524646,37.797420186013]]},"properties":{":id":"row-hzqf-iuc7~bvus",":version":"rv-utk2~sdy2~xnra",":created_at":"2026-03-10T12:37:08.575Z",":updated_at":"2026-03-10T12:37:08.575Z","cnn":"3156000","corridor":"Broadway","limits":"Turk Murphy Ln  -  Powell St","cnnrightleft":"L","blockside":"South","fullname":"Saturday","weekday":"Sat","fromhour":"4","tohour":"6","week1":"1","week2":"1","week3":"1","week4":"1","week5":"1","holidays":"0","blocksweepid":"1612689"}},{"type":"Feature","geometry":{"type":"LineString","coordinates":[[-122.391870342606,37.72034909944],[-122.393736928775,37.721408460388]]},"properties":{":id":"row-ig2i-ew8h.kpw2",":version":"rv-zgqf-3is6_4w7h",":created_at":"2026-03-10T12:37:08.575Z",":updated_at":"2026-03-10T12:37:08.575Z","cnn":"6190000","corridor":"Gilman Ave","limits":"Ingalls St  -  Jennings St","cnnrightleft":"L","blockside":"SouthWest","fullname":"Saturday","weekday":"Sat","fromhour":"7","tohour":"8","week1":"1","week2":"1","week3":"1","week4":"1","week5":"1","holidays":"0","blocksweepid":"1633117"}},{"type":"Feature","geometry":{"type":"LineString","coordinates":[[-122.501097483198,37.735206481117],[-122.501178867628,37.73534181798],[-122.501594821913,37.735437876472],[-122.502031178,37.735514909104]]},"properties":{":id":"row-248e~gfxq.gznv",":version":"rv-mq6z.qunw~mtm4",":created_at":"2026-03-10T12:37:08.575Z",":updated_at":"2026-03-10T12:37:08.575Z","cnn":"11962201","corridor":"Sloat Blvd","limits":"43rd Ave  -  44th Ave","cnnrightleft":"L","blockside":"SouthWest","fullname":"Saturday","weekday":"Sat","fromhour":"5","tohour":"7","week1":"1","week2":"1","week3":"1","week4":"1","week5":"1","holidays":"0","blocksweepid":"1605686"}},{"type":"Feature","geometry":{"type":"LineString","coordinates":[[-122.412908085159,37.802183771213],[-122.413718750001,37.802743201913]]},"properties":{":id":"row-phqp~twwm~qyjn",":version":"rv-j4ei_hc23~4zhu",":created_at":"2026-03-10T12:37:08.575Z",":updated_at":"2026-03-10T12:37:08.575Z","cnn":"4300000","corridor":"Columbus Ave","limits":"Mason St  -  Lombard St","cnnrightleft":"L","blockside":"SouthWest","fullname":"Saturday","weekday":"Sat","fromhour":"4","tohour":"6","week1":"1","week2":"1","week3":"1","week4":"1","week5":"1","holidays":"0","blocksweepid":"1637360"}},{"type":"Feature","geometry":{"type":"LineString","coordinates":[[-122.499058976811,37.73157606995],[-122.499541958644,37.731433161289],[-122.502621381277,37.730211704042]]},"properties":{":id":"row-xg74_wfam~bbx9",":version":"rv-p63n~rp79-s9s3",":created_at":"2026-03-10T12:37:08.575Z",":updated_at":"2026-03-10T12:37:08.575Z","cnn":"13796000","corridor":"Herbst St","limits":"Lake Merced Blvd  -  Armory Rd","cnnrightleft":"R","blockside":"NorthWest","fullname":"Saturday","weekday":"Sat","fromhour":"0","tohour":"2","week1":"1","week2":"1","week3":"1","week4":"1","week5":"1","holidays":"1","blocksweepid":"385478"}},{"type":"Feature","geometry":{"type":"LineString","coordinates":[[-122.422043812697,37.76653957647],[-122.421964312447,37.765720755375]]},"properties":{":id":"row-2m7r-ruap~qzik",":version":"rv-tj6r~j4fg.tuyi",":created_at":"2026-03-10T12:37:08.575Z",":updated_at":"2026-03-10T12:37:08.575Z","cnn":"13058000","corridor":"Valencia St","limits":"15th St  -  Sparrow St","cnnrightleft":"R","blockside":"West","fullname":"Saturday","weekday":"Sat","fromhour":"6","tohour":"8","week1":"1","week2":"1","week3":"1","week4":"1","week5":"1","holidays":"0","blocksweepid":"1598799"}},{"type":"Feature","geometry":{"type":"LineString","coordinates":[[-122.502501938374,37.726645181306],[-122.503040636347,37.725259549916]]},"properties":{":id":"row-93ey_ms2j.afah",":version":"rv-g2j3_4782_7w3p",":created_at":"2026-03-10T12:37:08.575Z",":updated_at":"2026-03-10T12:37:08.575Z","cnn":"11942000","corridor":"Skyline Blvd","limits":"Harding Rd  -  Great Hwy","cnnrightleft":"R","blockside":"West","fullname":"Saturday","weekday":"Sat","fromhour":"0","tohour":"2","week1":"1","week2":"1","week3":"1","week4":"1","week5":"1","holidays":"1","blocksweepid":"1632402"}},{"type":"Feature","geometry":{"type":"LineString","coordinates":[[-122.387746247092,37.721813259223],[-122.387886282457,37.72186745875],[-122.389619541306,37.722851441563]]},"properties":{":id":"row-85as~dkk7_b97z",":version":"rv-3zi4~u3xg_myhr",":created_at":"2026-03-10T12:37:08.575Z",":updated_at":"2026-03-10T12:37:08.575Z","cnn":"3735000","corridor":"Carroll Ave","limits":"Hawes St  -  Ingalls St","cnnrightleft":"L","blockside":"SouthWest","fullname":"Saturday","weekday":"Sat","fromhour":"7","tohour":"8","week1":"1","week2":"1","week3":"1","week4":"1","week5":"1","holidays":"0","blocksweepid":"1636798"}},{"type":"Feature","geometry":{"type":"LineString","coordinates":[[-122.417996269533,37.78564170987],[-122.419638988981,37.78543303615]]},"properties":{":id":"row-pinv_ay6f.kvgy",":version":"rv-bcup_ce8s.9fgy",":created_at":"2026-03-10T12:37:08.575Z",":updated_at":"2026-03-10T12:37:08.575Z","cnn":"9471000","corridor":"Myrtle St","limits":"Larkin St  -  Polk St","cnnrightleft":"R","blockside":"North","fullname":"Saturday","weekday":"Sat","fromhour":"4","tohour":"6","week1":"1","week2":"1","week3":"1","week4":"1","week5":"1","holidays":"1","blocksweepid":"1626813"}},{"type":"Feature","geometry":{"type":"LineString","coordinates":[[-122.401051293437,37.798580054283],[-122.40222863939,37.798429702041]]},"properties":{":id":"row-wfk3-3wzc.zsh4",":version":"rv-5ppf_93pb~q8ax",":created_at":"2026-03-10T12:37:08.575Z",":updated_at":"2026-03-10T12:37:08.575Z","cnn":"3145000","corridor":"Broadway","limits":"Battery St  -  Sansome St","cnnrightleft":"R","blockside":"North","fullname":"Saturday","weekday":"Sat","fromhour":"4","tohour":"6","week1":"1","week2":"1","week3":"1","week4":"1","week5":"1","holidays":"0","blocksweepid":"1635089"}},{"type":"Feature","geometry":{"type":"LineString","coordinates":[[-122.388306067817,37.781798235203],[-122.388108860049,37.781692538924],[-122.388145777731,37.781395813004],[-122.388231910074,37.781084688658],[-122.388344094115,37.780847180722],[-122.388521504053,37.780584521276],[-122.388802627673,37.780282700505],[-122.389356818505,37.779831531456],[-122.389590696096,37.77986128594]]},"properties":{":id":"row-g9q6-bysv_ur4h",":version":"rv-5nj9_8d6s~75uy",":created_at":"2026-03-10T12:37:08.575Z",":updated_at":"2026-03-10T12:37:08.575Z","cnn":"7831101","corridor":"King St","limits":"The Embarcadero  -  02nd St","cnnrightleft":"L","blockside":"SouthEast","fullname":"Saturday","weekday":"Sat","fromhour":"1","tohour":"3","week1":"1","week2":"1","week3":"1","week4":"1","week5":"1","holidays":"1","blocksweepid":"1601482"}},{"type":"Feature","geometry":{"type":"LineString","coordinates":[[-122.404657096806,37.732948782317],[-122.403961731165,37.731610333891],[-122.403400462148,37.730658352623]]},"properties":{":id":"row-5bub-ayi3~4cxq",":version":"rv-mysa-ytc5_fgat",":created_at":"2026-03-10T12:37:08.575Z",":updated_at":"2026-03-10T12:37:08.575Z","cnn":"2805000","corridor":"Bay Shore Blvd","limits":"Silver Ave  -  Thornton Ave","cnnrightleft":"L","blockside":"NorthEast","fullname":"Saturday","weekday":"Sat","fromhour":"7","tohour":"8","week1":"1","week2":"1","week3":"1","week4":"1","week5":"1","holidays":"0","blocksweepid":"1613337"}},{"type":"Feature","geometry":{"type":"LineString","coordinates":[[-122.421381475782,37.764947887772],[-122.421886446144,37.764917378514]]},"properties":{":id":"row-6fe4.5iqx_h8z7",":version":"rv-t8w8~58ij-vjvr",":created_at":"2026-03-10T12:37:08.575Z",":updated_at":"2026-03-10T12:37:08.575Z","cnn":"731000","corridor":"16th St","limits":"Caledonia St  -  Valencia St","cnnrightleft":"R","blockside":"North","fullname":"Saturday","weekday":"Sat","fromhour":"2","tohour":"6","week1":"1","week2":"1","week3":"1","week4":"1","week5":"1","holidays":"1","blocksweepid":"1628524"}},{"type":"Feature","geometry":{"type":"LineString","coordinates":[[-122.478304879277,37.780381190986],[-122.478412864679,37.780306335886],[-122.479245858471,37.780276122451],[-122.479382975191,37.780334689639]]},"properties":{":id":"row-eyfv.r6ih_tyt3",":version":"rv-392k.nasa-nuwv",":created_at":"2026-03-10T12:37:08.575Z",":updated_at":"2026-03-10T12:37:08.575Z","cnn":"6076101","corridor":"Geary Blvd","limits":"19th Ave  -  20th Ave","cnnrightleft":"L","blockside":"South","fullname":"Saturday","weekday":"Sat","fromhour":"7","tohour":"8","week1":"1","week2":"1","week3":"1","week4":"1","week5":"1","holidays":"0","blocksweepid":"1621917"}},{"type":"Feature","geometry":{"type":"LineString","coordinates":[[-122.408708673446,37.780971182971],[-122.408160792966,37.78053538629]]},"properties":{":id":"row-9knm-xdmg-4i5n",":version":"rv-34pt-iiau-iuvu",":created_at":"2026-03-10T12:37:08.575Z",":updated_at":"2026-03-10T12:37:08.575Z","cnn":"329000","corridor":"06th St","limits":"Mission St  -  Minna St","cnnrightleft":"L","blockside":"NorthEast","fullname":"Saturday","weekday":"Sat","fromhour":"4","tohour":"6","week1":"1","week2":"1","week3":"1","week4":"1","week5":"1","holidays":"1","blocksweepid":"1614283"}},{"type":"Feature","geometry":{"type":"LineString","coordinates":[[-122.424702562024,37.735369870856],[-122.424877729744,37.735238507757],[-122.425760042547,37.734354062331],[-122.425791803963,37.734277998066]]},"properties":{":id":"row-dh4i~nyae-qgqx",":version":"rv-d8bq-43wb_65dd",":created_at":"2026-03-10T12:37:08.575Z",":updated_at":"2026-03-10T12:37:08.575Z","cnn":"9147201","corridor":"Mission St","limits":"Crescent Ave  -  College Ter","cnnrightleft":"R","blockside":"NorthWest","fullname":"Saturday","weekday":"Sat","fromhour":"5","tohour":"7","week1":"1","week2":"1","week3":"1","week4":"1","week5":"1","holidays":"0","blocksweepid":"1626218"}},{"type":"Feature","geometry":{"type":"LineString","coordinates":[[-122.390019684219,37.719298465706],[-122.391870342606,37.72034909944]]},"properties":{":id":"row-reiw.ztam-2ir2",":version":"rv-9vpi~mv58~fe2k",":created_at":"2026-03-10T12:37:08.575Z",":updated_at":"2026-03-10T12:37:08.575Z","cnn":"6189000","corridor":"Gilman Ave","limits":"Hawes St  -  Ingalls St","cnnrightleft":"L","blockside":"SouthWest","fullname":"Saturday","weekday":"Sat","fromhour":"7","tohour":"8","week1":"1","week2":"1","week3":"1","week4":"1","week5":"1","holidays":"0","blocksweepid":"1633116"}},{"type":"Feature","geometry":{"type":"LineString","coordinates":[[-122.404828386001,37.742816598686],[-122.405242386858,37.743051204677]]},"properties":{":id":"row-tt6t.e8k4-ezbb",":version":"rv-pt98-dgqa-3uys",":created_at":"2026-03-10T12:37:08.575Z",":updated_at":"2026-03-10T12:37:08.575Z","cnn":"9799000","corridor":"Oakdale Ave","limits":"Patterson St  -  Bay Shore Blvd","cnnrightleft":"R","blockside":"NorthEast","fullname":"Saturday","weekday":"Sat","fromhour":"2","tohour":"3","week1":"1","week2":"1","week3":"1","week4":"1","week5":"1","holidays":"0","blocksweepid":"1603456"}},{"type":"Feature","geometry":{"type":"LineString","coordinates":[[-122.406667930917,37.797864612499],[-122.407016163317,37.797822302287]]},"properties":{":id":"row-s84q~5ubf~6aph",":version":"rv-9f6b-i7cc.3c7m",":created_at":"2026-03-10T12:37:08.575Z",":updated_at":"2026-03-10T12:37:08.575Z","cnn":"3153000","corridor":"Broadway","limits":"Columbus Ave  -  Grant Ave","cnnrightleft":"L","blockside":"South","fullname":"Saturday","weekday":"Sat","fromhour":"4","tohour":"6","week1":"1","week2":"1","week3":"1","week4":"1","week5":"1","holidays":"0","blocksweepid":"1627498"}},{"type":"Feature","geometry":{"type":"LineString","coordinates":[[-122.446383348638,37.711436150087],[-122.447672442697,37.71074852298]]},"properties":{":id":"row-9aum-w3ew-dkhs",":version":"rv-xyae~r2dh_utvi",":created_at":"2026-03-10T12:37:08.575Z",":updated_at":"2026-03-10T12:37:08.575Z","cnn":"9190000","corridor":"Mission St","limits":"Lowell St  -  Whipple Ave","cnnrightleft":"L","blockside":"SouthEast","fullname":"Saturday","weekday":"Sat","fromhour":"5","tohour":"7","week1":"1","week2":"1","week3":"1","week4":"1","week5":"1","holidays":"0","blocksweepid":"1626580"}},{"type":"Feature","geometry":{"type":"LineString","coordinates":[[-122.398264448474,37.791716058294],[-122.398285372918,37.791630971153],[-122.399042010545,37.79103298455],[-122.399148598539,37.791016649255]]},"properties":{":id":"row-9k2u.2jv5_7fb9",":version":"rv-g5r6_xtsw-anax",":created_at":"2026-03-10T12:37:08.575Z",":updated_at":"2026-03-10T12:37:08.575Z","cnn":"8741101","corridor":"Market St","limits":"Front St  -  Bush St","cnnrightleft":"L","blockside":"SouthEast","fullname":"Saturday","weekday":"Sat","fromhour":"5","tohour":"7","week1":"1","week2":"1","week3":"1","week4":"1","week5":"1","holidays":"1","blocksweepid":"1640603"}},{"type":"Feature","geometry":{"type":"LineString","coordinates":[[-122.505257352258,37.735475288106],[-122.505376115589,37.735569694881],[-122.506135124963,37.735571117801]]},"properties":{":id":"row-u4cx~jm45_fd7s",":version":"rv-j6xk-2h6y-dqsy",":created_at":"2026-03-10T12:37:08.575Z",":updated_at":"2026-03-10T12:37:08.575Z","cnn":"11964201","corridor":"Sloat Blvd","limits":"47th Ave  -  Lower Great Hwy","cnnrightleft":"R","blockside":"North","fullname":"Saturday","weekday":"Sat","fromhour":"5","tohour":"7","week1":"1","week2":"1","week3":"1","week4":"1","week5":"1","holidays":"0","blocksweepid":"1605662"}},{"type":"Feature","geometry":{"type":"LineString","coordinates":[[-122.415802425062,37.808214054175],[-122.41744593863,37.808013324233]]},"properties":{":id":"row-w54x.icjw.pxmd",":version":"rv-nfwz_48ti-x3tj",":created_at":"2026-03-10T12:37:08.575Z",":updated_at":"2026-03-10T12:37:08.575Z","cnn":"7457000","corridor":"Jefferson St","limits":"Taylor St  -  Jones St","cnnrightleft":"R","blockside":"North","fullname":"Saturday","weekday":"Sat","fromhour":"1","tohour":"3","week1":"1","week2":"1","week3":"1","week4":"1","week5":"1","holidays":"1","blocksweepid":"1597418"}},{"type":"Feature","geometry":{"type":"LineString","coordinates":[[-122.394243492859,37.725475649951],[-122.394238150378,37.725337606632],[-122.394532121343,37.724693137392]]},"properties":{":id":"row-9k7h-g5ju_dk2e",":version":"rv-6qn8~5dsk~w3dv",":created_at":"2026-03-10T12:37:08.575Z",":updated_at":"2026-03-10T12:37:08.575Z","cnn":"225101","corridor":"03rd St","limits":"Carroll Ave  -  Donner Ave","cnnrightleft":"L","blockside":"East","fullname":"Saturday","weekday":"Sat","fromhour":"2","tohour":"6","week1":"1","week2":"1","week3":"1","week4":"1","week5":"1","holidays":"0","blocksweepid":"1629149"}},{"type":"Feature","geometry":{"type":"LineString","coordinates":[[-122.4209771239,37.783352075047],[-122.421049841639,37.783711745394],[-122.421008360568,37.783824118033]]},"properties":{":id":"row-m3af.wsww.kwbp",":version":"rv-bqth-byij-6jrj",":created_at":"2026-03-10T12:37:08.575Z",":updated_at":"2026-03-10T12:37:08.575Z","cnn":"13150102","corridor":"Van Ness Ave","limits":"Willow St  -  Ellis St","cnnrightleft":"L","blockside":"West","fullname":"Saturday","weekday":"Sat","fromhour":"4","tohour":"6","week1":"1","week2":"1","week3":"1","week4":"1","week5":"1","holidays":"1","blocksweepid":"1640038"}},{"type":"Feature","geometry":{"type":"LineString","coordinates":[[-122.44370603206,37.713591510834],[-122.443951627671,37.713362090755]]},"properties":{":id":"row-femv_qp2h.s3pa",":version":"rv-x2eh_5uks.wk4z",":created_at":"2026-03-10T12:37:08.575Z",":updated_at":"2026-03-10T12:37:08.575Z","cnn":"9185000","corridor":"Mission St","limits":"Ottawa Ave  -  Florentine Ave","cnnrightleft":"L","blockside":"SouthEast","fullname":"Saturday","weekday":"Sat","fromhour":"5","tohour":"7","week1":"1","week2":"1","week3":"1","week4":"1","week5":"1","holidays":"0","blocksweepid":"1626575"}},{"type":"Feature","geometry":{"type":"LineString","coordinates":[[-122.442564962803,37.714660619233],[-122.442661526889,37.714567198279]]},"properties":{":id":"row-743m_fjh4-qfbz",":version":"rv-ixpr_hzkw~fc8m",":created_at":"2026-03-10T12:37:08.575Z",":updated_at":"2026-03-10T12:37:08.575Z","cnn":"9182000","corridor":"Mission St","limits":"Allison St  -  Mount Vernon Ave","cnnrightleft":"L","blockside":"SouthEast","fullname":"Saturday","weekday":"Sat","fromhour":"5","tohour":"7","week1":"1","week2":"1","week3":"1","week4":"1","week5":"1","holidays":"0","blocksweepid":"1626572"}},{"type":"Feature","geometry":{"type":"LineString","coordinates":[[-122.414918962955,37.748230730689],[-122.41501700478,37.74816954968],[-122.415721819842,37.748158122028],[-122.415862792697,37.748212150197]]},"properties":{":id":"row-2rbn_6icd.8yby",":version":"rv-g9w4-wrwj~f6yy",":created_at":"2026-03-10T12:37:08.575Z",":updated_at":"2026-03-10T12:37:08.575Z","cnn":"2487101","corridor":"Cesar Chavez St","limits":"Shotwell St  -  South Van Ness Ave","cnnrightleft":"R","blockside":"North","fullname":"Saturday","weekday":"Sat","fromhour":"8","tohour":"10","week1":"1","week2":"1","week3":"1","week4":"1","week5":"1","holidays":"0","blocksweepid":"1636937"}},{"type":"Feature","geometry":{"type":"LineString","coordinates":[[-122.419121300714,37.746775140348],[-122.419505113925,37.746182682866]]},"properties":{":id":"row-hten_t9ev~ncnn",":version":"rv-px3w~twrk-advj",":created_at":"2026-03-10T12:37:08.575Z",":updated_at":"2026-03-10T12:37:08.575Z","cnn":"9130000","corridor":"Mission St","limits":"Precita Ave  -  Powers Ave","cnnrightleft":"L","blockside":"SouthEast","fullname":"Saturday","weekday":"Sat","fromhour":"5","tohour":"7","week1":"1","week2":"1","week3":"1","week4":"1","week5":"1","holidays":"0","blocksweepid":"1619239"}},{"type":"Feature","geometry":{"type":"LineString","coordinates":[[-122.403934377342,37.790286026208],[-122.404030724326,37.7907600962]]},"properties":{":id":"row-uu9q.z2t8~aaa2",":version":"rv-4h7x~bmcg-anvr",":created_at":"2026-03-10T12:37:08.575Z",":updated_at":"2026-03-10T12:37:08.575Z","cnn":"7752000","corridor":"Kearny St","limits":"Hardie Pl  -  Bush St","cnnrightleft":"L","blockside":"West","fullname":"Saturday","weekday":"Sat","fromhour":"2","tohour":"6","week1":"1","week2":"1","week3":"1","week4":"1","week5":"1","holidays":"0","blocksweepid":"1623983"}},{"type":"Feature","geometry":{"type":"LineString","coordinates":[[-122.4047105823,37.794021380221],[-122.404796472442,37.794453004766]]},"properties":{":id":"row-7tjt~srwd_8pn3",":version":"rv-wcq4~38ia_4amh",":created_at":"2026-03-10T12:37:08.575Z",":updated_at":"2026-03-10T12:37:08.575Z","cnn":"7757000","corridor":"Kearny St","limits":"Commercial St  -  Clay St","cnnrightleft":"L","blockside":"West","fullname":"Saturday","weekday":"Sat","fromhour":"2","tohour":"6","week1":"1","week2":"1","week3":"1","week4":"1","week5":"1","holidays":"0","blocksweepid":"1623988"}},{"type":"Feature","geometry":{"type":"LineString","coordinates":[[-122.399873457754,37.798729001446],[-122.401051293437,37.798580054283]]},"properties":{":id":"row-hxwh_d9u6.t2kk",":version":"rv-6bam-5vaa~vrnu",":created_at":"2026-03-10T12:37:08.575Z",":updated_at":"2026-03-10T12:37:08.575Z","cnn":"3144000","corridor":"Broadway","limits":"Front St  -  Battery St","cnnrightleft":"R","blockside":"North","fullname":"Saturday","weekday":"Sat","fromhour":"4","tohour":"6","week1":"1","week2":"1","week3":"1","week4":"1","week5":"1","holidays":"0","blocksweepid":"1635088"}},{"type":"Feature","geometry":{"type":"LineString","coordinates":[[-122.39738553825,37.782553592904],[-122.396841427359,37.782119122026]]},"properties":{":id":"row-g6jx~r3zd~e4ga",":version":"rv-xk9k~sjh5-4qnx",":created_at":"2026-03-10T12:37:08.575Z",":updated_at":"2026-03-10T12:37:08.575Z","cnn":"172000","corridor":"03rd St","limits":"Harrison St  -  Perry St","cnnrightleft":"R","blockside":"SouthWest","fullname":"Saturday","weekday":"Sat","fromhour":"2","tohour":"6","week1":"1","week2":"1","week3":"1","week4":"1","week5":"1","holidays":"0","blocksweepid":"1628701"}},{"type":"Feature","geometry":{"type":"LineString","coordinates":[[-122.477174111092,37.763559498569],[-122.478190825242,37.763514758567]]},"properties":{":id":"row-pgts.i365-rxwr",":version":"rv-6ujd.wmhk_jid6",":created_at":"2026-03-10T12:37:08.575Z",":updated_at":"2026-03-10T12:37:08.575Z","cnn":"7296000","corridor":"Irving St","limits":"19th Ave  -  20th Ave","cnnrightleft":"L","blockside":"South","fullname":"Saturday","weekday":"Sat","fromhour":"2","tohour":"6","week1":"1","week2":"1","week3":"1","week4":"1","week5":"1","holidays":"0","blocksweepid":"1623616"}},{"type":"Feature","geometry":{"type":"LineString","coordinates":[[-122.419052606406,37.758632566983],[-122.419011533299,37.758199785454]]},"properties":{":id":"row-ffk5-i8ry~whgp",":version":"rv-xy8f.e236_c7xe",":created_at":"2026-03-10T12:37:08.575Z",":updated_at":"2026-03-10T12:37:08.575Z","cnn":"9122001","corridor":"Mission St","limits":"20th St  -  Catherine Ct","cnnrightleft":"R","blockside":null,"fullname":"Saturday","weekday":"Sat","fromhour":"4","tohour":"6","week1":"1","week2":"1","week3":"1","week4":"1","week5":"1","holidays":"0","blocksweepid":"1619058"}},{"type":"Feature","geometry":{"type":"LineString","coordinates":[[-122.483881126196,37.72667251395],[-122.484628816064,37.724890087994]]},"properties":{":id":"row-7htk~kw9j~gi36",":version":"rv-qg98.dvgb-ehia",":created_at":"2026-03-10T12:37:08.575Z",":updated_at":"2026-03-10T12:37:08.575Z","cnn":"8048102","corridor":"Lake Merced Blvd","limits":"State Dr  -  State Dr","cnnrightleft":"L","blockside":"East","fullname":"Saturday","weekday":"Sat","fromhour":"4","tohour":"6","week1":"1","week2":"1","week3":"1","week4":"1","week5":"1","holidays":"0","blocksweepid":"1616569"}},{"type":"Feature","geometry":{"type":"LineString","coordinates":[[-122.427462057785,37.768770498752],[-122.4286352489,37.767845697206],[-122.428657163625,37.767734888173]]},"properties":{":id":"row-nzrz~ygkd_fc7h",":version":"rv-f5mn_t2b4_wpdv",":created_at":"2026-03-10T12:37:08.575Z",":updated_at":"2026-03-10T12:37:08.575Z","cnn":"8762202","corridor":"Market St","limits":"Reservoir St  -  14th St","cnnrightleft":"R","blockside":"NorthWest","fullname":"Saturday","weekday":"Sat","fromhour":"2","tohour":"6","week1":"1","week2":"1","week3":"1","week4":"1","week5":"1","holidays":"1","blocksweepid":"1625859"}},{"type":"Feature","geometry":{"type":"LineString","coordinates":[[-122.388001120426,37.75538988496],[-122.388061735793,37.755298445482],[-122.387956062998,37.7541960506],[-122.387878640607,37.754112146051]]},"properties":{":id":"row-fmng~6zvp~f5gv",":version":"rv-qbrd-giue~hyiv",":created_at":"2026-03-10T12:37:08.575Z",":updated_at":"2026-03-10T12:37:08.575Z","cnn":"192201","corridor":"03rd St","limits":"23rd St  -  24th St","cnnrightleft":"R","blockside":"West","fullname":"Saturday","weekday":"Sat","fromhour":"2","tohour":"6","week1":"1","week2":"1","week3":"1","week4":"1","week5":"1","holidays":"0","blocksweepid":"1613861"}},{"type":"Feature","geometry":{"type":"LineString","coordinates":[[-122.510341319396,37.764000833634],[-122.510250238363,37.763876233587],[-122.510191568136,37.763232236207],[-122.510055733218,37.762104521613],[-122.509081958701,37.754595345865],[-122.508598807634,37.750882002306],[-122.506691990028,37.736223158689],[-122.506672003204,37.735641799033],[-122.506717428299,37.735469757819]]},"properties":{":id":"row-m35w.s3em-be6g",":version":"rv-yvuj_24qh~h9xn",":created_at":"2026-03-10T12:37:08.575Z",":updated_at":"2026-03-10T12:37:08.575Z","cnn":"6436101","corridor":"Great Hwy","limits":"Lincoln Way  -  Sloat Blvd","cnnrightleft":"L","blockside":"East","fullname":"Saturday","weekday":"Sat","fromhour":"0","tohour":"2","week1":"1","week2":"1","week3":"1","week4":"1","week5":"1","holidays":"1","blocksweepid":"1636084"}},{"type":"Feature","geometry":{"type":"LineString","coordinates":[[-122.406978585293,37.739566272703],[-122.407055021345,37.739451763146],[-122.407070117318,37.739314604328],[-122.407114046801,37.739059764132]]},"properties":{":id":"row-rkci_vbv9_f6t5",":version":"rv-dbur_p7zj.gheh",":created_at":"2026-03-10T12:37:08.575Z",":updated_at":"2026-03-10T12:37:08.575Z","cnn":"2801201","corridor":"Bay Shore Blvd","limits":"Cortland Ave  -  Industrial St On Ramp","cnnrightleft":"R","blockside":"West","fullname":"Saturday","weekday":"Sat","fromhour":"0","tohour":"2","week1":"1","week2":"1","week3":"1","week4":"1","week5":"1","holidays":"1","blocksweepid":"1613297"}},{"type":"Feature","geometry":{"type":"LineString","coordinates":[[-122.395622760624,37.72243160376],[-122.395614866767,37.722299902946],[-122.395850936144,37.721778321457],[-122.395943826939,37.721715880382]]},"properties":{":id":"row-k2y5.3m3m.tada",":version":"rv-im27.ev4i_t7m3",":created_at":"2026-03-10T12:37:08.575Z",":updated_at":"2026-03-10T12:37:08.575Z","cnn":"228101","corridor":"03rd St","limits":"Gilman Ave  -  Hollister Ave","cnnrightleft":"L","blockside":"East","fullname":"Saturday","weekday":"Sat","fromhour":"2","tohour":"6","week1":"1","week2":"1","week3":"1","week4":"1","week5":"1","holidays":"0","blocksweepid":"1629154"}},{"type":"Feature","geometry":{"type":"LineString","coordinates":[[-122.39440306567,37.708903826132],[-122.39308656832,37.709092421528],[-122.392689161797,37.709094657653]]},"properties":{":id":"row-e5r4~znfm.75q5",":version":"rv-t3gm~j4ae.a3i3",":created_at":"2026-03-10T12:37:08.575Z",":updated_at":"2026-03-10T12:37:08.575Z","cnn":"2142000","corridor":"Alana Way","limits":"Executive Park Blvd  -  Harney Way","cnnrightleft":"L","blockside":"North","fullname":"Saturday","weekday":"Sat","fromhour":"7","tohour":"8","week1":"1","week2":"1","week3":"1","week4":"1","week5":"1","holidays":"0","blocksweepid":"1627170"}},{"type":"Feature","geometry":{"type":"LineString","coordinates":[[-122.420698773999,37.774007805689],[-122.420723870009,37.773922829721],[-122.4212321554,37.773523380984]]},"properties":{":id":"row-nzer.h5g7.t4mq",":version":"rv-26iy.9jfr.sje8",":created_at":"2026-03-10T12:37:08.575Z",":updated_at":"2026-03-10T12:37:08.575Z","cnn":"8757101","corridor":"Market St","limits":"Franklin St  -  Brady St","cnnrightleft":"L","blockside":"SouthEast","fullname":"Saturday","weekday":"Sat","fromhour":"2","tohour":"6","week1":"1","week2":"1","week3":"1","week4":"1","week5":"1","holidays":"1","blocksweepid":"1640936"}},{"type":"Feature","geometry":{"type":"LineString","coordinates":[[-122.430181237448,37.729859826169],[-122.430185909059,37.729783711423],[-122.43072257046,37.729243665369],[-122.430809255803,37.729227846343]]},"properties":{":id":"row-5tzp.v9e7_bqpt",":version":"rv-dzqf.7rku-vwb6",":created_at":"2026-03-10T12:37:08.575Z",":updated_at":"2026-03-10T12:37:08.575Z","cnn":"9153101","corridor":"Mission St","limits":"Admiral Ave  -  Maynard St","cnnrightleft":"L","blockside":"SouthEast","fullname":"Saturday","weekday":"Sat","fromhour":"5","tohour":"7","week1":"1","week2":"1","week3":"1","week4":"1","week5":"1","holidays":"0","blocksweepid":"1619428"}},{"type":"Feature","geometry":{"type":"LineString","coordinates":[[-122.402209197545,37.728101973655],[-122.402105120585,37.727789703729]]},"properties":{":id":"row-3d86~uzwy~f97g",":version":"rv-awcd_47d8_bkc3",":created_at":"2026-03-10T12:37:08.575Z",":updated_at":"2026-03-10T12:37:08.575Z","cnn":"2809000","corridor":"Bay Shore Blvd","limits":"Bacon St  -  Phelps St","cnnrightleft":"R","blockside":"West","fullname":"Saturday","weekday":"Sat","fromhour":"7","tohour":"8","week1":"1","week2":"1","week3":"1","week4":"1","week5":"1","holidays":"0","blocksweepid":"1628252"}},{"type":"Feature","geometry":{"type":"LineString","coordinates":[[-122.412796752445,37.788036681595],[-122.41341292256,37.787958083152]]},"properties":{":id":"row-jeud_bgzh~9v55",":version":"rv-xvj5.34zs_ssfh",":created_at":"2026-03-10T12:37:08.575Z",":updated_at":"2026-03-10T12:37:08.575Z","cnn":"4447000","corridor":"Cosmo Pl","limits":"Ophir Aly  -  Jones St","cnnrightleft":"L","blockside":"South","fullname":"Saturday","weekday":"Sat","fromhour":"2","tohour":"6","week1":"1","week2":"1","week3":"1","week4":"1","week5":"1","holidays":"0","blocksweepid":"1603346"}},{"type":"Feature","geometry":{"type":"LineString","coordinates":[[-122.46427917012,37.781018921641],[-122.464406021854,37.780933193129],[-122.465232630466,37.780902693752],[-122.465352870998,37.780965490787]]},"properties":{":id":"row-utbp-k7fu-8xc5",":version":"rv-fxr5.ecw4_ad3a",":created_at":"2026-03-10T12:37:08.575Z",":updated_at":"2026-03-10T12:37:08.575Z","cnn":"6062101","corridor":"Geary Blvd","limits":"06th Ave  -  07th Ave","cnnrightleft":"L","blockside":"South","fullname":"Saturday","weekday":"Sat","fromhour":"7","tohour":"8","week1":"1","week2":"1","week3":"1","week4":"1","week5":"1","holidays":"0","blocksweepid":"1621903"}},{"type":"Feature","geometry":{"type":"LineString","coordinates":[[-122.410292026651,37.782230575213],[-122.410696654881,37.782267373936],[-122.412220735371,37.782073067927]]},"properties":{":id":"row-3vmc-qtq5.nx8e",":version":"rv-qea5.txin.4a6u",":created_at":"2026-03-10T12:37:08.575Z",":updated_at":"2026-03-10T12:37:08.575Z","cnn":"6259000","corridor":"Golden Gate Ave","limits":"Market St  -  Jones St","cnnrightleft":"R","blockside":"North","fullname":"Saturday","weekday":"Sat","fromhour":"6","tohour":"8","week1":"1","week2":"1","week3":"1","week4":"1","week5":"1","holidays":"0","blocksweepid":"1622286"}},{"type":"Feature","geometry":{"type":"LineString","coordinates":[[-122.418598509318,37.780260133266],[-122.418708904118,37.780773161722]]},"properties":{":id":"row-sqtj~pnbd~2b8v",":version":"rv-vi42~86bj.p6yd",":created_at":"2026-03-10T12:37:08.575Z",":updated_at":"2026-03-10T12:37:08.575Z","cnn":"10550000","corridor":"Polk St","limits":"McAllister St  -  Redwood St","cnnrightleft":"L","blockside":"West","fullname":"Saturday","weekday":"Sat","fromhour":"6","tohour":"8","week1":"1","week2":"1","week3":"1","week4":"1","week5":"1","holidays":"0","blocksweepid":"1619940"}},{"type":"Feature","geometry":{"type":"LineString","coordinates":[[-122.414778472775,37.784612949291],[-122.41607173455,37.78444884161]]},"properties":{":id":"row-g5r4-37e5-tepq",":version":"rv-7czw_eym5_3qh8",":created_at":"2026-03-10T12:37:08.575Z",":updated_at":"2026-03-10T12:37:08.575Z","cnn":"5176000","corridor":"Ellis St","limits":"Cohen Pl  -  Hyde St","cnnrightleft":"R","blockside":"North","fullname":"Saturday","weekday":"Sat","fromhour":"6","tohour":"8","week1":"1","week2":"1","week3":"1","week4":"1","week5":"1","holidays":"0","blocksweepid":"1610135"}},{"type":"Feature","geometry":{"type":"LineString","coordinates":[[-122.411376270209,37.801125132839],[-122.412541278017,37.801930636607]]},"properties":{":id":"row-hysm.sn6k~tdte",":version":"rv-si4m_gb6f~ueuy",":created_at":"2026-03-10T12:37:08.575Z",":updated_at":"2026-03-10T12:37:08.575Z","cnn":"4298000","corridor":"Columbus Ave","limits":"Filbert St  -  Greenwich St","cnnrightleft":"L","blockside":"SouthWest","fullname":"Saturday","weekday":"Sat","fromhour":"4","tohour":"6","week1":"1","week2":"1","week3":"1","week4":"1","week5":"1","holidays":"0","blocksweepid":"1637358"}},{"type":"Feature","geometry":{"type":"LineString","coordinates":[[-122.411139801283,37.785074596379],[-122.411325581285,37.785996235681]]},"properties":{":id":"row-j5q3~6mh3.rgea",":version":"rv-vtx5_pqpy_9wyz",":created_at":"2026-03-10T12:37:08.575Z",":updated_at":"2026-03-10T12:37:08.575Z","cnn":"12429000","corridor":"Taylor St","limits":"Ellis St  -  O'Farrell St","cnnrightleft":"L","blockside":"West","fullname":"Saturday","weekday":"Sat","fromhour":"6","tohour":"8","week1":"1","week2":"1","week3":"1","week4":"1","week5":"1","holidays":"0","blocksweepid":"1617060"}},{"type":"Feature","geometry":{"type":"LineString","coordinates":[[-122.388306067817,37.781798235203],[-122.388426876055,37.781655166643],[-122.388446498637,37.781424664893],[-122.388469921104,37.781232279609],[-122.388538918422,37.781028641161],[-122.388655616844,37.780809666344],[-122.388857644467,37.780573402706],[-122.389116440021,37.780356999993],[-122.389570586942,37.77999439977],[-122.389590696096,37.77986128594]]},"properties":{":id":"row-2cug-gy3j-4zs2",":version":"rv-tfsi-7nna_qwst",":created_at":"2026-03-10T12:37:08.575Z",":updated_at":"2026-03-10T12:37:08.575Z","cnn":"7831201","corridor":"King St","limits":"The Embarcadero  -  02nd St","cnnrightleft":"R","blockside":"NorthWest","fullname":"Saturday","weekday":"Sat","fromhour":"1","tohour":"3","week1":"1","week2":"1","week3":"1","week4":"1","week5":"1","holidays":"1","blocksweepid":"1627904"}},{"type":"Feature","geometry":{"type":"LineString","coordinates":[[-122.422083785231,37.742197553341],[-122.422366459744,37.741760488778]]},"properties":{":id":"row-qrfq_gb34.ar8n",":version":"rv-73d3~i5rq~5crw",":created_at":"2026-03-10T12:37:08.575Z",":updated_at":"2026-03-10T12:37:08.575Z","cnn":"9138000","corridor":"Mission St","limits":"Eugenia Ave  -  Kingston St","cnnrightleft":"L","blockside":"SouthEast","fullname":"Saturday","weekday":"Sat","fromhour":"5","tohour":"7","week1":"1","week2":"1","week3":"1","week4":"1","week5":"1","holidays":"0","blocksweepid":"1619247"}},{"type":"Feature","geometry":{"type":"LineString","coordinates":[[-122.418445270656,37.752239454508],[-122.418287869549,37.750639649888]]},"properties":{":id":"row-berz.i3mw~r95z",":version":"rv-6rdy~e56v-mdy6",":created_at":"2026-03-10T12:37:08.575Z",":updated_at":"2026-03-10T12:37:08.575Z","cnn":"9126000","corridor":"Mission St","limits":"24th St  -  25th St","cnnrightleft":"L","blockside":"East","fullname":"Saturday","weekday":"Sat","fromhour":"4","tohour":"6","week1":"1","week2":"1","week3":"1","week4":"1","week5":"1","holidays":"0","blocksweepid":"1641351"}},{"type":"Feature","geometry":{"type":"LineString","coordinates":[[-122.402065729755,37.788721152431],[-122.402169690636,37.788700375183],[-122.402914480509,37.788111582733]]},"properties":{":id":"row-7vxm~yqxg.zcv8",":version":"rv-9uuw-cdxg-fxbq",":created_at":"2026-03-10T12:37:08.575Z",":updated_at":"2026-03-10T12:37:08.575Z","cnn":"8744201","corridor":"Market St","limits":"Montgomery St  -  Geary St","cnnrightleft":"R","blockside":"NorthWest","fullname":"Saturday","weekday":"Sat","fromhour":"5","tohour":"7","week1":"1","week2":"1","week3":"1","week4":"1","week5":"1","holidays":"1","blocksweepid":"1640571"}},{"type":"Feature","geometry":{"type":"LineString","coordinates":[[-122.404418427807,37.792638656361],[-122.404613421188,37.793565084245]]},"properties":{":id":"row-ug68~tpwy-5uaj",":version":"rv-8ymi~afcp~7vz8",":created_at":"2026-03-10T12:37:08.575Z",":updated_at":"2026-03-10T12:37:08.575Z","cnn":"7755000","corridor":"Kearny St","limits":"California St  -  Sacramento St","cnnrightleft":"R","blockside":"East","fullname":"Saturday","weekday":"Sat","fromhour":"2","tohour":"6","week1":"1","week2":"1","week3":"1","week4":"1","week5":"1","holidays":"0","blocksweepid":"1624002"}},{"type":"Feature","geometry":{"type":"LineString","coordinates":[[-122.416580343173,37.778657855353],[-122.416765523752,37.778675152695],[-122.418226581079,37.778489116769]]},"properties":{":id":"row-cggd_3rcz.6djm",":version":"rv-g8ex_qdt6.qp7b",":created_at":"2026-03-10T12:37:08.575Z",":updated_at":"2026-03-10T12:37:08.575Z","cnn":"6553000","corridor":"Grove St","limits":"Larkin St  -  Polk St","cnnrightleft":"L","blockside":"South","fullname":"Saturday","weekday":"Sat","fromhour":"2","tohour":"6","week1":"1","week2":"1","week3":"1","week4":"1","week5":"1","holidays":"0","blocksweepid":"1611823"}},{"type":"Feature","geometry":{"type":"LineString","coordinates":[[-122.405831010893,37.785743989136],[-122.405855695696,37.785662598251],[-122.407249593269,37.784568091829],[-122.407337040264,37.78456014194]]},"properties":{":id":"row-468x-y5ye_5ezr",":version":"rv-xdr6.v88w-865f",":created_at":"2026-03-10T12:37:08.575Z",":updated_at":"2026-03-10T12:37:08.575Z","cnn":"8747102","corridor":"Market St","limits":"Stockton St  -  Powell St","cnnrightleft":"L","blockside":null,"fullname":"Saturday","weekday":"Sat","fromhour":"5","tohour":"7","week1":"1","week2":"1","week3":"1","week4":"1","week5":"1","holidays":"1","blocksweepid":"1618081"}},{"type":"Feature","geometry":{"type":"LineString","coordinates":[[-122.405845727265,37.795223235249],[-122.406045235905,37.795198283594]]},"properties":{":id":"row-8hzi~36zf~w9hf",":version":"rv-8p64-3vwd_tb9a",":created_at":"2026-03-10T12:37:08.575Z",":updated_at":"2026-03-10T12:37:08.575Z","cnn":"13412000","corridor":"Washington St","limits":"Walter U Lum Pl  -  Wentworth Pl","cnnrightleft":"R","blockside":"North","fullname":"Saturday","weekday":"Sat","fromhour":"2","tohour":"6","week1":"1","week2":"1","week3":"1","week4":"1","week5":"1","holidays":"0","blocksweepid":"1625540"}},{"type":"Feature","geometry":{"type":"LineString","coordinates":[[-122.407691414493,37.780162025776],[-122.407159488015,37.779738905439]]},"properties":{":id":"row-mtef.gf53.h2ey",":version":"rv-xbey~34w4_hsxc",":created_at":"2026-03-10T12:37:08.575Z",":updated_at":"2026-03-10T12:37:08.575Z","cnn":"331000","corridor":"06th St","limits":"Natoma St  -  Howard St","cnnrightleft":"L","blockside":"NorthEast","fullname":"Saturday","weekday":"Sat","fromhour":"4","tohour":"6","week1":"1","week2":"1","week3":"1","week4":"1","week5":"1","holidays":"1","blocksweepid":"1614285"}},{"type":"Feature","geometry":{"type":"LineString","coordinates":[[-122.388306067817,37.781798235203],[-122.388096381576,37.781911818707],[-122.388075054816,37.782111737148],[-122.388069269869,37.782525077198],[-122.388024209994,37.783043157726],[-122.387966111775,37.78350724255],[-122.387893403703,37.784614723644],[-122.388023343662,37.78477361415]]},"properties":{":id":"row-zyfv_e9hq~h46v",":version":"rv-w8qv~gug2~uaqw",":created_at":"2026-03-10T12:37:08.575Z",":updated_at":"2026-03-10T12:37:08.575Z","cnn":"12547201","corridor":"The Embarcadero","limits":"Townsend St  -  Brannan St","cnnrightleft":"R","blockside":"East","fullname":"Saturday","weekday":"Sat","fromhour":"1","tohour":"3","week1":"1","week2":"1","week3":"1","week4":"1","week5":"1","holidays":"1","blocksweepid":"1624841"}},{"type":"Feature","geometry":{"type":"LineString","coordinates":[[-122.40895215881,37.783287852635],[-122.409251727129,37.783407443601],[-122.410764827715,37.78321431286]]},"properties":{":id":"row-56af.ckxd-euhi",":version":"rv-2xam-tv86-5q33",":created_at":"2026-03-10T12:37:08.575Z",":updated_at":"2026-03-10T12:37:08.575Z","cnn":"12716000","corridor":"Turk St","limits":"Market St  -  Taylor St","cnnrightleft":"R","blockside":"North","fullname":"Saturday","weekday":"Sat","fromhour":"2","tohour":"6","week1":"1","week2":"1","week3":"1","week4":"1","week5":"1","holidays":"0","blocksweepid":"1625132"}},{"type":"Feature","geometry":{"type":"LineString","coordinates":[[-122.406231389855,37.797920272777],[-122.406667930917,37.797864612499]]},"properties":{":id":"row-j9wa.x2g2~m4ja",":version":"rv-stca_4b8n_dwqu",":created_at":"2026-03-10T12:37:08.575Z",":updated_at":"2026-03-10T12:37:08.575Z","cnn":"3152000","corridor":"Broadway","limits":"Romolo St  -  Columbus Ave","cnnrightleft":"L","blockside":"South","fullname":"Saturday","weekday":"Sat","fromhour":"4","tohour":"6","week1":"1","week2":"1","week3":"1","week4":"1","week5":"1","holidays":"0","blocksweepid":"1627497"}},{"type":"Feature","geometry":{"type":"LineString","coordinates":[[-122.499058976811,37.73157606995],[-122.499344530633,37.731198779216],[-122.500896700388,37.729687527145],[-122.501492800423,37.728874627492],[-122.501770499044,37.728394038133]]},"properties":{":id":"row-v6ti-v2yr.igxj",":version":"rv-ev9x-rpka.ri2z",":created_at":"2026-03-10T12:37:08.575Z",":updated_at":"2026-03-10T12:37:08.575Z","cnn":"11940000","corridor":"Skyline Blvd","limits":"Lake Merced Blvd  -  Herbst Rd","cnnrightleft":"L","blockside":"SouthEast","fullname":"Saturday","weekday":"Sat","fromhour":"4","tohour":"6","week1":"1","week2":"1","week3":"1","week4":"1","week5":"1","holidays":"0","blocksweepid":"1611062"}},{"type":"Feature","geometry":{"type":"LineString","coordinates":[[-122.43479841318,37.724682554681],[-122.434870379142,37.724587706064]]},"properties":{":id":"row-5epc_3emk_kda5",":version":"rv-q3th-bkjv-2zjz",":created_at":"2026-03-10T12:37:08.575Z",":updated_at":"2026-03-10T12:37:08.575Z","cnn":"9164000","corridor":"Mission St","limits":"Brazil Ave  -  Norton St","cnnrightleft":"L","blockside":"SouthEast","fullname":"Saturday","weekday":"Sat","fromhour":"5","tohour":"7","week1":"1","week2":"1","week3":"1","week4":"1","week5":"1","holidays":"0","blocksweepid":"1619439"}},{"type":"Feature","geometry":{"type":"LineString","coordinates":[[-122.413161444271,37.786729744902],[-122.414806648356,37.7865198197]]},"properties":{":id":"row-jb63~yd9w.fqx6",":version":"rv-tsrw-7j8w~nfkc",":created_at":"2026-03-10T12:37:08.575Z",":updated_at":"2026-03-10T12:37:08.575Z","cnn":"6114000","corridor":"Geary St","limits":"Jones St  -  Leavenworth St","cnnrightleft":"R","blockside":"North","fullname":"Saturday","weekday":"Sat","fromhour":"6","tohour":"8","week1":"1","week2":"1","week3":"1","week4":"1","week5":"1","holidays":"0","blocksweepid":"1622095"}},{"type":"Feature","geometry":{"type":"LineString","coordinates":[[-122.415484750383,37.775607257424],[-122.41590817905,37.775272060559]]},"properties":{":id":"row-3cz3.4g48.dqmk",":version":"rv-nf3t.dc2z-c4ir",":created_at":"2026-03-10T12:37:08.575Z",":updated_at":"2026-03-10T12:37:08.575Z","cnn":"9107000","corridor":"Mission St","limits":"Grace St  -  10th St","cnnrightleft":"R","blockside":"NorthWest","fullname":"Saturday","weekday":"Sat","fromhour":"2","tohour":"6","week1":"1","week2":"1","week3":"1","week4":"1","week5":"1","holidays":"1","blocksweepid":"1618487"}},{"type":"Feature","geometry":{"type":"LineString","coordinates":[[-122.496635997254,37.733770843107],[-122.496770432638,37.733699938215],[-122.497251243498,37.733729647813],[-122.497707486594,37.733793125062],[-122.498050147765,37.733858526817],[-122.498483756471,37.733969859843],[-122.498948533095,37.734128137408],[-122.499154340355,37.734219595274],[-122.499196335499,37.734311616301]]},"properties":{":id":"row-r2iz-zr4t.e9ui",":version":"rv-xu43~fdhd.ixrh",":created_at":"2026-03-10T12:37:08.575Z",":updated_at":"2026-03-10T12:37:08.575Z","cnn":"11960101","corridor":"Sloat Blvd","limits":"39th Ave  -  41st Ave","cnnrightleft":"L","blockside":"South","fullname":"Saturday","weekday":"Sat","fromhour":"5","tohour":"7","week1":"1","week2":"1","week3":"1","week4":"1","week5":"1","holidays":"0","blocksweepid":"1621597"}},{"type":"Feature","geometry":{"type":"LineString","coordinates":[[-122.397574468067,37.789762598234],[-122.398315825613,37.789177330318]]},"properties":{":id":"row-cc2d_r4hb_cbkn",":version":"rv-tqhr.8kmm.nzha",":created_at":"2026-03-10T12:37:08.575Z",":updated_at":"2026-03-10T12:37:08.575Z","cnn":"9088000","corridor":"Mission St","limits":"01st St  -  Ecker St","cnnrightleft":"R","blockside":"NorthWest","fullname":"Saturday","weekday":"Sat","fromhour":"2","tohour":"6","week1":"1","week2":"1","week3":"1","week4":"1","week5":"1","holidays":"1","blocksweepid":"1618465"}},{"type":"Feature","geometry":{"type":"LineString","coordinates":[[-122.409775108526,37.786658874648],[-122.409874016327,37.787149143318]]},"properties":{":id":"row-8hmd~4hfy-8n8y",":version":"rv-6tuw_yz6v.pihq",":created_at":"2026-03-10T12:37:08.575Z",":updated_at":"2026-03-10T12:37:08.575Z","cnn":"8803000","corridor":"Mason St","limits":"Elwood St  -  Geary St","cnnrightleft":"L","blockside":"West","fullname":"Saturday","weekday":"Sat","fromhour":"2","tohour":"6","week1":"1","week2":"1","week3":"1","week4":"1","week5":"1","holidays":"0","blocksweepid":"1628010"}},{"type":"Feature","geometry":{"type":"LineString","coordinates":[[-122.447672442697,37.71074852298],[-122.448376961959,37.710372707695]]},"properties":{":id":"row-qhbq_q9hv_kgqz",":version":"rv-7kmm_8iji.iktw",":created_at":"2026-03-10T12:37:08.575Z",":updated_at":"2026-03-10T12:37:08.575Z","cnn":"9191000","corridor":"Mission St","limits":"Whipple Ave  -  Morse St","cnnrightleft":"L","blockside":"SouthEast","fullname":"Saturday","weekday":"Sat","fromhour":"5","tohour":"7","week1":"1","week2":"1","week3":"1","week4":"1","week5":"1","holidays":"0","blocksweepid":"1626581"}},{"type":"Feature","geometry":{"type":"LineString","coordinates":[[-122.392499329227,37.793768814045],[-122.392701723009,37.793818636008],[-122.392945351408,37.794027273561],[-122.393263730659,37.794229821433]]},"properties":{":id":"row-ke7q-4tza.gzei",":version":"rv-znvc_vzfq_kqfq",":created_at":"2026-03-10T12:37:08.575Z",":updated_at":"2026-03-10T12:37:08.575Z","cnn":"12553102","corridor":"The Embarcadero","limits":"Mission St  -  Don Chee Way","cnnrightleft":"L","blockside":null,"fullname":"Saturday","weekday":"Sat","fromhour":"1","tohour":"3","week1":"1","week2":"1","week3":"1","week4":"1","week5":"1","holidays":"1","blocksweepid":"1639518"}},{"type":"Feature","geometry":{"type":"LineString","coordinates":[[-122.421570115351,37.786618960963],[-122.421689381766,37.786688731831],[-122.421764812617,37.787061578799]]},"properties":{":id":"row-svgp-gf77_ec3c",":version":"rv-k5cp.fmtu.n3gz",":created_at":"2026-03-10T12:37:08.575Z",":updated_at":"2026-03-10T12:37:08.575Z","cnn":"13154101","corridor":"Van Ness Ave","limits":"Post St  -  Daniel Burnham Ct","cnnrightleft":"L","blockside":"West","fullname":"Saturday","weekday":"Sat","fromhour":"4","tohour":"6","week1":"1","week2":"1","week3":"1","week4":"1","week5":"1","holidays":"1","blocksweepid":"1640044"}},{"type":"Feature","geometry":{"type":"LineString","coordinates":[[-122.404796472442,37.794453004766],[-122.404875610531,37.794859533302]]},"properties":{":id":"row-qt9n.j8mq.jzmn",":version":"rv-jjm6-6qgy.vzmt",":created_at":"2026-03-10T12:37:08.575Z",":updated_at":"2026-03-10T12:37:08.575Z","cnn":"7758000","corridor":"Kearny St","limits":"Clay St  -  Merchant St","cnnrightleft":"R","blockside":"East","fullname":"Saturday","weekday":"Sat","fromhour":"2","tohour":"6","week1":"1","week2":"1","week3":"1","week4":"1","week5":"1","holidays":"0","blocksweepid":"1624005"}},{"type":"Feature","geometry":{"type":"LineString","coordinates":[[-122.392899420136,37.728489580514],[-122.392984736986,37.728454279704],[-122.393244105952,37.727874900265],[-122.393232786724,37.727733468261]]},"properties":{":id":"row-bex2~38v2~rpmv",":version":"rv-g4gw_hhn5.4m4b",":created_at":"2026-03-10T12:37:08.575Z",":updated_at":"2026-03-10T12:37:08.575Z","cnn":"221201","corridor":"03rd St","limits":"Lane St  -  Yosemite Ave","cnnrightleft":"R","blockside":"West","fullname":"Saturday","weekday":"Sat","fromhour":"2","tohour":"6","week1":"1","week2":"1","week3":"1","week4":"1","week5":"1","holidays":"0","blocksweepid":"1613891"}},{"type":"Feature","geometry":{"type":"LineString","coordinates":[[-122.433271579541,37.786085429391],[-122.43345991669,37.787020667721]]},"properties":{":id":"row-ntft_g4c9.amq9",":version":"rv-fvds_qb2d~kfyd",":created_at":"2026-03-10T12:37:08.575Z",":updated_at":"2026-03-10T12:37:08.575Z","cnn":"5549000","corridor":"Fillmore St","limits":"Sutter St  -  Bush St","cnnrightleft":"L","blockside":"West","fullname":"Saturday","weekday":"Sat","fromhour":"6","tohour":"8","week1":"1","week2":"1","week3":"1","week4":"1","week5":"1","holidays":"0","blocksweepid":"1631376"}},{"type":"Feature","geometry":{"type":"LineString","coordinates":[[-122.416449123004,37.786310218483],[-122.41808809815,37.786101039683]]},"properties":{":id":"row-inec~2png-a4gm",":version":"rv-zt8n.udn4_4wni",":created_at":"2026-03-10T12:37:08.575Z",":updated_at":"2026-03-10T12:37:08.575Z","cnn":"6116000","corridor":"Geary St","limits":"Hyde St  -  Larkin St","cnnrightleft":"R","blockside":"North","fullname":"Saturday","weekday":"Sat","fromhour":"6","tohour":"8","week1":"1","week2":"1","week3":"1","week4":"1","week5":"1","holidays":"0","blocksweepid":"1622097"}},{"type":"Feature","geometry":{"type":"LineString","coordinates":[[-122.406304985895,37.794263626856],[-122.406475551112,37.795144464814]]},"properties":{":id":"row-b8i8_a5z6_nu8b",":version":"rv-5rr8_6u5h_ba6i",":created_at":"2026-03-10T12:37:08.575Z",":updated_at":"2026-03-10T12:37:08.575Z","cnn":"6395000","corridor":"Grant Ave","limits":"Clay St  -  Washington St","cnnrightleft":"L","blockside":"West","fullname":"Saturday","weekday":"Sat","fromhour":"2","tohour":"6","week1":"1","week2":"1","week3":"1","week4":"1","week5":"1","holidays":"0","blocksweepid":"1606430"}},{"type":"Feature","geometry":{"type":"LineString","coordinates":[[-122.385696543951,37.717797082],[-122.386265013791,37.717178948313]]},"properties":{":id":"row-gguv.g5qj-syig",":version":"rv-ktjr-4c8i~dcg9",":created_at":"2026-03-10T12:37:08.575Z",":updated_at":"2026-03-10T12:37:08.575Z","cnn":"5589000","corridor":"Arelious Walker Dr","limits":"Fitzgerald Ave  -  Gilman Ave","cnnrightleft":"R","blockside":"NorthWest","fullname":"Saturday","weekday":"Sat","fromhour":"7","tohour":"8","week1":"1","week2":"1","week3":"1","week4":"1","week5":"1","holidays":"0","blocksweepid":"1627259"}},{"type":"Feature","geometry":{"type":"LineString","coordinates":[[-122.404583316994,37.786730565979],[-122.404608053735,37.786649009656],[-122.405013219483,37.786328681529]]},"properties":{":id":"row-ui6f-kmnz.8z6j",":version":"rv-gqzk_mgfi~k4x2",":created_at":"2026-03-10T12:37:08.575Z",":updated_at":"2026-03-10T12:37:08.575Z","cnn":"8746102","corridor":"Market St","limits":"O'Farrell St  -  Yerba Buena Ln","cnnrightleft":"L","blockside":null,"fullname":"Saturday","weekday":"Sat","fromhour":"5","tohour":"7","week1":"1","week2":"1","week3":"1","week4":"1","week5":"1","holidays":"1","blocksweepid":"1618079"}},{"type":"Feature","geometry":{"type":"LineString","coordinates":[[-122.40406849084,37.796064037438],[-122.404412160717,37.796302098069]]},"properties":{":id":"row-tr5x-raaj~fxhu",":version":"rv-a3xs_a7nj_wrb9",":created_at":"2026-03-10T12:37:08.575Z",":updated_at":"2026-03-10T12:37:08.575Z","cnn":"4287000","corridor":"Columbus Ave","limits":"Ils Ln  -  Jackson St","cnnrightleft":"R","blockside":"NorthEast","fullname":"Saturday","weekday":"Sat","fromhour":"4","tohour":"6","week1":"1","week2":"1","week3":"1","week4":"1","week5":"1","holidays":"0","blocksweepid":"1603284"}},{"type":"Feature","geometry":{"type":"LineString","coordinates":[[-122.397574468067,37.789762598234],[-122.398315825613,37.789177330318]]},"properties":{":id":"row-y53y_gp7v_4rw3",":version":"rv-jqfz~sfrc-6u46",":created_at":"2026-03-10T12:37:08.575Z",":updated_at":"2026-03-10T12:37:08.575Z","cnn":"9088000","corridor":"Mission St","limits":"01st St  -  Ecker St","cnnrightleft":"L","blockside":"SouthEast","fullname":"Saturday","weekday":"Sat","fromhour":"2","tohour":"6","week1":"1","week2":"1","week3":"1","week4":"1","week5":"1","holidays":"1","blocksweepid":"1618912"}},{"type":"Feature","geometry":{"type":"LineString","coordinates":[[-122.406667930917,37.797864612499],[-122.407082925661,37.798152056594]]},"properties":{":id":"row-2sny.d895-mgag",":version":"rv-24sx-yizf~88ar",":created_at":"2026-03-10T12:37:08.575Z",":updated_at":"2026-03-10T12:37:08.575Z","cnn":"4292000","corridor":"Columbus Ave","limits":"Broadway  -  Grant Ave","cnnrightleft":"R","blockside":"NorthEast","fullname":"Saturday","weekday":"Sat","fromhour":"4","tohour":"6","week1":"1","week2":"1","week3":"1","week4":"1","week5":"1","holidays":"0","blocksweepid":"1603289"}},{"type":"Feature","geometry":{"type":"LineString","coordinates":[[-122.432911793243,37.727177551268],[-122.433357449495,37.726588202549]]},"properties":{":id":"row-9ghm_kkt7_g9qq",":version":"rv-wnex_9k2z~4g5w",":created_at":"2026-03-10T12:37:08.575Z",":updated_at":"2026-03-10T12:37:08.575Z","cnn":"9159000","corridor":"Mission St","limits":"Cotter St  -  Francis St","cnnrightleft":"R","blockside":"NorthWest","fullname":"Saturday","weekday":"Sat","fromhour":"5","tohour":"7","week1":"1","week2":"1","week3":"1","week4":"1","week5":"1","holidays":"0","blocksweepid":"1626230"}},{"type":"Feature","geometry":{"type":"LineString","coordinates":[[-122.396463331941,37.720740037154],[-122.39663556324,37.720363783378],[-122.39661702614,37.720230912546]]},"properties":{":id":"row-k23g-jade~i9d2",":version":"rv-vep5~fveq~5pxv",":created_at":"2026-03-10T12:37:08.575Z",":updated_at":"2026-03-10T12:37:08.575Z","cnn":"230202","corridor":"03rd St","limits":"Salinas Ave  -  Jamestown Ave","cnnrightleft":"R","blockside":"West","fullname":"Saturday","weekday":"Sat","fromhour":"2","tohour":"6","week1":"1","week2":"1","week3":"1","week4":"1","week5":"1","holidays":"0","blocksweepid":"1613901"}},{"type":"Feature","geometry":{"type":"LineString","coordinates":[[-122.419512737159,37.763429273393],[-122.41947628774,37.763050839627]]},"properties":{":id":"row-b426.mmcq~yfzw",":version":"rv-xmuv_rbc3.43gx",":created_at":"2026-03-10T12:37:08.575Z",":updated_at":"2026-03-10T12:37:08.575Z","cnn":"9117000","corridor":"Mission St","limits":"17th St  -  Clarion Aly","cnnrightleft":"R","blockside":"West","fullname":"Saturday","weekday":"Sat","fromhour":"4","tohour":"6","week1":"1","week2":"1","week3":"1","week4":"1","week5":"1","holidays":"0","blocksweepid":"1619053"}},{"type":"Feature","geometry":{"type":"LineString","coordinates":[[-122.472843993683,37.780630787456],[-122.472941058859,37.780555577675],[-122.47383763354,37.780514909042],[-122.473982470231,37.780575382328]]},"properties":{":id":"row-ngdp~9w8h.tk2s",":version":"rv-hivc~cjst-brp7",":created_at":"2026-03-10T12:37:08.575Z",":updated_at":"2026-03-10T12:37:08.575Z","cnn":"6071101","corridor":"Geary Blvd","limits":"14th Ave  -  15th Ave","cnnrightleft":"L","blockside":"South","fullname":"Saturday","weekday":"Sat","fromhour":"7","tohour":"8","week1":"1","week2":"1","week3":"1","week4":"1","week5":"1","holidays":"0","blocksweepid":"1621912"}},{"type":"Feature","geometry":{"type":"LineString","coordinates":[[-122.38958738061,37.737955395853],[-122.389561158751,37.737842639584],[-122.389775083446,37.737235835531],[-122.389864462449,37.737169532209]]},"properties":{":id":"row-ac84_8dsf.pvgs",":version":"rv-9c3q-zinm~7ss7",":created_at":"2026-03-10T12:37:08.575Z",":updated_at":"2026-03-10T12:37:08.575Z","cnn":"208101","corridor":"03rd St","limits":"Kirkwood Ave  -  La Salle Ave","cnnrightleft":"L","blockside":"East","fullname":"Saturday","weekday":"Sat","fromhour":"2","tohour":"6","week1":"1","week2":"1","week3":"1","week4":"1","week5":"1","holidays":"0","blocksweepid":"1629131"}},{"type":"Feature","geometry":{"type":"LineString","coordinates":[[-122.415862792697,37.748212150197],[-122.416009364804,37.74825124655],[-122.418046635483,37.748211247886],[-122.418221170888,37.748165688851]]},"properties":{":id":"row-nnut~v6vi~mfad",":version":"rv-kiwv~s4c2.2bw6",":created_at":"2026-03-10T12:37:08.575Z",":updated_at":"2026-03-10T12:37:08.575Z","cnn":"2488201","corridor":"Cesar Chavez St","limits":"South Van Ness Ave  -  Mission St","cnnrightleft":"L","blockside":"South","fullname":"Saturday","weekday":"Sat","fromhour":"8","tohour":"10","week1":"1","week2":"1","week3":"1","week4":"1","week5":"1","holidays":"0","blocksweepid":"1629613"}},{"type":"Feature","geometry":{"type":"LineString","coordinates":[[-122.414241572962,37.78372378285],[-122.41443019869,37.784657140749]]},"properties":{":id":"row-aue4.842a_3dys",":version":"rv-amrh_tazh-ipkx",":created_at":"2026-03-10T12:37:08.575Z",":updated_at":"2026-03-10T12:37:08.575Z","cnn":"8241000","corridor":"Leavenworth St","limits":"Eddy St  -  Ellis St","cnnrightleft":"L","blockside":"West","fullname":"Saturday","weekday":"Sat","fromhour":"6","tohour":"8","week1":"1","week2":"1","week3":"1","week4":"1","week5":"1","holidays":"0","blocksweepid":"1616825"}},{"type":"Feature","geometry":{"type":"LineString","coordinates":[[-122.407016163317,37.797822302287],[-122.40861884556,37.797627561973]]},"properties":{":id":"row-p3rs_z2ns_va5j",":version":"rv-wymx-mqvr.rpez",":created_at":"2026-03-10T12:37:08.575Z",":updated_at":"2026-03-10T12:37:08.575Z","cnn":"3154000","corridor":"Broadway","limits":"Grant Ave  -  Stockton St","cnnrightleft":"R","blockside":"North","fullname":"Saturday","weekday":"Sat","fromhour":"4","tohour":"6","week1":"1","week2":"1","week3":"1","week4":"1","week5":"1","holidays":"0","blocksweepid":"1627489"}},{"type":"Feature","geometry":{"type":"LineString","coordinates":[[-122.413718750001,37.802743201913],[-122.414876784876,37.803542324741]]},"properties":{":id":"row-jupa~8dma~ktx9",":version":"rv-zwa8.unqm~geik",":created_at":"2026-03-10T12:37:08.575Z",":updated_at":"2026-03-10T12:37:08.575Z","cnn":"4301000","corridor":"Columbus Ave","limits":"Lombard St  -  Taylor St","cnnrightleft":"L","blockside":"SouthWest","fullname":"Saturday","weekday":"Sat","fromhour":"4","tohour":"6","week1":"1","week2":"1","week3":"1","week4":"1","week5":"1","holidays":"0","blocksweepid":"1637361"}},{"type":"Feature","geometry":{"type":"LineString","coordinates":[[-122.412595276786,37.783932576959],[-122.412782128368,37.784866245085]]},"properties":{":id":"row-p8du.3rgu_82pt",":version":"rv-yhi9~rq8f~zxjh",":created_at":"2026-03-10T12:37:08.575Z",":updated_at":"2026-03-10T12:37:08.575Z","cnn":"7566000","corridor":"Jones St","limits":"Eddy St  -  Ellis St","cnnrightleft":"L","blockside":"West","fullname":"Saturday","weekday":"Sat","fromhour":"6","tohour":"8","week1":"1","week2":"1","week3":"1","week4":"1","week5":"1","holidays":"0","blocksweepid":"1597562"}},{"type":"Feature","geometry":{"type":"LineString","coordinates":[[-122.389865003356,37.774551171444],[-122.389774562427,37.774429923809],[-122.389639300696,37.773014933902],[-122.38971674082,37.772930795071]]},"properties":{":id":"row-gvnf.nt6b-e9nb",":version":"rv-n55w-6egp-xmtd",":created_at":"2026-03-10T12:37:08.575Z",":updated_at":"2026-03-10T12:37:08.575Z","cnn":"184101","corridor":"03rd St","limits":"Channel    -  Mission Rock St","cnnrightleft":"L","blockside":null,"fullname":"Saturday","weekday":"Sat","fromhour":"2","tohour":"6","week1":"1","week2":"1","week3":"1","week4":"1","week5":"1","holidays":"0","blocksweepid":"1628953"}},{"type":"Feature","geometry":{"type":"LineString","coordinates":[[-122.406944628746,37.797468973132],[-122.407016163317,37.797822302287]]},"properties":{":id":"row-ifuc.j3ju-qhu5",":version":"rv-xmh7~jd6s-ppeg",":created_at":"2026-03-10T12:37:08.575Z",":updated_at":"2026-03-10T12:37:08.575Z","cnn":"6399000","corridor":"Grant Ave","limits":"Jack Kerouac Aly  -  Broadway","cnnrightleft":"L","blockside":"West","fullname":"Saturday","weekday":"Sat","fromhour":"2","tohour":"6","week1":"1","week2":"1","week3":"1","week4":"1","week5":"1","holidays":"0","blocksweepid":"1606434"}},{"type":"Feature","geometry":{"type":"LineString","coordinates":[[-122.456295739929,37.781381282491],[-122.456367376717,37.78130044583],[-122.457636289848,37.781243621896],[-122.45773304353,37.781314586071]]},"properties":{":id":"row-wnch.caz8_d8yp",":version":"rv-djfs.f2u4-9ums",":created_at":"2026-03-10T12:37:08.575Z",":updated_at":"2026-03-10T12:37:08.575Z","cnn":"6055101","corridor":"Geary Blvd","limits":"Stanyan St  -  Palm Ave","cnnrightleft":"L","blockside":"South","fullname":"Saturday","weekday":"Sat","fromhour":"7","tohour":"8","week1":"1","week2":"1","week3":"1","week4":"1","week5":"1","holidays":"0","blocksweepid":"1621896"}},{"type":"Feature","geometry":{"type":"LineString","coordinates":[[-122.405512936056,37.797064590557],[-122.406226437742,37.797558810251]]},"properties":{":id":"row-27ce_9hwk-j9nt",":version":"rv-khbe-netx~pbh5",":created_at":"2026-03-10T12:37:08.575Z",":updated_at":"2026-03-10T12:37:08.575Z","cnn":"4290000","corridor":"Columbus Ave","limits":"Pacific Ave  -  Jack Kerouac Aly","cnnrightleft":"R","blockside":"NorthEast","fullname":"Saturday","weekday":"Sat","fromhour":"4","tohour":"6","week1":"1","week2":"1","week3":"1","week4":"1","week5":"1","holidays":"0","blocksweepid":"1603287"}},{"type":"Feature","geometry":{"type":"LineString","coordinates":[[-122.391840525275,37.778125697956],[-122.392013647994,37.778099306371],[-122.394048263715,37.776492213756],[-122.394035065718,37.776332976564]]},"properties":{":id":"row-i4rp.iqvs_d6x5",":version":"rv-x8tz.8nbm.k5ja",":created_at":"2026-03-10T12:37:08.575Z",":updated_at":"2026-03-10T12:37:08.575Z","cnn":"7833201","corridor":"King St","limits":"03rd St  -  04th St","cnnrightleft":"R","blockside":"NorthWest","fullname":"Saturday","weekday":"Sat","fromhour":"1","tohour":"3","week1":"1","week2":"1","week3":"1","week4":"1","week5":"1","holidays":"1","blocksweepid":"1627906"}},{"type":"Feature","geometry":{"type":"LineString","coordinates":[[-122.405288396517,37.796909057292],[-122.405318329414,37.797089847723]]},"properties":{":id":"row-knib_tzzu_mj87",":version":"rv-6mr3.9vsn.2mtk",":created_at":"2026-03-10T12:37:08.575Z",":updated_at":"2026-03-10T12:37:08.575Z","cnn":"7762000","corridor":"Kearny St","limits":"Columbus Ave  -  Pacific Ave","cnnrightleft":"L","blockside":"West","fullname":"Saturday","weekday":"Sat","fromhour":"4","tohour":"6","week1":"1","week2":"1","week3":"1","week4":"1","week5":"1","holidays":"0","blocksweepid":"1624120"}},{"type":"Feature","geometry":{"type":"LineString","coordinates":[[-122.419443735953,37.762712867057],[-122.419359267521,37.761835855191]]},"properties":{":id":"row-tw94.jkvc.3w68",":version":"rv-2hke-793m.v3vr",":created_at":"2026-03-10T12:37:08.575Z",":updated_at":"2026-03-10T12:37:08.575Z","cnn":"9119000","corridor":"Mission St","limits":"Sycamore St  -  18th St","cnnrightleft":"L","blockside":"East","fullname":"Saturday","weekday":"Sat","fromhour":"4","tohour":"6","week1":"1","week2":"1","week3":"1","week4":"1","week5":"1","holidays":"0","blocksweepid":"1641343"}},{"type":"Feature","geometry":{"type":"LineString","coordinates":[[-122.412969666673,37.785789584224],[-122.413161444271,37.786729744902]]},"properties":{":id":"row-cngm.h6yi_yj9c",":version":"rv-33rb~4gcb-ncxv",":created_at":"2026-03-10T12:37:08.575Z",":updated_at":"2026-03-10T12:37:08.575Z","cnn":"7570000","corridor":"Jones St","limits":"O'Farrell St  -  Geary St","cnnrightleft":"L","blockside":"West","fullname":"Saturday","weekday":"Sat","fromhour":"6","tohour":"8","week1":"1","week2":"1","week3":"1","week4":"1","week5":"1","holidays":"0","blocksweepid":"1597566"}},{"type":"Feature","geometry":{"type":"LineString","coordinates":[[-122.407016163317,37.797822302287],[-122.40861884556,37.797627561973]]},"properties":{":id":"row-bbgv_zj58~ka78",":version":"rv-yg6n.e8qw-y86a",":created_at":"2026-03-10T12:37:08.575Z",":updated_at":"2026-03-10T12:37:08.575Z","cnn":"3154000","corridor":"Broadway","limits":"Grant Ave  -  Stockton St","cnnrightleft":"L","blockside":"South","fullname":"Saturday","weekday":"Sat","fromhour":"4","tohour":"6","week1":"1","week2":"1","week3":"1","week4":"1","week5":"1","holidays":"0","blocksweepid":"1627499"}},{"type":"Feature","geometry":{"type":"LineString","coordinates":[[-122.417618571016,37.783777523379],[-122.419273432237,37.783567785618]]},"properties":{":id":"row-aixd.gijv-4wtr",":version":"rv-3zqx.2btm-n7i6",":created_at":"2026-03-10T12:37:08.575Z",":updated_at":"2026-03-10T12:37:08.575Z","cnn":"13662000","corridor":"Willow St","limits":"Larkin St  -  Polk St","cnnrightleft":"L","blockside":"South","fullname":"Saturday","weekday":"Sat","fromhour":"4","tohour":"6","week1":"1","week2":"1","week3":"1","week4":"1","week5":"1","holidays":"1","blocksweepid":"1627694"}},{"type":"Feature","geometry":{"type":"LineString","coordinates":[[-122.450883666773,37.709412742176],[-122.452664721847,37.708806337672]]},"properties":{":id":"row-8g3u.85ae-yrhf",":version":"rv-943t-9qr5~raxw",":created_at":"2026-03-10T12:37:08.575Z",":updated_at":"2026-03-10T12:37:08.575Z","cnn":"9196000","corridor":"Mission St","limits":"Lawrence Ave  -  Sickles Ave","cnnrightleft":"L","blockside":"South","fullname":"Saturday","weekday":"Sat","fromhour":"5","tohour":"7","week1":"1","week2":"1","week3":"1","week4":"1","week5":"1","holidays":"0","blocksweepid":"1626586"}},{"type":"Feature","geometry":{"type":"LineString","coordinates":[[-122.407266741027,37.795043667683],[-122.407485197343,37.795015975068]]},"properties":{":id":"row-3pjd.yspj_nnzd",":version":"rv-njvi~xh4r_ndm7",":created_at":"2026-03-10T12:37:08.575Z",":updated_at":"2026-03-10T12:37:08.575Z","cnn":"13416000","corridor":"Washington St","limits":"Ross Aly  -  Spofford Ln","cnnrightleft":"R","blockside":"North","fullname":"Saturday","weekday":"Sat","fromhour":"2","tohour":"6","week1":"1","week2":"1","week3":"1","week4":"1","week5":"1","holidays":"0","blocksweepid":"1625544"}},{"type":"Feature","geometry":{"type":"LineString","coordinates":[[-122.410486689606,37.765605838496],[-122.411455262539,37.765547605077]]},"properties":{":id":"row-mwhv~gckc.gsfu",":version":"rv-44bd-yi4u.4vt7",":created_at":"2026-03-10T12:37:08.575Z",":updated_at":"2026-03-10T12:37:08.575Z","cnn":"717000","corridor":"16th St","limits":"Bryant St  -  Florida St","cnnrightleft":"L","blockside":"South","fullname":"Saturday","weekday":"Sat","fromhour":"2","tohour":"6","week1":"1","week2":"1","week3":"1","week4":"1","week5":"1","holidays":"1","blocksweepid":"1601888"}},{"type":"Feature","geometry":{"type":"LineString","coordinates":[[-122.412782128368,37.784866245085],[-122.412904373759,37.784842292141],[-122.414303023582,37.784664214294],[-122.41443019869,37.784657140749]]},"properties":{":id":"row-u2gd_37t5-eyhy",":version":"rv-42eu.m3yx_36q3",":created_at":"2026-03-10T12:37:08.575Z",":updated_at":"2026-03-10T12:37:08.575Z","cnn":"5174000","corridor":"Ellis St","limits":"Jones St  -  Leavenworth St","cnnrightleft":"R","blockside":"North","fullname":"Saturday","weekday":"Sat","fromhour":"6","tohour":"8","week1":"1","week2":"1","week3":"1","week4":"1","week5":"1","holidays":"0","blocksweepid":"1610133"}},{"type":"Feature","geometry":{"type":"LineString","coordinates":[[-122.4070544855,37.738457886555],[-122.406999703845,37.7380943408],[-122.40691050416,37.737965866897]]},"properties":{":id":"row-vkzq~fzma.96bm",":version":"rv-9jh7.rhkx_5jub",":created_at":"2026-03-10T12:37:08.575Z",":updated_at":"2026-03-10T12:37:08.575Z","cnn":"2801203","corridor":"Bay Shore Blvd","limits":"San Bruno Ave  -  Industrial St","cnnrightleft":"R","blockside":"West","fullname":"Saturday","weekday":"Sat","fromhour":"0","tohour":"2","week1":"1","week2":"1","week3":"1","week4":"1","week5":"1","holidays":"1","blocksweepid":"1613299"}},{"type":"Feature","geometry":{"type":"LineString","coordinates":[[-122.38971674082,37.772930795071],[-122.38976074123,37.772833414337],[-122.389690951075,37.772103321351],[-122.389611482614,37.771997938535]]},"properties":{":id":"row-vcze~wme3_77qu",":version":"rv-9xet.x4f7.dkkm",":created_at":"2026-03-10T12:37:08.575Z",":updated_at":"2026-03-10T12:37:08.575Z","cnn":"185201","corridor":"03rd St","limits":"Mission Rock St  -  End:  Block","cnnrightleft":"R","blockside":null,"fullname":"Saturday","weekday":"Sat","fromhour":"2","tohour":"6","week1":"1","week2":"1","week3":"1","week4":"1","week5":"1","holidays":"0","blocksweepid":"1613848"}},{"type":"Feature","geometry":{"type":"LineString","coordinates":[[-122.415505178457,37.781654261888],[-122.417145611924,37.781447495006]]},"properties":{":id":"row-9yqw.nvpg.jct3",":version":"rv-28e7-4ifz_8vui",":created_at":"2026-03-10T12:37:08.575Z",":updated_at":"2026-03-10T12:37:08.575Z","cnn":"6263000","corridor":"Golden Gate Ave","limits":"Hyde St  -  Larkin St","cnnrightleft":"R","blockside":"North","fullname":"Saturday","weekday":"Sat","fromhour":"6","tohour":"8","week1":"1","week2":"1","week3":"1","week4":"1","week5":"1","holidays":"0","blocksweepid":"1622290"}},{"type":"Feature","geometry":{"type":"LineString","coordinates":[[-122.437149524136,37.721575001258],[-122.437209107783,37.721549603882],[-122.437457087217,37.721222175385],[-122.437461139482,37.721163548823]]},"properties":{":id":"row-np3w.tdvj_pbdg",":version":"rv-q2eb.3f79-hgdu",":created_at":"2026-03-10T12:37:08.575Z",":updated_at":"2026-03-10T12:37:08.575Z","cnn":"9171201","corridor":"Mission St","limits":"Russia Ave  -  Onondaga Ave","cnnrightleft":"R","blockside":"NorthWest","fullname":"Saturday","weekday":"Sat","fromhour":"5","tohour":"7","week1":"1","week2":"1","week3":"1","week4":"1","week5":"1","holidays":"0","blocksweepid":"1626242"}},{"type":"Feature","geometry":{"type":"LineString","coordinates":[[-122.387414888343,37.712563489258],[-122.387531815869,37.712820017114],[-122.387586700438,37.713032205815],[-122.387603081193,37.713302433793],[-122.387609064801,37.713538073138],[-122.387633924335,37.71376736516],[-122.38768847886,37.714041515299],[-122.387795955632,37.714600418319],[-122.387840000017,37.714835446913],[-122.387881642662,37.715050870084],[-122.387918596529,37.715231612451],[-122.387965941194,37.715383877268],[-122.388135958822,37.715897952583],[-122.388158343531,37.716004524635],[-122.388130509241,37.716298216102]]},"properties":{":id":"row-6qd5.p3ct~cqyr",":version":"rv-ae6a_gjcn.g2uv",":created_at":"2026-03-10T12:37:08.575Z",":updated_at":"2026-03-10T12:37:08.575Z","cnn":"6170000","corridor":"Giants Dr","limits":"Giants Dr  -  Ingerson Ave","cnnrightleft":"L","blockside":"West","fullname":"Saturday","weekday":"Sat","fromhour":"7","tohour":"8","week1":"1","week2":"1","week3":"1","week4":"1","week5":"1","holidays":"0","blocksweepid":"1606221"}},{"type":"Feature","geometry":{"type":"LineString","coordinates":[[-122.394852049217,37.720175221605],[-122.396272841569,37.720981529973]]},"properties":{":id":"row-zxer_zwr2_mm86",":version":"rv-qdjr.pd4u_9ty9",":created_at":"2026-03-10T12:37:08.575Z",":updated_at":"2026-03-10T12:37:08.575Z","cnn":"7252000","corridor":"Ingerson Ave","limits":"Jennings St  -  03rd St","cnnrightleft":"R","blockside":"NorthEast","fullname":"Saturday","weekday":"Sat","fromhour":"7","tohour":"8","week1":"1","week2":"1","week3":"1","week4":"1","week5":"1","holidays":"0","blocksweepid":"1623569"}},{"type":"Feature","geometry":{"type":"LineString","coordinates":[[-122.41158013318,37.766841389246],[-122.411455262539,37.765547605077]]},"properties":{":id":"row-ef6n.g3c2-zaxx",":version":"rv-45jc~yhy8_6k7f",":created_at":"2026-03-10T12:37:08.575Z",":updated_at":"2026-03-10T12:37:08.575Z","cnn":"5619000","corridor":"Florida St","limits":"15th St  -  16th St","cnnrightleft":"L","blockside":"East","fullname":"Saturday","weekday":"Sat","fromhour":"2","tohour":"6","week1":"1","week2":"1","week3":"1","week4":"1","week5":"1","holidays":"1","blocksweepid":"1610387"}},{"type":"Feature","geometry":{"type":"LineString","coordinates":[[-122.412413343787,37.778045328617],[-122.413157691449,37.777457419935]]},"properties":{":id":"row-ra47_9syw-h7g5",":version":"rv-tnaq.wgni~chqw",":created_at":"2026-03-10T12:37:08.575Z",":updated_at":"2026-03-10T12:37:08.575Z","cnn":"9102000","corridor":"Mission St","limits":"Julia St  -  08th St","cnnrightleft":"L","blockside":"SouthEast","fullname":"Saturday","weekday":"Sat","fromhour":"2","tohour":"6","week1":"1","week2":"1","week3":"1","week4":"1","week5":"1","holidays":"1","blocksweepid":"1618928"}},{"type":"Feature","geometry":{"type":"LineString","coordinates":[[-122.412881239572,37.785353823175],[-122.412969666673,37.785789584224]]},"properties":{":id":"row-st58_7dp4.43t3",":version":"rv-f64w.2k7x.byu6",":created_at":"2026-03-10T12:37:08.575Z",":updated_at":"2026-03-10T12:37:08.575Z","cnn":"7569000","corridor":"Jones St","limits":"Steveloe Pl  -  O'Farrell St","cnnrightleft":"L","blockside":"West","fullname":"Saturday","weekday":"Sat","fromhour":"6","tohour":"8","week1":"1","week2":"1","week3":"1","week4":"1","week5":"1","holidays":"0","blocksweepid":"1597565"}},{"type":"Feature","geometry":{"type":"LineString","coordinates":[[-122.405831010893,37.785743989136],[-122.407852519844,37.785491560352]]},"properties":{":id":"row-998m.7wur_mvgn",":version":"rv-3yit.bmia-yryh",":created_at":"2026-03-10T12:37:08.575Z",":updated_at":"2026-03-10T12:37:08.575Z","cnn":"5169000","corridor":"Ellis St","limits":"Market St  -  Powell St","cnnrightleft":"R","blockside":"North","fullname":"Saturday","weekday":"Sat","fromhour":"6","tohour":"8","week1":"1","week2":"1","week3":"1","week4":"1","week5":"1","holidays":"0","blocksweepid":"1610128"}},{"type":"Feature","geometry":{"type":"LineString","coordinates":[[-122.419086067987,37.807803117552],[-122.420743267337,37.807590106843]]},"properties":{":id":"row-8ugg-8a4m.iz92",":version":"rv-cm44_ygju_st97",":created_at":"2026-03-10T12:37:08.575Z",":updated_at":"2026-03-10T12:37:08.575Z","cnn":"7459000","corridor":"Jefferson St","limits":"Leavenworth St  -  Hyde St","cnnrightleft":"L","blockside":"South","fullname":"Saturday","weekday":"Sat","fromhour":"1","tohour":"3","week1":"1","week2":"1","week3":"1","week4":"1","week5":"1","holidays":"1","blocksweepid":"1597395"}},{"type":"Feature","geometry":{"type":"LineString","coordinates":[[-122.402025419687,37.786248152145],[-122.40148983584,37.785829214079]]},"properties":{":id":"row-9ecx.tni8_2mv5",":version":"rv-j8ad-c4q7.fszi",":created_at":"2026-03-10T12:37:08.575Z",":updated_at":"2026-03-10T12:37:08.575Z","cnn":"166000","corridor":"03rd St","limits":"Mission St  -  Minna St","cnnrightleft":"L","blockside":"NorthEast","fullname":"Saturday","weekday":"Sat","fromhour":"2","tohour":"6","week1":"1","week2":"1","week3":"1","week4":"1","week5":"1","holidays":"0","blocksweepid":"1628623"}},{"type":"Feature","geometry":{"type":"LineString","coordinates":[[-122.419454542879,37.78450084397],[-122.419547853966,37.784960259485]]},"properties":{":id":"row-pm7x~2y2g-iswx",":version":"rv-ueru-ek5u.nrwj",":created_at":"2026-03-10T12:37:08.575Z",":updated_at":"2026-03-10T12:37:08.575Z","cnn":"10558000","corridor":"Polk St","limits":"Olive St  -  O'Farrell St","cnnrightleft":"L","blockside":"West","fullname":"Saturday","weekday":"Sat","fromhour":"6","tohour":"8","week1":"1","week2":"1","week3":"1","week4":"1","week5":"1","holidays":"0","blocksweepid":"1619948"}},{"type":"Feature","geometry":{"type":"LineString","coordinates":[[-122.421239593381,37.764956459787],[-122.421381475782,37.764947887772]]},"properties":{":id":"row-tcuf_4ken-6x9m",":version":"rv-fcy4.kb6w.uxpb",":created_at":"2026-03-10T12:37:08.575Z",":updated_at":"2026-03-10T12:37:08.575Z","cnn":"730000","corridor":"16th St","limits":"Rondel Pl  -  Caledonia St","cnnrightleft":"L","blockside":"South","fullname":"Saturday","weekday":"Sat","fromhour":"2","tohour":"6","week1":"1","week2":"1","week3":"1","week4":"1","week5":"1","holidays":"1","blocksweepid":"1601941"}},{"type":"Feature","geometry":{"type":"LineString","coordinates":[[-122.40222863939,37.798429702041],[-122.403075017383,37.798323274712]]},"properties":{":id":"row-qmnd-cgwe_az3b",":version":"rv-hgxh-85w5.ky2c",":created_at":"2026-03-10T12:37:08.575Z",":updated_at":"2026-03-10T12:37:08.575Z","cnn":"3146000","corridor":"Broadway","limits":"Sansome St  -  Osgood Pl","cnnrightleft":"R","blockside":"North","fullname":"Saturday","weekday":"Sat","fromhour":"4","tohour":"6","week1":"1","week2":"1","week3":"1","week4":"1","week5":"1","holidays":"0","blocksweepid":"1635090"}},{"type":"Feature","geometry":{"type":"LineString","coordinates":[[-122.419668972896,37.765051337402],[-122.420482492199,37.765002196919]]},"properties":{":id":"row-vhsd-wskf.vfuu",":version":"rv-zgyk_icm4_s6xy",":created_at":"2026-03-10T12:37:08.575Z",":updated_at":"2026-03-10T12:37:08.575Z","cnn":"726000","corridor":"16th St","limits":"Mission St  -  Wiese St","cnnrightleft":"L","blockside":"South","fullname":"Saturday","weekday":"Sat","fromhour":"2","tohour":"6","week1":"1","week2":"1","week3":"1","week4":"1","week5":"1","holidays":"1","blocksweepid":"1601937"}},{"type":"Feature","geometry":{"type":"LineString","coordinates":[[-122.399358490876,37.788354170243],[-122.399798024477,37.788007160065]]},"properties":{":id":"row-hyde-x242_w928",":version":"rv-ku93.qchc.q72z",":created_at":"2026-03-10T12:37:08.575Z",":updated_at":"2026-03-10T12:37:08.575Z","cnn":"9091000","corridor":"Mission St","limits":"Anthony St  -  02nd St","cnnrightleft":"R","blockside":"NorthWest","fullname":"Saturday","weekday":"Sat","fromhour":"2","tohour":"6","week1":"1","week2":"1","week3":"1","week4":"1","week5":"1","holidays":"1","blocksweepid":"1618468"}},{"type":"Feature","geometry":{"type":"LineString","coordinates":[[-122.441554284708,37.71575344485],[-122.441691159313,37.715572699572]]},"properties":{":id":"row-9bni.5sgv_vrq7",":version":"rv-a7ar.iryy.pe7k",":created_at":"2026-03-10T12:37:08.575Z",":updated_at":"2026-03-10T12:37:08.575Z","cnn":"9179000","corridor":"Mission St","limits":"Rolph St  -  Niagara Ave","cnnrightleft":"L","blockside":"SouthEast","fullname":"Saturday","weekday":"Sat","fromhour":"5","tohour":"7","week1":"1","week2":"1","week3":"1","week4":"1","week5":"1","holidays":"0","blocksweepid":"1626569"}},{"type":"Feature","geometry":{"type":"LineString","coordinates":[[-122.387456310816,37.749004758693],[-122.387515973869,37.74891209271],[-122.387281453319,37.74633135295],[-122.387174218361,37.746157127786]]},"properties":{":id":"row-gd3c.hsam.d9b8",":version":"rv-nuau_vfgh.u6k4",":created_at":"2026-03-10T12:37:08.575Z",":updated_at":"2026-03-10T12:37:08.575Z","cnn":"197201","corridor":"03rd St","limits":"Marin St  -  Cargo Way","cnnrightleft":"R","blockside":"West","fullname":"Saturday","weekday":"Sat","fromhour":"2","tohour":"6","week1":"1","week2":"1","week3":"1","week4":"1","week5":"1","holidays":"0","blocksweepid":"1613866"}},{"type":"Feature","geometry":{"type":"LineString","coordinates":[[-122.418618215796,37.773053454473],[-122.418474340749,37.772874738664],[-122.41831107516,37.772344172829],[-122.418352033444,37.772222179964]]},"properties":{":id":"row-9c6e_a68s_nc7u",":version":"rv-2cx5-87ap-5qxe",":created_at":"2026-03-10T12:37:08.575Z",":updated_at":"2026-03-10T12:37:08.575Z","cnn":"12016101","corridor":"South Van Ness Ave","limits":"Mission St  -  12th St","cnnrightleft":"L","blockside":"East","fullname":"Saturday","weekday":"Sat","fromhour":"4","tohour":"6","week1":"1","week2":"1","week3":"1","week4":"1","week5":"1","holidays":"1","blocksweepid":"1611088"}},{"type":"Feature","geometry":{"type":"LineString","coordinates":[[-122.421886446144,37.764917378514],[-122.422853414265,37.764858950385]]},"properties":{":id":"row-fy8h~mp9k~etbm",":version":"rv-iwsg-e6mn-7y7b",":created_at":"2026-03-10T12:37:08.575Z",":updated_at":"2026-03-10T12:37:08.575Z","cnn":"732000","corridor":"16th St","limits":"Valencia St  -  Albion St","cnnrightleft":"L","blockside":"South","fullname":"Saturday","weekday":"Sat","fromhour":"2","tohour":"6","week1":"1","week2":"1","week3":"1","week4":"1","week5":"1","holidays":"1","blocksweepid":"1601943"}},{"type":"Feature","geometry":{"type":"LineString","coordinates":[[-122.389466688445,37.769757143257],[-122.389387180442,37.768925320764],[-122.389307715802,37.768819937334]]},"properties":{":id":"row-spik~xc2x_rmqj",":version":"rv-7a5h~x3pr-s63a",":created_at":"2026-03-10T12:37:08.575Z",":updated_at":"2026-03-10T12:37:08.575Z","cnn":"185207","corridor":"03rd St","limits":"Start:  Block  -  South Street","cnnrightleft":"R","blockside":null,"fullname":"Saturday","weekday":"Sat","fromhour":"2","tohour":"6","week1":"1","week2":"1","week3":"1","week4":"1","week5":"1","holidays":"0","blocksweepid":"1613853"}},{"type":"Feature","geometry":{"type":"LineString","coordinates":[[-122.503104759293,37.735466491501],[-122.503218860485,37.735550898535],[-122.504185330568,37.735557882752]]},"properties":{":id":"row-jnsu_jyiv-q76r",":version":"rv-2ux9~6kzc.yma5",":created_at":"2026-03-10T12:37:08.575Z",":updated_at":"2026-03-10T12:37:08.575Z","cnn":"11963201","corridor":"Sloat Blvd","limits":"45th Ave  -  46th Ave","cnnrightleft":"R","blockside":"North","fullname":"Saturday","weekday":"Sat","fromhour":"5","tohour":"7","week1":"1","week2":"1","week3":"1","week4":"1","week5":"1","holidays":"0","blocksweepid":"1605660"}},{"type":"Feature","geometry":{"type":"LineString","coordinates":[[-122.424852598549,37.77074774518],[-122.424879423409,37.770656894152],[-122.426200328497,37.769618675796],[-122.426309438393,37.769602597207]]},"properties":{":id":"row-jigb~6s2z~azsi",":version":"rv-sh6m_ma9m.77kt",":created_at":"2026-03-10T12:37:08.575Z",":updated_at":"2026-03-10T12:37:08.575Z","cnn":"8761101","corridor":"Market St","limits":"Laguna St  -  Buchanan St","cnnrightleft":"L","blockside":"SouthEast","fullname":"Saturday","weekday":"Sat","fromhour":"2","tohour":"6","week1":"1","week2":"1","week3":"1","week4":"1","week5":"1","holidays":"1","blocksweepid":"1640942"}},{"type":"Feature","geometry":{"type":"LineString","coordinates":[[-122.439438471855,37.715672554478],[-122.439385480151,37.715593363212],[-122.438780450617,37.715322006289],[-122.438624156544,37.715307332956]]},"properties":{":id":"row-zv4d_ifxc~hdwn",":version":"rv-63kp.7qmu_8qqa",":created_at":"2026-03-10T12:37:08.575Z",":updated_at":"2026-03-10T12:37:08.575Z","cnn":"6140201","corridor":"Geneva Ave","limits":"Paris St  -  Lisbon St","cnnrightleft":"L","blockside":"NorthEast","fullname":"Saturday","weekday":"Sat","fromhour":"6","tohour":"8","week1":"1","week2":"1","week3":"1","week4":"1","week5":"1","holidays":"0","blocksweepid":"1633033"}},{"type":"Feature","geometry":{"type":"LineString","coordinates":[[-122.40753225935,37.794107501563],[-122.407903301695,37.794060297444]]},"properties":{":id":"row-kvqq_2iyi.pg6y",":version":"rv-dfd2-gccv~vtbg",":created_at":"2026-03-10T12:37:08.575Z",":updated_at":"2026-03-10T12:37:08.575Z","cnn":"4091002","corridor":"Clay St","limits":"Hangah St  -  Stockton St","cnnrightleft":"R","blockside":null,"fullname":"Saturday","weekday":"Sat","fromhour":"2","tohour":"6","week1":"1","week2":"1","week3":"1","week4":"1","week5":"1","holidays":"0","blocksweepid":"1637064"}},{"type":"Feature","geometry":{"type":"LineString","coordinates":[[-122.408401550082,37.788293193917],[-122.408595045243,37.789225614915]]},"properties":{":id":"row-ipei_8s5v~3m8d",":version":"rv-8667~c47z-m2tj",":created_at":"2026-03-10T12:37:08.575Z",":updated_at":"2026-03-10T12:37:08.575Z","cnn":"10679000","corridor":"Powell St","limits":"Post St  -  Sutter St","cnnrightleft":"R","blockside":"East","fullname":"Saturday","weekday":"Sat","fromhour":"2","tohour":"6","week1":"1","week2":"1","week3":"1","week4":"1","week5":"1","holidays":"0","blocksweepid":"1619828"}},{"type":"Feature","geometry":{"type":"LineString","coordinates":[[-122.394940237623,37.791842090331],[-122.395813421117,37.791152808467]]},"properties":{":id":"row-qczj-mbfp-qeda",":version":"rv-5ngs~eniy_2jdc",":created_at":"2026-03-10T12:37:08.575Z",":updated_at":"2026-03-10T12:37:08.575Z","cnn":"9085000","corridor":"Mission St","limits":"Main St  -  Beale St","cnnrightleft":"L","blockside":"SouthEast","fullname":"Saturday","weekday":"Sat","fromhour":"2","tohour":"6","week1":"1","week2":"1","week3":"1","week4":"1","week5":"1","holidays":"1","blocksweepid":"1618909"}},{"type":"Feature","geometry":{"type":"LineString","coordinates":[[-122.419825234384,37.766673601906],[-122.419668972896,37.765051337402]]},"properties":{":id":"row-vrzz_een3_jcv9",":version":"rv-nfhb.wsib~g6up",":created_at":"2026-03-10T12:37:08.575Z",":updated_at":"2026-03-10T12:37:08.575Z","cnn":"9115000","corridor":"Mission St","limits":"15th St  -  16th St","cnnrightleft":"R","blockside":"West","fullname":"Saturday","weekday":"Sat","fromhour":"4","tohour":"6","week1":"1","week2":"1","week3":"1","week4":"1","week5":"1","holidays":"0","blocksweepid":"1626196"}},{"type":"Feature","geometry":{"type":"LineString","coordinates":[[-122.446091130186,37.711592021277],[-122.446383348638,37.711436150087]]},"properties":{":id":"row-8qcx.eduh-dwfd",":version":"rv-wxnk-i95h~r7s9",":created_at":"2026-03-10T12:37:08.575Z",":updated_at":"2026-03-10T12:37:08.575Z","cnn":"9189000","corridor":"Mission St","limits":"Naglee Ave  -  Lowell St","cnnrightleft":"R","blockside":"NorthWest","fullname":"Saturday","weekday":"Sat","fromhour":"5","tohour":"7","week1":"1","week2":"1","week3":"1","week4":"1","week5":"1","holidays":"0","blocksweepid":"1600093"}},{"type":"Feature","geometry":{"type":"LineString","coordinates":[[-122.424040148497,37.737406246878],[-122.424063399557,37.73723972967],[-122.424235083638,37.736737479973]]},"properties":{":id":"row-d73c~2ph8_a8mq",":version":"rv-xsyf.tdz3~q45y",":created_at":"2026-03-10T12:37:08.575Z",":updated_at":"2026-03-10T12:37:08.575Z","cnn":"9144000","corridor":"Mission St","limits":"Highland Ave  -  Park St","cnnrightleft":"R","blockside":"West","fullname":"Saturday","weekday":"Sat","fromhour":"5","tohour":"7","week1":"1","week2":"1","week3":"1","week4":"1","week5":"1","holidays":"0","blocksweepid":"1626215"}},{"type":"Feature","geometry":{"type":"LineString","coordinates":[[-122.420901270457,37.764976898832],[-122.421239593381,37.764956459787]]},"properties":{":id":"row-7pf3.6kg9-9rts",":version":"rv-updt.ndg3.d2vs",":created_at":"2026-03-10T12:37:08.575Z",":updated_at":"2026-03-10T12:37:08.575Z","cnn":"729000","corridor":"16th St","limits":"Julian Ave  -  Rondel Pl","cnnrightleft":"R","blockside":"North","fullname":"Saturday","weekday":"Sat","fromhour":"2","tohour":"6","week1":"1","week2":"1","week3":"1","week4":"1","week5":"1","holidays":"1","blocksweepid":"1628522"}},{"type":"Feature","geometry":{"type":"LineString","coordinates":[[-122.502621381277,37.730211704042],[-122.502467360996,37.730094561802],[-122.502108521045,37.729501858984],[-122.501770499044,37.728394038133]]},"properties":{":id":"row-mwra_cep9~9j4y",":version":"rv-hiyf-p4u2~qb4y",":created_at":"2026-03-10T12:37:08.575Z",":updated_at":"2026-03-10T12:37:08.575Z","cnn":"13797000","corridor":"Herbst St","limits":"Armory Rd  -  Skyline Blvd","cnnrightleft":"R","blockside":"West","fullname":"Saturday","weekday":"Sat","fromhour":"0","tohour":"2","week1":"1","week2":"1","week3":"1","week4":"1","week5":"1","holidays":"1","blocksweepid":"385538"}},{"type":"Feature","geometry":{"type":"LineString","coordinates":[[-122.387794890027,37.787097239396],[-122.387669648653,37.787174747595],[-122.38766192791,37.787306618242],[-122.387722934456,37.788035178058],[-122.38773793662,37.788260470495],[-122.38786793302,37.788724663624],[-122.387930146328,37.788907396737],[-122.38803176644,37.789129740011],[-122.388291302878,37.789538391272],[-122.388481187069,37.789571918889]]},"properties":{":id":"row-98b9.wji4~hph9",":version":"rv-c56h_53is.aexx",":created_at":"2026-03-10T12:37:08.575Z",":updated_at":"2026-03-10T12:37:08.575Z","cnn":"12549201","corridor":"The Embarcadero","limits":"Bryant St  -  Harrison St","cnnrightleft":"R","blockside":"East","fullname":"Saturday","weekday":"Sat","fromhour":"1","tohour":"3","week1":"1","week2":"1","week3":"1","week4":"1","week5":"1","holidays":"1","blocksweepid":"1624843"}},{"type":"Feature","geometry":{"type":"LineString","coordinates":[[-122.415802425062,37.808214054175],[-122.41744593863,37.808013324233]]},"properties":{":id":"row-c8k9_x8f2-indj",":version":"rv-9cuw~6kyf.jcz7",":created_at":"2026-03-10T12:37:08.575Z",":updated_at":"2026-03-10T12:37:08.575Z","cnn":"7457000","corridor":"Jefferson St","limits":"Taylor St  -  Jones St","cnnrightleft":"L","blockside":"South","fullname":"Saturday","weekday":"Sat","fromhour":"1","tohour":"3","week1":"1","week2":"1","week3":"1","week4":"1","week5":"1","holidays":"1","blocksweepid":"1597393"}},{"type":"Feature","geometry":{"type":"LineString","coordinates":[[-122.415862792697,37.748212150197],[-122.41600513949,37.748153487746],[-122.418069410015,37.748113033124],[-122.418221170888,37.748165688851]]},"properties":{":id":"row-zdmj_49nb~f2sx",":version":"rv-3cpz.4wvk~a8fp",":created_at":"2026-03-10T12:37:08.575Z",":updated_at":"2026-03-10T12:37:08.575Z","cnn":"2488101","corridor":"Cesar Chavez St","limits":"South Van Ness Ave  -  Mission St","cnnrightleft":"R","blockside":"North","fullname":"Saturday","weekday":"Sat","fromhour":"8","tohour":"10","week1":"1","week2":"1","week3":"1","week4":"1","week5":"1","holidays":"0","blocksweepid":"1636938"}},{"type":"Feature","geometry":{"type":"LineString","coordinates":[[-122.419443735953,37.762712867057],[-122.419359267521,37.761835855191]]},"properties":{":id":"row-pvhx-xwg8.cdts",":version":"rv-t4gj-eyc4~aaej",":created_at":"2026-03-10T12:37:08.575Z",":updated_at":"2026-03-10T12:37:08.575Z","cnn":"9119000","corridor":"Mission St","limits":"Sycamore St  -  18th St","cnnrightleft":"R","blockside":"West","fullname":"Saturday","weekday":"Sat","fromhour":"4","tohour":"6","week1":"1","week2":"1","week3":"1","week4":"1","week5":"1","holidays":"0","blocksweepid":"1619055"}},{"type":"Feature","geometry":{"type":"LineString","coordinates":[[-122.399459824575,37.784213640123],[-122.398930331179,37.783784933736]]},"properties":{":id":"row-4mpv_s3rk_ym8r",":version":"rv-8rar~jbex-4wcg",":created_at":"2026-03-10T12:37:08.575Z",":updated_at":"2026-03-10T12:37:08.575Z","cnn":"169000","corridor":"03rd St","limits":"Clementina St  -  Folsom St","cnnrightleft":"R","blockside":"SouthWest","fullname":"Saturday","weekday":"Sat","fromhour":"2","tohour":"6","week1":"1","week2":"1","week3":"1","week4":"1","week5":"1","holidays":"0","blocksweepid":"1628698"}},{"type":"Feature","geometry":{"type":"LineString","coordinates":[[-122.419011533299,37.758199785454],[-122.41890102877,37.757035402008]]},"properties":{":id":"row-w45q_9ixp-r7ew",":version":"rv-jbh9.ryep.7s9u",":created_at":"2026-03-10T12:37:08.575Z",":updated_at":"2026-03-10T12:37:08.575Z","cnn":"9122002","corridor":"Mission St","limits":"Catherine Ct  -  21st St","cnnrightleft":"L","blockside":null,"fullname":"Saturday","weekday":"Sat","fromhour":"4","tohour":"6","week1":"1","week2":"1","week3":"1","week4":"1","week5":"1","holidays":"0","blocksweepid":"1641347"}},{"type":"Feature","geometry":{"type":"LineString","coordinates":[[-122.417104135557,37.774325287386],[-122.41718651098,37.774226333359],[-122.417649272937,37.773841986278],[-122.418030232412,37.773474420272]]},"properties":{":id":"row-i5ny_z8ti.j96x",":version":"rv-e6gq-zttj_t6ie",":created_at":"2026-03-10T12:37:08.575Z",":updated_at":"2026-03-10T12:37:08.575Z","cnn":"9109101","corridor":"Mission St","limits":"11th St  -  Lafayette St","cnnrightleft":"L","blockside":"SouthEast","fullname":"Saturday","weekday":"Sat","fromhour":"2","tohour":"6","week1":"1","week2":"1","week3":"1","week4":"1","week5":"1","holidays":"1","blocksweepid":"1618935"}},{"type":"Feature","geometry":{"type":"LineString","coordinates":[[-122.416291701103,37.777493843394],[-122.416391512057,37.777469367321],[-122.417471475238,37.776618140143],[-122.417501462483,37.776540893509]]},"properties":{":id":"row-93sz.t497~557j",":version":"rv-7pc6_n9ez.8rmy",":created_at":"2026-03-10T12:37:08.575Z",":updated_at":"2026-03-10T12:37:08.575Z","cnn":"8753201","corridor":"Market St","limits":"Larkin St  -  Polk St","cnnrightleft":"R","blockside":"NorthWest","fullname":"Saturday","weekday":"Sat","fromhour":"5","tohour":"7","week1":"1","week2":"1","week3":"1","week4":"1","week5":"1","holidays":"1","blocksweepid":"1640585"}},{"type":"Feature","geometry":{"type":"LineString","coordinates":[[-122.39661702614,37.720230912546],[-122.39661314457,37.720061515712],[-122.396854466855,37.719528280764],[-122.396954352132,37.719476578525]]},"properties":{":id":"row-nqb3_p5d2~x5zb",":version":"rv-kgrc-rz47_v7gb",":created_at":"2026-03-10T12:37:08.575Z",":updated_at":"2026-03-10T12:37:08.575Z","cnn":"231101","corridor":"03rd St","limits":"Jamestown Ave  -  Key Ave","cnnrightleft":"L","blockside":"East","fullname":"Saturday","weekday":"Sat","fromhour":"2","tohour":"6","week1":"1","week2":"1","week3":"1","week4":"1","week5":"1","holidays":"0","blocksweepid":"1629157"}},{"type":"Feature","geometry":{"type":"LineString","coordinates":[[-122.388315530569,37.757939705629],[-122.388379927761,37.757839479709],[-122.388189894883,37.756603134545],[-122.388089217463,37.755480972923],[-122.388001120426,37.75538988496]]},"properties":{":id":"row-r7qa~zbew_jzuw",":version":"rv-as6s.qi69.xk9v",":created_at":"2026-03-10T12:37:08.575Z",":updated_at":"2026-03-10T12:37:08.575Z","cnn":"191201","corridor":"03rd St","limits":"22nd St  -  23rd St","cnnrightleft":"R","blockside":"West","fullname":"Saturday","weekday":"Sat","fromhour":"2","tohour":"6","week1":"1","week2":"1","week3":"1","week4":"1","week5":"1","holidays":"0","blocksweepid":"1613860"}},{"type":"Feature","geometry":{"type":"LineString","coordinates":[[-122.430181237448,37.729859826169],[-122.430260367924,37.729831712163],[-122.43080481405,37.729283831977],[-122.430809255803,37.729227846343]]},"properties":{":id":"row-ghnt.r6cy.gscy",":version":"rv-54ej.4ubn-9k6s",":created_at":"2026-03-10T12:37:08.575Z",":updated_at":"2026-03-10T12:37:08.575Z","cnn":"9153201","corridor":"Mission St","limits":"Admiral Ave  -  Maynard St","cnnrightleft":"R","blockside":"NorthWest","fullname":"Saturday","weekday":"Sat","fromhour":"5","tohour":"7","week1":"1","week2":"1","week3":"1","week4":"1","week5":"1","holidays":"0","blocksweepid":"1626224"}},{"type":"Feature","geometry":{"type":"LineString","coordinates":[[-122.440249956955,37.787112456459],[-122.440312056513,37.787186801995],[-122.440472351891,37.787989622444],[-122.440440114256,37.788067165619]]},"properties":{":id":"row-swyy~bakq_4j9r",":version":"rv-7kxb~ewnw-e2p7",":created_at":"2026-03-10T12:37:08.575Z",":updated_at":"2026-03-10T12:37:08.575Z","cnn":"4816101","corridor":"Divisadero St","limits":"Pine St  -  California St","cnnrightleft":"L","blockside":"West","fullname":"Saturday","weekday":"Sat","fromhour":"6","tohour":"8","week1":"1","week2":"1","week3":"1","week4":"1","week5":"1","holidays":"0","blocksweepid":"1637235"}},{"type":"Feature","geometry":{"type":"LineString","coordinates":[[-122.388507729452,37.750205975381],[-122.389478017801,37.75014510759]]},"properties":{":id":"row-5y3c.urvn-v7sa",":version":"rv-gwzr_npp4-4fxt",":created_at":"2026-03-10T12:37:08.575Z",":updated_at":"2026-03-10T12:37:08.575Z","cnn":"2469000","corridor":"Cesar Chavez St","limits":"Tennessee St  -  Minnesota St","cnnrightleft":"R","blockside":"North","fullname":"Saturday","weekday":"Sat","fromhour":"0","tohour":"2","week1":"1","week2":"1","week3":"1","week4":"1","week5":"1","holidays":"1","blocksweepid":"1629579"}},{"type":"Feature","geometry":{"type":"LineString","coordinates":[[-122.413676360884,37.780926855234],[-122.415315614941,37.780719176738]]},"properties":{":id":"row-bsdm.qasr.ykuu",":version":"rv-v2f3.5dcc~2nht",":created_at":"2026-03-10T12:37:08.575Z",":updated_at":"2026-03-10T12:37:08.575Z","cnn":"8890000","corridor":"McAllister St","limits":"Leavenworth St  -  Hyde St","cnnrightleft":"R","blockside":"North","fullname":"Saturday","weekday":"Sat","fromhour":"2","tohour":"6","week1":"1","week2":"1","week3":"1","week4":"1","week5":"1","holidays":"0","blocksweepid":"1599648"}},{"type":"Feature","geometry":{"type":"LineString","coordinates":[[-122.476169188894,37.780475849877],[-122.47627984129,37.780405009988],[-122.477107615531,37.780370840915],[-122.477239888062,37.780439636793]]},"properties":{":id":"row-mer2.f5ue_ruhv",":version":"rv-yzzx_4kv4_w9ew",":created_at":"2026-03-10T12:37:08.575Z",":updated_at":"2026-03-10T12:37:08.575Z","cnn":"6074101","corridor":"Geary Blvd","limits":"17th Ave  -  18th Ave","cnnrightleft":"L","blockside":"South","fullname":"Saturday","weekday":"Sat","fromhour":"7","tohour":"8","week1":"1","week2":"1","week3":"1","week4":"1","week5":"1","holidays":"0","blocksweepid":"1621915"}},{"type":"Feature","geometry":{"type":"LineString","coordinates":[[-122.41744593863,37.808013324233],[-122.419086067987,37.807803117552]]},"properties":{":id":"row-qeea-ja69_xff2",":version":"rv-smjk.5eqd.azm9",":created_at":"2026-03-10T12:37:08.575Z",":updated_at":"2026-03-10T12:37:08.575Z","cnn":"7458000","corridor":"Jefferson St","limits":"Jones St  -  Leavenworth St","cnnrightleft":"R","blockside":"North","fullname":"Saturday","weekday":"Sat","fromhour":"1","tohour":"3","week1":"1","week2":"1","week3":"1","week4":"1","week5":"1","holidays":"1","blocksweepid":"1597419"}},{"type":"Feature","geometry":{"type":"LineString","coordinates":[[-122.476423522207,37.754242188203],[-122.477548503129,37.754192711805]]},"properties":{":id":"row-chgh_qm5x_7hct",":version":"rv-ts56-gi54-sh74",":created_at":"2026-03-10T12:37:08.575Z",":updated_at":"2026-03-10T12:37:08.575Z","cnn":"9653000","corridor":"Noriega St","limits":"19th Ave  -  20th Ave","cnnrightleft":"L","blockside":"South","fullname":"Saturday","weekday":"Sat","fromhour":"2","tohour":"6","week1":"1","week2":"1","week3":"1","week4":"1","week5":"1","holidays":"0","blocksweepid":"1615547"}},{"type":"Feature","geometry":{"type":"LineString","coordinates":[[-122.41607173455,37.78444884161],[-122.417706749819,37.784235738923]]},"properties":{":id":"row-dqf4.zwbn-795p",":version":"rv-nmqf.vvx4_emkc",":created_at":"2026-03-10T12:37:08.575Z",":updated_at":"2026-03-10T12:37:08.575Z","cnn":"5177000","corridor":"Ellis St","limits":"Hyde St  -  Larkin St","cnnrightleft":"R","blockside":"North","fullname":"Saturday","weekday":"Sat","fromhour":"6","tohour":"8","week1":"1","week2":"1","week3":"1","week4":"1","week5":"1","holidays":"0","blocksweepid":"1610136"}},{"type":"Feature","geometry":{"type":"LineString","coordinates":[[-122.395622760624,37.72243160376],[-122.395745973156,37.722326435736],[-122.395976901127,37.72181992958],[-122.395943826939,37.721715880382]]},"properties":{":id":"row-bacs-vrmu_u3je",":version":"rv-tx32~eqx6-vgky",":created_at":"2026-03-10T12:37:08.575Z",":updated_at":"2026-03-10T12:37:08.575Z","cnn":"228201","corridor":"03rd St","limits":"Gilman Ave  -  Hollister Ave","cnnrightleft":"R","blockside":"West","fullname":"Saturday","weekday":"Sat","fromhour":"2","tohour":"6","week1":"1","week2":"1","week3":"1","week4":"1","week5":"1","holidays":"0","blocksweepid":"1613898"}},{"type":"Feature","geometry":{"type":"LineString","coordinates":[[-122.422328954916,37.79036965946],[-122.422454786173,37.790471874834],[-122.422598619541,37.791182753331],[-122.422514943906,37.791288891217]]},"properties":{":id":"row-6d84_8see~cswn",":version":"rv-zcnk_59qy~hmns",":created_at":"2026-03-10T12:37:08.575Z",":updated_at":"2026-03-10T12:37:08.575Z","cnn":"13158101","corridor":"Van Ness Ave","limits":"California St  -  Sacramento St","cnnrightleft":"L","blockside":"West","fullname":"Saturday","weekday":"Sat","fromhour":"4","tohour":"6","week1":"1","week2":"1","week3":"1","week4":"1","week5":"1","holidays":"1","blocksweepid":"1640051"}},{"type":"Feature","geometry":{"type":"LineString","coordinates":[[-122.391599410583,37.717526158823],[-122.392389136026,37.717885959295],[-122.392613258163,37.717958654686]]},"properties":{":id":"row-wad2~9cq2.npxh",":version":"rv-ifp2.bsm3~gn8x",":created_at":"2026-03-10T12:37:08.575Z",":updated_at":"2026-03-10T12:37:08.575Z","cnn":"7430000","corridor":"Jamestown Ave","limits":"Hawes St  -  Redondo St","cnnrightleft":"R","blockside":"NorthEast","fullname":"Saturday","weekday":"Sat","fromhour":"7","tohour":"8","week1":"1","week2":"1","week3":"1","week4":"1","week5":"1","holidays":"0","blocksweepid":"1597363"}},{"type":"Feature","geometry":{"type":"LineString","coordinates":[[-122.496635997254,37.733770843107],[-122.496855695719,37.733866555054],[-122.497025042741,37.733880654324],[-122.497486754483,37.733925049785],[-122.498030765052,37.734027391438],[-122.498606199229,37.73418616745],[-122.499032502695,37.734359339806],[-122.499196335499,37.734311616301]]},"properties":{":id":"row-3dxc.iwej-qajz",":version":"rv-7frw.hukr_htpd",":created_at":"2026-03-10T12:37:08.575Z",":updated_at":"2026-03-10T12:37:08.575Z","cnn":"11960201","corridor":"Sloat Blvd","limits":"39th Ave  -  41st Ave","cnnrightleft":"L","blockside":"South","fullname":"Saturday","weekday":"Sat","fromhour":"5","tohour":"7","week1":"1","week2":"1","week3":"1","week4":"1","week5":"1","holidays":"0","blocksweepid":"1605683"}},{"type":"Feature","geometry":{"type":"LineString","coordinates":[[-122.505257352258,37.735475288106],[-122.505376115589,37.735569694881],[-122.506135124963,37.735571117801]]},"properties":{":id":"row-6zg2_fnvd~hwnq",":version":"rv-ivjd~bfvd-33kx",":created_at":"2026-03-10T12:37:08.575Z",":updated_at":"2026-03-10T12:37:08.575Z","cnn":"11964201","corridor":"Sloat Blvd","limits":"47th Ave  -  Lower Great Hwy","cnnrightleft":"L","blockside":"South","fullname":"Saturday","weekday":"Sat","fromhour":"5","tohour":"7","week1":"1","week2":"1","week3":"1","week4":"1","week5":"1","holidays":"0","blocksweepid":"1605690"}},{"type":"Feature","geometry":{"type":"LineString","coordinates":[[-122.486552072443,37.729585010642],[-122.486420779258,37.729606247775],[-122.485643363148,37.729386834943],[-122.485295539808,37.72908754863],[-122.483924357659,37.727457028093],[-122.483828263282,37.727136213204],[-122.483864395827,37.727019523181]]},"properties":{":id":"row-a64r-i86r.zgjw",":version":"rv-d24h.3drn~4fer",":created_at":"2026-03-10T12:37:08.575Z",":updated_at":"2026-03-10T12:37:08.575Z","cnn":"8047101","corridor":"Lake Merced Blvd","limits":"Middlefield Dr  -  Winston Dr","cnnrightleft":"R","blockside":"SouthWest","fullname":"Saturday","weekday":"Sat","fromhour":"4","tohour":"6","week1":"1","week2":"1","week3":"1","week4":"1","week5":"1","holidays":"0","blocksweepid":"1597919"}},{"type":"Feature","geometry":{"type":"LineString","coordinates":[[-122.415505178457,37.781654261888],[-122.415693872616,37.782585033233]]},"properties":{":id":"row-vx3p~i8cf~amyb",":version":"rv-e7qi.5tzc-siyz",":created_at":"2026-03-10T12:37:08.575Z",":updated_at":"2026-03-10T12:37:08.575Z","cnn":"7115000","corridor":"Hyde St","limits":"Golden Gate Ave  -  Turk St","cnnrightleft":"L","blockside":"West","fullname":"Saturday","weekday":"Sat","fromhour":"6","tohour":"8","week1":"1","week2":"1","week3":"1","week4":"1","week5":"1","holidays":"0","blocksweepid":"1608320"}},{"type":"Feature","geometry":{"type":"LineString","coordinates":[[-122.419255606289,37.775147074542],[-122.419357088629,37.775128466495],[-122.42023068393,37.774438277599],[-122.4202542788,37.774358674821]]},"properties":{":id":"row-bgse_42aw.h6ce",":version":"rv-hd6y-h7xx~ruwe",":created_at":"2026-03-10T12:37:08.575Z",":updated_at":"2026-03-10T12:37:08.575Z","cnn":"8755201","corridor":"Market St","limits":"Van Ness Ave  -  Page St","cnnrightleft":"R","blockside":"NorthWest","fullname":"Saturday","weekday":"Sat","fromhour":"2","tohour":"6","week1":"1","week2":"1","week3":"1","week4":"1","week5":"1","holidays":"1","blocksweepid":"1625848"}},{"type":"Feature","geometry":{"type":"LineString","coordinates":[[-122.402025419687,37.786248152145],[-122.40148983584,37.785829214079]]},"properties":{":id":"row-kc6i~rrz4_aymb",":version":"rv-rfet_9jud.3e4d",":created_at":"2026-03-10T12:37:08.575Z",":updated_at":"2026-03-10T12:37:08.575Z","cnn":"166000","corridor":"03rd St","limits":"Mission St  -  Minna St","cnnrightleft":"R","blockside":"SouthWest","fullname":"Saturday","weekday":"Sat","fromhour":"2","tohour":"6","week1":"1","week2":"1","week3":"1","week4":"1","week5":"1","holidays":"0","blocksweepid":"1628695"}},{"type":"Feature","geometry":{"type":"LineString","coordinates":[[-122.418598509318,37.780260133266],[-122.420033641199,37.780080160641],[-122.420247184087,37.78007469645]]},"properties":{":id":"row-3h63~jwgi.me95",":version":"rv-ifxn_7ph4.w4jz",":created_at":"2026-03-10T12:37:08.575Z",":updated_at":"2026-03-10T12:37:08.575Z","cnn":"8894000","corridor":"McAllister St","limits":"Polk St  -  Van Ness Ave","cnnrightleft":"R","blockside":"North","fullname":"Saturday","weekday":"Sat","fromhour":"2","tohour":"6","week1":"1","week2":"1","week3":"1","week4":"1","week5":"1","holidays":"0","blocksweepid":"1599652"}},{"type":"Feature","geometry":{"type":"LineString","coordinates":[[-122.465829024177,37.740891974907],[-122.465919606075,37.740833080389],[-122.466233843268,37.740447153215],[-122.466557697357,37.740147879488],[-122.466977163433,37.739778174201],[-122.46699101446,37.739723499871]]},"properties":{":id":"row-pnhq~ynsv~nd7g",":version":"rv-7rj2.xst2-f3gc",":created_at":"2026-03-10T12:37:08.575Z",":updated_at":"2026-03-10T12:37:08.575Z","cnn":"13577201","corridor":"West Portal Ave","limits":"Ulloa St  -  Vicente St","cnnrightleft":"R","blockside":"NorthWest","fullname":"Saturday","weekday":"Sat","fromhour":"5","tohour":"7","week1":"1","week2":"1","week3":"1","week4":"1","week5":"1","holidays":"0","blocksweepid":"1601145"}},{"type":"Feature","geometry":{"type":"LineString","coordinates":[[-122.393544809626,37.718487362478],[-122.395431474804,37.719558105472]]},"properties":{":id":"row-wbnr-nj3t.nd3h",":version":"rv-cdms-3pb2.ffz9",":created_at":"2026-03-10T12:37:08.575Z",":updated_at":"2026-03-10T12:37:08.575Z","cnn":"7432000","corridor":"Jamestown Ave","limits":"Ingalls St  -  Jennings St","cnnrightleft":"R","blockside":"NorthEast","fullname":"Saturday","weekday":"Sat","fromhour":"7","tohour":"8","week1":"1","week2":"1","week3":"1","week4":"1","week5":"1","holidays":"0","blocksweepid":"1597365"}},{"type":"Feature","geometry":{"type":"LineString","coordinates":[[-122.40729400525,37.794137811566],[-122.40753225935,37.794107501563]]},"properties":{":id":"row-v2ce.5x9h~a3vj",":version":"rv-wwp6-dyzr~p9aa",":created_at":"2026-03-10T12:37:08.575Z",":updated_at":"2026-03-10T12:37:08.575Z","cnn":"4091001","corridor":"Clay St","limits":"Spofford St  -  Hangah St","cnnrightleft":"R","blockside":null,"fullname":"Saturday","weekday":"Sat","fromhour":"2","tohour":"6","week1":"1","week2":"1","week3":"1","week4":"1","week5":"1","holidays":"0","blocksweepid":"1637063"}},{"type":"Feature","geometry":{"type":"LineString","coordinates":[[-122.422328954916,37.79036965946],[-122.422249757871,37.790497929747],[-122.422393548656,37.79120860663],[-122.422514943906,37.791288891217]]},"properties":{":id":"row-9mqd_4hej~ef2j",":version":"rv-f5ue-yhx7_pb7u",":created_at":"2026-03-10T12:37:08.575Z",":updated_at":"2026-03-10T12:37:08.575Z","cnn":"13158201","corridor":"Van Ness Ave","limits":"California St  -  Sacramento St","cnnrightleft":"R","blockside":"East","fullname":"Saturday","weekday":"Sat","fromhour":"4","tohour":"6","week1":"1","week2":"1","week3":"1","week4":"1","week5":"1","holidays":"1","blocksweepid":"1640013"}},{"type":"Feature","geometry":{"type":"LineString","coordinates":[[-122.420439517797,37.781030842108],[-122.420552025357,37.781125672257],[-122.420692782737,37.781851534699],[-122.420638249635,37.781960765928]]},"properties":{":id":"row-g2pe.3aay-37tx",":version":"rv-9wff~me92_hizh",":created_at":"2026-03-10T12:37:08.575Z",":updated_at":"2026-03-10T12:37:08.575Z","cnn":"13148101","corridor":"Van Ness Ave","limits":"Golden Gate Ave  -  Turk St","cnnrightleft":"L","blockside":"West","fullname":"Saturday","weekday":"Sat","fromhour":"4","tohour":"6","week1":"1","week2":"1","week3":"1","week4":"1","week5":"1","holidays":"1","blocksweepid":"1598883"}},{"type":"Feature","geometry":{"type":"LineString","coordinates":[[-122.386265013791,37.717178948313],[-122.386849666225,37.717509001666]]},"properties":{":id":"row-3i2j.5fwg_93i2",":version":"rv-pbqa~a6ip.atyv",":created_at":"2026-03-10T12:37:08.575Z",":updated_at":"2026-03-10T12:37:08.575Z","cnn":"6186000","corridor":"Gilman Ave","limits":"Arelious Walker Dr  -  Giants Dr","cnnrightleft":"L","blockside":"SouthWest","fullname":"Saturday","weekday":"Sat","fromhour":"7","tohour":"8","week1":"1","week2":"1","week3":"1","week4":"1","week5":"1","holidays":"0","blocksweepid":"1633113"}},{"type":"Feature","geometry":{"type":"LineString","coordinates":[[-122.41890102877,37.757035402008],[-122.418747573844,37.75543693624]]},"properties":{":id":"row-5jw8~yuik_9rhr",":version":"rv-kr8p.u2xw.rh93",":created_at":"2026-03-10T12:37:08.575Z",":updated_at":"2026-03-10T12:37:08.575Z","cnn":"9123000","corridor":"Mission St","limits":"21st St  -  22nd St","cnnrightleft":"L","blockside":"East","fullname":"Saturday","weekday":"Sat","fromhour":"4","tohour":"6","week1":"1","week2":"1","week3":"1","week4":"1","week5":"1","holidays":"0","blocksweepid":"1641348"}},{"type":"Feature","geometry":{"type":"LineString","coordinates":[[-122.406385113353,37.748833103782],[-122.40646389606,37.748813508148],[-122.406681388536,37.748742585137],[-122.406757777449,37.748766479134]]},"properties":{":id":"row-99ay~grqf.dawh",":version":"rv-8pc5_6ewt_e7vx",":created_at":"2026-03-10T12:37:08.575Z",":updated_at":"2026-03-10T12:37:08.575Z","cnn":"2479103","corridor":"Cesar Chavez St","limits":"Hwy 101 S On Ramp  -  Hampshire St","cnnrightleft":"R","blockside":"North","fullname":"Saturday","weekday":"Sat","fromhour":"8","tohour":"10","week1":"1","week2":"1","week3":"1","week4":"1","week5":"1","holidays":"0","blocksweepid":"1636929"}},{"type":"Feature","geometry":{"type":"LineString","coordinates":[[-122.403028192908,37.787024418781],[-122.402575227493,37.786678208423]]},"properties":{":id":"row-yuuz.s2w5~i7ui",":version":"rv-49ks.ykm6-e7hy",":created_at":"2026-03-10T12:37:08.575Z",":updated_at":"2026-03-10T12:37:08.575Z","cnn":"164000","corridor":"03rd St","limits":"Stevenson St  -  Jessie St","cnnrightleft":"R","blockside":"SouthWest","fullname":"Saturday","weekday":"Sat","fromhour":"2","tohour":"6","week1":"1","week2":"1","week3":"1","week4":"1","week5":"1","holidays":"0","blocksweepid":"1628693"}},{"type":"Feature","geometry":{"type":"LineString","coordinates":[[-122.469769991545,37.782701905109],[-122.470845996213,37.782652401122]]},"properties":{":id":"row-d499.3qm3.wi4z",":version":"rv-8qyc_f4j9.uztd",":created_at":"2026-03-10T12:37:08.575Z",":updated_at":"2026-03-10T12:37:08.575Z","cnn":"4160000","corridor":"Clement St","limits":"11th Ave  -  12th Ave","cnnrightleft":"R","blockside":"North","fullname":"Saturday","weekday":"Sat","fromhour":"7","tohour":"8","week1":"1","week2":"1","week3":"1","week4":"1","week5":"1","holidays":"0","blocksweepid":"1615203"}},{"type":"Feature","geometry":{"type":"LineString","coordinates":[[-122.436176464925,37.714209483378],[-122.436043212231,37.714094287595],[-122.435523647647,37.713861238611],[-122.435360865024,37.713843648352]]},"properties":{":id":"row-2u2u.6x6z.kczp",":version":"rv-dmxe-d4hj.jr9f",":created_at":"2026-03-10T12:37:08.575Z",":updated_at":"2026-03-10T12:37:08.575Z","cnn":"6144201","corridor":"Geneva Ave","limits":"Naples St  -  Vienna St","cnnrightleft":"L","blockside":"NorthEast","fullname":"Saturday","weekday":"Sat","fromhour":"6","tohour":"8","week1":"1","week2":"1","week3":"1","week4":"1","week5":"1","holidays":"0","blocksweepid":"1633037"}},{"type":"Feature","geometry":{"type":"LineString","coordinates":[[-122.422840576823,37.741027407651],[-122.423089906388,37.740641886647]]},"properties":{":id":"row-mq3p-3z63_fmc9",":version":"rv-xzw7~hxha~r2rj",":created_at":"2026-03-10T12:37:08.575Z",":updated_at":"2026-03-10T12:37:08.575Z","cnn":"9140000","corridor":"Mission St","limits":"Cortland Ave  -  Santa Marina St","cnnrightleft":"L","blockside":"SouthEast","fullname":"Saturday","weekday":"Sat","fromhour":"5","tohour":"7","week1":"1","week2":"1","week3":"1","week4":"1","week5":"1","holidays":"0","blocksweepid":"1619249"}},{"type":"Feature","geometry":{"type":"LineString","coordinates":[[-122.396302004798,37.79325635015],[-122.396409582665,37.793238205143],[-122.396480439478,37.793182398772],[-122.396504486404,37.793097082824]]},"properties":{":id":"row-ppfb_s6nw-nq8y",":version":"rv-nfzg~vris~v7m8",":created_at":"2026-03-10T12:37:08.575Z",":updated_at":"2026-03-10T12:37:08.575Z","cnn":"8738201","corridor":"Market St","limits":"Drumm St  -  Main St","cnnrightleft":"R","blockside":"NorthWest","fullname":"Saturday","weekday":"Sat","fromhour":"5","tohour":"7","week1":"1","week2":"1","week3":"1","week4":"1","week5":"1","holidays":"1","blocksweepid":"1640563"}},{"type":"Feature","geometry":{"type":"LineString","coordinates":[[-122.419255606289,37.775147074542],[-122.419280025749,37.774944848903],[-122.418729918404,37.773182894158],[-122.418618215796,37.773053454473]]},"properties":{":id":"row-xc2m.cxxs-xfhg",":version":"rv-gdpq_vu5x-2afe",":created_at":"2026-03-10T12:37:08.575Z",":updated_at":"2026-03-10T12:37:08.575Z","cnn":"12015201","corridor":"South Van Ness Ave","limits":"Market St  -  Mission St","cnnrightleft":"R","blockside":"West","fullname":"Saturday","weekday":"Sat","fromhour":"4","tohour":"6","week1":"1","week2":"1","week3":"1","week4":"1","week5":"1","holidays":"1","blocksweepid":"1632467"}},{"type":"Feature","geometry":{"type":"LineString","coordinates":[[-122.388684015952,37.761766444853],[-122.388743363481,37.761672818495],[-122.388632793045,37.760578449851],[-122.38855639912,37.760491008984]]},"properties":{":id":"row-junq.bzrj-dx74",":version":"rv-tvbi~zpab-vpcw",":created_at":"2026-03-10T12:37:08.575Z",":updated_at":"2026-03-10T12:37:08.575Z","cnn":"189201","corridor":"03rd St","limits":"19th St  -  20th St","cnnrightleft":"R","blockside":"West","fullname":"Saturday","weekday":"Sat","fromhour":"2","tohour":"6","week1":"1","week2":"1","week3":"1","week4":"1","week5":"1","holidays":"0","blocksweepid":"1613858"}},{"type":"Feature","geometry":{"type":"LineString","coordinates":[[-122.405615266245,37.778505104586],[-122.405068509169,37.778068981832]]},"properties":{":id":"row-i8ji.9evk~2ipx",":version":"rv-hdfv-h6xv-46qz",":created_at":"2026-03-10T12:37:08.575Z",":updated_at":"2026-03-10T12:37:08.575Z","cnn":"335000","corridor":"06th St","limits":"Folsom St  -  Shipley St","cnnrightleft":"L","blockside":"NorthEast","fullname":"Saturday","weekday":"Sat","fromhour":"4","tohour":"6","week1":"1","week2":"1","week3":"1","week4":"1","week5":"1","holidays":"1","blocksweepid":"1614289"}},{"type":"Feature","geometry":{"type":"LineString","coordinates":[[-122.422145379173,37.788942624271],[-122.422218865259,37.789305838021],[-122.422135208482,37.789412061535]]},"properties":{":id":"row-5m5c~qxnb~n7ky",":version":"rv-zc5e.sad7~d35k",":created_at":"2026-03-10T12:37:08.575Z",":updated_at":"2026-03-10T12:37:08.575Z","cnn":"13156102","corridor":"Van Ness Ave","limits":"Austin St  -  Pine St","cnnrightleft":"L","blockside":"West","fullname":"Saturday","weekday":"Sat","fromhour":"4","tohour":"6","week1":"1","week2":"1","week3":"1","week4":"1","week5":"1","holidays":"1","blocksweepid":"1640049"}},{"type":"Feature","geometry":{"type":"LineString","coordinates":[[-122.416138098276,37.78061496672],[-122.416807391784,37.780530161603],[-122.416947604956,37.780470341035]]},"properties":{":id":"row-6ab8_5v8z_tf8s",":version":"rv-2y83_8fjc~uxjs",":created_at":"2026-03-10T12:37:08.575Z",":updated_at":"2026-03-10T12:37:08.575Z","cnn":"8892000","corridor":"McAllister St","limits":"Breen Pl  -  Larkin St","cnnrightleft":"L","blockside":"South","fullname":"Saturday","weekday":"Sat","fromhour":"2","tohour":"6","week1":"1","week2":"1","week3":"1","week4":"1","week5":"1","holidays":"0","blocksweepid":"1618216"}},{"type":"Feature","geometry":{"type":"LineString","coordinates":[[-122.408667084512,37.78538824897],[-122.409497525934,37.785282917476]]},"properties":{":id":"row-pa8h.g8dg_k4nu",":version":"rv-7qiu_zpjw_54gs",":created_at":"2026-03-10T12:37:08.575Z",":updated_at":"2026-03-10T12:37:08.575Z","cnn":"5171000","corridor":"Ellis St","limits":"Cyril Magnin St  -  Mason St","cnnrightleft":"R","blockside":"North","fullname":"Saturday","weekday":"Sat","fromhour":"6","tohour":"8","week1":"1","week2":"1","week3":"1","week4":"1","week5":"1","holidays":"0","blocksweepid":"1610130"}},{"type":"Feature","geometry":{"type":"LineString","coordinates":[[-122.412969666673,37.785789584224],[-122.413161444271,37.786729744902]]},"properties":{":id":"row-kxff~7jeg~3dum",":version":"rv-u3u9~gwdy.ki7v",":created_at":"2026-03-10T12:37:08.575Z",":updated_at":"2026-03-10T12:37:08.575Z","cnn":"7570000","corridor":"Jones St","limits":"O'Farrell St  -  Geary St","cnnrightleft":"R","blockside":"East","fullname":"Saturday","weekday":"Sat","fromhour":"6","tohour":"8","week1":"1","week2":"1","week3":"1","week4":"1","week5":"1","holidays":"0","blocksweepid":"1597575"}},{"type":"Feature","geometry":{"type":"LineString","coordinates":[[-122.42089365932,37.744037632601],[-122.421485450703,37.74312266457]]},"properties":{":id":"row-fetp.cry6-62n3",":version":"rv-szfs~z5wt.v68m",":created_at":"2026-03-10T12:37:08.575Z",":updated_at":"2026-03-10T12:37:08.575Z","cnn":"9134000","corridor":"Mission St","limits":"29th St  -  Virginia Ave","cnnrightleft":"L","blockside":"SouthEast","fullname":"Saturday","weekday":"Sat","fromhour":"5","tohour":"7","week1":"1","week2":"1","week3":"1","week4":"1","week5":"1","holidays":"0","blocksweepid":"1619243"}},{"type":"Feature","geometry":{"type":"LineString","coordinates":[[-122.414778472775,37.784612949291],[-122.41607173455,37.78444884161]]},"properties":{":id":"row-9sdx_uggn-2g3z",":version":"rv-4d6m.7k2v_r648",":created_at":"2026-03-10T12:37:08.575Z",":updated_at":"2026-03-10T12:37:08.575Z","cnn":"5176000","corridor":"Ellis St","limits":"Cohen Pl  -  Hyde St","cnnrightleft":"L","blockside":"South","fullname":"Saturday","weekday":"Sat","fromhour":"6","tohour":"8","week1":"1","week2":"1","week3":"1","week4":"1","week5":"1","holidays":"0","blocksweepid":"1610202"}},{"type":"Feature","geometry":{"type":"LineString","coordinates":[[-122.391096119262,37.792436047738],[-122.391271430562,37.792497518671],[-122.391402922494,37.792657646086],[-122.391996097928,37.793167256786],[-122.392521651546,37.79363941047],[-122.392499329227,37.793768814045]]},"properties":{":id":"row-rnsz.xcc4~imfj",":version":"rv-sg8i_shsf_x6wm",":created_at":"2026-03-10T12:37:08.575Z",":updated_at":"2026-03-10T12:37:08.575Z","cnn":"12552101","corridor":"The Embarcadero","limits":"Howard St  -  Mission St","cnnrightleft":"L","blockside":"SouthWest","fullname":"Saturday","weekday":"Sat","fromhour":"1","tohour":"3","week1":"1","week2":"1","week3":"1","week4":"1","week5":"1","holidays":"1","blocksweepid":"1639517"}},{"type":"Feature","geometry":{"type":"LineString","coordinates":[[-122.438863485498,37.7193093603],[-122.43892171503,37.719285696639],[-122.439497355154,37.718524549509],[-122.439500375127,37.718467225658]]},"properties":{":id":"row-g5ia~3tm8_vqgt",":version":"rv-sdzi.kir2.ajtz",":created_at":"2026-03-10T12:37:08.575Z",":updated_at":"2026-03-10T12:37:08.575Z","cnn":"9174201","corridor":"Mission St","limits":"Kenny Aly  -  Italy Ave","cnnrightleft":"R","blockside":"NorthWest","fullname":"Saturday","weekday":"Sat","fromhour":"5","tohour":"7","week1":"1","week2":"1","week3":"1","week4":"1","week5":"1","holidays":"0","blocksweepid":"1626245"}},{"type":"Feature","geometry":{"type":"LineString","coordinates":[[-122.403491775033,37.787963091336],[-122.403579879163,37.788427261877]]},"properties":{":id":"row-zuc3_s4pb.agp8",":version":"rv-7jhn~2d3d_2as6",":created_at":"2026-03-10T12:37:08.575Z",":updated_at":"2026-03-10T12:37:08.575Z","cnn":"7747000","corridor":"Kearny St","limits":"Geary St  -  Maiden Ln","cnnrightleft":"R","blockside":"East","fullname":"Saturday","weekday":"Sat","fromhour":"2","tohour":"6","week1":"1","week2":"1","week3":"1","week4":"1","week5":"1","holidays":"0","blocksweepid":"1623994"}},{"type":"Feature","geometry":{"type":"LineString","coordinates":[[-122.418287869549,37.750639649888],[-122.418135251879,37.749041287221]]},"properties":{":id":"row-tftw.u7z4-v2i7",":version":"rv-kcw8-n9nj-5f4m",":created_at":"2026-03-10T12:37:08.575Z",":updated_at":"2026-03-10T12:37:08.575Z","cnn":"9127000","corridor":"Mission St","limits":"25th St  -  26th St","cnnrightleft":"R","blockside":"West","fullname":"Saturday","weekday":"Sat","fromhour":"4","tohour":"6","week1":"1","week2":"1","week3":"1","week4":"1","week5":"1","holidays":"0","blocksweepid":"1619095"}},{"type":"Feature","geometry":{"type":"LineString","coordinates":[[-122.41310524323,37.765447608418],[-122.415308388318,37.765314639454]]},"properties":{":id":"row-bn7e_9cec-8us2",":version":"rv-4c2p.nx4z.ur5v",":created_at":"2026-03-10T12:37:08.575Z",":updated_at":"2026-03-10T12:37:08.575Z","cnn":"720000","corridor":"16th St","limits":"Harrison St  -  Folsom St","cnnrightleft":"L","blockside":"South","fullname":"Saturday","weekday":"Sat","fromhour":"2","tohour":"6","week1":"1","week2":"1","week3":"1","week4":"1","week5":"1","holidays":"1","blocksweepid":"1601931"}},{"type":"Feature","geometry":{"type":"LineString","coordinates":[[-122.43364712391,37.787950272493],[-122.433839653842,37.788906284116]]},"properties":{":id":"row-v82j~rm4u.re92",":version":"rv-b6rn~nnu9_2uju",":created_at":"2026-03-10T12:37:08.575Z",":updated_at":"2026-03-10T12:37:08.575Z","cnn":"5552000","corridor":"Fillmore St","limits":"Pine St  -  California St","cnnrightleft":"L","blockside":"West","fullname":"Saturday","weekday":"Sat","fromhour":"6","tohour":"8","week1":"1","week2":"1","week3":"1","week4":"1","week5":"1","holidays":"0","blocksweepid":"1631379"}},{"type":"Feature","geometry":{"type":"LineString","coordinates":[[-122.418135251879,37.749041287221],[-122.41809362913,37.748605360574],[-122.418096636504,37.748478320412],[-122.418221170888,37.748165688851]]},"properties":{":id":"row-u56z_qfer_nhr4",":version":"rv-75z8.me6k.rh6z",":created_at":"2026-03-10T12:37:08.575Z",":updated_at":"2026-03-10T12:37:08.575Z","cnn":"9128000","corridor":"Mission St","limits":"26th St  -  Cesar Chavez St","cnnrightleft":"L","blockside":"East","fullname":"Saturday","weekday":"Sat","fromhour":"4","tohour":"6","week1":"1","week2":"1","week3":"1","week4":"1","week5":"1","holidays":"0","blocksweepid":"1641353"}},{"type":"Feature","geometry":{"type":"LineString","coordinates":[[-122.469627031751,37.780768738835],[-122.469737893381,37.780702485629],[-122.470578123903,37.780662959364],[-122.470716749947,37.780723353374]]},"properties":{":id":"row-rh2i_sv3p_2x7k",":version":"rv-3nab_r8xj_e7ky",":created_at":"2026-03-10T12:37:08.575Z",":updated_at":"2026-03-10T12:37:08.575Z","cnn":"6067101","corridor":"Geary Blvd","limits":"11th Ave  -  12th Ave","cnnrightleft":"L","blockside":"South","fullname":"Saturday","weekday":"Sat","fromhour":"7","tohour":"8","week1":"1","week2":"1","week3":"1","week4":"1","week5":"1","holidays":"0","blocksweepid":"1621908"}},{"type":"Feature","geometry":{"type":"LineString","coordinates":[[-122.403435725006,37.805184901498],[-122.403679053603,37.8052146652],[-122.404977332077,37.806111314909],[-122.405751427383,37.806507056445],[-122.40565878456,37.806673631695]]},"properties":{":id":"row-v7yn.r3qc~haqu",":version":"rv-9xbg.igit_8btz",":created_at":"2026-03-10T12:37:08.575Z",":updated_at":"2026-03-10T12:37:08.575Z","cnn":"12559101","corridor":"The Embarcadero","limits":"Chestnut St  -  Bay St","cnnrightleft":"L","blockside":"SouthWest","fullname":"Saturday","weekday":"Sat","fromhour":"1","tohour":"3","week1":"1","week2":"1","week3":"1","week4":"1","week5":"1","holidays":"1","blocksweepid":"1639524"}},{"type":"Feature","geometry":{"type":"LineString","coordinates":[[-122.48687804723,37.779993540402],[-122.48699891435,37.779922518111],[-122.487816289785,37.779882362221],[-122.487945906035,37.77994713275]]},"properties":{":id":"row-8s7a.wdfh~qhax",":version":"rv-v7y2~p7sd_vzcw",":created_at":"2026-03-10T12:37:08.575Z",":updated_at":"2026-03-10T12:37:08.575Z","cnn":"6084101","corridor":"Geary Blvd","limits":"27th Ave  -  28th Ave","cnnrightleft":"L","blockside":"South","fullname":"Saturday","weekday":"Sat","fromhour":"7","tohour":"8","week1":"1","week2":"1","week3":"1","week4":"1","week5":"1","holidays":"0","blocksweepid":"1621925"}},{"type":"Feature","geometry":{"type":"LineString","coordinates":[[-122.412220735371,37.782073067927],[-122.413865603598,37.781863339516]]},"properties":{":id":"row-budn-f36z.kke2",":version":"rv-e9th-jn6a-g4gy",":created_at":"2026-03-10T12:37:08.575Z",":updated_at":"2026-03-10T12:37:08.575Z","cnn":"6260000","corridor":"Golden Gate Ave","limits":"Jones St  -  Leavenworth St","cnnrightleft":"R","blockside":"North","fullname":"Saturday","weekday":"Sat","fromhour":"6","tohour":"8","week1":"1","week2":"1","week3":"1","week4":"1","week5":"1","holidays":"0","blocksweepid":"1622287"}},{"type":"Feature","geometry":{"type":"LineString","coordinates":[[-122.432911793243,37.727177551268],[-122.433357449495,37.726588202549]]},"properties":{":id":"row-qzgd-kr8i~h2ys",":version":"rv-xwns_y2rw_eqjk",":created_at":"2026-03-10T12:37:08.575Z",":updated_at":"2026-03-10T12:37:08.575Z","cnn":"9159000","corridor":"Mission St","limits":"Cotter St  -  Francis St","cnnrightleft":"L","blockside":"SouthEast","fullname":"Saturday","weekday":"Sat","fromhour":"5","tohour":"7","week1":"1","week2":"1","week3":"1","week4":"1","week5":"1","holidays":"0","blocksweepid":"1619434"}},{"type":"Feature","geometry":{"type":"LineString","coordinates":[[-122.418598509318,37.780260133266],[-122.420033641199,37.780080160641],[-122.420247184087,37.78007469645]]},"properties":{":id":"row-tr7z.kkqh_kk6h",":version":"rv-fcyd~a969-y846",":created_at":"2026-03-10T12:37:08.575Z",":updated_at":"2026-03-10T12:37:08.575Z","cnn":"8894000","corridor":"McAllister St","limits":"Polk St  -  Van Ness Ave","cnnrightleft":"L","blockside":"South","fullname":"Saturday","weekday":"Sat","fromhour":"2","tohour":"6","week1":"1","week2":"1","week3":"1","week4":"1","week5":"1","holidays":"0","blocksweepid":"1618241"}},{"type":"Feature","geometry":{"type":"LineString","coordinates":[[-122.419206043142,37.760235354983],[-122.419052606406,37.758632566983]]},"properties":{":id":"row-bs4r.afiq_wbpj",":version":"rv-gch7~ywpg-d47q",":created_at":"2026-03-10T12:37:08.575Z",":updated_at":"2026-03-10T12:37:08.575Z","cnn":"9121000","corridor":"Mission St","limits":"19th St  -  20th St","cnnrightleft":"L","blockside":"East","fullname":"Saturday","weekday":"Sat","fromhour":"4","tohour":"6","week1":"1","week2":"1","week3":"1","week4":"1","week5":"1","holidays":"0","blocksweepid":"1641345"}},{"type":"Feature","geometry":{"type":"LineString","coordinates":[[-122.440255134802,37.716038820045],[-122.440096783584,37.716018185809],[-122.439509928752,37.715754986965],[-122.439438471855,37.715672554478]]},"properties":{":id":"row-8zz4-njd6~xj75",":version":"rv-watc_p57t_v289",":created_at":"2026-03-10T12:37:08.575Z",":updated_at":"2026-03-10T12:37:08.575Z","cnn":"6139101","corridor":"Geneva Ave","limits":"London St  -  Paris St","cnnrightleft":"L","blockside":"NorthEast","fullname":"Saturday","weekday":"Sat","fromhour":"5","tohour":"7","week1":"1","week2":"1","week3":"1","week4":"1","week5":"1","holidays":"0","blocksweepid":"1633055"}},{"type":"Feature","geometry":{"type":"LineString","coordinates":[[-122.506135124963,37.735571117801],[-122.506521403349,37.735571711894],[-122.506717428299,37.735469757819]]},"properties":{":id":"row-2a4p_6rrz~krzr",":version":"rv-qqkv.m6a7~xd78",":created_at":"2026-03-10T12:37:08.575Z",":updated_at":"2026-03-10T12:37:08.575Z","cnn":"11964202","corridor":"Sloat Blvd","limits":"Lower Great Hwy  -  Great Hwy","cnnrightleft":"R","blockside":"North","fullname":"Saturday","weekday":"Sat","fromhour":"5","tohour":"7","week1":"1","week2":"1","week3":"1","week4":"1","week5":"1","holidays":"0","blocksweepid":"1605663"}},{"type":"Feature","geometry":{"type":"LineString","coordinates":[[-122.407083680472,37.795970583761],[-122.407319877288,37.795940921113]]},"properties":{":id":"row-k4er-z4gf~6hw5",":version":"rv-y4db.ynr9.5qa5",":created_at":"2026-03-10T12:37:08.575Z",":updated_at":"2026-03-10T12:37:08.575Z","cnn":"7374000","corridor":"Jackson St","limits":"Saint Louis Aly  -  Jason Ct","cnnrightleft":"R","blockside":"North","fullname":"Saturday","weekday":"Sat","fromhour":"2","tohour":"6","week1":"1","week2":"1","week3":"1","week4":"1","week5":"1","holidays":"0","blocksweepid":"1638522"}},{"type":"Feature","geometry":{"type":"LineString","coordinates":[[-122.499058976811,37.73157606995],[-122.499541958644,37.731433161289],[-122.502621381277,37.730211704042]]},"properties":{":id":"row-w4f3~ajzc.nmfv",":version":"rv-x9qr-u9vw~7zzh",":created_at":"2026-03-10T12:37:08.575Z",":updated_at":"2026-03-10T12:37:08.575Z","cnn":"13796000","corridor":"Herbst St","limits":"Lake Merced Blvd  -  Armory Rd","cnnrightleft":"L","blockside":"SouthEast","fullname":"Saturday","weekday":"Sat","fromhour":"0","tohour":"2","week1":"1","week2":"1","week3":"1","week4":"1","week5":"1","holidays":"1","blocksweepid":"1635366"}},{"type":"Feature","geometry":{"type":"LineString","coordinates":[[-122.392499329227,37.793768814045],[-122.392532936698,37.793915802979],[-122.393271754268,37.794603414585],[-122.394564167213,37.795986510805],[-122.395156984793,37.796635236513],[-122.395405270407,37.796682895937]]},"properties":{":id":"row-3h5p_s644~ynhb",":version":"rv-2ayp_ajgx-hqgr",":created_at":"2026-03-10T12:37:08.575Z",":updated_at":"2026-03-10T12:37:08.575Z","cnn":"12553201","corridor":"The Embarcadero","limits":"Mission St  -  Washington St","cnnrightleft":"R","blockside":"NorthEast","fullname":"Saturday","weekday":"Sat","fromhour":"1","tohour":"3","week1":"1","week2":"1","week3":"1","week4":"1","week5":"1","holidays":"1","blocksweepid":"1624847"}},{"type":"Feature","geometry":{"type":"LineString","coordinates":[[-122.404613421188,37.793565084245],[-122.406129483695,37.793379704657]]},"properties":{":id":"row-e6gu_72pb-xug3",":version":"rv-nrkp_9pt9-3f9i",":created_at":"2026-03-10T12:37:08.575Z",":updated_at":"2026-03-10T12:37:08.575Z","cnn":"11228000","corridor":"Sacramento St","limits":"Kearny St  -  Grant Ave","cnnrightleft":"R","blockside":"North","fullname":"Saturday","weekday":"Sat","fromhour":"2","tohour":"6","week1":"1","week2":"1","week3":"1","week4":"1","week5":"1","holidays":"0","blocksweepid":"1621131"}},{"type":"Feature","geometry":{"type":"LineString","coordinates":[[-122.392899420136,37.728489580514],[-122.392865708583,37.728386733474],[-122.393125077798,37.727807354297],[-122.393232786724,37.727733468261]]},"properties":{":id":"row-wk7p-2wjy~ryy7",":version":"rv-xbrk.msna-u2mv",":created_at":"2026-03-10T12:37:08.575Z",":updated_at":"2026-03-10T12:37:08.575Z","cnn":"221101","corridor":"03rd St","limits":"Lane St  -  Yosemite Ave","cnnrightleft":"L","blockside":"East","fullname":"Saturday","weekday":"Sat","fromhour":"2","tohour":"6","week1":"1","week2":"1","week3":"1","week4":"1","week5":"1","holidays":"0","blocksweepid":"1629145"}},{"type":"Feature","geometry":{"type":"LineString","coordinates":[[-122.394747579196,37.794479718642],[-122.394774560946,37.794390378977],[-122.395583553898,37.793754558847]]},"properties":{":id":"row-yynn_rpkd-iyuj",":version":"rv-dbbb~tkii_ekv4",":created_at":"2026-03-10T12:37:08.575Z",":updated_at":"2026-03-10T12:37:08.575Z","cnn":"8737101","corridor":"Market St","limits":"Steuart St  -  Spear St","cnnrightleft":"L","blockside":"SouthEast","fullname":"Saturday","weekday":"Sat","fromhour":"5","tohour":"7","week1":"1","week2":"1","week3":"1","week4":"1","week5":"1","holidays":"1","blocksweepid":"1640598"}},{"type":"Feature","geometry":{"type":"LineString","coordinates":[[-122.433357449495,37.726588202549],[-122.433623590741,37.726236244239]]},"properties":{":id":"row-986t_qbc9-zzct",":version":"rv-vqp7~ae7c.rvkx",":created_at":"2026-03-10T12:37:08.575Z",":updated_at":"2026-03-10T12:37:08.575Z","cnn":"9160000","corridor":"Mission St","limits":"Francis St  -  Excelsior Ave","cnnrightleft":"R","blockside":"NorthWest","fullname":"Saturday","weekday":"Sat","fromhour":"5","tohour":"7","week1":"1","week2":"1","week3":"1","week4":"1","week5":"1","holidays":"0","blocksweepid":"1626231"}},{"type":"Feature","geometry":{"type":"LineString","coordinates":[[-122.451595165997,37.722991784349],[-122.451588761738,37.722752534889],[-122.451503033629,37.722687755566],[-122.450188797935,37.722164560901],[-122.450118225666,37.722082795127]]},"properties":{":id":"row-77qx-rt7k~znn5",":version":"rv-nmhp_ushi_usqt",":created_at":"2026-03-10T12:37:08.575Z",":updated_at":"2026-03-10T12:37:08.575Z","cnn":"6127101","corridor":"Geneva Ave","limits":"Ocean Ave  -  Howth St","cnnrightleft":"R","blockside":"SouthWest","fullname":"Saturday","weekday":"Sat","fromhour":"6","tohour":"8","week1":"1","week2":"1","week3":"1","week4":"1","week5":"1","holidays":"0","blocksweepid":"1606128"}},{"type":"Feature","geometry":{"type":"LineString","coordinates":[[-122.46856387213,37.780822032344],[-122.468680515132,37.780749011839],[-122.469509532575,37.780710080934],[-122.469627031751,37.780768738835]]},"properties":{":id":"row-vkse.j533-v667",":version":"rv-faxi-x49m.fgf4",":created_at":"2026-03-10T12:37:08.575Z",":updated_at":"2026-03-10T12:37:08.575Z","cnn":"6066101","corridor":"Geary Blvd","limits":"10th Ave  -  11th Ave","cnnrightleft":"L","blockside":"South","fullname":"Saturday","weekday":"Sat","fromhour":"7","tohour":"8","week1":"1","week2":"1","week3":"1","week4":"1","week5":"1","holidays":"0","blocksweepid":"1621907"}},{"type":"Feature","geometry":{"type":"LineString","coordinates":[[-122.423396761057,37.77188564464],[-122.423595506749,37.771798002203],[-122.423673410652,37.771736463592]]},"properties":{":id":"row-g72w.ya5e-r4ic",":version":"rv-7jza-46ns~qnyj",":created_at":"2026-03-10T12:37:08.575Z",":updated_at":"2026-03-10T12:37:08.575Z","cnn":"8760202","corridor":"Market St","limits":"Octavia St  -  Octavia St","cnnrightleft":"R","blockside":null,"fullname":"Saturday","weekday":"Sat","fromhour":"2","tohour":"6","week1":"1","week2":"1","week3":"1","week4":"1","week5":"1","holidays":"1","blocksweepid":"1625855"}},{"type":"Feature","geometry":{"type":"LineString","coordinates":[[-122.406628200105,37.779314675085],[-122.4061628586,37.778942761943]]},"properties":{":id":"row-rjac~4sy7_29gw",":version":"rv-fthp-z4tu~rj7y",":created_at":"2026-03-10T12:37:08.575Z",":updated_at":"2026-03-10T12:37:08.575Z","cnn":"333000","corridor":"06th St","limits":"Tehama St  -  Clementina St","cnnrightleft":"L","blockside":"NorthEast","fullname":"Saturday","weekday":"Sat","fromhour":"4","tohour":"6","week1":"1","week2":"1","week3":"1","week4":"1","week5":"1","holidays":"1","blocksweepid":"1614287"}},{"type":"Feature","geometry":{"type":"LineString","coordinates":[[-122.409497525934,37.785282917476],[-122.411139801283,37.785074596379]]},"properties":{":id":"row-pngg-ye2c.7b92",":version":"rv-quph~uqad~9j5e",":created_at":"2026-03-10T12:37:08.575Z",":updated_at":"2026-03-10T12:37:08.575Z","cnn":"5172000","corridor":"Ellis St","limits":"Mason St  -  Taylor St","cnnrightleft":"R","blockside":"North","fullname":"Saturday","weekday":"Sat","fromhour":"6","tohour":"8","week1":"1","week2":"1","week3":"1","week4":"1","week5":"1","holidays":"0","blocksweepid":"1610131"}},{"type":"Feature","geometry":{"type":"LineString","coordinates":[[-122.401822426216,37.726775260692],[-122.401471240393,37.725516289231]]},"properties":{":id":"row-hgc2-wkaz-djer",":version":"rv-fi78~kmde-2c6n",":created_at":"2026-03-10T12:37:08.575Z",":updated_at":"2026-03-10T12:37:08.575Z","cnn":"2812000","corridor":"Bay Shore Blvd","limits":"Wayland St  -  Woolsey St","cnnrightleft":"L","blockside":"East","fullname":"Saturday","weekday":"Sat","fromhour":"7","tohour":"8","week1":"1","week2":"1","week3":"1","week4":"1","week5":"1","holidays":"0","blocksweepid":"1613344"}},{"type":"Feature","geometry":{"type":"LineString","coordinates":[[-122.406023808497,37.783091403293],[-122.40647940289,37.782731636192]]},"properties":{":id":"row-5t8w.4hu8-37vh",":version":"rv-hdax~t95q-5abg",":created_at":"2026-03-10T12:37:08.575Z",":updated_at":"2026-03-10T12:37:08.575Z","cnn":"9096003","corridor":"Mission St","limits":"Jessie West St  -  05th St","cnnrightleft":"R","blockside":null,"fullname":"Saturday","weekday":"Sat","fromhour":"2","tohour":"6","week1":"1","week2":"1","week3":"1","week4":"1","week5":"1","holidays":"1","blocksweepid":"1618476"}},{"type":"Feature","geometry":{"type":"LineString","coordinates":[[-122.408160792966,37.78053538629],[-122.407691414493,37.780162025776]]},"properties":{":id":"row-4dqg-9953.awqk",":version":"rv-cj5n.abkg-pabf",":created_at":"2026-03-10T12:37:08.575Z",":updated_at":"2026-03-10T12:37:08.575Z","cnn":"330000","corridor":"06th St","limits":"Minna St  -  Natoma St","cnnrightleft":"R","blockside":"SouthWest","fullname":"Saturday","weekday":"Sat","fromhour":"4","tohour":"6","week1":"1","week2":"1","week3":"1","week4":"1","week5":"1","holidays":"1","blocksweepid":"1636386"}},{"type":"Feature","geometry":{"type":"LineString","coordinates":[[-122.421941247356,37.773036050758],[-122.422051120615,37.773015900968],[-122.422186438845,37.77290912284]]},"properties":{":id":"row-u3if.vbgk~rycq",":version":"rv-nbzc.eret~rxka",":created_at":"2026-03-10T12:37:08.575Z",":updated_at":"2026-03-10T12:37:08.575Z","cnn":"8758201","corridor":"Market St","limits":"Gough St  -  Gough St","cnnrightleft":"R","blockside":"NorthWest","fullname":"Saturday","weekday":"Sat","fromhour":"2","tohour":"6","week1":"1","week2":"1","week3":"1","week4":"1","week5":"1","holidays":"1","blocksweepid":"1625852"}},{"type":"Feature","geometry":{"type":"LineString","coordinates":[[-122.433706819981,37.713143157824],[-122.433556725498,37.713061973828],[-122.432857500965,37.712914374031]]},"properties":{":id":"row-nyik~afvk-madp",":version":"rv-v2h4.akga.4quj",":created_at":"2026-03-10T12:37:08.575Z",":updated_at":"2026-03-10T12:37:08.575Z","cnn":"6147201","corridor":"Geneva Ave","limits":"South Hill Blvd  -  Munich St","cnnrightleft":"L","blockside":"North","fullname":"Saturday","weekday":"Sat","fromhour":"6","tohour":"8","week1":"1","week2":"1","week3":"1","week4":"1","week5":"1","holidays":"0","blocksweepid":"1633040"}},{"type":"Feature","geometry":{"type":"LineString","coordinates":[[-122.418226581079,37.778489116769],[-122.419672474569,37.778304992668],[-122.419883230931,37.778251017767]]},"properties":{":id":"row-z6et.f8ne-2cwt",":version":"rv-jt5v_uug3.gbe8",":created_at":"2026-03-10T12:37:08.575Z",":updated_at":"2026-03-10T12:37:08.575Z","cnn":"6554000","corridor":"Grove St","limits":"Polk St  -  Van Ness Ave","cnnrightleft":"R","blockside":"North","fullname":"Saturday","weekday":"Sat","fromhour":"2","tohour":"6","week1":"1","week2":"1","week3":"1","week4":"1","week5":"1","holidays":"0","blocksweepid":"1633260"}},{"type":"Feature","geometry":{"type":"LineString","coordinates":[[-122.505257352258,37.735475288106],[-122.505368828366,37.735383345501],[-122.506516322243,37.735383532083],[-122.506717428299,37.735469757819]]},"properties":{":id":"row-7j82_p766.5pi4",":version":"rv-aaxt_6ryx_fwvx",":created_at":"2026-03-10T12:37:08.575Z",":updated_at":"2026-03-10T12:37:08.575Z","cnn":"11964101","corridor":"Sloat Blvd","limits":"47th Ave  -  Great Hwy","cnnrightleft":"L","blockside":"South","fullname":"Saturday","weekday":"Sat","fromhour":"5","tohour":"7","week1":"1","week2":"1","week3":"1","week4":"1","week5":"1","holidays":"0","blocksweepid":"1621601"}},{"type":"Feature","geometry":{"type":"LineString","coordinates":[[-122.403451320002,37.742036221024],[-122.404306292173,37.74252073392]]},"properties":{":id":"row-qbw8.aq75-ky95",":version":"rv-aj75~3g5k-qafc",":created_at":"2026-03-10T12:37:08.575Z",":updated_at":"2026-03-10T12:37:08.575Z","cnn":"9797000","corridor":"Oakdale Ave","limits":"Barneveld Ave  -  Loomis St","cnnrightleft":"L","blockside":"SouthWest","fullname":"Saturday","weekday":"Sat","fromhour":"2","tohour":"3","week1":"1","week2":"1","week3":"1","week4":"1","week5":"1","holidays":"0","blocksweepid":"1603434"}},{"type":"Feature","geometry":{"type":"LineString","coordinates":[[-122.431800801752,37.728249466321],[-122.432363263447,37.72771681463]]},"properties":{":id":"row-ww9d.bsnt~zfwx",":version":"rv-gc8v-wdub~6kja",":created_at":"2026-03-10T12:37:08.575Z",":updated_at":"2026-03-10T12:37:08.575Z","cnn":"9156000","corridor":"Mission St","limits":"Tingley St  -  Theresa St","cnnrightleft":"R","blockside":"NorthWest","fullname":"Saturday","weekday":"Sat","fromhour":"5","tohour":"7","week1":"1","week2":"1","week3":"1","week4":"1","week5":"1","holidays":"0","blocksweepid":"1626227"}},{"type":"Feature","geometry":{"type":"LineString","coordinates":[[-122.417706749819,37.784235738923],[-122.417805819654,37.784709804062]]},"properties":{":id":"row-h596.hfr9-gnys",":version":"rv-iscg_mia8.zrek",":created_at":"2026-03-10T12:37:08.575Z",":updated_at":"2026-03-10T12:37:08.575Z","cnn":"8128000","corridor":"Larkin St","limits":"Ellis St  -  Olive St","cnnrightleft":"L","blockside":"West","fullname":"Saturday","weekday":"Sat","fromhour":"6","tohour":"8","week1":"1","week2":"1","week3":"1","week4":"1","week5":"1","holidays":"0","blocksweepid":"1616758"}},{"type":"Feature","geometry":{"type":"LineString","coordinates":[[-122.418135251879,37.749041287221],[-122.41809362913,37.748605360574],[-122.418096636504,37.748478320412],[-122.418221170888,37.748165688851]]},"properties":{":id":"row-3ivd~xck9.5mce",":version":"rv-i3zz.q4qz-68x8",":created_at":"2026-03-10T12:37:08.575Z",":updated_at":"2026-03-10T12:37:08.575Z","cnn":"9128000","corridor":"Mission St","limits":"26th St  -  Cesar Chavez St","cnnrightleft":"R","blockside":"West","fullname":"Saturday","weekday":"Sat","fromhour":"4","tohour":"6","week1":"1","week2":"1","week3":"1","week4":"1","week5":"1","holidays":"0","blocksweepid":"1619096"}},{"type":"Feature","geometry":{"type":"LineString","coordinates":[[-122.391244493388,37.733223261805],[-122.391228802878,37.733077488002],[-122.391425797135,37.732514411668],[-122.391521350863,37.732431908124]]},"properties":{":id":"row-44vd~rfpp~n884",":version":"rv-2zag_kvr8.imhz",":created_at":"2026-03-10T12:37:08.575Z",":updated_at":"2026-03-10T12:37:08.575Z","cnn":"214101","corridor":"03rd St","limits":"Quesada Ave  -  Revere Ave","cnnrightleft":"L","blockside":"East","fullname":"Saturday","weekday":"Sat","fromhour":"2","tohour":"6","week1":"1","week2":"1","week3":"1","week4":"1","week5":"1","holidays":"0","blocksweepid":"1629137"}},{"type":"Feature","geometry":{"type":"LineString","coordinates":[[-122.387372607331,37.744259406508],[-122.387478798516,37.744147988087],[-122.387508746113,37.744062079357]]},"properties":{":id":"row-w84v-cmbb.efnt",":version":"rv-fkfy_35r6-b5hv",":created_at":"2026-03-10T12:37:08.575Z",":updated_at":"2026-03-10T12:37:08.575Z","cnn":"200201","corridor":"03rd St","limits":"Custer Ave  -  Phelps St","cnnrightleft":"R","blockside":"NorthWest","fullname":"Saturday","weekday":"Sat","fromhour":"2","tohour":"6","week1":"1","week2":"1","week3":"1","week4":"1","week5":"1","holidays":"0","blocksweepid":"1613869"}},{"type":"Feature","geometry":{"type":"LineString","coordinates":[[-122.419255606289,37.775147074542],[-122.419202284049,37.775283856691],[-122.419408930005,37.776280848046],[-122.419506293804,37.776368870039]]},"properties":{":id":"row-8itn-u9jv-duar",":version":"rv-68w5~62gq-pfbw",":created_at":"2026-03-10T12:37:08.575Z",":updated_at":"2026-03-10T12:37:08.575Z","cnn":"13143201","corridor":"Van Ness Ave","limits":"Market St  -  Fell St","cnnrightleft":"R","blockside":"East","fullname":"Saturday","weekday":"Sat","fromhour":"4","tohour":"6","week1":"1","week2":"1","week3":"1","week4":"1","week5":"1","holidays":"1","blocksweepid":"1639863"}},{"type":"Feature","geometry":{"type":"LineString","coordinates":[[-122.422438846042,37.744758796579],[-122.422706114867,37.744040005356],[-122.422669444836,37.743942241177]]},"properties":{":id":"row-egs8_p338-zfr8",":version":"rv-kzuy_ihzx-v2m3",":created_at":"2026-03-10T12:37:08.575Z",":updated_at":"2026-03-10T12:37:08.575Z","cnn":"11436202","corridor":"San Jose Ave","limits":"Valley St  -  29th St","cnnrightleft":"L","blockside":"East","fullname":"Saturday","weekday":"Sat","fromhour":"6","tohour":"8","week1":"1","week2":"1","week3":"1","week4":"1","week5":"1","holidays":"0","blocksweepid":"1610880"}},{"type":"Feature","geometry":{"type":"LineString","coordinates":[[-122.417996269533,37.78564170987],[-122.419638988981,37.78543303615]]},"properties":{":id":"row-tqa7_qum7-8fgh",":version":"rv-ek95~ejgw~fejn",":created_at":"2026-03-10T12:37:08.575Z",":updated_at":"2026-03-10T12:37:08.575Z","cnn":"9471000","corridor":"Myrtle St","limits":"Larkin St  -  Polk St","cnnrightleft":"L","blockside":"South","fullname":"Saturday","weekday":"Sat","fromhour":"4","tohour":"6","week1":"1","week2":"1","week3":"1","week4":"1","week5":"1","holidays":"1","blocksweepid":"1626812"}},{"type":"Feature","geometry":{"type":"LineString","coordinates":[[-122.408253202381,37.795823706119],[-122.408430886462,37.796703902691]]},"properties":{":id":"row-um2c~e88a_4qzs",":version":"rv-hn9k_2pmr.av38",":created_at":"2026-03-10T12:37:08.575Z",":updated_at":"2026-03-10T12:37:08.575Z","cnn":"12207000","corridor":"Stockton St","limits":"Jackson St  -  Pacific Ave","cnnrightleft":"R","blockside":"East","fullname":"Saturday","weekday":"Sat","fromhour":"2","tohour":"6","week1":"1","week2":"1","week3":"1","week4":"1","week5":"1","holidays":"0","blocksweepid":"1617171"}},{"type":"Feature","geometry":{"type":"LineString","coordinates":[[-122.420451902657,37.781509971037],[-122.420524190168,37.78187547767],[-122.420638249635,37.781960765928]]},"properties":{":id":"row-6r67~d78p.qre8",":version":"rv-2tfp_5qy5~g6kg",":created_at":"2026-03-10T12:37:08.575Z",":updated_at":"2026-03-10T12:37:08.575Z","cnn":"13148202","corridor":"Van Ness Ave","limits":"Elm St  -  Turk St","cnnrightleft":"R","blockside":"East","fullname":"Saturday","weekday":"Sat","fromhour":"4","tohour":"6","week1":"1","week2":"1","week3":"1","week4":"1","week5":"1","holidays":"1","blocksweepid":"1639941"}},{"type":"Feature","geometry":{"type":"LineString","coordinates":[[-122.419255606289,37.775147074542],[-122.419355051962,37.775234232616],[-122.419396888626,37.775422221042]]},"properties":{":id":"row-iyq6.8teh_x4cg",":version":"rv-mb7w-zdy3.5xzg",":created_at":"2026-03-10T12:37:08.575Z",":updated_at":"2026-03-10T12:37:08.575Z","cnn":"13143101","corridor":"Van Ness Ave","limits":"Market St  -  Oak St","cnnrightleft":"L","blockside":"West","fullname":"Saturday","weekday":"Sat","fromhour":"4","tohour":"6","week1":"1","week2":"1","week3":"1","week4":"1","week5":"1","holidays":"1","blocksweepid":"1598876"}},{"type":"Feature","geometry":{"type":"LineString","coordinates":[[-122.416291701103,37.777493843394],[-122.416317106137,37.777410028361],[-122.417392074888,37.776560951931],[-122.417501462483,37.776540893509]]},"properties":{":id":"row-7z2d.3bp8.78it",":version":"rv-dmss_audq-ngqu",":created_at":"2026-03-10T12:37:08.575Z",":updated_at":"2026-03-10T12:37:08.575Z","cnn":"8753101","corridor":"Market St","limits":"Larkin St  -  Polk St","cnnrightleft":"L","blockside":"SouthEast","fullname":"Saturday","weekday":"Sat","fromhour":"5","tohour":"7","week1":"1","week2":"1","week3":"1","week4":"1","week5":"1","holidays":"1","blocksweepid":"1618088"}},{"type":"Feature","geometry":{"type":"LineString","coordinates":[[-122.420401245219,37.789165093738],[-122.421940374296,37.788968774327]]},"properties":{":id":"row-v5kd-by9p_rcgz",":version":"rv-cm8f-39in-m9dh",":created_at":"2026-03-10T12:37:08.575Z",":updated_at":"2026-03-10T12:37:08.575Z","cnn":"5791000","corridor":"Austin St","limits":"Polk St  -  Van Ness Ave","cnnrightleft":"L","blockside":"South","fullname":"Saturday","weekday":"Sat","fromhour":"4","tohour":"6","week1":"1","week2":"1","week3":"1","week4":"1","week5":"1","holidays":"1","blocksweepid":"1600825"}},{"type":"Feature","geometry":{"type":"LineString","coordinates":[[-122.419121300714,37.746775140348],[-122.419505113925,37.746182682866]]},"properties":{":id":"row-5pmn~msmq.u73x",":version":"rv-pka6.bvbv~2cqi",":created_at":"2026-03-10T12:37:08.575Z",":updated_at":"2026-03-10T12:37:08.575Z","cnn":"9130000","corridor":"Mission St","limits":"Precita Ave  -  Powers Ave","cnnrightleft":"R","blockside":"NorthWest","fullname":"Saturday","weekday":"Sat","fromhour":"5","tohour":"7","week1":"1","week2":"1","week3":"1","week4":"1","week5":"1","holidays":"0","blocksweepid":"1599810"}},{"type":"Feature","geometry":{"type":"LineString","coordinates":[[-122.403863017888,37.798222971678],[-122.404679934447,37.798118445752]]},"properties":{":id":"row-qy55.2bvj~ah5h",":version":"rv-kstu~mm62~fhha",":created_at":"2026-03-10T12:37:08.575Z",":updated_at":"2026-03-10T12:37:08.575Z","cnn":"3149000","corridor":"Broadway","limits":"Montgomery St  -  Rowland St","cnnrightleft":"R","blockside":"North","fullname":"Saturday","weekday":"Sat","fromhour":"4","tohour":"6","week1":"1","week2":"1","week3":"1","week4":"1","week5":"1","holidays":"0","blocksweepid":"1635093"}},{"type":"Feature","geometry":{"type":"LineString","coordinates":[[-122.409683072542,37.78620266448],[-122.409775108526,37.786658874648]]},"properties":{":id":"row-e465~gqmx.jdab",":version":"rv-bnvi~kjxy~tvvd",":created_at":"2026-03-10T12:37:08.575Z",":updated_at":"2026-03-10T12:37:08.575Z","cnn":"8802000","corridor":"Mason St","limits":"O'Farrell St  -  Elwood St","cnnrightleft":"L","blockside":"West","fullname":"Saturday","weekday":"Sat","fromhour":"2","tohour":"6","week1":"1","week2":"1","week3":"1","week4":"1","week5":"1","holidays":"0","blocksweepid":"1628009"}},{"type":"Feature","geometry":{"type":"LineString","coordinates":[[-122.419491511634,37.775894187088],[-122.41956455985,37.776261516097],[-122.419506293804,37.776368870039]]},"properties":{":id":"row-gsm4-4frk~x6yw",":version":"rv-fety_had2~v56w",":created_at":"2026-03-10T12:37:08.575Z",":updated_at":"2026-03-10T12:37:08.575Z","cnn":"13143103","corridor":"Van Ness Ave","limits":"Hickory St  -  Fell St","cnnrightleft":"L","blockside":"West","fullname":"Saturday","weekday":"Sat","fromhour":"4","tohour":"6","week1":"1","week2":"1","week3":"1","week4":"1","week5":"1","holidays":"1","blocksweepid":"1598878"}},{"type":"Feature","geometry":{"type":"LineString","coordinates":[[-122.397383445616,37.792405521236],[-122.397406269634,37.792321953228],[-122.398157919715,37.791731151712],[-122.398264448474,37.791716058294]]},"properties":{":id":"row-jdzq-ny9y~295b",":version":"rv-ak7j.pqws.8cec",":created_at":"2026-03-10T12:37:08.575Z",":updated_at":"2026-03-10T12:37:08.575Z","cnn":"8740101","corridor":"Market St","limits":"Pine St  -  Front St","cnnrightleft":"L","blockside":"SouthEast","fullname":"Saturday","weekday":"Sat","fromhour":"5","tohour":"7","week1":"1","week2":"1","week3":"1","week4":"1","week5":"1","holidays":"1","blocksweepid":"1640602"}},{"type":"Feature","geometry":{"type":"LineString","coordinates":[[-122.511294925013,37.775075961311],[-122.511344056127,37.774989124611],[-122.511262582297,37.774192778363],[-122.511314202097,37.773574484289],[-122.511337498765,37.773018952407],[-122.511282101517,37.77295994379]]},"properties":{":id":"row-ah8i~uz2c~9wdn",":version":"rv-4t27-byes-iczd",":created_at":"2026-03-10T12:37:08.575Z",":updated_at":"2026-03-10T12:37:08.575Z","cnn":"6432201","corridor":"Great Hwy","limits":"Balboa St  -  Cabrillo St","cnnrightleft":"R","blockside":"West","fullname":"Saturday","weekday":"Sat","fromhour":"3","tohour":"5","week1":"1","week2":"1","week3":"1","week4":"1","week5":"1","holidays":"1","blocksweepid":"1613562"}},{"type":"Feature","geometry":{"type":"LineString","coordinates":[[-122.498106916217,37.732267891808],[-122.499058976811,37.73157606995]]},"properties":{":id":"row-5tr7~jf62~nbbk",":version":"rv-a98r-qdk4-8y9z",":created_at":"2026-03-10T12:37:08.575Z",":updated_at":"2026-03-10T12:37:08.575Z","cnn":"11939000","corridor":"Skyline Blvd","limits":"Lake Merced Blvd  -  Lake Merced Blvd","cnnrightleft":"R","blockside":"NorthWest","fullname":"Saturday","weekday":"Sat","fromhour":"0","tohour":"2","week1":"1","week2":"1","week3":"1","week4":"1","week5":"1","holidays":"1","blocksweepid":"1621565"}},{"type":"Feature","geometry":{"type":"LineString","coordinates":[[-122.449295742334,37.721752412129],[-122.449178448507,37.721751459237],[-122.448533142544,37.721492239402],[-122.448410647796,37.721396869032]]},"properties":{":id":"row-yji8_hwmt~y4ux",":version":"rv-dit8.9jdf-jzvu",":created_at":"2026-03-10T12:37:08.575Z",":updated_at":"2026-03-10T12:37:08.575Z","cnn":"6129101","corridor":"Geneva Ave","limits":"Louisburg St  -  I-280 S Off Ramp","cnnrightleft":"R","blockside":"SouthWest","fullname":"Saturday","weekday":"Sat","fromhour":"6","tohour":"8","week1":"1","week2":"1","week3":"1","week4":"1","week5":"1","holidays":"0","blocksweepid":"1606130"}},{"type":"Feature","geometry":{"type":"LineString","coordinates":[[-122.432363263447,37.72771681463],[-122.432447324391,37.727637208054]]},"properties":{":id":"row-irnu-2v88.zjnu",":version":"rv-5w3y-v474-wabc",":created_at":"2026-03-10T12:37:08.575Z",":updated_at":"2026-03-10T12:37:08.575Z","cnn":"9157000","corridor":"Mission St","limits":"Theresa St  -  Avalon Ave","cnnrightleft":"R","blockside":"NorthWest","fullname":"Saturday","weekday":"Sat","fromhour":"5","tohour":"7","week1":"1","week2":"1","week3":"1","week4":"1","week5":"1","holidays":"0","blocksweepid":"1626228"}},{"type":"Feature","geometry":{"type":"LineString","coordinates":[[-122.420247184087,37.78007469645],[-122.420172889334,37.780213134785],[-122.420255458708,37.780576218265]]},"properties":{":id":"row-pwma.m6sd_c3bp",":version":"rv-guxa.xf5m_a4aw",":created_at":"2026-03-10T12:37:08.575Z",":updated_at":"2026-03-10T12:37:08.575Z","cnn":"13147201","corridor":"Van Ness Ave","limits":"McAllister St  -  Redwood St","cnnrightleft":"R","blockside":"East","fullname":"Saturday","weekday":"Sat","fromhour":"4","tohour":"6","week1":"1","week2":"1","week3":"1","week4":"1","week5":"1","holidays":"1","blocksweepid":"1639868"}},{"type":"Feature","geometry":{"type":"LineString","coordinates":[[-122.402025419687,37.786248152145],[-122.402081694534,37.786126260112],[-122.404107442041,37.784527132339],[-122.404266873046,37.784478744544]]},"properties":{":id":"row-rvzk.mesh~ivp9",":version":"rv-zkda.wnfe.dzkk",":created_at":"2026-03-10T12:37:08.575Z",":updated_at":"2026-03-10T12:37:08.575Z","cnn":"9095101","corridor":"Mission St","limits":"03rd St  -  04th St","cnnrightleft":"L","blockside":"SouthEast","fullname":"Saturday","weekday":"Sat","fromhour":"2","tohour":"6","week1":"1","week2":"1","week3":"1","week4":"1","week5":"1","holidays":"1","blocksweepid":"1618919"}},{"type":"Feature","geometry":{"type":"LineString","coordinates":[[-122.404613421188,37.793565084245],[-122.4047105823,37.794021380221]]},"properties":{":id":"row-9bf5~88ss_hmvz",":version":"rv-bb9g~yw6v-barz",":created_at":"2026-03-10T12:37:08.575Z",":updated_at":"2026-03-10T12:37:08.575Z","cnn":"7756000","corridor":"Kearny St","limits":"Sacramento St  -  Commercial St","cnnrightleft":"L","blockside":"West","fullname":"Saturday","weekday":"Sat","fromhour":"2","tohour":"6","week1":"1","week2":"1","week3":"1","week4":"1","week5":"1","holidays":"0","blocksweepid":"1623987"}},{"type":"Feature","geometry":{"type":"LineString","coordinates":[[-122.433839653842,37.788906284116],[-122.434027089313,37.789836971894]]},"properties":{":id":"row-5xaf_t8i6.agdk",":version":"rv-4gx5~a925-qrg7",":created_at":"2026-03-10T12:37:08.575Z",":updated_at":"2026-03-10T12:37:08.575Z","cnn":"5553000","corridor":"Fillmore St","limits":"California St  -  Sacramento St","cnnrightleft":"L","blockside":"West","fullname":"Saturday","weekday":"Sat","fromhour":"6","tohour":"8","week1":"1","week2":"1","week3":"1","week4":"1","week5":"1","holidays":"0","blocksweepid":"1631380"}},{"type":"Feature","geometry":{"type":"LineString","coordinates":[[-122.422694163657,37.792174644917],[-122.422815539958,37.792254825445],[-122.422954947525,37.792943796068],[-122.422871202196,37.793050003145]]},"properties":{":id":"row-gch6.zw42_7eaf",":version":"rv-ki3w~zirj.ejy2",":created_at":"2026-03-10T12:37:08.575Z",":updated_at":"2026-03-10T12:37:08.575Z","cnn":"13160101","corridor":"Van Ness Ave","limits":"Clay St  -  Washington St","cnnrightleft":"L","blockside":"West","fullname":"Saturday","weekday":"Sat","fromhour":"4","tohour":"6","week1":"1","week2":"1","week3":"1","week4":"1","week5":"1","holidays":"1","blocksweepid":"1640053"}},{"type":"Feature","geometry":{"type":"LineString","coordinates":[[-122.395431474804,37.719558105472],[-122.39661702614,37.720230912546]]},"properties":{":id":"row-e38d-96gd~7iuc",":version":"rv-3evr.73j8~xg3x",":created_at":"2026-03-10T12:37:08.575Z",":updated_at":"2026-03-10T12:37:08.575Z","cnn":"7433000","corridor":"Jamestown Ave","limits":"Jennings St  -  03rd St","cnnrightleft":"R","blockside":"NorthEast","fullname":"Saturday","weekday":"Sat","fromhour":"7","tohour":"8","week1":"1","week2":"1","week3":"1","week4":"1","week5":"1","holidays":"0","blocksweepid":"1597366"}},{"type":"Feature","geometry":{"type":"LineString","coordinates":[[-122.392499329227,37.793768814045],[-122.393181332338,37.793230492385]]},"properties":{":id":"row-ja4m-w6ay-styk",":version":"rv-b2tq~fuhv.8ef9",":created_at":"2026-03-10T12:37:08.575Z",":updated_at":"2026-03-10T12:37:08.575Z","cnn":"9082000","corridor":"Mission St","limits":"The Embarcadero  -  Steuart St","cnnrightleft":"L","blockside":"SouthEast","fullname":"Saturday","weekday":"Sat","fromhour":"2","tohour":"6","week1":"1","week2":"1","week3":"1","week4":"1","week5":"1","holidays":"1","blocksweepid":"1618906"}},{"type":"Feature","geometry":{"type":"LineString","coordinates":[[-122.410292026651,37.782230575213],[-122.409693261412,37.781754327744]]},"properties":{":id":"row-s752_pfj7_8xfp",":version":"rv-rgxk-rse6_f4t6",":created_at":"2026-03-10T12:37:08.575Z",":updated_at":"2026-03-10T12:37:08.575Z","cnn":"326000","corridor":"06th St","limits":"Market St  -  Stevenson St","cnnrightleft":"R","blockside":"SouthWest","fullname":"Saturday","weekday":"Sat","fromhour":"4","tohour":"6","week1":"1","week2":"1","week3":"1","week4":"1","week5":"1","holidays":"1","blocksweepid":"1636382"}},{"type":"Feature","geometry":{"type":"LineString","coordinates":[[-122.387629453835,37.743527928107],[-122.387926350852,37.742703154167]]},"properties":{":id":"row-hcvx~p6rj.kszv",":version":"rv-9ihi~q6dm.e3wm",":created_at":"2026-03-10T12:37:08.575Z",":updated_at":"2026-03-10T12:37:08.575Z","cnn":"201000","corridor":"03rd St","limits":"Davidson Ave  -  Evans Ave","cnnrightleft":"L","blockside":"East","fullname":"Saturday","weekday":"Sat","fromhour":"2","tohour":"6","week1":"1","week2":"1","week3":"1","week4":"1","week5":"1","holidays":"0","blocksweepid":"1629123"}},{"type":"Feature","geometry":{"type":"LineString","coordinates":[[-122.431951802505,37.779564149041],[-122.432140389659,37.780496260511]]},"properties":{":id":"row-wmr9_6x45_recp",":version":"rv-pahg_dpqi-txkr",":created_at":"2026-03-10T12:37:08.575Z",":updated_at":"2026-03-10T12:37:08.575Z","cnn":"5542000","corridor":"Fillmore St","limits":"Golden Gate Ave  -  Turk St","cnnrightleft":"L","blockside":"West","fullname":"Saturday","weekday":"Sat","fromhour":"6","tohour":"8","week1":"1","week2":"1","week3":"1","week4":"1","week5":"1","holidays":"0","blocksweepid":"1631369"}},{"type":"Feature","geometry":{"type":"LineString","coordinates":[[-122.40148983584,37.785829214079],[-122.400468484099,37.785030285046]]},"properties":{":id":"row-fppt-i8qv.zez4",":version":"rv-gpx5_fmki.qv9m",":created_at":"2026-03-10T12:37:08.575Z",":updated_at":"2026-03-10T12:37:08.575Z","cnn":"167000","corridor":"03rd St","limits":"Minna St  -  Howard St","cnnrightleft":"L","blockside":"NorthEast","fullname":"Saturday","weekday":"Sat","fromhour":"2","tohour":"6","week1":"1","week2":"1","week3":"1","week4":"1","week5":"1","holidays":"0","blocksweepid":"1628624"}},{"type":"Feature","geometry":{"type":"LineString","coordinates":[[-122.409014377479,37.799489820039],[-122.410206544063,37.800315499308]]},"properties":{":id":"row-pqia~7dvd-xe6v",":version":"rv-g543~5tb4-ktza",":created_at":"2026-03-10T12:37:08.575Z",":updated_at":"2026-03-10T12:37:08.575Z","cnn":"4295000","corridor":"Columbus Ave","limits":"Green St  -  Union St","cnnrightleft":"R","blockside":"NorthEast","fullname":"Saturday","weekday":"Sat","fromhour":"4","tohour":"6","week1":"1","week2":"1","week3":"1","week4":"1","week5":"1","holidays":"0","blocksweepid":"1603292"}},{"type":"Feature","geometry":{"type":"LineString","coordinates":[[-122.4061628586,37.778942761943],[-122.405615266245,37.778505104586]]},"properties":{":id":"row-rimw~i48w-9a6u",":version":"rv-txeb-uuh9-a39r",":created_at":"2026-03-10T12:37:08.575Z",":updated_at":"2026-03-10T12:37:08.575Z","cnn":"334000","corridor":"06th St","limits":"Clementina St  -  Folsom St","cnnrightleft":"L","blockside":"NorthEast","fullname":"Saturday","weekday":"Sat","fromhour":"4","tohour":"6","week1":"1","week2":"1","week3":"1","week4":"1","week5":"1","holidays":"1","blocksweepid":"1614288"}},{"type":"Feature","geometry":{"type":"LineString","coordinates":[[-122.398264448474,37.791716058294],[-122.398368505577,37.791695324432],[-122.399122508492,37.791101433013],[-122.399148598539,37.791016649255]]},"properties":{":id":"row-whgg-spsk~e4xc",":version":"rv-8ps7~qkvc.xu8z",":created_at":"2026-03-10T12:37:08.575Z",":updated_at":"2026-03-10T12:37:08.575Z","cnn":"8741201","corridor":"Market St","limits":"Front St  -  Bush St","cnnrightleft":"R","blockside":"NorthWest","fullname":"Saturday","weekday":"Sat","fromhour":"5","tohour":"7","week1":"1","week2":"1","week3":"1","week4":"1","week5":"1","holidays":"1","blocksweepid":"1640566"}},{"type":"Feature","geometry":{"type":"LineString","coordinates":[[-122.410292026651,37.782230575213],[-122.409693261412,37.781754327744]]},"properties":{":id":"row-fnbg-t4ih~v9hg",":version":"rv-wzxj.kdy8~hasd",":created_at":"2026-03-10T12:37:08.575Z",":updated_at":"2026-03-10T12:37:08.575Z","cnn":"326000","corridor":"06th St","limits":"Market St  -  Stevenson St","cnnrightleft":"L","blockside":"NorthEast","fullname":"Saturday","weekday":"Sat","fromhour":"4","tohour":"6","week1":"1","week2":"1","week3":"1","week4":"1","week5":"1","holidays":"1","blocksweepid":"1614280"}},{"type":"Feature","geometry":{"type":"LineString","coordinates":[[-122.421393307556,37.785685802529],[-122.421297991413,37.785793536199],[-122.421373373705,37.786166158844]]},"properties":{":id":"row-ke7i-ak3x-4ifx",":version":"rv-9i56~yjg5.35rk",":created_at":"2026-03-10T12:37:08.575Z",":updated_at":"2026-03-10T12:37:08.575Z","cnn":"13153201","corridor":"Van Ness Ave","limits":"Geary Blvd  -  Cedar St","cnnrightleft":"R","blockside":"East","fullname":"Saturday","weekday":"Sat","fromhour":"4","tohour":"6","week1":"1","week2":"1","week3":"1","week4":"1","week5":"1","holidays":"1","blocksweepid":"1625424"}},{"type":"Feature","geometry":{"type":"LineString","coordinates":[[-122.42034436809,37.771770250043],[-122.420305735343,37.771676766198],[-122.420174963126,37.770252992189],[-122.420008320652,37.770111449154]]},"properties":{":id":"row-5ycu~mw8d_9fbe",":version":"rv-2fyj-uikc_rnk8",":created_at":"2026-03-10T12:37:08.575Z",":updated_at":"2026-03-10T12:37:08.575Z","cnn":"10048000","corridor":"Otis St","limits":"Gough St  -  Mission St","cnnrightleft":"R","blockside":"West","fullname":"Saturday","weekday":"Sat","fromhour":"4","tohour":"6","week1":"1","week2":"1","week3":"1","week4":"1","week5":"1","holidays":"0","blocksweepid":"1630223"}},{"type":"Feature","geometry":{"type":"LineString","coordinates":[[-122.46699101446,37.739723499871],[-122.467090767076,37.739691229305],[-122.469029405071,37.738045446869],[-122.469056678361,37.737969881636]]},"properties":{":id":"row-f4vr.3qrw-hvfa",":version":"rv-gitk-f7sy_pzi2",":created_at":"2026-03-10T12:37:08.575Z",":updated_at":"2026-03-10T12:37:08.575Z","cnn":"13578201","corridor":"West Portal Ave","limits":"Vicente St  -  14th Ave","cnnrightleft":"R","blockside":"NorthWest","fullname":"Saturday","weekday":"Sat","fromhour":"5","tohour":"7","week1":"1","week2":"1","week3":"1","week4":"1","week5":"1","holidays":"0","blocksweepid":"1601146"}},{"type":"Feature","geometry":{"type":"LineString","coordinates":[[-122.450498930495,37.70954336882],[-122.450883666773,37.709412742176]]},"properties":{":id":"row-ykui-qdxi_9wzf",":version":"rv-qaq3-ec6n_6ht6",":created_at":"2026-03-10T12:37:08.575Z",":updated_at":"2026-03-10T12:37:08.575Z","cnn":"9195000","corridor":"Mission St","limits":"Oliver St  -  Lawrence Ave","cnnrightleft":"L","blockside":"South","fullname":"Saturday","weekday":"Sat","fromhour":"5","tohour":"7","week1":"1","week2":"1","week3":"1","week4":"1","week5":"1","holidays":"0","blocksweepid":"1626585"}},{"type":"Feature","geometry":{"type":"LineString","coordinates":[[-122.401261501824,37.786851715577],[-122.402025419687,37.786248152145]]},"properties":{":id":"row-eds4.zgbg_2mkt",":version":"rv-3awh.p8fj.da33",":created_at":"2026-03-10T12:37:08.575Z",":updated_at":"2026-03-10T12:37:08.575Z","cnn":"9094000","corridor":"Mission St","limits":"Annie St  -  03rd St","cnnrightleft":"R","blockside":"NorthWest","fullname":"Saturday","weekday":"Sat","fromhour":"2","tohour":"6","week1":"1","week2":"1","week3":"1","week4":"1","week5":"1","holidays":"1","blocksweepid":"1618471"}},{"type":"Feature","geometry":{"type":"LineString","coordinates":[[-122.424852598549,37.77074774518],[-122.424958238897,37.770726363244],[-122.426285425928,37.769683638552],[-122.426309438393,37.769602597207]]},"properties":{":id":"row-7rui-c8ew-gejg",":version":"rv-khjt~n8nb-ta73",":created_at":"2026-03-10T12:37:08.575Z",":updated_at":"2026-03-10T12:37:08.575Z","cnn":"8761201","corridor":"Market St","limits":"Laguna St  -  Buchanan St","cnnrightleft":"R","blockside":"NorthWest","fullname":"Saturday","weekday":"Sat","fromhour":"2","tohour":"6","week1":"1","week2":"1","week3":"1","week4":"1","week5":"1","holidays":"1","blocksweepid":"1625857"}},{"type":"Feature","geometry":{"type":"LineString","coordinates":[[-122.396504486404,37.793097082824],[-122.39652684289,37.793013169526],[-122.397277131389,37.79242345485],[-122.397383445616,37.792405521236]]},"properties":{":id":"row-66h9~q2xh~zy86",":version":"rv-rbvp.gcpx-4ace",":created_at":"2026-03-10T12:37:08.575Z",":updated_at":"2026-03-10T12:37:08.575Z","cnn":"8739101","corridor":"Market St","limits":"Main St  -  Pine St","cnnrightleft":"L","blockside":"SouthEast","fullname":"Saturday","weekday":"Sat","fromhour":"5","tohour":"7","week1":"1","week2":"1","week3":"1","week4":"1","week5":"1","holidays":"1","blocksweepid":"1640601"}},{"type":"Feature","geometry":{"type":"LineString","coordinates":[[-122.405473070568,37.798016956507],[-122.406231389855,37.797920272777]]},"properties":{":id":"row-6rva_abi5~jwsi",":version":"rv-se87~zuk2.6is8",":created_at":"2026-03-10T12:37:08.575Z",":updated_at":"2026-03-10T12:37:08.575Z","cnn":"3151000","corridor":"Broadway","limits":"Kearny St  -  Romolo St","cnnrightleft":"R","blockside":"North","fullname":"Saturday","weekday":"Sat","fromhour":"4","tohour":"6","week1":"1","week2":"1","week3":"1","week4":"1","week5":"1","holidays":"0","blocksweepid":"1635095"}},{"type":"Feature","geometry":{"type":"LineString","coordinates":[[-122.389619541306,37.722851441563],[-122.391491914499,37.723914104564]]},"properties":{":id":"row-jqck~b6mp.jvkk",":version":"rv-f3gj~urvc~g7z9",":created_at":"2026-03-10T12:37:08.575Z",":updated_at":"2026-03-10T12:37:08.575Z","cnn":"3736000","corridor":"Carroll Ave","limits":"Ingalls St  -  Jennings St","cnnrightleft":"L","blockside":"SouthWest","fullname":"Saturday","weekday":"Sat","fromhour":"7","tohour":"8","week1":"1","week2":"1","week3":"1","week4":"1","week5":"1","holidays":"0","blocksweepid":"1636799"}},{"type":"Feature","geometry":{"type":"LineString","coordinates":[[-122.395064952238,37.780700560209],[-122.39463146327,37.780354395261]]},"properties":{":id":"row-dna7_sm72_vt4q",":version":"rv-n4qd.542n~ai5t",":created_at":"2026-03-10T12:37:08.575Z",":updated_at":"2026-03-10T12:37:08.575Z","cnn":"177000","corridor":"03rd St","limits":"South Park  -  Varney Pl","cnnrightleft":"R","blockside":"SouthWest","fullname":"Saturday","weekday":"Sat","fromhour":"2","tohour":"6","week1":"1","week2":"1","week3":"1","week4":"1","week5":"1","holidays":"0","blocksweepid":"1628706"}},{"type":"Feature","geometry":{"type":"LineString","coordinates":[[-122.408253202381,37.795823706119],[-122.408430886462,37.796703902691]]},"properties":{":id":"row-kfcg~vs8a.vhn8",":version":"rv-igfu-c7tq_7t45",":created_at":"2026-03-10T12:37:08.575Z",":updated_at":"2026-03-10T12:37:08.575Z","cnn":"12207000","corridor":"Stockton St","limits":"Jackson St  -  Pacific Ave","cnnrightleft":"L","blockside":"West","fullname":"Saturday","weekday":"Sat","fromhour":"2","tohour":"6","week1":"1","week2":"1","week3":"1","week4":"1","week5":"1","holidays":"0","blocksweepid":"1624704"}},{"type":"Feature","geometry":{"type":"LineString","coordinates":[[-122.397942939431,37.782997897616],[-122.39738553825,37.782553592904]]},"properties":{":id":"row-a4zf~b4nu-y427",":version":"rv-cc6d~jp6m-i4gb",":created_at":"2026-03-10T12:37:08.575Z",":updated_at":"2026-03-10T12:37:08.575Z","cnn":"171000","corridor":"03rd St","limits":"Saint Francis Pl  -  Harrison St","cnnrightleft":"L","blockside":"NorthEast","fullname":"Saturday","weekday":"Sat","fromhour":"2","tohour":"6","week1":"1","week2":"1","week3":"1","week4":"1","week5":"1","holidays":"0","blocksweepid":"1628628"}},{"type":"Feature","geometry":{"type":"LineString","coordinates":[[-122.395264646671,37.723222334711],[-122.395252011285,37.72307744407],[-122.39540516528,37.722752177442]]},"properties":{":id":"row-bmc5~ui4h-vur2",":version":"rv-4qpb.5hdb.nes7",":created_at":"2026-03-10T12:37:08.575Z",":updated_at":"2026-03-10T12:37:08.575Z","cnn":"227102","corridor":"03rd St","limits":"Fitzgerald Ave  -  Keith St","cnnrightleft":"L","blockside":null,"fullname":"Saturday","weekday":"Sat","fromhour":"2","tohour":"6","week1":"1","week2":"1","week3":"1","week4":"1","week5":"1","holidays":"0","blocksweepid":"1629152"}},{"type":"Feature","geometry":{"type":"LineString","coordinates":[[-122.468704481046,37.782750917064],[-122.469769991545,37.782701905109]]},"properties":{":id":"row-tzac-edi3_ipvj",":version":"rv-2cwc.fd3r.3jmg",":created_at":"2026-03-10T12:37:08.575Z",":updated_at":"2026-03-10T12:37:08.575Z","cnn":"4159000","corridor":"Clement St","limits":"10th Ave  -  11th Ave","cnnrightleft":"R","blockside":"North","fullname":"Saturday","weekday":"Sat","fromhour":"7","tohour":"8","week1":"1","week2":"1","week3":"1","week4":"1","week5":"1","holidays":"0","blocksweepid":"1615202"}},{"type":"Feature","geometry":{"type":"LineString","coordinates":[[-122.412024074642,37.781136160202],[-122.412220735371,37.782073067927]]},"properties":{":id":"row-ibqw_jwnz-mz9s",":version":"rv-zu7w.x4eu.thk8",":created_at":"2026-03-10T12:37:08.575Z",":updated_at":"2026-03-10T12:37:08.575Z","cnn":"7563000","corridor":"Jones St","limits":"McAllister St  -  Golden Gate Ave","cnnrightleft":"R","blockside":"East","fullname":"Saturday","weekday":"Sat","fromhour":"6","tohour":"8","week1":"1","week2":"1","week3":"1","week4":"1","week5":"1","holidays":"0","blocksweepid":"1597568"}},{"type":"Feature","geometry":{"type":"LineString","coordinates":[[-122.418364867499,37.787487117094],[-122.42001957405,37.787280026389]]},"properties":{":id":"row-v72x~y58t~tkq3",":version":"rv-cgtd_jphf.j9k4",":created_at":"2026-03-10T12:37:08.575Z",":updated_at":"2026-03-10T12:37:08.575Z","cnn":"6875000","corridor":"Hemlock St","limits":"Larkin St  -  Polk St","cnnrightleft":"L","blockside":"South","fullname":"Saturday","weekday":"Sat","fromhour":"4","tohour":"6","week1":"1","week2":"1","week3":"1","week4":"1","week5":"1","holidays":"1","blocksweepid":"1623389"}},{"type":"Feature","geometry":{"type":"LineString","coordinates":[[-122.395583553898,37.793754558847],[-122.396194232171,37.793274591364],[-122.396302004798,37.79325635015]]},"properties":{":id":"row-5vah.zpqi-f6r9",":version":"rv-3zwu~8ahx.hwjp",":created_at":"2026-03-10T12:37:08.575Z",":updated_at":"2026-03-10T12:37:08.575Z","cnn":"8737102","corridor":"Market St","limits":"Spear St  -  Drumm St","cnnrightleft":"L","blockside":"SouthEast","fullname":"Saturday","weekday":"Sat","fromhour":"5","tohour":"7","week1":"1","week2":"1","week3":"1","week4":"1","week5":"1","holidays":"1","blocksweepid":"1640599"}},{"type":"Feature","geometry":{"type":"LineString","coordinates":[[-122.441554284708,37.71575344485],[-122.441691159313,37.715572699572]]},"properties":{":id":"row-35d4-ucdd_svgs",":version":"rv-vav5.j9aw-6xtu",":created_at":"2026-03-10T12:37:08.575Z",":updated_at":"2026-03-10T12:37:08.575Z","cnn":"9179000","corridor":"Mission St","limits":"Rolph St  -  Niagara Ave","cnnrightleft":"R","blockside":"NorthWest","fullname":"Saturday","weekday":"Sat","fromhour":"5","tohour":"7","week1":"1","week2":"1","week3":"1","week4":"1","week5":"1","holidays":"0","blocksweepid":"1626250"}},{"type":"Feature","geometry":{"type":"LineString","coordinates":[[-122.443951627671,37.713362090755],[-122.444571083206,37.712783427274]]},"properties":{":id":"row-jxkj~n27a_wqsi",":version":"rv-ke9k_vc68.bn2m",":created_at":"2026-03-10T12:37:08.575Z",":updated_at":"2026-03-10T12:37:08.575Z","cnn":"9186000","corridor":"Mission St","limits":"Florentine Ave  -  Guttenberg St","cnnrightleft":"L","blockside":"SouthEast","fullname":"Saturday","weekday":"Sat","fromhour":"5","tohour":"7","week1":"1","week2":"1","week3":"1","week4":"1","week5":"1","holidays":"0","blocksweepid":"1626576"}},{"type":"Feature","geometry":{"type":"LineString","coordinates":[[-122.417618571016,37.783777523379],[-122.419273432237,37.783567785618]]},"properties":{":id":"row-3t7q-4fmr~d52a",":version":"rv-ze6y.mm55_7crh",":created_at":"2026-03-10T12:37:08.575Z",":updated_at":"2026-03-10T12:37:08.575Z","cnn":"13662000","corridor":"Willow St","limits":"Larkin St  -  Polk St","cnnrightleft":"R","blockside":"North","fullname":"Saturday","weekday":"Sat","fromhour":"4","tohour":"6","week1":"1","week2":"1","week3":"1","week4":"1","week5":"1","holidays":"1","blocksweepid":"1627690"}},{"type":"Feature","geometry":{"type":"LineString","coordinates":[[-122.414164433951,37.808421059353],[-122.415802425062,37.808214054175]]},"properties":{":id":"row-9ejf~nyw7_s4ph",":version":"rv-ahyx~3jze.vj7d",":created_at":"2026-03-10T12:37:08.575Z",":updated_at":"2026-03-10T12:37:08.575Z","cnn":"7456000","corridor":"Jefferson St","limits":"Mason St  -  Taylor St","cnnrightleft":"R","blockside":"North","fullname":"Saturday","weekday":"Sat","fromhour":"1","tohour":"3","week1":"1","week2":"1","week3":"1","week4":"1","week5":"1","holidays":"1","blocksweepid":"1597417"}},{"type":"Feature","geometry":{"type":"LineString","coordinates":[[-122.403400462148,37.730658352623],[-122.403021621879,37.729901901319]]},"properties":{":id":"row-84jd_pcmt_7tcn",":version":"rv-bz7z~8upa.5h7p",":created_at":"2026-03-10T12:37:08.575Z",":updated_at":"2026-03-10T12:37:08.575Z","cnn":"2806000","corridor":"Bay Shore Blvd","limits":"Thornton Ave  -  Quint St","cnnrightleft":"R","blockside":"West","fullname":"Saturday","weekday":"Sat","fromhour":"7","tohour":"8","week1":"1","week2":"1","week3":"1","week4":"1","week5":"1","holidays":"0","blocksweepid":"1628249"}},{"type":"Feature","geometry":{"type":"LineString","coordinates":[[-122.440255134802,37.716038820045],[-122.440171085565,37.715945700412],[-122.439565429574,37.715674069439],[-122.439438471855,37.715672554478]]},"properties":{":id":"row-htnp-bfh4.t5cg",":version":"rv-jp3y.9ksa-5djs",":created_at":"2026-03-10T12:37:08.575Z",":updated_at":"2026-03-10T12:37:08.575Z","cnn":"6139201","corridor":"Geneva Ave","limits":"London St  -  Paris St","cnnrightleft":"R","blockside":"SouthWest","fullname":"Saturday","weekday":"Sat","fromhour":"5","tohour":"7","week1":"1","week2":"1","week3":"1","week4":"1","week5":"1","holidays":"0","blocksweepid":"1606198"}},{"type":"Feature","geometry":{"type":"LineString","coordinates":[[-122.421017514089,37.784302729779],[-122.421099298762,37.784653467828],[-122.421192974629,37.7847534462]]},"properties":{":id":"row-wfva_3w7d_tyvi",":version":"rv-mgwt_e6i7.3cpq",":created_at":"2026-03-10T12:37:08.575Z",":updated_at":"2026-03-10T12:37:08.575Z","cnn":"13151202","corridor":"Van Ness Ave","limits":"Olive St  -  O'Farrell St","cnnrightleft":"R","blockside":"East","fullname":"Saturday","weekday":"Sat","fromhour":"4","tohour":"6","week1":"1","week2":"1","week3":"1","week4":"1","week5":"1","holidays":"1","blocksweepid":"1625403"}},{"type":"Feature","geometry":{"type":"LineString","coordinates":[[-122.434027089313,37.789836971894],[-122.434203153098,37.790711174785]]},"properties":{":id":"row-t9n2-2pyt.43k6",":version":"rv-2f5k~uct8_ma56",":created_at":"2026-03-10T12:37:08.575Z",":updated_at":"2026-03-10T12:37:08.575Z","cnn":"5554000","corridor":"Fillmore St","limits":"Sacramento St  -  Clay St","cnnrightleft":"L","blockside":"West","fullname":"Saturday","weekday":"Sat","fromhour":"6","tohour":"8","week1":"1","week2":"1","week3":"1","week4":"1","week5":"1","holidays":"0","blocksweepid":"1631381"}},{"type":"Feature","geometry":{"type":"LineString","coordinates":[[-122.433623590741,37.726236244239],[-122.43398235555,37.72576179005]]},"properties":{":id":"row-6eb5~ubsb_h9bd",":version":"rv-jk62_tsfe.ftmj",":created_at":"2026-03-10T12:37:08.575Z",":updated_at":"2026-03-10T12:37:08.575Z","cnn":"9161000","corridor":"Mission St","limits":"Excelsior Ave  -  Santa Rosa Ave","cnnrightleft":"L","blockside":"SouthEast","fullname":"Saturday","weekday":"Sat","fromhour":"5","tohour":"7","week1":"1","week2":"1","week3":"1","week4":"1","week5":"1","holidays":"0","blocksweepid":"1619436"}},{"type":"Feature","geometry":{"type":"LineString","coordinates":[[-122.409014377479,37.799489820039],[-122.410206544063,37.800315499308]]},"properties":{":id":"row-s5e9_8t3q~mury",":version":"rv-39xz_j89m_8m26",":created_at":"2026-03-10T12:37:08.575Z",":updated_at":"2026-03-10T12:37:08.575Z","cnn":"4295000","corridor":"Columbus Ave","limits":"Green St  -  Union St","cnnrightleft":"L","blockside":"SouthWest","fullname":"Saturday","weekday":"Sat","fromhour":"4","tohour":"6","week1":"1","week2":"1","week3":"1","week4":"1","week5":"1","holidays":"0","blocksweepid":"1637355"}},{"type":"Feature","geometry":{"type":"LineString","coordinates":[[-122.511938325139,37.776756190994],[-122.511864803156,37.776600902271],[-122.511735673847,37.776439456722],[-122.511623583858,37.77626004683],[-122.511532255148,37.776061088408],[-122.51147314869,37.775892036784],[-122.51142705288,37.77557554617],[-122.511403013452,37.775368243745],[-122.511375018573,37.775165724978],[-122.511294925013,37.775075961311]]},"properties":{":id":"row-3ztk-cvmn~iyfh",":version":"rv-xars_v8xx.6saf",":created_at":"2026-03-10T12:37:08.575Z",":updated_at":"2026-03-10T12:37:08.575Z","cnn":"6431201","corridor":"Great Hwy","limits":"Point Lobos Ave  -  Balboa St","cnnrightleft":"R","blockside":"West","fullname":"Saturday","weekday":"Sat","fromhour":"3","tohour":"5","week1":"1","week2":"1","week3":"1","week4":"1","week5":"1","holidays":"1","blocksweepid":"1613561"}},{"type":"Feature","geometry":{"type":"LineString","coordinates":[[-122.504185330568,37.735557882752],[-122.50515321079,37.735564869154],[-122.505257352258,37.735475288106]]},"properties":{":id":"row-x8c9-5zug-d4nz",":version":"rv-4sx5~t6ju.8mhf",":created_at":"2026-03-10T12:37:08.575Z",":updated_at":"2026-03-10T12:37:08.575Z","cnn":"11963202","corridor":"Sloat Blvd","limits":"46th Ave  -  47th Ave","cnnrightleft":"L","blockside":"South","fullname":"Saturday","weekday":"Sat","fromhour":"5","tohour":"7","week1":"1","week2":"1","week3":"1","week4":"1","week5":"1","holidays":"0","blocksweepid":"1605689"}},{"type":"Feature","geometry":{"type":"LineString","coordinates":[[-122.420011097939,37.756968601674],[-122.419857942892,37.755365729245]]},"properties":{":id":"row-bagp-pkjq~b7ns",":version":"rv-c7u4-8kk8.k76a",":created_at":"2026-03-10T12:37:08.575Z",":updated_at":"2026-03-10T12:37:08.575Z","cnn":"2742000","corridor":"Bartlett St","limits":"21st St  -  22nd St","cnnrightleft":"R","blockside":"West","fullname":"Saturday","weekday":"Sat","fromhour":"4","tohour":"6","week1":"1","week2":"1","week3":"1","week4":"1","week5":"1","holidays":"0","blocksweepid":"1607063"}},{"type":"Feature","geometry":{"type":"LineString","coordinates":[[-122.486552072443,37.729585010642],[-122.486472961169,37.729504391293],[-122.48572184239,37.72929240081],[-122.485404530569,37.729019368141],[-122.484053164325,37.727412414256],[-122.483956692821,37.727090342817],[-122.483864395827,37.727019523181]]},"properties":{":id":"row-nfks~nqec_9uxi",":version":"rv-j6i8_5bf3~3yfr",":created_at":"2026-03-10T12:37:08.575Z",":updated_at":"2026-03-10T12:37:08.575Z","cnn":"8047201","corridor":"Lake Merced Blvd","limits":"Middlefield Dr  -  Winston Dr","cnnrightleft":"L","blockside":"NorthEast","fullname":"Saturday","weekday":"Sat","fromhour":"4","tohour":"6","week1":"1","week2":"1","week3":"1","week4":"1","week5":"1","holidays":"0","blocksweepid":"1597935"}},{"type":"Feature","geometry":{"type":"LineString","coordinates":[[-122.419671829395,37.77230320357],[-122.42034436809,37.771770250043]]},"properties":{":id":"row-s5qd-sj69.3zux",":version":"rv-yxve.q4v7-j6pn",":created_at":"2026-03-10T12:37:08.575Z",":updated_at":"2026-03-10T12:37:08.575Z","cnn":"10047000","corridor":"Otis St","limits":"Brady St  -  Gough St","cnnrightleft":"L","blockside":"SouthEast","fullname":"Saturday","weekday":"Sat","fromhour":"4","tohour":"6","week1":"1","week2":"1","week3":"1","week4":"1","week5":"1","holidays":"0","blocksweepid":"1630219"}},{"type":"Feature","geometry":{"type":"LineString","coordinates":[[-122.407319877288,37.795940921113],[-122.407432089998,37.795926829129]]},"properties":{":id":"row-3t54_2pzq~gq8w",":version":"rv-6my9_g4t3_b7nc",":created_at":"2026-03-10T12:37:08.575Z",":updated_at":"2026-03-10T12:37:08.575Z","cnn":"7375000","corridor":"Jackson St","limits":"Jason Ct  -  Ross Aly","cnnrightleft":"R","blockside":"North","fullname":"Saturday","weekday":"Sat","fromhour":"2","tohour":"6","week1":"1","week2":"1","week3":"1","week4":"1","week5":"1","holidays":"0","blocksweepid":"1638523"}},{"type":"Feature","geometry":{"type":"LineString","coordinates":[[-122.393181332338,37.793230492385],[-122.394059623992,37.792537217256]]},"properties":{":id":"row-zfbp.ymu2-haci",":version":"rv-9bvf~r2fa_khgk",":created_at":"2026-03-10T12:37:08.575Z",":updated_at":"2026-03-10T12:37:08.575Z","cnn":"9083000","corridor":"Mission St","limits":"Steuart St  -  Spear St","cnnrightleft":"L","blockside":"SouthEast","fullname":"Saturday","weekday":"Sat","fromhour":"2","tohour":"6","week1":"1","week2":"1","week3":"1","week4":"1","week5":"1","holidays":"1","blocksweepid":"1618907"}},{"type":"Feature","geometry":{"type":"LineString","coordinates":[[-122.418221170888,37.748165688851],[-122.419121300714,37.746775140348]]},"properties":{":id":"row-344r_rr2k.j68d",":version":"rv-arg5-8r7a-xqpb",":created_at":"2026-03-10T12:37:08.575Z",":updated_at":"2026-03-10T12:37:08.575Z","cnn":"9129000","corridor":"Mission St","limits":"Cesar Chavez St  -  Precita Ave","cnnrightleft":"L","blockside":"SouthEast","fullname":"Saturday","weekday":"Sat","fromhour":"5","tohour":"7","week1":"1","week2":"1","week3":"1","week4":"1","week5":"1","holidays":"0","blocksweepid":"1619238"}},{"type":"Feature","geometry":{"type":"LineString","coordinates":[[-122.404266873046,37.784478744544],[-122.404864793932,37.784006613234]]},"properties":{":id":"row-7fm8_vhcd_xus3",":version":"rv-u6jr.v5fc-xwzn",":created_at":"2026-03-10T12:37:08.575Z",":updated_at":"2026-03-10T12:37:08.575Z","cnn":"9096001","corridor":"Mission St","limits":"04th St  -  Jessie East St","cnnrightleft":"R","blockside":null,"fullname":"Saturday","weekday":"Sat","fromhour":"2","tohour":"6","week1":"1","week2":"1","week3":"1","week4":"1","week5":"1","holidays":"1","blocksweepid":"1618474"}},{"type":"Feature","geometry":{"type":"LineString","coordinates":[[-122.432515383426,37.782349635153],[-122.432706179502,37.783292591474]]},"properties":{":id":"row-6335~bc3q~yxu3",":version":"rv-83f4_fjsi_3qw7",":created_at":"2026-03-10T12:37:08.575Z",":updated_at":"2026-03-10T12:37:08.575Z","cnn":"5545000","corridor":"Fillmore St","limits":"Ellis St  -  O'Farrell St","cnnrightleft":"L","blockside":"West","fullname":"Saturday","weekday":"Sat","fromhour":"6","tohour":"8","week1":"1","week2":"1","week3":"1","week4":"1","week5":"1","holidays":"0","blocksweepid":"1631372"}},{"type":"Feature","geometry":{"type":"LineString","coordinates":[[-122.403186035637,37.741885881715],[-122.403451320002,37.742036221024]]},"properties":{":id":"row-y6ei_pdqq~2yk8",":version":"rv-gsqa.hrvp.ax7u",":created_at":"2026-03-10T12:37:08.575Z",":updated_at":"2026-03-10T12:37:08.575Z","cnn":"9796000","corridor":"Oakdale Ave","limits":"Barneveld Ave  -  Barneveld Ave","cnnrightleft":"R","blockside":"NorthEast","fullname":"Saturday","weekday":"Sat","fromhour":"2","tohour":"3","week1":"1","week2":"1","week3":"1","week4":"1","week5":"1","holidays":"0","blocksweepid":"1603453"}},{"type":"Feature","geometry":{"type":"LineString","coordinates":[[-122.408079101008,37.794940686929],[-122.408253202381,37.795823706119]]},"properties":{":id":"row-jszr_rhdw-9a2q",":version":"rv-nfcp_6khx~p9qz",":created_at":"2026-03-10T12:37:08.575Z",":updated_at":"2026-03-10T12:37:08.575Z","cnn":"12206000","corridor":"Stockton St","limits":"Washington St  -  Jackson St","cnnrightleft":"R","blockside":"East","fullname":"Saturday","weekday":"Sat","fromhour":"2","tohour":"6","week1":"1","week2":"1","week3":"1","week4":"1","week5":"1","holidays":"0","blocksweepid":"1617170"}},{"type":"Feature","geometry":{"type":"LineString","coordinates":[[-122.465492390702,37.782890981237],[-122.46656265267,37.78284940803]]},"properties":{":id":"row-t3x2.nqb4_6ken",":version":"rv-wujr-bs65.a4bn",":created_at":"2026-03-10T12:37:08.575Z",":updated_at":"2026-03-10T12:37:08.575Z","cnn":"4156000","corridor":"Clement St","limits":"07th Ave  -  08th Ave","cnnrightleft":"R","blockside":"North","fullname":"Saturday","weekday":"Sat","fromhour":"7","tohour":"8","week1":"1","week2":"1","week3":"1","week4":"1","week5":"1","holidays":"0","blocksweepid":"1615199"}},{"type":"Feature","geometry":{"type":"LineString","coordinates":[[-122.388475894209,37.741107632071],[-122.388449723633,37.740995093851],[-122.388665377903,37.740383438572],[-122.388754589159,37.740317264063]]},"properties":{":id":"row-53hc_zdzw.qe76",":version":"rv-d6xg_9bf7~5kzh",":created_at":"2026-03-10T12:37:08.575Z",":updated_at":"2026-03-10T12:37:08.575Z","cnn":"204101","corridor":"03rd St","limits":"Galvez Ave  -  Hudson Ave","cnnrightleft":"L","blockside":"East","fullname":"Saturday","weekday":"Sat","fromhour":"2","tohour":"6","week1":"1","week2":"1","week3":"1","week4":"1","week5":"1","holidays":"0","blocksweepid":"1629126"}},{"type":"Feature","geometry":{"type":"LineString","coordinates":[[-122.391521350863,37.732431908124],[-122.391513895952,37.732262592912],[-122.39169230664,37.731752623758],[-122.391797155906,37.73164354578]]},"properties":{":id":"row-9bcq.mix8_iyx2",":version":"rv-i7ae~bzrb_qjcq",":created_at":"2026-03-10T12:37:08.575Z",":updated_at":"2026-03-10T12:37:08.575Z","cnn":"215101","corridor":"03rd St","limits":"Revere Ave  -  Shafter Ave","cnnrightleft":"L","blockside":"East","fullname":"Saturday","weekday":"Sat","fromhour":"2","tohour":"6","week1":"1","week2":"1","week3":"1","week4":"1","week5":"1","holidays":"0","blocksweepid":"1629138"}},{"type":"Feature","geometry":{"type":"LineString","coordinates":[[-122.418226581079,37.778489116769],[-122.418598509318,37.780260133266]]},"properties":{":id":"row-7pr5~fu5q_w5cb",":version":"rv-iwjr_hs3t~ngnr",":created_at":"2026-03-10T12:37:08.575Z",":updated_at":"2026-03-10T12:37:08.575Z","cnn":"10549000","corridor":"Dr Carlton B Goodlett Pl","limits":"Polk St  -  Polk St","cnnrightleft":"L","blockside":"West","fullname":"Saturday","weekday":"Sat","fromhour":"2","tohour":"6","week1":"1","week2":"1","week3":"1","week4":"1","week5":"1","holidays":"0","blocksweepid":"1630823"}},{"type":"Feature","geometry":{"type":"LineString","coordinates":[[-122.418559314875,37.788432342994],[-122.420210435639,37.788222700125]]},"properties":{":id":"row-kmyn.jhpt-6kmn",":version":"rv-i88g-jt9a~kqj3",":created_at":"2026-03-10T12:37:08.575Z",":updated_at":"2026-03-10T12:37:08.575Z","cnn":"5482000","corridor":"Fern St","limits":"Larkin St  -  Polk St","cnnrightleft":"R","blockside":"North","fullname":"Saturday","weekday":"Sat","fromhour":"4","tohour":"6","week1":"1","week2":"1","week3":"1","week4":"1","week5":"1","holidays":"1","blocksweepid":"1631252"}},{"type":"Feature","geometry":{"type":"LineString","coordinates":[[-122.452664721847,37.708806337672],[-122.454281126256,37.708255960491]]},"properties":{":id":"row-rprd_nufu~se3b",":version":"rv-vshr-qr7j_8pvr",":created_at":"2026-03-10T12:37:08.575Z",":updated_at":"2026-03-10T12:37:08.575Z","cnn":"9197000","corridor":"Mission St","limits":"Sickles Ave  -  Huron Ave","cnnrightleft":"R","blockside":"North","fullname":"Saturday","weekday":"Sat","fromhour":"5","tohour":"7","week1":"1","week2":"1","week3":"1","week4":"1","week5":"1","holidays":"0","blocksweepid":"1600101"}},{"type":"Feature","geometry":{"type":"LineString","coordinates":[[-122.421954906545,37.788001178338],[-122.422032227946,37.788383356449],[-122.42194858465,37.78848964293]]},"properties":{":id":"row-5bjz~c6we_uz9f",":version":"rv-jr8j_pv4g~4azh",":created_at":"2026-03-10T12:37:08.575Z",":updated_at":"2026-03-10T12:37:08.575Z","cnn":"13155102","corridor":"Van Ness Ave","limits":"Fern St  -  Bush St","cnnrightleft":"L","blockside":"West","fullname":"Saturday","weekday":"Sat","fromhour":"4","tohour":"6","week1":"1","week2":"1","week3":"1","week4":"1","week5":"1","holidays":"1","blocksweepid":"1640047"}},{"type":"Feature","geometry":{"type":"LineString","coordinates":[[-122.391491914499,37.723914104564],[-122.393358761315,37.724973571081]]},"properties":{":id":"row-s7mk.kykm~tmi9",":version":"rv-mz7c.aa5s-iqvx",":created_at":"2026-03-10T12:37:08.575Z",":updated_at":"2026-03-10T12:37:08.575Z","cnn":"3737000","corridor":"Carroll Ave","limits":"Jennings St  -  Keith St","cnnrightleft":"L","blockside":"SouthWest","fullname":"Saturday","weekday":"Sat","fromhour":"7","tohour":"8","week1":"1","week2":"1","week3":"1","week4":"1","week5":"1","holidays":"0","blocksweepid":"1636800"}},{"type":"Feature","geometry":{"type":"LineString","coordinates":[[-122.405494570919,37.734287050483],[-122.405096042785,37.733716127226],[-122.404657096806,37.732948782317]]},"properties":{":id":"row-qkru~c289~quwe",":version":"rv-xfmz~d89s~4ksb",":created_at":"2026-03-10T12:37:08.575Z",":updated_at":"2026-03-10T12:37:08.575Z","cnn":"2804000","corridor":"Bay Shore Blvd","limits":"Augusta St  -  Silver Ave","cnnrightleft":"L","blockside":"NorthEast","fullname":"Saturday","weekday":"Sat","fromhour":"7","tohour":"8","week1":"1","week2":"1","week3":"1","week4":"1","week5":"1","holidays":"0","blocksweepid":"1613336"}},{"type":"Feature","geometry":{"type":"LineString","coordinates":[[-122.414918962955,37.748230730689],[-122.415025959537,37.748267231642],[-122.415728114857,37.748255449522],[-122.415862792697,37.748212150197]]},"properties":{":id":"row-mp4u-wh52-u58v",":version":"rv-ci8c-kgmw~qe5g",":created_at":"2026-03-10T12:37:08.575Z",":updated_at":"2026-03-10T12:37:08.575Z","cnn":"2487201","corridor":"Cesar Chavez St","limits":"Shotwell St  -  South Van Ness Ave","cnnrightleft":"L","blockside":"South","fullname":"Saturday","weekday":"Sat","fromhour":"8","tohour":"10","week1":"1","week2":"1","week3":"1","week4":"1","week5":"1","holidays":"0","blocksweepid":"1629612"}},{"type":"Feature","geometry":{"type":"LineString","coordinates":[[-122.41947628774,37.763050839627],[-122.419443735953,37.762712867057]]},"properties":{":id":"row-k3g5-6tmv-js4g",":version":"rv-iu87.cdca_w8rg",":created_at":"2026-03-10T12:37:08.575Z",":updated_at":"2026-03-10T12:37:08.575Z","cnn":"9118000","corridor":"Mission St","limits":"Clarion Aly  -  Sycamore St","cnnrightleft":"L","blockside":"East","fullname":"Saturday","weekday":"Sat","fromhour":"4","tohour":"6","week1":"1","week2":"1","week3":"1","week4":"1","week5":"1","holidays":"0","blocksweepid":"1641342"}},{"type":"Feature","geometry":{"type":"LineString","coordinates":[[-122.511424139012,37.779409663242],[-122.511694997486,37.779264783859],[-122.511846539689,37.779186116335],[-122.512075426072,37.779101959513],[-122.512286919852,37.779054576781],[-122.512508337523,37.779034121609],[-122.512660682828,37.779033605187],[-122.512851438931,37.779044939603],[-122.513020681941,37.779037880779],[-122.513181793445,37.779021580608],[-122.513360324687,37.778969547925],[-122.513491254191,37.778905821129],[-122.513568018935,37.778830512828],[-122.513599201556,37.778769531719],[-122.513616719103,37.778688981898],[-122.513612031511,37.778612980417],[-122.513579900985,37.778493674381],[-122.513349772108,37.778047368239],[-122.513283044201,37.777959919768],[-122.513207577741,37.777889295712],[-122.513109624603,37.777812802526],[-122.513013407608,37.777751912304],[-122.512912716634,37.777671296992],[-122.512796680944,37.777557592447],[-122.512659513831,37.77739109531],[-122.512528106883,37.777243259965],[-122.512426823905,37.777140767539],[-122.512287018199,37.777022257381],[-122.512131572945,37.776908182721],[-122.511938325139,37.776756190994]]},"properties":{":id":"row-ffgu-xwmt_ev3j",":version":"rv-56wu.5hqd~gekx",":created_at":"2026-03-10T12:37:08.575Z",":updated_at":"2026-03-10T12:37:08.575Z","cnn":"10544000","corridor":"Point Lobos Ave","limits":"Merrie Way  -  Great Hwy","cnnrightleft":"L","blockside":"East","fullname":"Saturday","weekday":"Sat","fromhour":"2","tohour":"6","week1":"1","week2":"1","week3":"1","week4":"1","week5":"1","holidays":"0","blocksweepid":"1619898"}},{"type":"Feature","geometry":{"type":"LineString","coordinates":[[-122.386774393474,37.711776153802],[-122.386857786838,37.711808490206],[-122.386928042638,37.711869182764],[-122.387305586916,37.712304952725],[-122.38735854203,37.712405922405],[-122.387414888343,37.712563489258]]},"properties":{":id":"row-m3u4~tvph.dxqc",":version":"rv-ev67.wxsp~gcbu",":created_at":"2026-03-10T12:37:08.575Z",":updated_at":"2026-03-10T12:37:08.575Z","cnn":"6168000","corridor":"Giants Dr","limits":"Jamestown Ave  -  Giants Dr","cnnrightleft":"L","blockside":"SouthWest","fullname":"Saturday","weekday":"Sat","fromhour":"7","tohour":"8","week1":"1","week2":"1","week3":"1","week4":"1","week5":"1","holidays":"0","blocksweepid":"1606220"}},{"type":"Feature","geometry":{"type":"LineString","coordinates":[[-122.404030724326,37.7907600962],[-122.404219835075,37.791690583859]]},"properties":{":id":"row-8vnh_ch3w.akq7",":version":"rv-9w83~3rqa.dzsh",":created_at":"2026-03-10T12:37:08.575Z",":updated_at":"2026-03-10T12:37:08.575Z","cnn":"7753000","corridor":"Kearny St","limits":"Bush St  -  Pine St","cnnrightleft":"R","blockside":"East","fullname":"Saturday","weekday":"Sat","fromhour":"2","tohour":"6","week1":"1","week2":"1","week3":"1","week4":"1","week5":"1","holidays":"0","blocksweepid":"1624000"}},{"type":"Feature","geometry":{"type":"LineString","coordinates":[[-122.419396888626,37.775422221042],[-122.419491511634,37.775894187088]]},"properties":{":id":"row-ks5n_f9aq-5vhr",":version":"rv-fhag_eu8e_hhtm",":created_at":"2026-03-10T12:37:08.575Z",":updated_at":"2026-03-10T12:37:08.575Z","cnn":"13143102","corridor":"Van Ness Ave","limits":"Oak St  -  Hickory St","cnnrightleft":"L","blockside":"West","fullname":"Saturday","weekday":"Sat","fromhour":"4","tohour":"6","week1":"1","week2":"1","week3":"1","week4":"1","week5":"1","holidays":"1","blocksweepid":"1598877"}},{"type":"Feature","geometry":{"type":"LineString","coordinates":[[-122.406703835142,37.736308604033],[-122.406618861373,37.735896873711],[-122.406454647141,37.735510813295],[-122.405494570919,37.734287050483]]},"properties":{":id":"row-6xxf_zx4i~cx9j",":version":"rv-3vvj_zpcd-cz2d",":created_at":"2026-03-10T12:37:08.575Z",":updated_at":"2026-03-10T12:37:08.575Z","cnn":"2803000","corridor":"Bay Shore Blvd","limits":"Helena St  -  Augusta St","cnnrightleft":"R","blockside":"SouthWest","fullname":"Saturday","weekday":"Sat","fromhour":"7","tohour":"8","week1":"1","week2":"1","week3":"1","week4":"1","week5":"1","holidays":"0","blocksweepid":"1628246"}},{"type":"Feature","geometry":{"type":"LineString","coordinates":[[-122.407852519844,37.785491560352],[-122.408667084512,37.78538824897]]},"properties":{":id":"row-kmhn~gbar~h95k",":version":"rv-7k8i-njvi.7ayk",":created_at":"2026-03-10T12:37:08.575Z",":updated_at":"2026-03-10T12:37:08.575Z","cnn":"5170000","corridor":"Ellis St","limits":"Powell St  -  Cyril Magnin St","cnnrightleft":"L","blockside":"South","fullname":"Saturday","weekday":"Sat","fromhour":"6","tohour":"8","week1":"1","week2":"1","week3":"1","week4":"1","week5":"1","holidays":"0","blocksweepid":"1604749"}},{"type":"Feature","geometry":{"type":"LineString","coordinates":[[-122.419883230931,37.778251017767],[-122.419816538558,37.778342449118],[-122.420137246707,37.779935459351],[-122.420247184087,37.78007469645]]},"properties":{":id":"row-hrjr~urr3~wak9",":version":"rv-i3nw_629z_avrp",":created_at":"2026-03-10T12:37:08.575Z",":updated_at":"2026-03-10T12:37:08.575Z","cnn":"13146201","corridor":"Van Ness Ave","limits":"Grove St  -  McAllister St","cnnrightleft":"R","blockside":"East","fullname":"Saturday","weekday":"Sat","fromhour":"4","tohour":"6","week1":"1","week2":"1","week3":"1","week4":"1","week5":"1","holidays":"1","blocksweepid":"1639867"}},{"type":"Feature","geometry":{"type":"LineString","coordinates":[[-122.399130242841,37.800896476996],[-122.399099938755,37.801050660099],[-122.401733864157,37.803972940152],[-122.401973426877,37.804072250218]]},"properties":{":id":"row-vs73_6viu-hcj9",":version":"rv-mur5_wjr3.wjt3",":created_at":"2026-03-10T12:37:08.575Z",":updated_at":"2026-03-10T12:37:08.575Z","cnn":"12556202","corridor":"The Embarcadero","limits":"Green St  -  Lombard St","cnnrightleft":"R","blockside":"NorthEast","fullname":"Saturday","weekday":"Sat","fromhour":"1","tohour":"3","week1":"1","week2":"1","week3":"1","week4":"1","week5":"1","holidays":"1","blocksweepid":"1624850"}},{"type":"Feature","geometry":{"type":"LineString","coordinates":[[-122.410953740074,37.800832981544],[-122.411376270209,37.801125132839]]},"properties":{":id":"row-ia9p_ixda_rfs6",":version":"rv-b74b-hf96.5kzq",":created_at":"2026-03-10T12:37:08.575Z",":updated_at":"2026-03-10T12:37:08.575Z","cnn":"4297000","corridor":"Columbus Ave","limits":"Powell St  -  Filbert St","cnnrightleft":"L","blockside":"SouthWest","fullname":"Saturday","weekday":"Sat","fromhour":"4","tohour":"6","week1":"1","week2":"1","week3":"1","week4":"1","week5":"1","holidays":"0","blocksweepid":"1637357"}},{"type":"Feature","geometry":{"type":"LineString","coordinates":[[-122.409930542929,37.787429330976],[-122.410056929956,37.788082187331]]},"properties":{":id":"row-vn8j~znmx~8wdf",":version":"rv-74y3_xctf_aexn",":created_at":"2026-03-10T12:37:08.575Z",":updated_at":"2026-03-10T12:37:08.575Z","cnn":"8805000","corridor":"Mason St","limits":"Derby St  -  Post St","cnnrightleft":"L","blockside":"West","fullname":"Saturday","weekday":"Sat","fromhour":"2","tohour":"6","week1":"1","week2":"1","week3":"1","week4":"1","week5":"1","holidays":"0","blocksweepid":"1628012"}},{"type":"Feature","geometry":{"type":"LineString","coordinates":[[-122.402752244553,37.729357163198],[-122.402209197545,37.728101973655]]},"properties":{":id":"row-3thf~yzer~6q2x",":version":"rv-bb3j.cswu-5viy",":created_at":"2026-03-10T12:37:08.575Z",":updated_at":"2026-03-10T12:37:08.575Z","cnn":"2808000","corridor":"Bay Shore Blvd","limits":"Donner Ave  -  Bacon St","cnnrightleft":"L","blockside":"East","fullname":"Saturday","weekday":"Sat","fromhour":"7","tohour":"8","week1":"1","week2":"1","week3":"1","week4":"1","week5":"1","holidays":"0","blocksweepid":"1613340"}},{"type":"Feature","geometry":{"type":"LineString","coordinates":[[-122.434541126248,37.713475947539],[-122.434448788798,37.713379101508],[-122.43429367313,37.713309521751],[-122.434058873423,37.713204987994],[-122.43386451508,37.713141929205],[-122.433706819981,37.713143157824]]},"properties":{":id":"row-5yad~73vf_6hvw",":version":"rv-mwqz.f5p4-23j8",":created_at":"2026-03-10T12:37:08.575Z",":updated_at":"2026-03-10T12:37:08.575Z","cnn":"6146201","corridor":"Geneva Ave","limits":"Athens St  -  South Hill Blvd","cnnrightleft":"L","blockside":"NorthEast","fullname":"Saturday","weekday":"Sat","fromhour":"6","tohour":"8","week1":"1","week2":"1","week3":"1","week4":"1","week5":"1","holidays":"0","blocksweepid":"1633039"}},{"type":"Feature","geometry":{"type":"LineString","coordinates":[[-122.441019561727,37.716459545953],[-122.441554284708,37.71575344485]]},"properties":{":id":"row-aj2q_whai-62ui",":version":"rv-am2z.egdp-7vsb",":created_at":"2026-03-10T12:37:08.575Z",":updated_at":"2026-03-10T12:37:08.575Z","cnn":"9178000","corridor":"Mission St","limits":"Geneva Ave  -  Rolph St","cnnrightleft":"L","blockside":"SouthEast","fullname":"Saturday","weekday":"Sat","fromhour":"5","tohour":"7","week1":"1","week2":"1","week3":"1","week4":"1","week5":"1","holidays":"0","blocksweepid":"1626568"}},{"type":"Feature","geometry":{"type":"LineString","coordinates":[[-122.399798024477,37.788007160065],[-122.400503096316,37.787450498776]]},"properties":{":id":"row-mqxq~zw97_4eiq",":version":"rv-7qxh_8tq7.kakz",":created_at":"2026-03-10T12:37:08.575Z",":updated_at":"2026-03-10T12:37:08.575Z","cnn":"9092000","corridor":"Mission St","limits":"02nd St  -  New Montgomery St","cnnrightleft":"R","blockside":"NorthWest","fullname":"Saturday","weekday":"Sat","fromhour":"2","tohour":"6","week1":"1","week2":"1","week3":"1","week4":"1","week5":"1","holidays":"1","blocksweepid":"1618469"}},{"type":"Feature","geometry":{"type":"LineString","coordinates":[[-122.449308666783,37.709946203641],[-122.450095486223,37.709679912839]]},"properties":{":id":"row-4hfz.iwwt.axmv",":version":"rv-mjcn-249e~fjfj",":created_at":"2026-03-10T12:37:08.575Z",":updated_at":"2026-03-10T12:37:08.575Z","cnn":"9193000","corridor":"Mission St","limits":"Farragut Ave  -  Laura St","cnnrightleft":"L","blockside":"South","fullname":"Saturday","weekday":"Sat","fromhour":"5","tohour":"7","week1":"1","week2":"1","week3":"1","week4":"1","week5":"1","holidays":"0","blocksweepid":"1626583"}},{"type":"Feature","geometry":{"type":"LineString","coordinates":[[-122.414164433951,37.808421059353],[-122.415802425062,37.808214054175]]},"properties":{":id":"row-rumr_acd9.r7x7",":version":"rv-qhvv.2k6i~n8a6",":created_at":"2026-03-10T12:37:08.575Z",":updated_at":"2026-03-10T12:37:08.575Z","cnn":"7456000","corridor":"Jefferson St","limits":"Mason St  -  Taylor St","cnnrightleft":"L","blockside":"South","fullname":"Saturday","weekday":"Sat","fromhour":"1","tohour":"3","week1":"1","week2":"1","week3":"1","week4":"1","week5":"1","holidays":"1","blocksweepid":"1597392"}},{"type":"Feature","geometry":{"type":"LineString","coordinates":[[-122.442661526889,37.714567198279],[-122.443345610193,37.713928189631]]},"properties":{":id":"row-f9f8.piig-eysb",":version":"rv-rha5~tyrv_tshj",":created_at":"2026-03-10T12:37:08.575Z",":updated_at":"2026-03-10T12:37:08.575Z","cnn":"9183000","corridor":"Mission St","limits":"Mount Vernon Ave  -  Concord St","cnnrightleft":"L","blockside":"SouthEast","fullname":"Saturday","weekday":"Sat","fromhour":"5","tohour":"7","week1":"1","week2":"1","week3":"1","week4":"1","week5":"1","holidays":"0","blocksweepid":"1626573"}},{"type":"Feature","geometry":{"type":"LineString","coordinates":[[-122.483864395827,37.727019523181],[-122.483816012115,37.726931484601],[-122.483881126196,37.72667251395]]},"properties":{":id":"row-9a3k~v5bn.i44t",":version":"rv-pdcu.sefp.n7zy",":created_at":"2026-03-10T12:37:08.575Z",":updated_at":"2026-03-10T12:37:08.575Z","cnn":"8048101","corridor":"Lake Merced Blvd","limits":"Winston Dr  -  State Dr","cnnrightleft":"R","blockside":"West","fullname":"Saturday","weekday":"Sat","fromhour":"4","tohour":"6","week1":"1","week2":"1","week3":"1","week4":"1","week5":"1","holidays":"0","blocksweepid":"1597920"}},{"type":"Feature","geometry":{"type":"LineString","coordinates":[[-122.421239593381,37.764956459787],[-122.421381475782,37.764947887772]]},"properties":{":id":"row-pnap.nikp_6u3h",":version":"rv-tgge~hgug~rqrf",":created_at":"2026-03-10T12:37:08.575Z",":updated_at":"2026-03-10T12:37:08.575Z","cnn":"730000","corridor":"16th St","limits":"Rondel Pl  -  Caledonia St","cnnrightleft":"R","blockside":"North","fullname":"Saturday","weekday":"Sat","fromhour":"2","tohour":"6","week1":"1","week2":"1","week3":"1","week4":"1","week5":"1","holidays":"1","blocksweepid":"1628523"}},{"type":"Feature","geometry":{"type":"LineString","coordinates":[[-122.39112141836,37.777553276909],[-122.390428280161,37.777008006114],[-122.390214567234,37.776723442049]]},"properties":{":id":"row-7d2j~g7c4_sx6t",":version":"rv-pgww_7c36_g7a2",":created_at":"2026-03-10T12:37:08.575Z",":updated_at":"2026-03-10T12:37:08.575Z","cnn":"182000","corridor":"03rd St","limits":"Berry St  -  Channel St","cnnrightleft":"L","blockside":"NorthEast","fullname":"Saturday","weekday":"Sat","fromhour":"2","tohour":"6","week1":"1","week2":"1","week3":"1","week4":"1","week5":"1","holidays":"0","blocksweepid":"1628950"}},{"type":"Feature","geometry":{"type":"LineString","coordinates":[[-122.392049983556,37.718584930069],[-122.39298153841,37.719113641918]]},"properties":{":id":"row-r93j-7mta_z8hp",":version":"rv-ps77.usyk.ay8v",":created_at":"2026-03-10T12:37:08.575Z",":updated_at":"2026-03-10T12:37:08.575Z","cnn":"7250000","corridor":"Ingerson Ave","limits":"Redondo St  -  Ingalls St","cnnrightleft":"R","blockside":"NorthEast","fullname":"Saturday","weekday":"Sat","fromhour":"7","tohour":"8","week1":"1","week2":"1","week3":"1","week4":"1","week5":"1","holidays":"0","blocksweepid":"1623567"}},{"type":"Feature","geometry":{"type":"LineString","coordinates":[[-122.423048803504,37.793935005154],[-122.423170176517,37.794015257478],[-122.423310813089,37.794711050444],[-122.423227147226,37.794817355219]]},"properties":{":id":"row-fz3s-9fwq~5bhw",":version":"rv-zdb6-c534-gynk",":created_at":"2026-03-10T12:37:08.575Z",":updated_at":"2026-03-10T12:37:08.575Z","cnn":"13162101","corridor":"Van Ness Ave","limits":"Jackson St  -  Pacific Ave","cnnrightleft":"L","blockside":"West","fullname":"Saturday","weekday":"Sat","fromhour":"4","tohour":"6","week1":"1","week2":"1","week3":"1","week4":"1","week5":"1","holidays":"1","blocksweepid":"1640055"}},{"type":"Feature","geometry":{"type":"LineString","coordinates":[[-122.477548503129,37.754192711805],[-122.478615694782,37.754145767294]]},"properties":{":id":"row-6jnp~48yd-vkyv",":version":"rv-93jc-8e49_2v7n",":created_at":"2026-03-10T12:37:08.575Z",":updated_at":"2026-03-10T12:37:08.575Z","cnn":"9654000","corridor":"Noriega St","limits":"20th Ave  -  21st Ave","cnnrightleft":"L","blockside":"South","fullname":"Saturday","weekday":"Sat","fromhour":"2","tohour":"6","week1":"1","week2":"1","week3":"1","week4":"1","week5":"1","holidays":"0","blocksweepid":"1615548"}},{"type":"Feature","geometry":{"type":"LineString","coordinates":[[-122.415693872616,37.782585033233],[-122.415882538495,37.783515640808]]},"properties":{":id":"row-3qgn.8szy_b8m9",":version":"rv-hn3y.7x5a~95bw",":created_at":"2026-03-10T12:37:08.575Z",":updated_at":"2026-03-10T12:37:08.575Z","cnn":"7116000","corridor":"Hyde St","limits":"Turk St  -  Eddy St","cnnrightleft":"L","blockside":"West","fullname":"Saturday","weekday":"Sat","fromhour":"6","tohour":"8","week1":"1","week2":"1","week3":"1","week4":"1","week5":"1","holidays":"0","blocksweepid":"1608321"}},{"type":"Feature","geometry":{"type":"LineString","coordinates":[[-122.417338880528,37.782378943181],[-122.418993273036,37.782169269872]]},"properties":{":id":"row-949t~jrtz.cbnk",":version":"rv-2zw2~sfeb.pzcr",":created_at":"2026-03-10T12:37:08.575Z",":updated_at":"2026-03-10T12:37:08.575Z","cnn":"12722000","corridor":"Turk St","limits":"Larkin St  -  Polk St","cnnrightleft":"R","blockside":"North","fullname":"Saturday","weekday":"Sat","fromhour":"6","tohour":"8","week1":"1","week2":"1","week3":"1","week4":"1","week5":"1","holidays":"0","blocksweepid":"1625149"}},{"type":"Feature","geometry":{"type":"LineString","coordinates":[[-122.441622840547,37.717258173255],[-122.441612408963,37.717173608157],[-122.441379898297,37.716899725599],[-122.44115572962,37.716511485902],[-122.441019561727,37.716459545953]]},"properties":{":id":"row-ifa8~h43z-mqv4",":version":"rv-yk2y~rhac_ekdf",":created_at":"2026-03-10T12:37:08.575Z",":updated_at":"2026-03-10T12:37:08.575Z","cnn":"6137201","corridor":"Geneva Ave","limits":"Gloria Ct  -  Mission St","cnnrightleft":"R","blockside":"SouthWest","fullname":"Saturday","weekday":"Sat","fromhour":"5","tohour":"7","week1":"1","week2":"1","week3":"1","week4":"1","week5":"1","holidays":"0","blocksweepid":"1606196"}},{"type":"Feature","geometry":{"type":"LineString","coordinates":[[-122.433074470809,37.764195713209],[-122.433411270709,37.764068728938],[-122.434560226783,37.763138332919],[-122.435151904373,37.762743011133],[-122.435187962327,37.762670707774]]},"properties":{":id":"row-8g5i~46kd.h2vx",":version":"rv-b7f8-yp7z~whec",":created_at":"2026-03-10T12:37:08.575Z",":updated_at":"2026-03-10T12:37:08.575Z","cnn":"8767201","corridor":"Market St","limits":"16th St  -  17th St","cnnrightleft":"R","blockside":"NorthWest","fullname":"Saturday","weekday":"Sat","fromhour":"2","tohour":"6","week1":"1","week2":"1","week3":"1","week4":"1","week5":"1","holidays":"1","blocksweepid":"1625864"}},{"type":"Feature","geometry":{"type":"LineString","coordinates":[[-122.409245442644,37.781398133902],[-122.408708673446,37.780971182971]]},"properties":{":id":"row-55mj~8vrw_a7n3",":version":"rv-j6fe.xmk8-fegu",":created_at":"2026-03-10T12:37:08.575Z",":updated_at":"2026-03-10T12:37:08.575Z","cnn":"328000","corridor":"06th St","limits":"Jessie St  -  Mission St","cnnrightleft":"R","blockside":"SouthWest","fullname":"Saturday","weekday":"Sat","fromhour":"4","tohour":"6","week1":"1","week2":"1","week3":"1","week4":"1","week5":"1","holidays":"1","blocksweepid":"1636384"}},{"type":"Feature","geometry":{"type":"LineString","coordinates":[[-122.408557722805,37.797327198682],[-122.40861884556,37.797627561973]]},"properties":{":id":"row-khfp-aunq~f2gi",":version":"rv-hxj4_y445_c9fq",":created_at":"2026-03-10T12:37:08.575Z",":updated_at":"2026-03-10T12:37:08.575Z","cnn":"12209000","corridor":"Stockton St","limits":"Stark St  -  Broadway","cnnrightleft":"R","blockside":"East","fullname":"Saturday","weekday":"Sat","fromhour":"2","tohour":"6","week1":"1","week2":"1","week3":"1","week4":"1","week5":"1","holidays":"0","blocksweepid":"1617173"}},{"type":"Feature","geometry":{"type":"LineString","coordinates":[[-122.393340265607,37.749915158777],[-122.395307861683,37.749803786148]]},"properties":{":id":"row-mifr~neyf~vvn9",":version":"rv-nki6-f92m_4xku",":created_at":"2026-03-10T12:37:08.575Z",":updated_at":"2026-03-10T12:37:08.575Z","cnn":"2474000","corridor":"Cesar Chavez St","limits":"Mississippi St  -  Missouri St","cnnrightleft":"R","blockside":"North","fullname":"Saturday","weekday":"Sat","fromhour":"0","tohour":"2","week1":"1","week2":"1","week3":"1","week4":"1","week5":"1","holidays":"1","blocksweepid":"1629584"}},{"type":"Feature","geometry":{"type":"LineString","coordinates":[[-122.432447324391,37.727637208054],[-122.432807823412,37.727315042891],[-122.432911793243,37.727177551268]]},"properties":{":id":"row-9wh8-6v7n~572u",":version":"rv-8dxe.x44h_iarc",":created_at":"2026-03-10T12:37:08.575Z",":updated_at":"2026-03-10T12:37:08.575Z","cnn":"9158000","corridor":"Mission St","limits":"Avalon Ave  -  Cotter St","cnnrightleft":"L","blockside":"SouthEast","fullname":"Saturday","weekday":"Sat","fromhour":"5","tohour":"7","week1":"1","week2":"1","week3":"1","week4":"1","week5":"1","holidays":"0","blocksweepid":"1619433"}},{"type":"Feature","geometry":{"type":"LineString","coordinates":[[-122.408667084512,37.78538824897],[-122.409497525934,37.785282917476]]},"properties":{":id":"row-xivx_m5m3~d5ty",":version":"rv-757f_cz7m~ys9q",":created_at":"2026-03-10T12:37:08.575Z",":updated_at":"2026-03-10T12:37:08.575Z","cnn":"5171000","corridor":"Ellis St","limits":"Cyril Magnin St  -  Mason St","cnnrightleft":"L","blockside":"South","fullname":"Saturday","weekday":"Sat","fromhour":"6","tohour":"8","week1":"1","week2":"1","week3":"1","week4":"1","week5":"1","holidays":"0","blocksweepid":"1610176"}},{"type":"Feature","geometry":{"type":"LineString","coordinates":[[-122.419825234384,37.766673601906],[-122.419668972896,37.765051337402]]},"properties":{":id":"row-c6h6-i7fp~rt9w",":version":"rv-vy4g_ffah_cds5",":created_at":"2026-03-10T12:37:08.575Z",":updated_at":"2026-03-10T12:37:08.575Z","cnn":"9115000","corridor":"Mission St","limits":"15th St  -  16th St","cnnrightleft":"L","blockside":"East","fullname":"Saturday","weekday":"Sat","fromhour":"4","tohour":"6","week1":"1","week2":"1","week3":"1","week4":"1","week5":"1","holidays":"0","blocksweepid":"1641339"}},{"type":"Feature","geometry":{"type":"LineString","coordinates":[[-122.43345991669,37.787020667721],[-122.43355325616,37.787484162118]]},"properties":{":id":"row-6qvq-nasy-2b2q",":version":"rv-ruub.h6ia~tatt",":created_at":"2026-03-10T12:37:08.575Z",":updated_at":"2026-03-10T12:37:08.575Z","cnn":"5550000","corridor":"Fillmore St","limits":"Bush St  -  Wilmot St","cnnrightleft":"L","blockside":"West","fullname":"Saturday","weekday":"Sat","fromhour":"6","tohour":"8","week1":"1","week2":"1","week3":"1","week4":"1","week5":"1","holidays":"0","blocksweepid":"1631377"}},{"type":"Feature","geometry":{"type":"LineString","coordinates":[[-122.389864462449,37.737169532209],[-122.389838228441,37.73705672168],[-122.390046248072,37.736466654231],[-122.390145051507,37.73639019456]]},"properties":{":id":"row-2djk_b6x6-442d",":version":"rv-3g42.xcrg.c7si",":created_at":"2026-03-10T12:37:08.575Z",":updated_at":"2026-03-10T12:37:08.575Z","cnn":"209101","corridor":"03rd St","limits":"La Salle Ave  -  McKinnon Ave","cnnrightleft":"L","blockside":"East","fullname":"Saturday","weekday":"Sat","fromhour":"2","tohour":"6","week1":"1","week2":"1","week3":"1","week4":"1","week5":"1","holidays":"0","blocksweepid":"1629132"}},{"type":"Feature","geometry":{"type":"LineString","coordinates":[[-122.418747573844,37.75543693624],[-122.418593944952,37.753836587811]]},"properties":{":id":"row-na9n_83a3_sr43",":version":"rv-dap2~nhbg~3x3u",":created_at":"2026-03-10T12:37:08.575Z",":updated_at":"2026-03-10T12:37:08.575Z","cnn":"9124000","corridor":"Mission St","limits":"22nd St  -  23rd St","cnnrightleft":"L","blockside":"East","fullname":"Saturday","weekday":"Sat","fromhour":"4","tohour":"6","week1":"1","week2":"1","week3":"1","week4":"1","week5":"1","holidays":"0","blocksweepid":"1641349"}},{"type":"Feature","geometry":{"type":"LineString","coordinates":[[-122.437798747067,37.774991947847],[-122.437867037098,37.775064840939],[-122.438028083757,37.775845795968],[-122.437989848202,37.775925405585]]},"properties":{":id":"row-mauw-fhfh-4ypz",":version":"rv-9din-55s2~4gqa",":created_at":"2026-03-10T12:37:08.575Z",":updated_at":"2026-03-10T12:37:08.575Z","cnn":"4803101","corridor":"Divisadero St","limits":"Hayes St  -  Grove St","cnnrightleft":"L","blockside":"West","fullname":"Saturday","weekday":"Sat","fromhour":"6","tohour":"8","week1":"1","week2":"1","week3":"1","week4":"1","week5":"1","holidays":"0","blocksweepid":"1615293"}},{"type":"Feature","geometry":{"type":"LineString","coordinates":[[-122.48355355804,37.763278628629],[-122.484626652777,37.763231349017]]},"properties":{":id":"row-rk93-vcbb-nzqe",":version":"rv-k48g-4p8x_85rd",":created_at":"2026-03-10T12:37:08.575Z",":updated_at":"2026-03-10T12:37:08.575Z","cnn":"7302000","corridor":"Irving St","limits":"25th Ave  -  26th Ave","cnnrightleft":"L","blockside":"South","fullname":"Saturday","weekday":"Sat","fromhour":"2","tohour":"6","week1":"1","week2":"1","week3":"1","week4":"1","week5":"1","holidays":"0","blocksweepid":"1623622"}},{"type":"Feature","geometry":{"type":"LineString","coordinates":[[-122.401471240393,37.725516289231],[-122.401182917691,37.724588254185],[-122.400784747653,37.723616209195]]},"properties":{":id":"row-uqcf~r2xe-u6pv",":version":"rv-eame.9dy4~jw36",":created_at":"2026-03-10T12:37:08.575Z",":updated_at":"2026-03-10T12:37:08.575Z","cnn":"2813000","corridor":"Bay Shore Blvd","limits":"Woolsey St  -  Paul Ave","cnnrightleft":"R","blockside":"West","fullname":"Saturday","weekday":"Sat","fromhour":"7","tohour":"8","week1":"1","week2":"1","week3":"1","week4":"1","week5":"1","holidays":"0","blocksweepid":"1628256"}},{"type":"Feature","geometry":{"type":"LineString","coordinates":[[-122.420210435639,37.788222700125],[-122.421749881333,37.788027214872]]},"properties":{":id":"row-jrb9_f3kg_wrig",":version":"rv-63q7_fshm_fhfn",":created_at":"2026-03-10T12:37:08.575Z",":updated_at":"2026-03-10T12:37:08.575Z","cnn":"5483000","corridor":"Fern St","limits":"Polk St  -  Van Ness Ave","cnnrightleft":"R","blockside":"North","fullname":"Saturday","weekday":"Sat","fromhour":"4","tohour":"6","week1":"1","week2":"1","week3":"1","week4":"1","week5":"1","holidays":"1","blocksweepid":"1631253"}},{"type":"Feature","geometry":{"type":"LineString","coordinates":[[-122.421393307556,37.785685802529],[-122.421503038574,37.78576763922],[-122.421651666624,37.786502308319],[-122.421570115351,37.786618960963]]},"properties":{":id":"row-pk7u_dzy4_v6a7",":version":"rv-iicy-qjvd_bapj",":created_at":"2026-03-10T12:37:08.575Z",":updated_at":"2026-03-10T12:37:08.575Z","cnn":"13153101","corridor":"Van Ness Ave","limits":"Geary Blvd  -  Post St","cnnrightleft":"L","blockside":"West","fullname":"Saturday","weekday":"Sat","fromhour":"4","tohour":"6","week1":"1","week2":"1","week3":"1","week4":"1","week5":"1","holidays":"1","blocksweepid":"1640043"}},{"type":"Feature","geometry":{"type":"LineString","coordinates":[[-122.40822672566,37.787359262241],[-122.409874016327,37.787149143318]]},"properties":{":id":"row-8jtd~4kzk.nmn5",":version":"rv-cwj3-6b6c~ur8y",":created_at":"2026-03-10T12:37:08.575Z",":updated_at":"2026-03-10T12:37:08.575Z","cnn":"6110000","corridor":"Geary St","limits":"Powell St  -  Mason St","cnnrightleft":"R","blockside":"North","fullname":"Saturday","weekday":"Sat","fromhour":"2","tohour":"6","week1":"1","week2":"1","week3":"1","week4":"1","week5":"1","holidays":"0","blocksweepid":"1606094"}},{"type":"Feature","geometry":{"type":"LineString","coordinates":[[-122.412411746542,37.783004078716],[-122.412595276786,37.783932576959]]},"properties":{":id":"row-uusg-xsp2~bd5a",":version":"rv-7iab~7ajg.qimt",":created_at":"2026-03-10T12:37:08.575Z",":updated_at":"2026-03-10T12:37:08.575Z","cnn":"7565000","corridor":"Jones St","limits":"Turk St  -  Eddy St","cnnrightleft":"R","blockside":"East","fullname":"Saturday","weekday":"Sat","fromhour":"6","tohour":"8","week1":"1","week2":"1","week3":"1","week4":"1","week5":"1","holidays":"0","blocksweepid":"1597570"}},{"type":"Feature","geometry":{"type":"LineString","coordinates":[[-122.406220480026,37.793831753392],[-122.406304985895,37.794263626856]]},"properties":{":id":"row-vu9t_x5wf_csw5",":version":"rv-xj5z~p9kc.yhy8",":created_at":"2026-03-10T12:37:08.575Z",":updated_at":"2026-03-10T12:37:08.575Z","cnn":"6394000","corridor":"Grant Ave","limits":"Commercial St  -  Clay St","cnnrightleft":"L","blockside":"West","fullname":"Saturday","weekday":"Sat","fromhour":"2","tohour":"6","week1":"1","week2":"1","week3":"1","week4":"1","week5":"1","holidays":"0","blocksweepid":"1606429"}},{"type":"Feature","geometry":{"type":"LineString","coordinates":[[-122.405142977293,37.796210954662],[-122.405288396517,37.796909057292]]},"properties":{":id":"row-rjas.diy5_m6x6",":version":"rv-q9kc-69i7.7nyn",":created_at":"2026-03-10T12:37:08.575Z",":updated_at":"2026-03-10T12:37:08.575Z","cnn":"7761000","corridor":"Kearny St","limits":"Jackson St  -  Columbus Ave","cnnrightleft":"L","blockside":"West","fullname":"Saturday","weekday":"Sat","fromhour":"2","tohour":"6","week1":"1","week2":"1","week3":"1","week4":"1","week5":"1","holidays":"0","blocksweepid":"1623992"}},{"type":"Feature","geometry":{"type":"LineString","coordinates":[[-122.414741221821,37.778719429231],[-122.41483531296,37.778700611558],[-122.416009495929,37.777773071953]]},"properties":{":id":"row-5whc_cgfr_6q7j",":version":"rv-trng-urib.mgmh",":created_at":"2026-03-10T12:37:08.575Z",":updated_at":"2026-03-10T12:37:08.575Z","cnn":"8752201","corridor":"Market St","limits":"Hyde St  -  Hayes St","cnnrightleft":"R","blockside":"NorthWest","fullname":"Saturday","weekday":"Sat","fromhour":"5","tohour":"7","week1":"1","week2":"1","week3":"1","week4":"1","week5":"1","holidays":"1","blocksweepid":"1640583"}},{"type":"Feature","geometry":{"type":"LineString","coordinates":[[-122.437805263272,37.714940048714],[-122.437738870209,37.714854844214],[-122.437148713489,37.714590144597],[-122.436991903567,37.714575236758]]},"properties":{":id":"row-jmnf~gvyf-d5cr",":version":"rv-t7b3-7szt~cdfh",":created_at":"2026-03-10T12:37:08.575Z",":updated_at":"2026-03-10T12:37:08.575Z","cnn":"6142201","corridor":"Geneva Ave","limits":"Madrid St  -  Edinburg St","cnnrightleft":"L","blockside":"NorthEast","fullname":"Saturday","weekday":"Sat","fromhour":"6","tohour":"8","week1":"1","week2":"1","week3":"1","week4":"1","week5":"1","holidays":"0","blocksweepid":"1633035"}},{"type":"Feature","geometry":{"type":"LineString","coordinates":[[-122.419885764063,37.745595096744],[-122.420019126612,37.745389020592]]},"properties":{":id":"row-a9zu_9v7u_hsui",":version":"rv-cwk2~fg62_7y9i",":created_at":"2026-03-10T12:37:08.575Z",":updated_at":"2026-03-10T12:37:08.575Z","cnn":"9132000","corridor":"Mission St","limits":"Fair Ave  -  Valencia St","cnnrightleft":"L","blockside":"SouthEast","fullname":"Saturday","weekday":"Sat","fromhour":"5","tohour":"7","week1":"1","week2":"1","week3":"1","week4":"1","week5":"1","holidays":"0","blocksweepid":"1619241"}},{"type":"Feature","geometry":{"type":"LineString","coordinates":[[-122.406652352008,37.796024750166],[-122.407083680472,37.795970583761]]},"properties":{":id":"row-n43a_b2bk_fx6b",":version":"rv-nzky~nczg~dbfh",":created_at":"2026-03-10T12:37:08.575Z",":updated_at":"2026-03-10T12:37:08.575Z","cnn":"7373000","corridor":"Jackson St","limits":"Grant Ave  -  Saint Louis Aly","cnnrightleft":"R","blockside":"North","fullname":"Saturday","weekday":"Sat","fromhour":"2","tohour":"6","week1":"1","week2":"1","week3":"1","week4":"1","week5":"1","holidays":"0","blocksweepid":"1638521"}},{"type":"Feature","geometry":{"type":"LineString","coordinates":[[-122.406643294309,37.793314880656],[-122.406821216386,37.794197957191]]},"properties":{":id":"row-ik29~52uc.e22e",":version":"rv-8gnp-dded.g4ca",":created_at":"2026-03-10T12:37:08.575Z",":updated_at":"2026-03-10T12:37:08.575Z","cnn":"13464000","corridor":"Waverly Pl","limits":"Sacramento St  -  Clay St","cnnrightleft":"L","blockside":"West","fullname":"Saturday","weekday":"Sat","fromhour":"2","tohour":"6","week1":"1","week2":"1","week3":"1","week4":"1","week5":"1","holidays":"0","blocksweepid":"1625593"}},{"type":"Feature","geometry":{"type":"LineString","coordinates":[[-122.410546068123,37.748316719113],[-122.410653763111,37.748362570677],[-122.411346451228,37.748344453272],[-122.41148412832,37.74829828695]]},"properties":{":id":"row-sy47-2dub~h9bc",":version":"rv-bqdu_g3gi_byft",":created_at":"2026-03-10T12:37:08.575Z",":updated_at":"2026-03-10T12:37:08.575Z","cnn":"2484201","corridor":"Cesar Chavez St","limits":"Alabama St  -  Harrison St","cnnrightleft":"L","blockside":"South","fullname":"Saturday","weekday":"Sat","fromhour":"8","tohour":"10","week1":"1","week2":"1","week3":"1","week4":"1","week5":"1","holidays":"0","blocksweepid":"1629609"}},{"type":"Feature","geometry":{"type":"LineString","coordinates":[[-122.386849666225,37.717509001666],[-122.388136867452,37.718235642927]]},"properties":{":id":"row-ap2m-nw9k.uz8p",":version":"rv-t8dz~75xi.jmx7",":created_at":"2026-03-10T12:37:08.575Z",":updated_at":"2026-03-10T12:37:08.575Z","cnn":"6187000","corridor":"Gilman Ave","limits":"Giants Dr  -  Griffith St","cnnrightleft":"L","blockside":"SouthWest","fullname":"Saturday","weekday":"Sat","fromhour":"7","tohour":"8","week1":"1","week2":"1","week3":"1","week4":"1","week5":"1","holidays":"0","blocksweepid":"1633114"}},{"type":"Feature","geometry":{"type":"LineString","coordinates":[[-122.386451910772,37.711161077982],[-122.388476152363,37.710551129506],[-122.388987653553,37.710462319981],[-122.390887824731,37.710365233799]]},"properties":{":id":"row-4sxp-md92~btfh",":version":"rv-atws~dmsy~64kb",":created_at":"2026-03-10T12:37:08.575Z",":updated_at":"2026-03-10T12:37:08.575Z","cnn":"6690000","corridor":"Harney Way","limits":"Jamestown Ave  -  Executive Park Blvd","cnnrightleft":"R","blockside":"North","fullname":"Saturday","weekday":"Sat","fromhour":"7","tohour":"8","week1":"1","week2":"1","week3":"1","week4":"1","week5":"1","holidays":"0","blocksweepid":"1634482"}},{"type":"Feature","geometry":{"type":"LineString","coordinates":[[-122.499196335499,37.734311616301],[-122.499385454218,37.734310557586],[-122.500161803059,37.734742688316],[-122.500595283916,37.734941576551],[-122.500988823622,37.735082548251],[-122.501097483198,37.735206481117]]},"properties":{":id":"row-kqnj-3sci.shx7",":version":"rv-ta7a_yxgt.dt6g",":created_at":"2026-03-10T12:37:08.575Z",":updated_at":"2026-03-10T12:37:08.575Z","cnn":"11961101","corridor":"Sloat Blvd","limits":"41st Ave  -  43rd Ave","cnnrightleft":"L","blockside":"SouthWest","fullname":"Saturday","weekday":"Sat","fromhour":"5","tohour":"7","week1":"1","week2":"1","week3":"1","week4":"1","week5":"1","holidays":"0","blocksweepid":"1621598"}},{"type":"Feature","geometry":{"type":"LineString","coordinates":[[-122.414241572962,37.78372378285],[-122.415882538495,37.783515640808]]},"properties":{":id":"row-sgey.rabv~g5y3",":version":"rv-k53x.kbsy.dc65",":created_at":"2026-03-10T12:37:08.575Z",":updated_at":"2026-03-10T12:37:08.575Z","cnn":"5062000","corridor":"Eddy St","limits":"Leavenworth St  -  Hyde St","cnnrightleft":"R","blockside":"North","fullname":"Saturday","weekday":"Sat","fromhour":"6","tohour":"8","week1":"1","week2":"1","week3":"1","week4":"1","week5":"1","holidays":"0","blocksweepid":"1610060"}},{"type":"Feature","geometry":{"type":"LineString","coordinates":[[-122.435312570521,37.724004909119],[-122.435385086008,37.723909403464]]},"properties":{":id":"row-nkhr_thxs-3r27",":version":"rv-xg74~67qz.w2b7",":created_at":"2026-03-10T12:37:08.575Z",":updated_at":"2026-03-10T12:37:08.575Z","cnn":"9166000","corridor":"Mission St","limits":"San Juan Ave  -  Ocean Ave","cnnrightleft":"R","blockside":"NorthWest","fullname":"Saturday","weekday":"Sat","fromhour":"5","tohour":"7","week1":"1","week2":"1","week3":"1","week4":"1","week5":"1","holidays":"0","blocksweepid":"1626237"}},{"type":"Feature","geometry":{"type":"LineString","coordinates":[[-122.384085870296,37.719667249141],[-122.384156395359,37.719520963472],[-122.38515706168,37.718407364049]]},"properties":{":id":"row-gehe.xab5~hzwq",":version":"rv-7e6b-4m9g.jjw8",":created_at":"2026-03-10T12:37:08.575Z",":updated_at":"2026-03-10T12:37:08.575Z","cnn":"5587000","corridor":"Arelious Walker Dr","limits":"Carroll Ave  -  Egbert Ave","cnnrightleft":"R","blockside":"NorthWest","fullname":"Saturday","weekday":"Sat","fromhour":"7","tohour":"8","week1":"1","week2":"1","week3":"1","week4":"1","week5":"1","holidays":"0","blocksweepid":"1627257"}},{"type":"Feature","geometry":{"type":"LineString","coordinates":[[-122.42117098682,37.784283291565],[-122.421242649551,37.784635212004],[-122.421192974629,37.7847534462]]},"properties":{":id":"row-9gxr-p4u3.mwyv",":version":"rv-zx68~f6c9-cxuh",":created_at":"2026-03-10T12:37:08.575Z",":updated_at":"2026-03-10T12:37:08.575Z","cnn":"13151102","corridor":"Van Ness Ave","limits":"Olive St  -  O'Farrell St","cnnrightleft":"L","blockside":"West","fullname":"Saturday","weekday":"Sat","fromhour":"4","tohour":"6","week1":"1","week2":"1","week3":"1","week4":"1","week5":"1","holidays":"1","blocksweepid":"1640040"}},{"type":"Feature","geometry":{"type":"LineString","coordinates":[[-122.396272841569,37.720981529973],[-122.396384237655,37.720913822428],[-122.396463331941,37.720740037154]]},"properties":{":id":"row-xcw9~hdun~87n4",":version":"rv-fc89~vdnr~vvpi",":created_at":"2026-03-10T12:37:08.575Z",":updated_at":"2026-03-10T12:37:08.575Z","cnn":"230201","corridor":"03rd St","limits":"Ingerson Ave  -  Salinas Ave","cnnrightleft":"R","blockside":"NorthWest","fullname":"Saturday","weekday":"Sat","fromhour":"2","tohour":"6","week1":"1","week2":"1","week3":"1","week4":"1","week5":"1","holidays":"0","blocksweepid":"1613900"}},{"type":"Feature","geometry":{"type":"LineString","coordinates":[[-122.419181703701,37.783101400225],[-122.420817003141,37.78289412161]]},"properties":{":id":"row-e99f~e9jh.kg42",":version":"rv-52kt~959w-c3v3",":created_at":"2026-03-10T12:37:08.575Z",":updated_at":"2026-03-10T12:37:08.575Z","cnn":"5065000","corridor":"Eddy St","limits":"Polk St  -  Van Ness Ave","cnnrightleft":"R","blockside":"North","fullname":"Saturday","weekday":"Sat","fromhour":"6","tohour":"8","week1":"1","week2":"1","week3":"1","week4":"1","week5":"1","holidays":"0","blocksweepid":"1630927"}},{"type":"Feature","geometry":{"type":"LineString","coordinates":[[-122.402061634111,37.749396678963],[-122.40219027844,37.749426763878],[-122.402724246928,37.749505299963],[-122.402866309241,37.749478459157]]},"properties":{":id":"row-29ar~zd5c.grsj",":version":"rv-4a5u.wvx9_wefy",":created_at":"2026-03-10T12:37:08.575Z",":updated_at":"2026-03-10T12:37:08.575Z","cnn":"2478201","corridor":"Cesar Chavez St","limits":"Kansas St  -  Bay Shore Blvd","cnnrightleft":"R","blockside":"North","fullname":"Saturday","weekday":"Sat","fromhour":"0","tohour":"2","week1":"1","week2":"1","week3":"1","week4":"1","week5":"1","holidays":"1","blocksweepid":"1629588"}},{"type":"Feature","geometry":{"type":"LineString","coordinates":[[-122.399358490876,37.788354170243],[-122.399798024477,37.788007160065]]},"properties":{":id":"row-f7pt~qj55~wdj5",":version":"rv-5ad8.vwfv.x7jc",":created_at":"2026-03-10T12:37:08.575Z",":updated_at":"2026-03-10T12:37:08.575Z","cnn":"9091000","corridor":"Mission St","limits":"Anthony St  -  02nd St","cnnrightleft":"L","blockside":"SouthEast","fullname":"Saturday","weekday":"Sat","fromhour":"2","tohour":"6","week1":"1","week2":"1","week3":"1","week4":"1","week5":"1","holidays":"1","blocksweepid":"1618915"}},{"type":"Feature","geometry":{"type":"LineString","coordinates":[[-122.391840525275,37.778125697956],[-122.391799544626,37.777928541664],[-122.393835996994,37.776329223154],[-122.394035065718,37.776332976564]]},"properties":{":id":"row-ubh9~kjf5_u5j7",":version":"rv-a7fz.6zgx~2x3m",":created_at":"2026-03-10T12:37:08.575Z",":updated_at":"2026-03-10T12:37:08.575Z","cnn":"7833101","corridor":"King St","limits":"03rd St  -  04th St","cnnrightleft":"L","blockside":"SouthEast","fullname":"Saturday","weekday":"Sat","fromhour":"1","tohour":"3","week1":"1","week2":"1","week3":"1","week4":"1","week5":"1","holidays":"1","blocksweepid":"1601484"}},{"type":"Feature","geometry":{"type":"LineString","coordinates":[[-122.388475894209,37.741107632071],[-122.388576511757,37.741032997431],[-122.388784116377,37.740444237364],[-122.388754589159,37.740317264063]]},"properties":{":id":"row-dxv7.892u_4bpz",":version":"rv-vwai.rgcd_qzxz",":created_at":"2026-03-10T12:37:08.575Z",":updated_at":"2026-03-10T12:37:08.575Z","cnn":"204201","corridor":"03rd St","limits":"Galvez Ave  -  Hudson Ave","cnnrightleft":"R","blockside":"West","fullname":"Saturday","weekday":"Sat","fromhour":"2","tohour":"6","week1":"1","week2":"1","week3":"1","week4":"1","week5":"1","holidays":"0","blocksweepid":"1613874"}},{"type":"Feature","geometry":{"type":"LineString","coordinates":[[-122.461207474859,37.783087441726],[-122.462278766115,37.783038338179]]},"properties":{":id":"row-6t83.hyec.zgn7",":version":"rv-usgp~jbdz_6azk",":created_at":"2026-03-10T12:37:08.575Z",":updated_at":"2026-03-10T12:37:08.575Z","cnn":"4152000","corridor":"Clement St","limits":"03rd Ave  -  04th Ave","cnnrightleft":"R","blockside":"North","fullname":"Saturday","weekday":"Sat","fromhour":"7","tohour":"8","week1":"1","week2":"1","week3":"1","week4":"1","week5":"1","holidays":"0","blocksweepid":"1615195"}},{"type":"Feature","geometry":{"type":"LineString","coordinates":[[-122.430110918362,37.729930587958],[-122.430081143846,37.729889135852],[-122.430122740895,37.729847277125],[-122.430181237448,37.729859826169]]},"properties":{":id":"row-pdzm~hwxu_6nbs",":version":"rv-x9b7_nzru~mhxq",":created_at":"2026-03-10T12:37:08.575Z",":updated_at":"2026-03-10T12:37:08.575Z","cnn":"9152101","corridor":"Mission St","limits":"Ney St  -  Admiral Ave","cnnrightleft":"L","blockside":"SouthEast","fullname":"Saturday","weekday":"Sat","fromhour":"5","tohour":"7","week1":"1","week2":"1","week3":"1","week4":"1","week5":"1","holidays":"0","blocksweepid":"1619427"}},{"type":"Feature","geometry":{"type":"LineString","coordinates":[[-122.41964545812,37.771005772206],[-122.419758524631,37.770672595078]]},"properties":{":id":"row-sd82-jy2n.f7br",":version":"rv-33xr~qys5-4hk5",":created_at":"2026-03-10T12:37:08.575Z",":updated_at":"2026-03-10T12:37:08.575Z","cnn":"9111000","corridor":"Mission St","limits":"Plum St  -  Hwy 101 Northbound","cnnrightleft":"L","blockside":"East","fullname":"Saturday","weekday":"Sat","fromhour":"2","tohour":"6","week1":"1","week2":"1","week3":"1","week4":"1","week5":"1","holidays":"1","blocksweepid":"1618938"}},{"type":"Feature","geometry":{"type":"LineString","coordinates":[[-122.389099104328,37.76690347969],[-122.389036657335,37.766788971729],[-122.38879960905,37.764412048941],[-122.388851283059,37.764321835521]]},"properties":{":id":"row-iuk8~fwwd~zygq",":version":"rv-bhgr-ipae_jk2j",":created_at":"2026-03-10T12:37:08.575Z",":updated_at":"2026-03-10T12:37:08.575Z","cnn":"186101","corridor":"03rd St","limits":"16th St  -  Mariposa St","cnnrightleft":"L","blockside":"East","fullname":"Saturday","weekday":"Sat","fromhour":"2","tohour":"6","week1":"1","week2":"1","week3":"1","week4":"1","week5":"1","holidays":"0","blocksweepid":"1628959"}},{"type":"Feature","geometry":{"type":"LineString","coordinates":[[-122.464425024958,37.78293993367],[-122.465492390702,37.782890981237]]},"properties":{":id":"row-arc7~rcm9.b83i",":version":"rv-ukjb_ubqw~iwtf",":created_at":"2026-03-10T12:37:08.575Z",":updated_at":"2026-03-10T12:37:08.575Z","cnn":"4155000","corridor":"Clement St","limits":"06th Ave  -  07th Ave","cnnrightleft":"R","blockside":"North","fullname":"Saturday","weekday":"Sat","fromhour":"7","tohour":"8","week1":"1","week2":"1","week3":"1","week4":"1","week5":"1","holidays":"0","blocksweepid":"1615198"}},{"type":"Feature","geometry":{"type":"LineString","coordinates":[[-122.444571083206,37.712783427274],[-122.444743290829,37.712622217509]]},"properties":{":id":"row-ciih.53kh~wu7m",":version":"rv-z85k_6d9v.be82",":created_at":"2026-03-10T12:37:08.575Z",":updated_at":"2026-03-10T12:37:08.575Z","cnn":"9187000","corridor":"Mission St","limits":"Guttenberg St  -  Foote Ave","cnnrightleft":"R","blockside":"NorthWest","fullname":"Saturday","weekday":"Sat","fromhour":"5","tohour":"7","week1":"1","week2":"1","week3":"1","week4":"1","week5":"1","holidays":"0","blocksweepid":"1600091"}},{"type":"Feature","geometry":{"type":"LineString","coordinates":[[-122.422218291472,37.745578813968],[-122.422282844482,37.745482375172],[-122.422276283594,37.745348308171],[-122.422292639099,37.745183596761],[-122.422438846042,37.744758796579]]},"properties":{":id":"row-7bxc.nd6q~mtas",":version":"rv-fimd.fx3h-ckra",":created_at":"2026-03-10T12:37:08.575Z",":updated_at":"2026-03-10T12:37:08.575Z","cnn":"11436201","corridor":"San Jose Ave","limits":"Guerrero St  -  Valley St","cnnrightleft":"L","blockside":"East","fullname":"Saturday","weekday":"Sat","fromhour":"6","tohour":"8","week1":"1","week2":"1","week3":"1","week4":"1","week5":"1","holidays":"0","blocksweepid":"1610879"}},{"type":"Feature","geometry":{"type":"LineString","coordinates":[[-122.411139801283,37.785074596379],[-122.412782128368,37.784866245085]]},"properties":{":id":"row-i45g.u9pu~2sup",":version":"rv-mxnk.9nr8-5wrj",":created_at":"2026-03-10T12:37:08.575Z",":updated_at":"2026-03-10T12:37:08.575Z","cnn":"5173000","corridor":"Ellis St","limits":"Taylor St  -  Jones St","cnnrightleft":"R","blockside":"North","fullname":"Saturday","weekday":"Sat","fromhour":"6","tohour":"8","week1":"1","week2":"1","week3":"1","week4":"1","week5":"1","holidays":"0","blocksweepid":"1610132"}},{"type":"Feature","geometry":{"type":"LineString","coordinates":[[-122.390416264113,37.735590520553],[-122.390400159538,37.735445933697],[-122.390598277377,37.734879683372],[-122.390693772313,37.734797359098]]},"properties":{":id":"row-a8mz-id52-6zh9",":version":"rv-v6s3.bvaa-asht",":created_at":"2026-03-10T12:37:08.575Z",":updated_at":"2026-03-10T12:37:08.575Z","cnn":"211101","corridor":"03rd St","limits":"Newcomb Ave  -  Oakdale Ave","cnnrightleft":"L","blockside":"East","fullname":"Saturday","weekday":"Sat","fromhour":"2","tohour":"6","week1":"1","week2":"1","week3":"1","week4":"1","week5":"1","holidays":"0","blocksweepid":"1629134"}},{"type":"Feature","geometry":{"type":"LineString","coordinates":[[-122.435385086008,37.723909403464],[-122.435976889062,37.72312996338]]},"properties":{":id":"row-nnci~j7bq_be94",":version":"rv-c2y9.iatm-xx68",":created_at":"2026-03-10T12:37:08.575Z",":updated_at":"2026-03-10T12:37:08.575Z","cnn":"9167000","corridor":"Mission St","limits":"Ocean Ave  -  Persia Ave","cnnrightleft":"R","blockside":"NorthWest","fullname":"Saturday","weekday":"Sat","fromhour":"5","tohour":"7","week1":"1","week2":"1","week3":"1","week4":"1","week5":"1","holidays":"0","blocksweepid":"1626238"}},{"type":"Feature","geometry":{"type":"LineString","coordinates":[[-122.394300037428,37.780089730328],[-122.392749786649,37.778851717265]]},"properties":{":id":"row-9ya2~hg57-9myf",":version":"rv-jjwy~fbim_6r6m",":created_at":"2026-03-10T12:37:08.575Z",":updated_at":"2026-03-10T12:37:08.575Z","cnn":"179000","corridor":"03rd St","limits":"Brannan St  -  Townsend St","cnnrightleft":"R","blockside":"SouthWest","fullname":"Saturday","weekday":"Sat","fromhour":"2","tohour":"6","week1":"1","week2":"1","week3":"1","week4":"1","week5":"1","holidays":"0","blocksweepid":"1628708"}},{"type":"Feature","geometry":{"type":"LineString","coordinates":[[-122.448376961959,37.710372707695],[-122.448930949548,37.710074035593],[-122.449308666783,37.709946203641]]},"properties":{":id":"row-aysr~ysca_drz6",":version":"rv-f679.yt3h~pexq",":created_at":"2026-03-10T12:37:08.575Z",":updated_at":"2026-03-10T12:37:08.575Z","cnn":"9192000","corridor":"Mission St","limits":"Morse St  -  Farragut Ave","cnnrightleft":"R","blockside":"NorthWest","fullname":"Saturday","weekday":"Sat","fromhour":"5","tohour":"7","week1":"1","week2":"1","week3":"1","week4":"1","week5":"1","holidays":"0","blocksweepid":"1600096"}},{"type":"Feature","geometry":{"type":"LineString","coordinates":[[-122.388023343662,37.78477361415],[-122.388172577521,37.784857654456],[-122.388143856732,37.785409037431],[-122.388019182759,37.786990958772],[-122.387794890027,37.787097239396]]},"properties":{":id":"row-jyhj~p99k-ftcq",":version":"rv-rnhc~93qp.2iih",":created_at":"2026-03-10T12:37:08.575Z",":updated_at":"2026-03-10T12:37:08.575Z","cnn":"12548101","corridor":"The Embarcadero","limits":"Brannan St  -  Bryant St","cnnrightleft":"L","blockside":"West","fullname":"Saturday","weekday":"Sat","fromhour":"1","tohour":"3","week1":"1","week2":"1","week3":"1","week4":"1","week5":"1","holidays":"1","blocksweepid":"1639513"}},{"type":"Feature","geometry":{"type":"LineString","coordinates":[[-122.401261501824,37.786851715577],[-122.402025419687,37.786248152145]]},"properties":{":id":"row-4243-s6hz-yegm",":version":"rv-ajha-mhft-xaur",":created_at":"2026-03-10T12:37:08.575Z",":updated_at":"2026-03-10T12:37:08.575Z","cnn":"9094000","corridor":"Mission St","limits":"Annie St  -  03rd St","cnnrightleft":"L","blockside":"SouthEast","fullname":"Saturday","weekday":"Sat","fromhour":"2","tohour":"6","week1":"1","week2":"1","week3":"1","week4":"1","week5":"1","holidays":"1","blocksweepid":"1618918"}},{"type":"Feature","geometry":{"type":"LineString","coordinates":[[-122.441799464549,37.715429679987],[-122.441895525627,37.71530825554],[-122.442564962803,37.714660619233]]},"properties":{":id":"row-egsf~yyvf.yjvm",":version":"rv-f88i.6jyr.m5fx",":created_at":"2026-03-10T12:37:08.575Z",":updated_at":"2026-03-10T12:37:08.575Z","cnn":"9181000","corridor":"Mission St","limits":"Pope St  -  Allison St","cnnrightleft":"L","blockside":"SouthEast","fullname":"Saturday","weekday":"Sat","fromhour":"5","tohour":"7","week1":"1","week2":"1","week3":"1","week4":"1","week5":"1","holidays":"0","blocksweepid":"1626571"}},{"type":"Feature","geometry":{"type":"LineString","coordinates":[[-122.417104135557,37.774325287386],[-122.417233136498,37.774268590436],[-122.418471567966,37.773274561095],[-122.418618215796,37.773053454473]]},"properties":{":id":"row-ymkz~kz3z~4jc5",":version":"rv-9cuc~3y72~aukw",":created_at":"2026-03-10T12:37:08.575Z",":updated_at":"2026-03-10T12:37:08.575Z","cnn":"9109201","corridor":"Mission St","limits":"11th St  -  South Van Ness Ave","cnnrightleft":"R","blockside":"NorthWest","fullname":"Saturday","weekday":"Sat","fromhour":"2","tohour":"6","week1":"1","week2":"1","week3":"1","week4":"1","week5":"1","holidays":"1","blocksweepid":"1618489"}},{"type":"Feature","geometry":{"type":"LineString","coordinates":[[-122.450498930495,37.70954336882],[-122.450883666773,37.709412742176]]},"properties":{":id":"row-inbi_rfag~5np6",":version":"rv-sfcp_xmj7~ne4g",":created_at":"2026-03-10T12:37:08.575Z",":updated_at":"2026-03-10T12:37:08.575Z","cnn":"9195000","corridor":"Mission St","limits":"Oliver St  -  Lawrence Ave","cnnrightleft":"R","blockside":"North","fullname":"Saturday","weekday":"Sat","fromhour":"5","tohour":"7","week1":"1","week2":"1","week3":"1","week4":"1","week5":"1","holidays":"0","blocksweepid":"1600099"}},{"type":"Feature","geometry":{"type":"LineString","coordinates":[[-122.420401245219,37.789165093738],[-122.421940374296,37.788968774327]]},"properties":{":id":"row-2wi3-stiz.2nv8",":version":"rv-sq3x.i8jt-mavu",":created_at":"2026-03-10T12:37:08.575Z",":updated_at":"2026-03-10T12:37:08.575Z","cnn":"5791000","corridor":"Austin St","limits":"Polk St  -  Van Ness Ave","cnnrightleft":"R","blockside":"North","fullname":"Saturday","weekday":"Sat","fromhour":"4","tohour":"6","week1":"1","week2":"1","week3":"1","week4":"1","week5":"1","holidays":"1","blocksweepid":"1600826"}},{"type":"Feature","geometry":{"type":"LineString","coordinates":[[-122.510341319396,37.764000833634],[-122.510250238363,37.763876233587],[-122.510191568136,37.763232236207],[-122.510055733218,37.762104521613],[-122.509081958701,37.754595345865],[-122.508598807634,37.750882002306],[-122.506691990028,37.736223158689],[-122.506672003204,37.735641799033],[-122.506717428299,37.735469757819]]},"properties":{":id":"row-4b3b~mxvn~5nmu",":version":"rv-8v64_hg35-36ww",":created_at":"2026-03-10T12:37:08.575Z",":updated_at":"2026-03-10T12:37:08.575Z","cnn":"6436101","corridor":"Great Hwy","limits":"Lincoln Way  -  Sloat Blvd","cnnrightleft":"R","blockside":"West","fullname":"Saturday","weekday":"Sat","fromhour":"5","tohour":"7","week1":"1","week2":"1","week3":"1","week4":"1","week5":"1","holidays":"0","blocksweepid":"1636090"}},{"type":"Feature","geometry":{"type":"LineString","coordinates":[[-122.403519546003,37.798268070024],[-122.403863017888,37.798222971678]]},"properties":{":id":"row-2nus~33rz-zpv5",":version":"rv-r3cx.ugyz-rihe",":created_at":"2026-03-10T12:37:08.575Z",":updated_at":"2026-03-10T12:37:08.575Z","cnn":"3148000","corridor":"Broadway","limits":"Bartol St  -  Montgomery St","cnnrightleft":"L","blockside":"South","fullname":"Saturday","weekday":"Sat","fromhour":"4","tohour":"6","week1":"1","week2":"1","week3":"1","week4":"1","week5":"1","holidays":"0","blocksweepid":"1627456"}},{"type":"Feature","geometry":{"type":"LineString","coordinates":[[-122.403021621879,37.729901901319],[-122.402752244553,37.729357163198]]},"properties":{":id":"row-razi-754r.wvjc",":version":"rv-f3qq.xaa3~b2g5",":created_at":"2026-03-10T12:37:08.575Z",":updated_at":"2026-03-10T12:37:08.575Z","cnn":"2807000","corridor":"Bay Shore Blvd","limits":"Quint St  -  Donner Ave","cnnrightleft":"L","blockside":"East","fullname":"Saturday","weekday":"Sat","fromhour":"7","tohour":"8","week1":"1","week2":"1","week3":"1","week4":"1","week5":"1","holidays":"0","blocksweepid":"1613339"}},{"type":"Feature","geometry":{"type":"LineString","coordinates":[[-122.392146619092,37.730642139226],[-122.392113579775,37.73054842683],[-122.392244212094,37.730175010543],[-122.392348747989,37.730066818506]]},"properties":{":id":"row-8u9t_98y9-6b5s",":version":"rv-jdzr-6n24.x556",":created_at":"2026-03-10T12:37:08.575Z",":updated_at":"2026-03-10T12:37:08.575Z","cnn":"218101","corridor":"03rd St","limits":"Thornton Ave  -  Underwood Ave","cnnrightleft":"L","blockside":"East","fullname":"Saturday","weekday":"Sat","fromhour":"2","tohour":"6","week1":"1","week2":"1","week3":"1","week4":"1","week5":"1","holidays":"0","blocksweepid":"1629141"}},{"type":"Feature","geometry":{"type":"LineString","coordinates":[[-122.430824395339,37.766013730949],[-122.430954744696,37.765993628549],[-122.431014633025,37.765950220125],[-122.431025470892,37.765867986364]]},"properties":{":id":"row-82sb-mxr7~x63h",":version":"rv-42d2_ru6e-ry7n",":created_at":"2026-03-10T12:37:08.575Z",":updated_at":"2026-03-10T12:37:08.575Z","cnn":"8765201","corridor":"Market St","limits":"15th St  -  Sanchez St","cnnrightleft":"R","blockside":"NorthWest","fullname":"Saturday","weekday":"Sat","fromhour":"2","tohour":"6","week1":"1","week2":"1","week3":"1","week4":"1","week5":"1","holidays":"1","blocksweepid":"1625862"}},{"type":"Feature","geometry":{"type":"LineString","coordinates":[[-122.421381475782,37.764947887772],[-122.421886446144,37.764917378514]]},"properties":{":id":"row-eiaf.h5ts-p747",":version":"rv-3cg2_syw5_5gfi",":created_at":"2026-03-10T12:37:08.575Z",":updated_at":"2026-03-10T12:37:08.575Z","cnn":"731000","corridor":"16th St","limits":"Caledonia St  -  Valencia St","cnnrightleft":"L","blockside":"South","fullname":"Saturday","weekday":"Sat","fromhour":"2","tohour":"6","week1":"1","week2":"1","week3":"1","week4":"1","week5":"1","holidays":"1","blocksweepid":"1601942"}},{"type":"Feature","geometry":{"type":"LineString","coordinates":[[-122.396689694956,37.790461067931],[-122.397574468067,37.789762598234]]},"properties":{":id":"row-iz8n_nmcn~9grf",":version":"rv-m2gt-m6u2_rr6j",":created_at":"2026-03-10T12:37:08.575Z",":updated_at":"2026-03-10T12:37:08.575Z","cnn":"9087000","corridor":"Mission St","limits":"Fremont St  -  01st St","cnnrightleft":"R","blockside":"NorthWest","fullname":"Saturday","weekday":"Sat","fromhour":"2","tohour":"6","week1":"1","week2":"1","week3":"1","week4":"1","week5":"1","holidays":"1","blocksweepid":"1618464"}},{"type":"Feature","geometry":{"type":"LineString","coordinates":[[-122.422871202196,37.793050003145],[-122.422787456626,37.793156210161],[-122.422927595746,37.793854861824],[-122.423048803504,37.793935005154]]},"properties":{":id":"row-psdj.b24g_2c9n",":version":"rv-q8id-ufuf~77ev",":created_at":"2026-03-10T12:37:08.575Z",":updated_at":"2026-03-10T12:37:08.575Z","cnn":"13161201","corridor":"Van Ness Ave","limits":"Washington St  -  Jackson St","cnnrightleft":"R","blockside":"East","fullname":"Saturday","weekday":"Sat","fromhour":"4","tohour":"6","week1":"1","week2":"1","week3":"1","week4":"1","week5":"1","holidays":"1","blocksweepid":"1640016"}},{"type":"Feature","geometry":{"type":"LineString","coordinates":[[-122.423430754982,37.741695198966],[-122.422486352476,37.741744459648],[-122.422366459744,37.741760488778]]},"properties":{":id":"row-fpif~r737_9bc8",":version":"rv-wnu7.8xns~je29",":created_at":"2026-03-10T12:37:08.575Z",":updated_at":"2026-03-10T12:37:08.575Z","cnn":"7838000","corridor":"Kingston St","limits":"San Jose Ave  -  Mission St","cnnrightleft":"R","blockside":"South","fullname":"Saturday","weekday":"Sat","fromhour":"6","tohour":"8","week1":"1","week2":"1","week3":"1","week4":"1","week5":"1","holidays":"0","blocksweepid":"1624143"}},{"type":"Feature","geometry":{"type":"LineString","coordinates":[[-122.386774393474,37.711776153802],[-122.386984413402,37.711767277561],[-122.387101768888,37.711806957987],[-122.387251895519,37.711915379694],[-122.387509818382,37.712145215567],[-122.387599427973,37.712237675354],[-122.387683886057,37.712356384191],[-122.387755050075,37.712486081718],[-122.387798881845,37.712608520604],[-122.387824916433,37.712717391775],[-122.387953558684,37.713354125728],[-122.388018846568,37.713557801755],[-122.388116281752,37.713805601687],[-122.388222589357,37.714020934019],[-122.388334087405,37.714211555477],[-122.388451009882,37.714386696536],[-122.388625427682,37.714623056434],[-122.388759199674,37.714663719907]]},"properties":{":id":"row-8ri9-r9xw~hea5",":version":"rv-h82s_fg7k~qas9",":created_at":"2026-03-10T12:37:08.575Z",":updated_at":"2026-03-10T12:37:08.575Z","cnn":"7425201","corridor":"Jamestown Ave","limits":"Giants Dr  -  Ignacio Ave","cnnrightleft":"R","blockside":"NorthEast","fullname":"Saturday","weekday":"Sat","fromhour":"7","tohour":"8","week1":"1","week2":"1","week3":"1","week4":"1","week5":"1","holidays":"0","blocksweepid":"1597358"}},{"type":"Feature","geometry":{"type":"LineString","coordinates":[[-122.390693772313,37.734797359098],[-122.390790617779,37.734723282127],[-122.39098825856,37.734158379679],[-122.390967889603,37.734013872547]]},"properties":{":id":"row-zeqk~34sd-b8k4",":version":"rv-9uwt.58ku_psxz",":created_at":"2026-03-10T12:37:08.575Z",":updated_at":"2026-03-10T12:37:08.575Z","cnn":"212201","corridor":"03rd St","limits":"Oakdale Ave  -  Palou Ave","cnnrightleft":"R","blockside":"West","fullname":"Saturday","weekday":"Sat","fromhour":"2","tohour":"6","week1":"1","week2":"1","week3":"1","week4":"1","week5":"1","holidays":"0","blocksweepid":"1613882"}},{"type":"Feature","geometry":{"type":"LineString","coordinates":[[-122.430110918362,37.729930587958],[-122.430157992847,37.729934731875],[-122.430198979408,37.729893487188],[-122.430181237448,37.729859826169]]},"properties":{":id":"row-mkji_5gnj.h2jz",":version":"rv-fs9c~eee6~iyd8",":created_at":"2026-03-10T12:37:08.575Z",":updated_at":"2026-03-10T12:37:08.575Z","cnn":"9152201","corridor":"Mission St","limits":"Ney St  -  Admiral Ave","cnnrightleft":"R","blockside":"NorthWest","fullname":"Saturday","weekday":"Sat","fromhour":"5","tohour":"7","week1":"1","week2":"1","week3":"1","week4":"1","week5":"1","holidays":"0","blocksweepid":"1626223"}},{"type":"Feature","geometry":{"type":"LineString","coordinates":[[-122.418221170888,37.748165688851],[-122.418413710306,37.748104048963],[-122.420136386867,37.748070020791],[-122.420278830377,37.748125283089]]},"properties":{":id":"row-jh28~p5ax_c25m",":version":"rv-kqx9~fbjg_h8kn",":created_at":"2026-03-10T12:37:08.575Z",":updated_at":"2026-03-10T12:37:08.575Z","cnn":"2489101","corridor":"Cesar Chavez St","limits":"Mission St  -  Valencia St","cnnrightleft":"R","blockside":"North","fullname":"Saturday","weekday":"Sat","fromhour":"8","tohour":"10","week1":"1","week2":"1","week3":"1","week4":"1","week5":"1","holidays":"0","blocksweepid":"1636939"}},{"type":"Feature","geometry":{"type":"LineString","coordinates":[[-122.403316945222,37.7955318328],[-122.40406849084,37.796064037438]]},"properties":{":id":"row-rrir_kqkf.7y66",":version":"rv-5f7k.w4x6~cv8e",":created_at":"2026-03-10T12:37:08.575Z",":updated_at":"2026-03-10T12:37:08.575Z","cnn":"4286000","corridor":"Columbus Ave","limits":"Washington St  -  Ils Ln","cnnrightleft":"R","blockside":"NorthEast","fullname":"Saturday","weekday":"Sat","fromhour":"4","tohour":"6","week1":"1","week2":"1","week3":"1","week4":"1","week5":"1","holidays":"0","blocksweepid":"1603283"}},{"type":"Feature","geometry":{"type":"LineString","coordinates":[[-122.431025470892,37.765867986364],[-122.431124557748,37.765673219841],[-122.432764829839,37.764373962337],[-122.433074470809,37.764195713209]]},"properties":{":id":"row-53uq_72s5~9akp",":version":"rv-7ev9.e29h~tdss",":created_at":"2026-03-10T12:37:08.575Z",":updated_at":"2026-03-10T12:37:08.575Z","cnn":"8766101","corridor":"Market St","limits":"Sanchez St  -  16th St","cnnrightleft":"L","blockside":"SouthEast","fullname":"Saturday","weekday":"Sat","fromhour":"2","tohour":"6","week1":"1","week2":"1","week3":"1","week4":"1","week5":"1","holidays":"1","blocksweepid":"1640948"}},{"type":"Feature","geometry":{"type":"LineString","coordinates":[[-122.389113409364,37.739112661356],[-122.389220760494,37.738808169162],[-122.389310055837,37.738741929892]]},"properties":{":id":"row-426r_2rv2.2amh",":version":"rv-knft_36e8~v2dk",":created_at":"2026-03-10T12:37:08.575Z",":updated_at":"2026-03-10T12:37:08.575Z","cnn":"206102","corridor":"03rd St","limits":"Newhall St  -  Newhall St","cnnrightleft":"L","blockside":"SouthEast","fullname":"Saturday","weekday":"Sat","fromhour":"2","tohour":"6","week1":"1","week2":"1","week3":"1","week4":"1","week5":"1","holidays":"0","blocksweepid":"1629129"}},{"type":"Feature","geometry":{"type":"LineString","coordinates":[[-122.401471240393,37.725516289231],[-122.401182917691,37.724588254185],[-122.400784747653,37.723616209195]]},"properties":{":id":"row-bmsy-gja6~bnvi",":version":"rv-tksv-c8ww-ftid",":created_at":"2026-03-10T12:37:08.575Z",":updated_at":"2026-03-10T12:37:08.575Z","cnn":"2813000","corridor":"Bay Shore Blvd","limits":"Woolsey St  -  Paul Ave","cnnrightleft":"L","blockside":"East","fullname":"Saturday","weekday":"Sat","fromhour":"7","tohour":"8","week1":"1","week2":"1","week3":"1","week4":"1","week5":"1","holidays":"0","blocksweepid":"1613345"}},{"type":"Feature","geometry":{"type":"LineString","coordinates":[[-122.428948566763,37.767504459571],[-122.429053687195,37.767311144355],[-122.430591175744,37.766095296193],[-122.430824395339,37.766013730949]]},"properties":{":id":"row-4rag_rsvh_tddr",":version":"rv-fpyi_e778.r2np",":created_at":"2026-03-10T12:37:08.575Z",":updated_at":"2026-03-10T12:37:08.575Z","cnn":"8764101","corridor":"Market St","limits":"Church St  -  15th St","cnnrightleft":"L","blockside":"SouthEast","fullname":"Saturday","weekday":"Sat","fromhour":"2","tohour":"6","week1":"1","week2":"1","week3":"1","week4":"1","week5":"1","holidays":"1","blocksweepid":"1640946"}},{"type":"Feature","geometry":{"type":"LineString","coordinates":[[-122.406821216386,37.794197957191],[-122.407000777835,37.795077381844]]},"properties":{":id":"row-tdrm-tc36-bf9k",":version":"rv-dsc5-fcmw-j9id",":created_at":"2026-03-10T12:37:08.575Z",":updated_at":"2026-03-10T12:37:08.575Z","cnn":"13465000","corridor":"Waverly Pl","limits":"Clay St  -  Washington St","cnnrightleft":"L","blockside":"West","fullname":"Saturday","weekday":"Sat","fromhour":"2","tohour":"6","week1":"1","week2":"1","week3":"1","week4":"1","week5":"1","holidays":"0","blocksweepid":"1625594"}},{"type":"Feature","geometry":{"type":"LineString","coordinates":[[-122.503104759293,37.735466491501],[-122.503218860485,37.735550898535],[-122.504185330568,37.735557882752]]},"properties":{":id":"row-7qmx-esdc.uqz3",":version":"rv-cm76.4zkz.uijb",":created_at":"2026-03-10T12:37:08.575Z",":updated_at":"2026-03-10T12:37:08.575Z","cnn":"11963201","corridor":"Sloat Blvd","limits":"45th Ave  -  46th Ave","cnnrightleft":"L","blockside":"South","fullname":"Saturday","weekday":"Sat","fromhour":"5","tohour":"7","week1":"1","week2":"1","week3":"1","week4":"1","week5":"1","holidays":"0","blocksweepid":"1605688"}},{"type":"Feature","geometry":{"type":"LineString","coordinates":[[-122.407852519844,37.785491560352],[-122.408667084512,37.78538824897]]},"properties":{":id":"row-wpxg-wvph~68e7",":version":"rv-w5pz_wi6s~g4em",":created_at":"2026-03-10T12:37:08.575Z",":updated_at":"2026-03-10T12:37:08.575Z","cnn":"5170000","corridor":"Ellis St","limits":"Powell St  -  Cyril Magnin St","cnnrightleft":"R","blockside":"North","fullname":"Saturday","weekday":"Sat","fromhour":"6","tohour":"8","week1":"1","week2":"1","week3":"1","week4":"1","week5":"1","holidays":"0","blocksweepid":"1610129"}},{"type":"Feature","geometry":{"type":"LineString","coordinates":[[-122.4125122556,37.780478512272],[-122.412533884515,37.780407171076],[-122.414643041168,37.778737430015],[-122.414741221821,37.778719429231]]},"properties":{":id":"row-srt9_xmgh_yu2t",":version":"rv-r2m2-xdmc.3467",":created_at":"2026-03-10T12:37:08.575Z",":updated_at":"2026-03-10T12:37:08.575Z","cnn":"8751101","corridor":"Market St","limits":"07th St  -  Hyde St","cnnrightleft":"L","blockside":"SouthEast","fullname":"Saturday","weekday":"Sat","fromhour":"5","tohour":"7","week1":"1","week2":"1","week3":"1","week4":"1","week5":"1","holidays":"1","blocksweepid":"1618086"}},{"type":"Feature","geometry":{"type":"LineString","coordinates":[[-122.443951627671,37.713362090755],[-122.444571083206,37.712783427274]]},"properties":{":id":"row-85uz.28jb-gq2q",":version":"rv-arh7-q5ny-uq3k",":created_at":"2026-03-10T12:37:08.575Z",":updated_at":"2026-03-10T12:37:08.575Z","cnn":"9186000","corridor":"Mission St","limits":"Florentine Ave  -  Guttenberg St","cnnrightleft":"R","blockside":"NorthWest","fullname":"Saturday","weekday":"Sat","fromhour":"5","tohour":"7","week1":"1","week2":"1","week3":"1","week4":"1","week5":"1","holidays":"0","blocksweepid":"1600090"}},{"type":"Feature","geometry":{"type":"LineString","coordinates":[[-122.399685488003,37.739901973609],[-122.401555700579,37.740961928202]]},"properties":{":id":"row-mmm9.u7kp.u9f4",":version":"rv-zn4c.qqed-zvr6",":created_at":"2026-03-10T12:37:08.575Z",":updated_at":"2026-03-10T12:37:08.575Z","cnn":"9794000","corridor":"Oakdale Ave","limits":"Selby St  -  Toland St","cnnrightleft":"R","blockside":"NorthEast","fullname":"Saturday","weekday":"Sat","fromhour":"2","tohour":"3","week1":"1","week2":"1","week3":"1","week4":"1","week5":"1","holidays":"0","blocksweepid":"1603451"}},{"type":"Feature","geometry":{"type":"LineString","coordinates":[[-122.423673410652,37.771736463592],[-122.424828584124,37.770828786212],[-122.424852598549,37.77074774518]]},"properties":{":id":"row-ca5y.vd4p~w3u6",":version":"rv-raym.tm7k.nhve",":created_at":"2026-03-10T12:37:08.575Z",":updated_at":"2026-03-10T12:37:08.575Z","cnn":"8760203","corridor":"Market St","limits":"Octavia St  -  Laguna St","cnnrightleft":"R","blockside":null,"fullname":"Saturday","weekday":"Sat","fromhour":"2","tohour":"6","week1":"1","week2":"1","week3":"1","week4":"1","week5":"1","holidays":"1","blocksweepid":"1625856"}},{"type":"Feature","geometry":{"type":"LineString","coordinates":[[-122.407903301695,37.794060297444],[-122.408079101008,37.794940686929]]},"properties":{":id":"row-kspy_twgv.y6b9",":version":"rv-vzp5_8tdm-bqyi",":created_at":"2026-03-10T12:37:08.575Z",":updated_at":"2026-03-10T12:37:08.575Z","cnn":"12205000","corridor":"Stockton St","limits":"Clay St  -  Washington St","cnnrightleft":"R","blockside":"East","fullname":"Saturday","weekday":"Sat","fromhour":"2","tohour":"6","week1":"1","week2":"1","week3":"1","week4":"1","week5":"1","holidays":"0","blocksweepid":"1617169"}},{"type":"Feature","geometry":{"type":"LineString","coordinates":[[-122.405318329414,37.797089847723],[-122.405409100325,37.797544592985]]},"properties":{":id":"row-8i6j_nk8h-5dix",":version":"rv-npte-qmsq~yjv2",":created_at":"2026-03-10T12:37:08.575Z",":updated_at":"2026-03-10T12:37:08.575Z","cnn":"7763000","corridor":"Kearny St","limits":"Pacific Ave  -  Nottingham Pl","cnnrightleft":"R","blockside":"East","fullname":"Saturday","weekday":"Sat","fromhour":"4","tohour":"6","week1":"1","week2":"1","week3":"1","week4":"1","week5":"1","holidays":"0","blocksweepid":"1616417"}},{"type":"Feature","geometry":{"type":"LineString","coordinates":[[-122.511938325139,37.776756190994],[-122.511753172096,37.776661003748],[-122.511616458763,37.776489522731],[-122.511498183286,37.776299469483],[-122.511403047552,37.776091731819],[-122.511339817124,37.775908462377],[-122.511292866567,37.775585971621],[-122.511268928347,37.77537944838],[-122.511240397733,37.775173049191],[-122.511294925013,37.775075961311]]},"properties":{":id":"row-hz3n.txhy-tcnh",":version":"rv-bxeq_a95w-87pa",":created_at":"2026-03-10T12:37:08.575Z",":updated_at":"2026-03-10T12:37:08.575Z","cnn":"6431101","corridor":"Great Hwy","limits":"Point Lobos Ave  -  Balboa St","cnnrightleft":"L","blockside":"East","fullname":"Saturday","weekday":"Sat","fromhour":"2","tohour":"6","week1":"1","week2":"1","week3":"1","week4":"1","week5":"1","holidays":"0","blocksweepid":"1601809"}},{"type":"Feature","geometry":{"type":"LineString","coordinates":[[-122.390012346887,37.790826949171],[-122.390199604873,37.790784034654],[-122.390507730855,37.791053422419],[-122.390740055018,37.791328177687],[-122.390906800058,37.791588144867],[-122.391040324467,37.791920629481],[-122.391159276618,37.792317635267],[-122.391096119262,37.792436047738]]},"properties":{":id":"row-4qxk_dbp6.hubz",":version":"rv-bcjd~xx9e.56hb",":created_at":"2026-03-10T12:37:08.575Z",":updated_at":"2026-03-10T12:37:08.575Z","cnn":"12551102","corridor":"The Embarcadero","limits":"Folsom St  -  Howard St","cnnrightleft":"L","blockside":"SouthWest","fullname":"Saturday","weekday":"Sat","fromhour":"1","tohour":"3","week1":"1","week2":"1","week3":"1","week4":"1","week5":"1","holidays":"1","blocksweepid":"1639516"}},{"type":"Feature","geometry":{"type":"LineString","coordinates":[[-122.413668844307,37.748255329538],[-122.413811164128,37.748197357245],[-122.414824559778,37.748181888258],[-122.414918962955,37.748230730689]]},"properties":{":id":"row-y253_wtw5.ipme",":version":"rv-6ih5-v6x3.7862",":created_at":"2026-03-10T12:37:08.575Z",":updated_at":"2026-03-10T12:37:08.575Z","cnn":"2486101","corridor":"Cesar Chavez St","limits":"Folsom St  -  Shotwell St","cnnrightleft":"R","blockside":"North","fullname":"Saturday","weekday":"Sat","fromhour":"8","tohour":"10","week1":"1","week2":"1","week3":"1","week4":"1","week5":"1","holidays":"0","blocksweepid":"1636936"}},{"type":"Feature","geometry":{"type":"LineString","coordinates":[[-122.416138098276,37.78061496672],[-122.416807391784,37.780530161603],[-122.416947604956,37.780470341035]]},"properties":{":id":"row-yauk.jxu2-fh9w",":version":"rv-48k7.c32z~9cdk",":created_at":"2026-03-10T12:37:08.575Z",":updated_at":"2026-03-10T12:37:08.575Z","cnn":"8892000","corridor":"McAllister St","limits":"Breen Pl  -  Larkin St","cnnrightleft":"R","blockside":"North","fullname":"Saturday","weekday":"Sat","fromhour":"2","tohour":"6","week1":"1","week2":"1","week3":"1","week4":"1","week5":"1","holidays":"0","blocksweepid":"1599650"}},{"type":"Feature","geometry":{"type":"LineString","coordinates":[[-122.409497525934,37.785282917476],[-122.411139801283,37.785074596379]]},"properties":{":id":"row-is7g~28wm-mtvx",":version":"rv-cw7t.rzfk_u2xv",":created_at":"2026-03-10T12:37:08.575Z",":updated_at":"2026-03-10T12:37:08.575Z","cnn":"5172000","corridor":"Ellis St","limits":"Mason St  -  Taylor St","cnnrightleft":"L","blockside":"South","fullname":"Saturday","weekday":"Sat","fromhour":"6","tohour":"8","week1":"1","week2":"1","week3":"1","week4":"1","week5":"1","holidays":"0","blocksweepid":"1610177"}},{"type":"Feature","geometry":{"type":"LineString","coordinates":[[-122.482591528358,37.780189471673],[-122.482704622229,37.780114526654],[-122.483532282386,37.78007625636],[-122.483661949865,37.780143060168]]},"properties":{":id":"row-fszi.d56m_ppwk",":version":"rv-bz2f_d5am_bswc",":created_at":"2026-03-10T12:37:08.575Z",":updated_at":"2026-03-10T12:37:08.575Z","cnn":"6080101","corridor":"Geary Blvd","limits":"23rd Ave  -  24th Ave","cnnrightleft":"L","blockside":"South","fullname":"Saturday","weekday":"Sat","fromhour":"7","tohour":"8","week1":"1","week2":"1","week3":"1","week4":"1","week5":"1","holidays":"0","blocksweepid":"1621921"}},{"type":"Feature","geometry":{"type":"LineString","coordinates":[[-122.411325581285,37.785996235681],[-122.41151576723,37.786939706696]]},"properties":{":id":"row-gphb-3ycs-pvrd",":version":"rv-7pv5~483f-deiv",":created_at":"2026-03-10T12:37:08.575Z",":updated_at":"2026-03-10T12:37:08.575Z","cnn":"12430000","corridor":"Taylor St","limits":"O'Farrell St  -  Geary St","cnnrightleft":"L","blockside":"West","fullname":"Saturday","weekday":"Sat","fromhour":"6","tohour":"8","week1":"1","week2":"1","week3":"1","week4":"1","week5":"1","holidays":"0","blocksweepid":"1617061"}},{"type":"Feature","geometry":{"type":"LineString","coordinates":[[-122.393902507043,37.726237395014],[-122.393893998018,37.726089683513],[-122.394134227246,37.725553023952],[-122.394243492859,37.725475649951]]},"properties":{":id":"row-c7fs.4sv9_r5ku",":version":"rv-2uyf~v7kd_z9wy",":created_at":"2026-03-10T12:37:08.575Z",":updated_at":"2026-03-10T12:37:08.575Z","cnn":"224101","corridor":"03rd St","limits":"Bancroft Ave  -  Carroll Ave","cnnrightleft":"L","blockside":"East","fullname":"Saturday","weekday":"Sat","fromhour":"2","tohour":"6","week1":"1","week2":"1","week3":"1","week4":"1","week5":"1","holidays":"0","blocksweepid":"1629148"}},{"type":"Feature","geometry":{"type":"LineString","coordinates":[[-122.407903301695,37.794060297444],[-122.408079101008,37.794940686929]]},"properties":{":id":"row-syyw_2qs7.7fm9",":version":"rv-ati4.3c9z-aw59",":created_at":"2026-03-10T12:37:08.575Z",":updated_at":"2026-03-10T12:37:08.575Z","cnn":"12205000","corridor":"Stockton St","limits":"Clay St  -  Washington St","cnnrightleft":"L","blockside":"West","fullname":"Saturday","weekday":"Sat","fromhour":"2","tohour":"6","week1":"1","week2":"1","week3":"1","week4":"1","week5":"1","holidays":"0","blocksweepid":"1624702"}},{"type":"Feature","geometry":{"type":"LineString","coordinates":[[-122.435312570521,37.724004909119],[-122.435385086008,37.723909403464]]},"properties":{":id":"row-xyq2.itwj-dw63",":version":"rv-itue_5u67.y5hy",":created_at":"2026-03-10T12:37:08.575Z",":updated_at":"2026-03-10T12:37:08.575Z","cnn":"9166000","corridor":"Mission St","limits":"San Juan Ave  -  Ocean Ave","cnnrightleft":"L","blockside":"SouthEast","fullname":"Saturday","weekday":"Sat","fromhour":"5","tohour":"7","week1":"1","week2":"1","week3":"1","week4":"1","week5":"1","holidays":"0","blocksweepid":"1619441"}},{"type":"Feature","geometry":{"type":"LineString","coordinates":[[-122.424466262427,37.736061172157],[-122.424702562024,37.735369870856]]},"properties":{":id":"row-f5hi~yrm5-he6t",":version":"rv-uiir.j92t~m3ek",":created_at":"2026-03-10T12:37:08.575Z",":updated_at":"2026-03-10T12:37:08.575Z","cnn":"9146000","corridor":"Mission St","limits":"Richland Ave  -  Crescent Ave","cnnrightleft":"R","blockside":"West","fullname":"Saturday","weekday":"Sat","fromhour":"5","tohour":"7","week1":"1","week2":"1","week3":"1","week4":"1","week5":"1","holidays":"0","blocksweepid":"1626217"}},{"type":"Feature","geometry":{"type":"LineString","coordinates":[[-122.44232816259,37.71783344576],[-122.44225104836,37.717689140743],[-122.441734644486,37.717273573619],[-122.441622840547,37.717258173255]]},"properties":{":id":"row-wmu5~j3jj-nqya",":version":"rv-swiu~iu9g~mna5",":created_at":"2026-03-10T12:37:08.575Z",":updated_at":"2026-03-10T12:37:08.575Z","cnn":"6136201","corridor":"Geneva Ave","limits":"Alemany Blvd  -  Gloria Ct","cnnrightleft":"L","blockside":"NorthEast","fullname":"Saturday","weekday":"Sat","fromhour":"6","tohour":"8","week1":"1","week2":"1","week3":"1","week4":"1","week5":"1","holidays":"0","blocksweepid":"1633029"}},{"type":"Feature","geometry":{"type":"LineString","coordinates":[[-122.417901410401,37.785167214987],[-122.419547853966,37.784960259485]]},"properties":{":id":"row-mcvk~y95k_tkxs",":version":"rv-7zse.8xcu-p3pc",":created_at":"2026-03-10T12:37:08.575Z",":updated_at":"2026-03-10T12:37:08.575Z","cnn":"9734000","corridor":"O'Farrell St","limits":"Larkin St  -  Polk St","cnnrightleft":"R","blockside":"North","fullname":"Saturday","weekday":"Sat","fromhour":"6","tohour":"8","week1":"1","week2":"1","week3":"1","week4":"1","week5":"1","holidays":"0","blocksweepid":"1603703"}},{"type":"Feature","geometry":{"type":"LineString","coordinates":[[-122.435976889062,37.72312996338],[-122.436040073001,37.723044469769]]},"properties":{":id":"row-5n33_gqce_9q26",":version":"rv-5bie_fuep~nzjc",":created_at":"2026-03-10T12:37:08.575Z",":updated_at":"2026-03-10T12:37:08.575Z","cnn":"9168000","corridor":"Mission St","limits":"Persia Ave  -  Ruth St","cnnrightleft":"R","blockside":"NorthWest","fullname":"Saturday","weekday":"Sat","fromhour":"5","tohour":"7","week1":"1","week2":"1","week3":"1","week4":"1","week5":"1","holidays":"0","blocksweepid":"1626239"}},{"type":"Feature","geometry":{"type":"LineString","coordinates":[[-122.404219835075,37.791690583859],[-122.404418427807,37.792638656361]]},"properties":{":id":"row-3a2y.hyh3_iy9m",":version":"rv-fg27.rxf7.abzf",":created_at":"2026-03-10T12:37:08.575Z",":updated_at":"2026-03-10T12:37:08.575Z","cnn":"7754000","corridor":"Kearny St","limits":"Pine St  -  California St","cnnrightleft":"R","blockside":"East","fullname":"Saturday","weekday":"Sat","fromhour":"2","tohour":"6","week1":"1","week2":"1","week3":"1","week4":"1","week5":"1","holidays":"0","blocksweepid":"1624001"}},{"type":"Feature","geometry":{"type":"LineString","coordinates":[[-122.411755492571,37.788169496581],[-122.412404683738,37.788086692014]]},"properties":{":id":"row-dfzm_rsk6-ub74",":version":"rv-mjzm-erwd_dper",":created_at":"2026-03-10T12:37:08.575Z",":updated_at":"2026-03-10T12:37:08.575Z","cnn":"4445000","corridor":"Cosmo Pl","limits":"Taylor St  -  Trader Vic Aly","cnnrightleft":"R","blockside":"North","fullname":"Saturday","weekday":"Sat","fromhour":"2","tohour":"6","week1":"1","week2":"1","week3":"1","week4":"1","week5":"1","holidays":"0","blocksweepid":"1603341"}},{"type":"Feature","geometry":{"type":"LineString","coordinates":[[-122.397669948657,37.799234483026],[-122.397623314259,37.799398885916],[-122.398945512141,37.800879117939],[-122.399130242841,37.800896476996]]},"properties":{":id":"row-fh34_xy8f~wy8r",":version":"rv-67f3.6tax_8dxx",":created_at":"2026-03-10T12:37:08.575Z",":updated_at":"2026-03-10T12:37:08.575Z","cnn":"12555202","corridor":"The Embarcadero","limits":"Broadway  -  Green St","cnnrightleft":"R","blockside":"NorthEast","fullname":"Saturday","weekday":"Sat","fromhour":"1","tohour":"3","week1":"1","week2":"1","week3":"1","week4":"1","week5":"1","holidays":"1","blocksweepid":"1624849"}},{"type":"Feature","geometry":{"type":"LineString","coordinates":[[-122.389310055837,37.738741929892],[-122.389410669344,37.73866729451],[-122.389616908311,37.738082368996],[-122.38958738061,37.737955395853]]},"properties":{":id":"row-tqjh_hyx9-hsvi",":version":"rv-yiug.p5sx_n5m5",":created_at":"2026-03-10T12:37:08.575Z",":updated_at":"2026-03-10T12:37:08.575Z","cnn":"207201","corridor":"03rd St","limits":"Newhall St  -  Kirkwood Ave","cnnrightleft":"R","blockside":"West","fullname":"Saturday","weekday":"Sat","fromhour":"2","tohour":"6","week1":"1","week2":"1","week3":"1","week4":"1","week5":"1","holidays":"0","blocksweepid":"1613877"}},{"type":"Feature","geometry":{"type":"LineString","coordinates":[[-122.406226437742,37.797558810251],[-122.406667930917,37.797864612499]]},"properties":{":id":"row-4drs_23wi~ay49",":version":"rv-2hbp.a6tn_ha77",":created_at":"2026-03-10T12:37:08.575Z",":updated_at":"2026-03-10T12:37:08.575Z","cnn":"4291000","corridor":"Columbus Ave","limits":"Jack Kerouac Aly  -  Broadway","cnnrightleft":"L","blockside":"SouthWest","fullname":"Saturday","weekday":"Sat","fromhour":"4","tohour":"6","week1":"1","week2":"1","week3":"1","week4":"1","week5":"1","holidays":"0","blocksweepid":"1629887"}},{"type":"Feature","geometry":{"type":"LineString","coordinates":[[-122.439684678466,37.784318673891],[-122.439747702937,37.784394058965],[-122.439903661925,37.785165663357],[-122.439872612567,37.785247526751]]},"properties":{":id":"row-j7ye.g6pb_gea9",":version":"rv-5pi3.gq53~z36i",":created_at":"2026-03-10T12:37:08.575Z",":updated_at":"2026-03-10T12:37:08.575Z","cnn":"4813101","corridor":"Divisadero St","limits":"Post St  -  Sutter St","cnnrightleft":"L","blockside":"West","fullname":"Saturday","weekday":"Sat","fromhour":"6","tohour":"8","week1":"1","week2":"1","week3":"1","week4":"1","week5":"1","holidays":"0","blocksweepid":"1637232"}},{"type":"Feature","geometry":{"type":"LineString","coordinates":[[-122.405068509169,37.778068981832],[-122.40460550599,37.777699659847]]},"properties":{":id":"row-4xih-g6ps.xpbr",":version":"rv-tg7e.79cf~cama",":created_at":"2026-03-10T12:37:08.575Z",":updated_at":"2026-03-10T12:37:08.575Z","cnn":"336000","corridor":"06th St","limits":"Shipley St  -  Clara St","cnnrightleft":"L","blockside":"NorthEast","fullname":"Saturday","weekday":"Sat","fromhour":"4","tohour":"6","week1":"1","week2":"1","week3":"1","week4":"1","week5":"1","holidays":"1","blocksweepid":"1614290"}},{"type":"Feature","geometry":{"type":"LineString","coordinates":[[-122.426309438393,37.769602597207],[-122.426322811779,37.769465101797],[-122.426858290165,37.769042389187]]},"properties":{":id":"row-sc43~bqg3~9m3b",":version":"rv-ietk.2jc4-djug",":created_at":"2026-03-10T12:37:08.575Z",":updated_at":"2026-03-10T12:37:08.575Z","cnn":"8762101","corridor":"Market St","limits":"Buchanan St  -  Dolores St","cnnrightleft":"L","blockside":"SouthEast","fullname":"Saturday","weekday":"Sat","fromhour":"2","tohour":"6","week1":"1","week2":"1","week3":"1","week4":"1","week5":"1","holidays":"1","blocksweepid":"1640943"}},{"type":"Feature","geometry":{"type":"LineString","coordinates":[[-122.420439517797,37.781030842108],[-122.420378957401,37.781141134815],[-122.420451902657,37.781509971037]]},"properties":{":id":"row-up64-qe4t_qvdu",":version":"rv-kkhm-xrnt_5xdv",":created_at":"2026-03-10T12:37:08.575Z",":updated_at":"2026-03-10T12:37:08.575Z","cnn":"13148201","corridor":"Van Ness Ave","limits":"Golden Gate Ave  -  Elm St","cnnrightleft":"R","blockside":"East","fullname":"Saturday","weekday":"Sat","fromhour":"4","tohour":"6","week1":"1","week2":"1","week3":"1","week4":"1","week5":"1","holidays":"1","blocksweepid":"1639940"}},{"type":"Feature","geometry":{"type":"LineString","coordinates":[[-122.422135208482,37.789412061535],[-122.422051551466,37.789518284988],[-122.422203124448,37.790267443943],[-122.422328954916,37.79036965946]]},"properties":{":id":"row-yquj.vg7p-6jke",":version":"rv-ih5m~amb3~dwyg",":created_at":"2026-03-10T12:37:08.575Z",":updated_at":"2026-03-10T12:37:08.575Z","cnn":"13157201","corridor":"Van Ness Ave","limits":"Pine St  -  California St","cnnrightleft":"R","blockside":"East","fullname":"Saturday","weekday":"Sat","fromhour":"4","tohour":"6","week1":"1","week2":"1","week3":"1","week4":"1","week5":"1","holidays":"1","blocksweepid":"1640012"}},{"type":"Feature","geometry":{"type":"LineString","coordinates":[[-122.40504139842,37.787765496043],[-122.406589883972,37.78756802487]]},"properties":{":id":"row-k2k7.3fpe-7znw",":version":"rv-bvsh~yp4w-m77s",":created_at":"2026-03-10T12:37:08.575Z",":updated_at":"2026-03-10T12:37:08.575Z","cnn":"6108000","corridor":"Geary St","limits":"Grant Ave  -  Stockton St","cnnrightleft":"R","blockside":"North","fullname":"Saturday","weekday":"Sat","fromhour":"2","tohour":"6","week1":"1","week2":"1","week3":"1","week4":"1","week5":"1","holidays":"0","blocksweepid":"1606092"}},{"type":"Feature","geometry":{"type":"LineString","coordinates":[[-122.387585270171,37.750263377895],[-122.388507729452,37.750205975381]]},"properties":{":id":"row-24n2~73b5-x7zc",":version":"rv-spv3~udgj.xdmq",":created_at":"2026-03-10T12:37:08.575Z",":updated_at":"2026-03-10T12:37:08.575Z","cnn":"2468000","corridor":"Cesar Chavez St","limits":"03rd St  -  Tennessee St","cnnrightleft":"R","blockside":"North","fullname":"Saturday","weekday":"Sat","fromhour":"0","tohour":"2","week1":"1","week2":"1","week3":"1","week4":"1","week5":"1","holidays":"1","blocksweepid":"1629578"}},{"type":"Feature","geometry":{"type":"LineString","coordinates":[[-122.418270980371,37.787037947605],[-122.419927947561,37.786827526696]]},"properties":{":id":"row-c4g6_vmxn_cfkm",":version":"rv-9ruc.qqe3.6drv",":created_at":"2026-03-10T12:37:08.575Z",":updated_at":"2026-03-10T12:37:08.575Z","cnn":"10639000","corridor":"Post St","limits":"Larkin St  -  Polk St","cnnrightleft":"R","blockside":"North","fullname":"Saturday","weekday":"Sat","fromhour":"6","tohour":"8","week1":"1","week2":"1","week3":"1","week4":"1","week5":"1","holidays":"0","blocksweepid":"1638126"}},{"type":"Feature","geometry":{"type":"LineString","coordinates":[[-122.403400462148,37.730658352623],[-122.403021621879,37.729901901319]]},"properties":{":id":"row-py4c_xmcy-3vkn",":version":"rv-wfj4.gcr8.57fv",":created_at":"2026-03-10T12:37:08.575Z",":updated_at":"2026-03-10T12:37:08.575Z","cnn":"2806000","corridor":"Bay Shore Blvd","limits":"Thornton Ave  -  Quint St","cnnrightleft":"L","blockside":"East","fullname":"Saturday","weekday":"Sat","fromhour":"7","tohour":"8","week1":"1","week2":"1","week3":"1","week4":"1","week5":"1","holidays":"0","blocksweepid":"1613338"}},{"type":"Feature","geometry":{"type":"LineString","coordinates":[[-122.419547853966,37.784960259485],[-122.421192974629,37.7847534462]]},"properties":{":id":"row-es79-r6m8-snni",":version":"rv-tkty.w6q2.hddm",":created_at":"2026-03-10T12:37:08.575Z",":updated_at":"2026-03-10T12:37:08.575Z","cnn":"9735000","corridor":"O'Farrell St","limits":"Polk St  -  Van Ness Ave","cnnrightleft":"R","blockside":"North","fullname":"Saturday","weekday":"Sat","fromhour":"6","tohour":"8","week1":"1","week2":"1","week3":"1","week4":"1","week5":"1","holidays":"0","blocksweepid":"1603704"}},{"type":"Feature","geometry":{"type":"LineString","coordinates":[[-122.407691414493,37.780162025776],[-122.407159488015,37.779738905439]]},"properties":{":id":"row-7imy_n9rw-5cpk",":version":"rv-pxmi~25vv~wtdu",":created_at":"2026-03-10T12:37:08.575Z",":updated_at":"2026-03-10T12:37:08.575Z","cnn":"331000","corridor":"06th St","limits":"Natoma St  -  Howard St","cnnrightleft":"R","blockside":"SouthWest","fullname":"Saturday","weekday":"Sat","fromhour":"4","tohour":"6","week1":"1","week2":"1","week3":"1","week4":"1","week5":"1","holidays":"1","blocksweepid":"1636387"}},{"type":"Feature","geometry":{"type":"LineString","coordinates":[[-122.432140389659,37.780496260511],[-122.432328981537,37.781428371173]]},"properties":{":id":"row-uvhx~478g-9586",":version":"rv-qyi3-ukhw-r9qe",":created_at":"2026-03-10T12:37:08.575Z",":updated_at":"2026-03-10T12:37:08.575Z","cnn":"5543000","corridor":"Fillmore St","limits":"Turk St  -  Eddy St","cnnrightleft":"L","blockside":"West","fullname":"Saturday","weekday":"Sat","fromhour":"6","tohour":"8","week1":"1","week2":"1","week3":"1","week4":"1","week5":"1","holidays":"0","blocksweepid":"1631370"}},{"type":"Feature","geometry":{"type":"LineString","coordinates":[[-122.390214567234,37.776723442049],[-122.390048510508,37.776499855037],[-122.390025039703,37.776300145376]]},"properties":{":id":"row-6esd~jumz.nqhm",":version":"rv-4w7j.ujdc_e28q",":created_at":"2026-03-10T12:37:08.575Z",":updated_at":"2026-03-10T12:37:08.575Z","cnn":"183000","corridor":"03rd St","limits":"Channel St  -  Terry A Francois Blvd","cnnrightleft":"R","blockside":"West","fullname":"Saturday","weekday":"Sat","fromhour":"2","tohour":"6","week1":"1","week2":"1","week3":"1","week4":"1","week5":"1","holidays":"0","blocksweepid":"1613845"}},{"type":"Feature","geometry":{"type":"LineString","coordinates":[[-122.423917825893,37.781535611511],[-122.42720275555,37.781117127347]]},"properties":{":id":"row-7kmq.vp6d-pwsn",":version":"rv-wsbq_jr23.efbt",":created_at":"2026-03-10T12:37:08.575Z",":updated_at":"2026-03-10T12:37:08.575Z","cnn":"12726000","corridor":"Turk St","limits":"Gough St  -  Laguna St","cnnrightleft":"R","blockside":"North","fullname":"Saturday","weekday":"Sat","fromhour":"4","tohour":"6","week1":"1","week2":"1","week3":"1","week4":"1","week5":"1","holidays":"1","blocksweepid":"1617439"}},{"type":"Feature","geometry":{"type":"LineString","coordinates":[[-122.406757777449,37.748766479134],[-122.406833220396,37.748682235481],[-122.407730817223,37.748380545471],[-122.407882027934,37.748405000246]]},"properties":{":id":"row-wjy5-q34i~8mp4",":version":"rv-q9hb~atp8-geps",":created_at":"2026-03-10T12:37:08.575Z",":updated_at":"2026-03-10T12:37:08.575Z","cnn":"2480101","corridor":"Cesar Chavez St","limits":"Hampshire St  -  York St","cnnrightleft":"R","blockside":"North","fullname":"Saturday","weekday":"Sat","fromhour":"8","tohour":"10","week1":"1","week2":"1","week3":"1","week4":"1","week5":"1","holidays":"0","blocksweepid":"1636930"}},{"type":"Feature","geometry":{"type":"LineString","coordinates":[[-122.407869496169,37.798696861567],[-122.409014377479,37.799489820039]]},"properties":{":id":"row-sycg-qj95-rgrk",":version":"rv-n8iq~ve85-pum2",":created_at":"2026-03-10T12:37:08.575Z",":updated_at":"2026-03-10T12:37:08.575Z","cnn":"4294000","corridor":"Columbus Ave","limits":"Vallejo St  -  Green St","cnnrightleft":"R","blockside":"NorthEast","fullname":"Saturday","weekday":"Sat","fromhour":"4","tohour":"6","week1":"1","week2":"1","week3":"1","week4":"1","week5":"1","holidays":"0","blocksweepid":"1603291"}},{"type":"Feature","geometry":{"type":"LineString","coordinates":[[-122.406757777449,37.748766479134],[-122.406892099157,37.748772170051],[-122.407774367699,37.748475411154],[-122.407882027934,37.748405000246]]},"properties":{":id":"row-tc9h~cxf7~az8c",":version":"rv-nxmw_kt7f.hq72",":created_at":"2026-03-10T12:37:08.575Z",":updated_at":"2026-03-10T12:37:08.575Z","cnn":"2480201","corridor":"Cesar Chavez St","limits":"Hampshire St  -  York St","cnnrightleft":"L","blockside":"South","fullname":"Saturday","weekday":"Sat","fromhour":"8","tohour":"10","week1":"1","week2":"1","week3":"1","week4":"1","week5":"1","holidays":"0","blocksweepid":"1629605"}},{"type":"Feature","geometry":{"type":"LineString","coordinates":[[-122.391418367465,37.75014060612],[-122.391929933966,37.750086860229],[-122.392381992602,37.75002150592]]},"properties":{":id":"row-s7fs.ezmg~4ed9",":version":"rv-dpkm.tsxn-4jw9",":created_at":"2026-03-10T12:37:08.575Z",":updated_at":"2026-03-10T12:37:08.575Z","cnn":"2472000","corridor":"Cesar Chavez St","limits":"Iowa St  -  Pennsylvania Ave","cnnrightleft":"R","blockside":"North","fullname":"Saturday","weekday":"Sat","fromhour":"0","tohour":"2","week1":"1","week2":"1","week3":"1","week4":"1","week5":"1","holidays":"1","blocksweepid":"1629582"}},{"type":"Feature","geometry":{"type":"LineString","coordinates":[[-122.403841563565,37.789829338933],[-122.403934377342,37.790286026208]]},"properties":{":id":"row-t6u3~2mi8-uakn",":version":"rv-awb6.s3qb.sfu6",":created_at":"2026-03-10T12:37:08.575Z",":updated_at":"2026-03-10T12:37:08.575Z","cnn":"7751000","corridor":"Kearny St","limits":"Sutter St  -  Hardie Pl","cnnrightleft":"L","blockside":"West","fullname":"Saturday","weekday":"Sat","fromhour":"2","tohour":"6","week1":"1","week2":"1","week3":"1","week4":"1","week5":"1","holidays":"0","blocksweepid":"1623982"}},{"type":"Feature","geometry":{"type":"LineString","coordinates":[[-122.413287606897,37.783844774301],[-122.414241572962,37.78372378285]]},"properties":{":id":"row-y9ck~qb3s-yj5u",":version":"rv-rue7-hvqw~zw4y",":created_at":"2026-03-10T12:37:08.575Z",":updated_at":"2026-03-10T12:37:08.575Z","cnn":"5061002","corridor":"Eddy St","limits":"Wagner Aly  -  Leavenworth St","cnnrightleft":"R","blockside":null,"fullname":"Saturday","weekday":"Sat","fromhour":"6","tohour":"8","week1":"1","week2":"1","week3":"1","week4":"1","week5":"1","holidays":"0","blocksweepid":"1630891"}},{"type":"Feature","geometry":{"type":"LineString","coordinates":[[-122.418901310084,37.781704787033],[-122.418993273036,37.782169269872]]},"properties":{":id":"row-fzwa.73qr_qp7d",":version":"rv-ukzv_j4eg-fgdw",":created_at":"2026-03-10T12:37:08.575Z",":updated_at":"2026-03-10T12:37:08.575Z","cnn":"10553000","corridor":"Polk St","limits":"Elm St  -  Turk St","cnnrightleft":"L","blockside":"West","fullname":"Saturday","weekday":"Sat","fromhour":"6","tohour":"8","week1":"1","week2":"1","week3":"1","week4":"1","week5":"1","holidays":"0","blocksweepid":"1619943"}},{"type":"Feature","geometry":{"type":"LineString","coordinates":[[-122.393736928775,37.721408460388],[-122.395457739353,37.722385034895],[-122.395622760624,37.72243160376]]},"properties":{":id":"row-jhnu_ri7b-5rjj",":version":"rv-btek.65hz_v2yw",":created_at":"2026-03-10T12:37:08.575Z",":updated_at":"2026-03-10T12:37:08.575Z","cnn":"6191000","corridor":"Gilman Ave","limits":"Jennings St  -  03rd St","cnnrightleft":"L","blockside":"SouthWest","fullname":"Saturday","weekday":"Sat","fromhour":"7","tohour":"8","week1":"1","week2":"1","week3":"1","week4":"1","week5":"1","holidays":"0","blocksweepid":"1633118"}},{"type":"Feature","geometry":{"type":"LineString","coordinates":[[-122.462278766115,37.783038338179],[-122.463350525438,37.782989203719]]},"properties":{":id":"row-eiiq_zk2s.thuu",":version":"rv-duf6.zn7w_9bbq",":created_at":"2026-03-10T12:37:08.575Z",":updated_at":"2026-03-10T12:37:08.575Z","cnn":"4153000","corridor":"Clement St","limits":"04th Ave  -  05th Ave","cnnrightleft":"R","blockside":"North","fullname":"Saturday","weekday":"Sat","fromhour":"7","tohour":"8","week1":"1","week2":"1","week3":"1","week4":"1","week5":"1","holidays":"0","blocksweepid":"1615196"}},{"type":"Feature","geometry":{"type":"LineString","coordinates":[[-122.398695702376,37.798880967338],[-122.399873457754,37.798729001446]]},"properties":{":id":"row-q33d_3hrf.vcd7",":version":"rv-hfkd.s22m-ivf4",":created_at":"2026-03-10T12:37:08.575Z",":updated_at":"2026-03-10T12:37:08.575Z","cnn":"3143000","corridor":"Broadway","limits":"Davis St  -  Front St","cnnrightleft":"R","blockside":"North","fullname":"Saturday","weekday":"Sat","fromhour":"4","tohour":"6","week1":"1","week2":"1","week3":"1","week4":"1","week5":"1","holidays":"0","blocksweepid":"1635087"}},{"type":"Feature","geometry":{"type":"LineString","coordinates":[[-122.403430800691,37.787641848946],[-122.403491775033,37.787963091336]]},"properties":{":id":"row-bb36~vd3v_c3d5",":version":"rv-62cn.7drc-9zd2",":created_at":"2026-03-10T12:37:08.575Z",":updated_at":"2026-03-10T12:37:08.575Z","cnn":"7746000","corridor":"Kearny St","limits":"03rd St  -  Geary St","cnnrightleft":"L","blockside":"West","fullname":"Saturday","weekday":"Sat","fromhour":"2","tohour":"6","week1":"1","week2":"1","week3":"1","week4":"1","week5":"1","holidays":"0","blocksweepid":"1623977"}},{"type":"Feature","geometry":{"type":"LineString","coordinates":[[-122.502501938374,37.726645181306],[-122.503040636347,37.725259549916]]},"properties":{":id":"row-5y6v-2fdf-7p9q",":version":"rv-26hu.rt3x-88a4",":created_at":"2026-03-10T12:37:08.575Z",":updated_at":"2026-03-10T12:37:08.575Z","cnn":"11942000","corridor":"Skyline Blvd","limits":"Harding Rd  -  Great Hwy","cnnrightleft":"L","blockside":"East","fullname":"Saturday","weekday":"Sat","fromhour":"4","tohour":"6","week1":"1","week2":"1","week3":"1","week4":"1","week5":"1","holidays":"0","blocksweepid":"1611064"}},{"type":"Feature","geometry":{"type":"LineString","coordinates":[[-122.403021621879,37.729901901319],[-122.402752244553,37.729357163198]]},"properties":{":id":"row-mx6y.fvz4-zx9p",":version":"rv-8f3r.rnm7.neck",":created_at":"2026-03-10T12:37:08.575Z",":updated_at":"2026-03-10T12:37:08.575Z","cnn":"2807000","corridor":"Bay Shore Blvd","limits":"Quint St  -  Donner Ave","cnnrightleft":"R","blockside":"West","fullname":"Saturday","weekday":"Sat","fromhour":"7","tohour":"8","week1":"1","week2":"1","week3":"1","week4":"1","week5":"1","holidays":"0","blocksweepid":"1628250"}},{"type":"Feature","geometry":{"type":"LineString","coordinates":[[-122.416768092983,37.779584437842],[-122.416947604956,37.780470341035]]},"properties":{":id":"row-jbyn_ssr8_y4fb",":version":"rv-utnu-dc2c~2ftz",":created_at":"2026-03-10T12:37:08.575Z",":updated_at":"2026-03-10T12:37:08.575Z","cnn":"8122000","corridor":"Larkin St","limits":"Fulton St  -  McAllister St","cnnrightleft":"R","blockside":"East","fullname":"Saturday","weekday":"Sat","fromhour":"2","tohour":"6","week1":"1","week2":"1","week3":"1","week4":"1","week5":"1","holidays":"0","blocksweepid":"1624355"}},{"type":"Feature","geometry":{"type":"LineString","coordinates":[[-122.401555700579,37.740961928202],[-122.403186035637,37.741885881715]]},"properties":{":id":"row-diyi-ygys~nx43",":version":"rv-q746_bqpi-8qt2",":created_at":"2026-03-10T12:37:08.575Z",":updated_at":"2026-03-10T12:37:08.575Z","cnn":"9795000","corridor":"Oakdale Ave","limits":"Toland St  -  Barneveld Ave","cnnrightleft":"R","blockside":"NorthEast","fullname":"Saturday","weekday":"Sat","fromhour":"2","tohour":"3","week1":"1","week2":"1","week3":"1","week4":"1","week5":"1","holidays":"0","blocksweepid":"1603452"}},{"type":"Feature","geometry":{"type":"LineString","coordinates":[[-122.509432940123,37.779851069753],[-122.510468097621,37.779793271388],[-122.51063546516,37.779765403735],[-122.510801097041,37.779721932419],[-122.510931056544,37.779670731924],[-122.511359655316,37.779443512937],[-122.511424139012,37.779409663242]]},"properties":{":id":"row-97k7.rka5-v76y",":version":"rv-ekmv-j5h7-v657",":created_at":"2026-03-10T12:37:08.575Z",":updated_at":"2026-03-10T12:37:08.575Z","cnn":"10543000","corridor":"Point Lobos Ave","limits":"48th Ave  -  Merrie Way","cnnrightleft":"L","blockside":"South","fullname":"Saturday","weekday":"Sat","fromhour":"2","tohour":"6","week1":"1","week2":"1","week3":"1","week4":"1","week5":"1","holidays":"0","blocksweepid":"1619897"}},{"type":"Feature","geometry":{"type":"LineString","coordinates":[[-122.415882538495,37.783515640808],[-122.417528773794,37.783310889584]]},"properties":{":id":"row-r4g3_95yz~ey64",":version":"rv-rc8v~7vpf~4nd3",":created_at":"2026-03-10T12:37:08.575Z",":updated_at":"2026-03-10T12:37:08.575Z","cnn":"5063000","corridor":"Eddy St","limits":"Hyde St  -  Larkin St","cnnrightleft":"R","blockside":"North","fullname":"Saturday","weekday":"Sat","fromhour":"6","tohour":"8","week1":"1","week2":"1","week3":"1","week4":"1","week5":"1","holidays":"0","blocksweepid":"1610061"}},{"type":"Feature","geometry":{"type":"LineString","coordinates":[[-122.407882027934,37.748405000246],[-122.408023788463,37.748306670216],[-122.408598350091,37.748303928689],[-122.408706313459,37.748352847539]]},"properties":{":id":"row-qtrg.ywz8-9ud7",":version":"rv-tij6.thxk.8t4s",":created_at":"2026-03-10T12:37:08.575Z",":updated_at":"2026-03-10T12:37:08.575Z","cnn":"2481101","corridor":"Cesar Chavez St","limits":"York St  -  Bryant St","cnnrightleft":"R","blockside":"North","fullname":"Saturday","weekday":"Sat","fromhour":"8","tohour":"10","week1":"1","week2":"1","week3":"1","week4":"1","week5":"1","holidays":"0","blocksweepid":"1636931"}},{"type":"Feature","geometry":{"type":"LineString","coordinates":[[-122.403519546003,37.798268070024],[-122.403863017888,37.798222971678]]},"properties":{":id":"row-w92g_ujqv.vckf",":version":"rv-ekzh-fkni-tcc3",":created_at":"2026-03-10T12:37:08.575Z",":updated_at":"2026-03-10T12:37:08.575Z","cnn":"3148000","corridor":"Broadway","limits":"Bartol St  -  Montgomery St","cnnrightleft":"R","blockside":"North","fullname":"Saturday","weekday":"Sat","fromhour":"4","tohour":"6","week1":"1","week2":"1","week3":"1","week4":"1","week5":"1","holidays":"0","blocksweepid":"1635092"}},{"type":"Feature","geometry":{"type":"LineString","coordinates":[[-122.387372607331,37.744259406508],[-122.387353684543,37.744120485753],[-122.38753293494,37.743606282967],[-122.387629453835,37.743527928107]]},"properties":{":id":"row-zc4m.hze6-uz9y",":version":"rv-jwca~n82d_rdgw",":created_at":"2026-03-10T12:37:08.575Z",":updated_at":"2026-03-10T12:37:08.575Z","cnn":"200101","corridor":"03rd St","limits":"Custer Ave  -  Davidson Ave","cnnrightleft":"L","blockside":"East","fullname":"Saturday","weekday":"Sat","fromhour":"2","tohour":"6","week1":"1","week2":"1","week3":"1","week4":"1","week5":"1","holidays":"0","blocksweepid":"1629122"}},{"type":"Feature","geometry":{"type":"LineString","coordinates":[[-122.423042553078,37.743114000395],[-122.423302220747,37.742425919927],[-122.423285561609,37.742294533113]]},"properties":{":id":"row-snm7.ei69~j6x6",":version":"rv-8akt~dgzj.cddp",":created_at":"2026-03-10T12:37:08.575Z",":updated_at":"2026-03-10T12:37:08.575Z","cnn":"11437202","corridor":"San Jose Ave","limits":"Day St  -  30th St","cnnrightleft":"L","blockside":"East","fullname":"Saturday","weekday":"Sat","fromhour":"6","tohour":"8","week1":"1","week2":"1","week3":"1","week4":"1","week5":"1","holidays":"0","blocksweepid":"1610882"}},{"type":"Feature","geometry":{"type":"LineString","coordinates":[[-122.387926350852,37.742703154167],[-122.387891792919,37.742614377727],[-122.388118566452,37.741940588271],[-122.388200344111,37.741889062717]]},"properties":{":id":"row-pq9s_6s9w.k6gw",":version":"rv-ppuj.u86r_5pba",":created_at":"2026-03-10T12:37:08.575Z",":updated_at":"2026-03-10T12:37:08.575Z","cnn":"202101","corridor":"03rd St","limits":"Evans Ave  -  Fairfax Ave","cnnrightleft":"L","blockside":"East","fullname":"Saturday","weekday":"Sat","fromhour":"2","tohour":"6","week1":"1","week2":"1","week3":"1","week4":"1","week5":"1","holidays":"0","blocksweepid":"1629124"}},{"type":"Feature","geometry":{"type":"LineString","coordinates":[[-122.496635997254,37.733770843107],[-122.496770432638,37.733699938215],[-122.497251243498,37.733729647813],[-122.497707486594,37.733793125062],[-122.498050147765,37.733858526817],[-122.498483756471,37.733969859843],[-122.498948533095,37.734128137408],[-122.499154340355,37.734219595274],[-122.499196335499,37.734311616301]]},"properties":{":id":"row-f9t5-rqqd-p8tm",":version":"rv-ryj8_b93v.2h6c",":created_at":"2026-03-10T12:37:08.575Z",":updated_at":"2026-03-10T12:37:08.575Z","cnn":"11960101","corridor":"Sloat Blvd","limits":"39th Ave  -  41st Ave","cnnrightleft":"R","blockside":"North","fullname":"Saturday","weekday":"Sat","fromhour":"5","tohour":"7","week1":"1","week2":"1","week3":"1","week4":"1","week5":"1","holidays":"0","blocksweepid":"1621647"}},{"type":"Feature","geometry":{"type":"LineString","coordinates":[[-122.472312256173,37.780655827805],[-122.47246285751,37.780572668096],[-122.472730962135,37.780560659501],[-122.472843993683,37.780630787456]]},"properties":{":id":"row-8p3a_mxvy~nzhn",":version":"rv-ditx-zss7-gxqr",":created_at":"2026-03-10T12:37:08.575Z",":updated_at":"2026-03-10T12:37:08.575Z","cnn":"6070101","corridor":"Geary Blvd","limits":"Park Presidio Blvd  -  14th Ave","cnnrightleft":"L","blockside":"South","fullname":"Saturday","weekday":"Sat","fromhour":"7","tohour":"8","week1":"1","week2":"1","week3":"1","week4":"1","week5":"1","holidays":"0","blocksweepid":"1621911"}},{"type":"Feature","geometry":{"type":"LineString","coordinates":[[-122.40647940289,37.782731636192],[-122.407164382555,37.782190721716]]},"properties":{":id":"row-t88t.nsjj_62jy",":version":"rv-r6gt~7n2u_w7zv",":created_at":"2026-03-10T12:37:08.575Z",":updated_at":"2026-03-10T12:37:08.575Z","cnn":"9097000","corridor":"Mission St","limits":"05th St  -  Mint St","cnnrightleft":"L","blockside":"SouthEast","fullname":"Saturday","weekday":"Sat","fromhour":"2","tohour":"6","week1":"1","week2":"1","week3":"1","week4":"1","week5":"1","holidays":"1","blocksweepid":"1618923"}},{"type":"Feature","geometry":{"type":"LineString","coordinates":[[-122.40565878456,37.806673631695],[-122.405751838846,37.806786476463],[-122.406511823525,37.807109539605],[-122.407129108107,37.807384461902],[-122.407303656422,37.807379458587]]},"properties":{":id":"row-4agd_jfmg-33im",":version":"rv-xbxh-kzxm.mwwa",":created_at":"2026-03-10T12:37:08.575Z",":updated_at":"2026-03-10T12:37:08.575Z","cnn":"12560201","corridor":"The Embarcadero","limits":"Bay St  -  Kearny St","cnnrightleft":"R","blockside":"NorthEast","fullname":"Saturday","weekday":"Sat","fromhour":"1","tohour":"3","week1":"1","week2":"1","week3":"1","week4":"1","week5":"1","holidays":"1","blocksweepid":"1624853"}},{"type":"Feature","geometry":{"type":"LineString","coordinates":[[-122.38855639912,37.760491008984],[-122.388620179078,37.760398187476],[-122.38839598492,37.758023525465],[-122.388315530569,37.757939705629]]},"properties":{":id":"row-sg29_ivup_n6uc",":version":"rv-aqxr~evr9-x5u9",":created_at":"2026-03-10T12:37:08.575Z",":updated_at":"2026-03-10T12:37:08.575Z","cnn":"190201","corridor":"03rd St","limits":"20th St  -  22nd St","cnnrightleft":"R","blockside":"West","fullname":"Saturday","weekday":"Sat","fromhour":"2","tohour":"6","week1":"1","week2":"1","week3":"1","week4":"1","week5":"1","holidays":"0","blocksweepid":"1613859"}},{"type":"Feature","geometry":{"type":"LineString","coordinates":[[-122.478190825242,37.763514758567],[-122.479266518733,37.763467413575]]},"properties":{":id":"row-uduu_w9ga-3959",":version":"rv-rftr.kucp~dnjf",":created_at":"2026-03-10T12:37:08.575Z",":updated_at":"2026-03-10T12:37:08.575Z","cnn":"7297000","corridor":"Irving St","limits":"20th Ave  -  21st Ave","cnnrightleft":"L","blockside":"South","fullname":"Saturday","weekday":"Sat","fromhour":"2","tohour":"6","week1":"1","week2":"1","week3":"1","week4":"1","week5":"1","holidays":"0","blocksweepid":"1623617"}},{"type":"Feature","geometry":{"type":"LineString","coordinates":[[-122.39738553825,37.782553592904],[-122.396841427359,37.782119122026]]},"properties":{":id":"row-tbka_4duh-kzu5",":version":"rv-9tmk~5vtw-f9eq",":created_at":"2025-06-19T16:07:35.272Z",":updated_at":"2025-06-19T16:07:35.272Z","cnn":"172000","corridor":"03rd St","limits":"Harrison St  -  Perry St","cnnrightleft":"L","blockside":"NorthEast","fullname":"Saturday","weekday":"Sat","fromhour":"2","tohour":"6","week1":"1","week2":"1","week3":"1","week4":"1","week5":"1","holidays":"0","blocksweepid":"1628629"}},{"type":"Feature","geometry":{"type":"LineString","coordinates":[[-122.396302004798,37.79325635015],[-122.396325818345,37.793171168793],[-122.396395373681,37.793116500794],[-122.396504486404,37.793097082824]]},"properties":{":id":"row-jirq.vdiu.8ab7",":version":"rv-y8b4_s5yn-2eqq",":created_at":"2026-03-10T12:37:08.575Z",":updated_at":"2026-03-10T12:37:08.575Z","cnn":"8738101","corridor":"Market St","limits":"Drumm St  -  Main St","cnnrightleft":"L","blockside":"SouthEast","fullname":"Saturday","weekday":"Sat","fromhour":"5","tohour":"7","week1":"1","week2":"1","week3":"1","week4":"1","week5":"1","holidays":"1","blocksweepid":"1640600"}},{"type":"Feature","geometry":{"type":"LineString","coordinates":[[-122.419255606289,37.775147074542],[-122.419279367892,37.775066624016],[-122.420148970583,37.774378056574],[-122.4202542788,37.774358674821]]},"properties":{":id":"row-vbn7_nhvc~ap4r",":version":"rv-dtrf~vmi7_j2ac",":created_at":"2026-03-10T12:37:08.575Z",":updated_at":"2026-03-10T12:37:08.575Z","cnn":"8755101","corridor":"Market St","limits":"Van Ness Ave  -  Page St","cnnrightleft":"L","blockside":"SouthEast","fullname":"Saturday","weekday":"Sat","fromhour":"2","tohour":"6","week1":"1","week2":"1","week3":"1","week4":"1","week5":"1","holidays":"1","blocksweepid":"1640934"}},{"type":"Feature","geometry":{"type":"LineString","coordinates":[[-122.408079101008,37.794940686929],[-122.408253202381,37.795823706119]]},"properties":{":id":"row-642z_ntii_92d7",":version":"rv-tbd5_4j7e_rqda",":created_at":"2026-03-10T12:37:08.575Z",":updated_at":"2026-03-10T12:37:08.575Z","cnn":"12206000","corridor":"Stockton St","limits":"Washington St  -  Jackson St","cnnrightleft":"L","blockside":"West","fullname":"Saturday","weekday":"Sat","fromhour":"2","tohour":"6","week1":"1","week2":"1","week3":"1","week4":"1","week5":"1","holidays":"0","blocksweepid":"1624703"}},{"type":"Feature","geometry":{"type":"LineString","coordinates":[[-122.419255606289,37.775147074542],[-122.419166691841,37.775038534707],[-122.418612514599,37.77326353789],[-122.418618215796,37.773053454473]]},"properties":{":id":"row-pq3i~w66y_xkda",":version":"rv-xmcn.53tn~kt47",":created_at":"2026-03-10T12:37:08.575Z",":updated_at":"2026-03-10T12:37:08.575Z","cnn":"12015101","corridor":"South Van Ness Ave","limits":"Market St  -  Mission St","cnnrightleft":"L","blockside":"East","fullname":"Saturday","weekday":"Sat","fromhour":"4","tohour":"6","week1":"1","week2":"1","week3":"1","week4":"1","week5":"1","holidays":"1","blocksweepid":"1611087"}},{"type":"Feature","geometry":{"type":"LineString","coordinates":[[-122.417805819654,37.784709804062],[-122.417901410401,37.785167214987]]},"properties":{":id":"row-3gpi.c6d6~6k8m",":version":"rv-7vbb_26z9~b3yz",":created_at":"2026-03-10T12:37:08.575Z",":updated_at":"2026-03-10T12:37:08.575Z","cnn":"8129000","corridor":"Larkin St","limits":"Olive St  -  O'Farrell St","cnnrightleft":"L","blockside":"West","fullname":"Saturday","weekday":"Sat","fromhour":"6","tohour":"8","week1":"1","week2":"1","week3":"1","week4":"1","week5":"1","holidays":"0","blocksweepid":"1616759"}},{"type":"Feature","geometry":{"type":"LineString","coordinates":[[-122.404266873046,37.784478744544],[-122.404864793932,37.784006613234]]},"properties":{":id":"row-8szz.98q5~sbpj",":version":"rv-v3ru.ykdi.tq5a",":created_at":"2026-03-10T12:37:08.575Z",":updated_at":"2026-03-10T12:37:08.575Z","cnn":"9096001","corridor":"Mission St","limits":"04th St  -  Jessie East St","cnnrightleft":"L","blockside":null,"fullname":"Saturday","weekday":"Sat","fromhour":"2","tohour":"6","week1":"1","week2":"1","week3":"1","week4":"1","week5":"1","holidays":"1","blocksweepid":"1618920"}},{"type":"Feature","geometry":{"type":"LineString","coordinates":[[-122.499196335499,37.734311616301],[-122.499238722709,37.734453670952],[-122.500062557797,37.734904900013]]},"properties":{":id":"row-z2s3.guw5_khf7",":version":"rv-8uwy~hbwm-ft6f",":created_at":"2026-03-10T12:37:08.575Z",":updated_at":"2026-03-10T12:37:08.575Z","cnn":"11961201","corridor":"Sloat Blvd","limits":"41st Ave  -  42nd Ave","cnnrightleft":"L","blockside":"SouthWest","fullname":"Saturday","weekday":"Sat","fromhour":"5","tohour":"7","week1":"1","week2":"1","week3":"1","week4":"1","week5":"1","holidays":"0","blocksweepid":"1605684"}},{"type":"Feature","geometry":{"type":"LineString","coordinates":[[-122.404583316994,37.786730565979],[-122.404849900901,37.786809954012],[-122.405346079026,37.786747618663]]},"properties":{":id":"row-mjxd~qa9f.8vi9",":version":"rv-amn2.hs5x~fen4",":created_at":"2026-03-10T12:37:08.575Z",":updated_at":"2026-03-10T12:37:08.575Z","cnn":"9720000","corridor":"O'Farrell St","limits":"Market St  -  Security Pacific Pl","cnnrightleft":"R","blockside":"North","fullname":"Saturday","weekday":"Sat","fromhour":"2","tohour":"6","week1":"1","week2":"1","week3":"1","week4":"1","week5":"1","holidays":"0","blocksweepid":"1603609"}},{"type":"Feature","geometry":{"type":"LineString","coordinates":[[-122.40803623664,37.78640961353],[-122.40822672566,37.787359262241]]},"properties":{":id":"row-sxh2~awkp_9xgt",":version":"rv-a64y-9wjt~597m",":created_at":"2026-03-10T12:37:08.575Z",":updated_at":"2026-03-10T12:37:08.575Z","cnn":"10677000","corridor":"Powell St","limits":"O'Farrell St  -  Geary St","cnnrightleft":"L","blockside":"West","fullname":"Saturday","weekday":"Sat","fromhour":"2","tohour":"6","week1":"1","week2":"1","week3":"1","week4":"1","week5":"1","holidays":"0","blocksweepid":"1604240"}},{"type":"Feature","geometry":{"type":"LineString","coordinates":[[-122.387633975006,37.751559603325],[-122.38756157798,37.751464725036],[-122.387514735622,37.750378450645],[-122.387585270171,37.750263377895]]},"properties":{":id":"row-3ghi_yzwi~7eba",":version":"rv-ghnc_8xmr~wsbz",":created_at":"2026-03-10T12:37:08.575Z",":updated_at":"2026-03-10T12:37:08.575Z","cnn":"195101","corridor":"03rd St","limits":"26th St  -  Cesar Chavez St","cnnrightleft":"L","blockside":"East","fullname":"Saturday","weekday":"Sat","fromhour":"2","tohour":"6","week1":"1","week2":"1","week3":"1","week4":"1","week5":"1","holidays":"0","blocksweepid":"1629117"}},{"type":"Feature","geometry":{"type":"LineString","coordinates":[[-122.402914480509,37.788111582733],[-122.403403113389,37.787725286927],[-122.403430800691,37.787641848946]]},"properties":{":id":"row-aaws.7jyj_bybg",":version":"rv-rsnx-b3cx_je7v",":created_at":"2026-03-10T12:37:08.575Z",":updated_at":"2026-03-10T12:37:08.575Z","cnn":"8744202","corridor":"Market St","limits":"Geary St  -  03rd St","cnnrightleft":"R","blockside":"NorthWest","fullname":"Saturday","weekday":"Sat","fromhour":"5","tohour":"7","week1":"1","week2":"1","week3":"1","week4":"1","week5":"1","holidays":"1","blocksweepid":"1640572"}},{"type":"Feature","geometry":{"type":"LineString","coordinates":[[-122.460137198557,37.783136488403],[-122.461207474859,37.783087441726]]},"properties":{":id":"row-8kg3.wcju~d49m",":version":"rv-5trm_sc45-c6di",":created_at":"2026-03-10T12:37:08.575Z",":updated_at":"2026-03-10T12:37:08.575Z","cnn":"4151000","corridor":"Clement St","limits":"02nd Ave  -  03rd Ave","cnnrightleft":"R","blockside":"North","fullname":"Saturday","weekday":"Sat","fromhour":"7","tohour":"8","week1":"1","week2":"1","week3":"1","week4":"1","week5":"1","holidays":"0","blocksweepid":"1615194"}},{"type":"Feature","geometry":{"type":"LineString","coordinates":[[-122.41865858298,37.7755581618],[-122.419154193548,37.775165737975],[-122.419255606289,37.775147074542]]},"properties":{":id":"row-dt9z.py6k~r86y",":version":"rv-dqz3.kswt-9f36",":created_at":"2026-03-10T12:37:08.575Z",":updated_at":"2026-03-10T12:37:08.575Z","cnn":"8754102","corridor":"Market St","limits":"11th St  -  Van Ness Ave","cnnrightleft":"L","blockside":"SouthEast","fullname":"Saturday","weekday":"Sat","fromhour":"5","tohour":"7","week1":"1","week2":"1","week3":"1","week4":"1","week5":"1","holidays":"1","blocksweepid":"1618090"}},{"type":"Feature","geometry":{"type":"LineString","coordinates":[[-122.405473070568,37.798016956507],[-122.406231389855,37.797920272777]]},"properties":{":id":"row-9vtm-sgqc-tzht",":version":"rv-h5cw-iesn_k4ew",":created_at":"2026-03-10T12:37:08.575Z",":updated_at":"2026-03-10T12:37:08.575Z","cnn":"3151000","corridor":"Broadway","limits":"Kearny St  -  Romolo St","cnnrightleft":"L","blockside":"South","fullname":"Saturday","weekday":"Sat","fromhour":"4","tohour":"6","week1":"1","week2":"1","week3":"1","week4":"1","week5":"1","holidays":"0","blocksweepid":"1627496"}},{"type":"Feature","geometry":{"type":"LineString","coordinates":[[-122.418352033444,37.772222179964],[-122.418398930402,37.772102423687],[-122.418028919748,37.770876470189]]},"properties":{":id":"row-ckaq-jk5k_s5jm",":version":"rv-j2gh~frr8~ebi2",":created_at":"2026-03-10T12:37:08.575Z",":updated_at":"2026-03-10T12:37:08.575Z","cnn":"12017201","corridor":"South Van Ness Ave","limits":"12th St  -  Plum St","cnnrightleft":"R","blockside":"West","fullname":"Saturday","weekday":"Sat","fromhour":"4","tohour":"6","week1":"1","week2":"1","week3":"1","week4":"1","week5":"1","holidays":"1","blocksweepid":"1632469"}},{"type":"Feature","geometry":{"type":"LineString","coordinates":[[-122.422840576823,37.741027407651],[-122.423089906388,37.740641886647]]},"properties":{":id":"row-8dpe~ubmh~qxi4",":version":"rv-xwcv.tbaf.7q9x",":created_at":"2026-03-10T12:37:08.575Z",":updated_at":"2026-03-10T12:37:08.575Z","cnn":"9140000","corridor":"Mission St","limits":"Cortland Ave  -  Santa Marina St","cnnrightleft":"R","blockside":"NorthWest","fullname":"Saturday","weekday":"Sat","fromhour":"5","tohour":"7","week1":"1","week2":"1","week3":"1","week4":"1","week5":"1","holidays":"0","blocksweepid":"1599820"}},{"type":"Feature","geometry":{"type":"LineString","coordinates":[[-122.450883666773,37.709412742176],[-122.452664721847,37.708806337672]]},"properties":{":id":"row-qjh3.53qa_w4ij",":version":"rv-q2ev-f5qy-anvh",":created_at":"2026-03-10T12:37:08.575Z",":updated_at":"2026-03-10T12:37:08.575Z","cnn":"9196000","corridor":"Mission St","limits":"Lawrence Ave  -  Sickles Ave","cnnrightleft":"R","blockside":"North","fullname":"Saturday","weekday":"Sat","fromhour":"5","tohour":"7","week1":"1","week2":"1","week3":"1","week4":"1","week5":"1","holidays":"0","blocksweepid":"1600100"}},{"type":"Feature","geometry":{"type":"LineString","coordinates":[[-122.483864395827,37.727019523181],[-122.4839566447,37.726933103632],[-122.484015067836,37.726700742797],[-122.485096000743,37.724123855321],[-122.485075178289,37.723999726963]]},"properties":{":id":"row-xihu~tzdw~nyrj",":version":"rv-r7vr-qexy.uuej",":created_at":"2026-03-10T12:37:08.575Z",":updated_at":"2026-03-10T12:37:08.575Z","cnn":"8048201","corridor":"Lake Merced Blvd","limits":"Winston Dr  -  Font Blvd","cnnrightleft":"R","blockside":"West","fullname":"Saturday","weekday":"Sat","fromhour":"4","tohour":"6","week1":"1","week2":"1","week3":"1","week4":"1","week5":"1","holidays":"0","blocksweepid":"1597932"}},{"type":"Feature","geometry":{"type":"LineString","coordinates":[[-122.419758524631,37.770672595078],[-122.419853470682,37.770392811346],[-122.420008320652,37.770111449154]]},"properties":{":id":"row-4wcz~sxjj.b4ug",":version":"rv-xh8d.afaw-7v4z",":created_at":"2026-03-10T12:37:08.575Z",":updated_at":"2026-03-10T12:37:08.575Z","cnn":"9111001","corridor":"Mission St","limits":"Hwy 101 Northbound  -  Hwy 101 Northbound","cnnrightleft":"R","blockside":"West","fullname":"Saturday","weekday":"Sat","fromhour":"4","tohour":"6","week1":"1","week2":"1","week3":"1","week4":"1","week5":"1","holidays":"0","blocksweepid":"1618871"}},{"type":"Feature","geometry":{"type":"LineString","coordinates":[[-122.479266518733,37.763467413575],[-122.480336926577,37.763420291712]]},"properties":{":id":"row-d7vw-8d78.qgmu",":version":"rv-g3tv_e6us~t3rg",":created_at":"2026-03-10T12:37:08.575Z",":updated_at":"2026-03-10T12:37:08.575Z","cnn":"7298000","corridor":"Irving St","limits":"21st Ave  -  22nd Ave","cnnrightleft":"L","blockside":"South","fullname":"Saturday","weekday":"Sat","fromhour":"2","tohour":"6","week1":"1","week2":"1","week3":"1","week4":"1","week5":"1","holidays":"0","blocksweepid":"1623618"}},{"type":"Feature","geometry":{"type":"LineString","coordinates":[[-122.404412160717,37.796302098069],[-122.405288396517,37.796909057292]]},"properties":{":id":"row-a97q.nizj_m3dq",":version":"rv-8iya_vs5y.npdm",":created_at":"2026-03-10T12:37:08.575Z",":updated_at":"2026-03-10T12:37:08.575Z","cnn":"4288000","corridor":"Columbus Ave","limits":"Jackson St  -  Kearny St","cnnrightleft":"R","blockside":"NorthEast","fullname":"Saturday","weekday":"Sat","fromhour":"4","tohour":"6","week1":"1","week2":"1","week3":"1","week4":"1","week5":"1","holidays":"0","blocksweepid":"1603285"}},{"type":"Feature","geometry":{"type":"LineString","coordinates":[[-122.436040073001,37.723044469769],[-122.436468165125,37.722465217898]]},"properties":{":id":"row-rcjs-2b2y.i326",":version":"rv-kp8p_syb3_ni6x",":created_at":"2026-03-10T12:37:08.575Z",":updated_at":"2026-03-10T12:37:08.575Z","cnn":"9169000","corridor":"Mission St","limits":"Ruth St  -  Leo St","cnnrightleft":"L","blockside":"SouthEast","fullname":"Saturday","weekday":"Sat","fromhour":"5","tohour":"7","week1":"1","week2":"1","week3":"1","week4":"1","week5":"1","holidays":"0","blocksweepid":"1619444"}},{"type":"Feature","geometry":{"type":"LineString","coordinates":[[-122.412782128368,37.784866245085],[-122.412872037823,37.78530844888]]},"properties":{":id":"row-f4g7-h583-d3u5",":version":"rv-qi5p_isr5_evad",":created_at":"2026-03-10T12:37:08.575Z",":updated_at":"2026-03-10T12:37:08.575Z","cnn":"7567000","corridor":"Jones St","limits":"Ellis St  -  Antonio St","cnnrightleft":"L","blockside":"West","fullname":"Saturday","weekday":"Sat","fromhour":"6","tohour":"8","week1":"1","week2":"1","week3":"1","week4":"1","week5":"1","holidays":"0","blocksweepid":"1597563"}},{"type":"Feature","geometry":{"type":"LineString","coordinates":[[-122.401973426877,37.804072250218],[-122.402147393803,37.80439724792],[-122.403186615466,37.805144683932],[-122.403435725006,37.805184901498]]},"properties":{":id":"row-5idf-vypu-b2he",":version":"rv-v8uy~q8y4_jg8t",":created_at":"2026-03-10T12:37:08.575Z",":updated_at":"2026-03-10T12:37:08.575Z","cnn":"12557201","corridor":"The Embarcadero","limits":"Lombard St  -  Chestnut St","cnnrightleft":"R","blockside":"NorthEast","fullname":"Saturday","weekday":"Sat","fromhour":"1","tohour":"3","week1":"1","week2":"1","week3":"1","week4":"1","week5":"1","holidays":"1","blocksweepid":"1624851"}},{"type":"Feature","geometry":{"type":"LineString","coordinates":[[-122.390967889603,37.734013872547],[-122.391067130316,37.733932944519],[-122.391264164812,37.73336976422],[-122.391244493388,37.733223261805]]},"properties":{":id":"row-4dwa_rte3-9spg",":version":"rv-b9kt_ked9-aygc",":created_at":"2026-03-10T12:37:08.575Z",":updated_at":"2026-03-10T12:37:08.575Z","cnn":"213201","corridor":"03rd St","limits":"Palou Ave  -  Quesada Ave","cnnrightleft":"R","blockside":"West","fullname":"Saturday","weekday":"Sat","fromhour":"2","tohour":"6","week1":"1","week2":"1","week3":"1","week4":"1","week5":"1","holidays":"0","blocksweepid":"1613883"}},{"type":"Feature","geometry":{"type":"LineString","coordinates":[[-122.439500375127,37.718467225658],[-122.439496751712,37.718418607004],[-122.440042171056,37.71769574239],[-122.440106607185,37.717665309709]]},"properties":{":id":"row-mr4c-7rc7-ps2n",":version":"rv-y452-wvwb~mnc5",":created_at":"2026-03-10T12:37:08.575Z",":updated_at":"2026-03-10T12:37:08.575Z","cnn":"9175101","corridor":"Mission St","limits":"Italy Ave  -  Seneca Ave","cnnrightleft":"L","blockside":"SouthEast","fullname":"Saturday","weekday":"Sat","fromhour":"5","tohour":"7","week1":"1","week2":"1","week3":"1","week4":"1","week5":"1","holidays":"0","blocksweepid":"1619450"}},{"type":"Feature","geometry":{"type":"LineString","coordinates":[[-122.417145611924,37.781447495006],[-122.417338880528,37.782378943181]]},"properties":{":id":"row-dztd_gx9i_fwv8",":version":"rv-hi6x.qbef.nnew",":created_at":"2026-03-10T12:37:08.575Z",":updated_at":"2026-03-10T12:37:08.575Z","cnn":"8124000","corridor":"Larkin St","limits":"Golden Gate Ave  -  Turk St","cnnrightleft":"L","blockside":"West","fullname":"Saturday","weekday":"Sat","fromhour":"6","tohour":"8","week1":"1","week2":"1","week3":"1","week4":"1","week5":"1","holidays":"0","blocksweepid":"1624364"}},{"type":"Feature","geometry":{"type":"LineString","coordinates":[[-122.411139801283,37.785074596379],[-122.412782128368,37.784866245085]]},"properties":{":id":"row-duh7.7dap.ar82",":version":"rv-7r76_725k_upbw",":created_at":"2026-03-10T12:37:08.575Z",":updated_at":"2026-03-10T12:37:08.575Z","cnn":"5173000","corridor":"Ellis St","limits":"Taylor St  -  Jones St","cnnrightleft":"L","blockside":"South","fullname":"Saturday","weekday":"Sat","fromhour":"6","tohour":"8","week1":"1","week2":"1","week3":"1","week4":"1","week5":"1","holidays":"0","blocksweepid":"1610178"}},{"type":"Feature","geometry":{"type":"LineString","coordinates":[[-122.389483281624,37.770656736146],[-122.389403815005,37.770551353164],[-122.389249190381,37.768933631722],[-122.389307715802,37.768819937334]]},"properties":{":id":"row-42zz-c32v~6jik",":version":"rv-firx-yy9t-skpm",":created_at":"2026-03-10T12:37:08.575Z",":updated_at":"2026-03-10T12:37:08.575Z","cnn":"185104","corridor":"03rd St","limits":"Mission Bay South Blvd  -  End:  Block","cnnrightleft":"L","blockside":null,"fullname":"Saturday","weekday":"Sat","fromhour":"2","tohour":"6","week1":"1","week2":"1","week3":"1","week4":"1","week5":"1","holidays":"0","blocksweepid":"1628957"}},{"type":"Feature","geometry":{"type":"LineString","coordinates":[[-122.506717428299,37.735469757819],[-122.506822941268,37.735316192961],[-122.506820119915,37.734894173849],[-122.507194700566,37.733046359172],[-122.507209111143,37.732627456963],[-122.507150576142,37.732206386809],[-122.506997327224,37.731453359897],[-122.506867103394,37.730917788032],[-122.506802541013,37.730432153083],[-122.506697324742,37.729552367493],[-122.506536522265,37.72836039293],[-122.506464573107,37.727919131754],[-122.506292884584,37.727435320512],[-122.505970021997,37.726909826881],[-122.505617550619,37.7265584358],[-122.505319640444,37.72632184514],[-122.504763047215,37.726031787053],[-122.503612919831,37.725353584745],[-122.503288601223,37.725250176351],[-122.503127839642,37.725218258035],[-122.503040636347,37.725259549916]]},"properties":{":id":"row-ty7g~a9xw~z5e7",":version":"rv-bt3u~3tgb_xba8",":created_at":"2026-03-10T12:37:08.575Z",":updated_at":"2026-03-10T12:37:08.575Z","cnn":"6437201","corridor":"Great Hwy","limits":"Sloat Blvd  -  Skyline Blvd","cnnrightleft":"R","blockside":"West","fullname":"Saturday","weekday":"Sat","fromhour":"3","tohour":"5","week1":"1","week2":"1","week3":"1","week4":"1","week5":"1","holidays":"1","blocksweepid":"1613567"}},{"type":"Feature","geometry":{"type":"LineString","coordinates":[[-122.431800801752,37.728249466321],[-122.432363263447,37.72771681463]]},"properties":{":id":"row-enxd_8s54-cpj7",":version":"rv-2ury~276x.3dr9",":created_at":"2026-03-10T12:37:08.575Z",":updated_at":"2026-03-10T12:37:08.575Z","cnn":"9156000","corridor":"Mission St","limits":"Tingley St  -  Theresa St","cnnrightleft":"L","blockside":"SouthEast","fullname":"Saturday","weekday":"Sat","fromhour":"5","tohour":"7","week1":"1","week2":"1","week3":"1","week4":"1","week5":"1","holidays":"0","blocksweepid":"1619431"}},{"type":"Feature","geometry":{"type":"LineString","coordinates":[[-122.392348747989,37.730066818506],[-122.392452975081,37.729971615432],[-122.392661242006,37.729376263262],[-122.392624535039,37.729278453928]]},"properties":{":id":"row-dnct~49qq-ed8e",":version":"rv-s5da_9g9t_iqs3",":created_at":"2026-03-10T12:37:08.575Z",":updated_at":"2026-03-10T12:37:08.575Z","cnn":"219201","corridor":"03rd St","limits":"Underwood Ave  -  Williams Ave","cnnrightleft":"R","blockside":"West","fullname":"Saturday","weekday":"Sat","fromhour":"2","tohour":"6","week1":"1","week2":"1","week3":"1","week4":"1","week5":"1","holidays":"0","blocksweepid":"1613889"}},{"type":"Feature","geometry":{"type":"LineString","coordinates":[[-122.40565878456,37.806673631695],[-122.405973778921,37.806626787698],[-122.406542359509,37.806913084012],[-122.407215721402,37.807250326874],[-122.407303656422,37.807379458587]]},"properties":{":id":"row-gpaq_rznb.txbr",":version":"rv-rcfh.p6m7~bsz7",":created_at":"2026-03-10T12:37:08.575Z",":updated_at":"2026-03-10T12:37:08.575Z","cnn":"12560101","corridor":"The Embarcadero","limits":"Bay St  -  Kearny St","cnnrightleft":"L","blockside":"SouthWest","fullname":"Saturday","weekday":"Sat","fromhour":"1","tohour":"3","week1":"1","week2":"1","week3":"1","week4":"1","week5":"1","holidays":"1","blocksweepid":"1639525"}},{"type":"Feature","geometry":{"type":"LineString","coordinates":[[-122.446091130186,37.711592021277],[-122.446383348638,37.711436150087]]},"properties":{":id":"row-xsnm~b6aq_umkr",":version":"rv-74dz.h85j~i6tu",":created_at":"2026-03-10T12:37:08.575Z",":updated_at":"2026-03-10T12:37:08.575Z","cnn":"9189000","corridor":"Mission St","limits":"Naglee Ave  -  Lowell St","cnnrightleft":"L","blockside":"SouthEast","fullname":"Saturday","weekday":"Sat","fromhour":"5","tohour":"7","week1":"1","week2":"1","week3":"1","week4":"1","week5":"1","holidays":"0","blocksweepid":"1626579"}},{"type":"Feature","geometry":{"type":"LineString","coordinates":[[-122.387878640607,37.754112146051],[-122.387939316444,37.754021343795],[-122.387834372955,37.752926524556],[-122.387756280195,37.752835611596]]},"properties":{":id":"row-zmrn.v5fn-mjfm",":version":"rv-uugj-ni6r-dz9s",":created_at":"2026-03-10T12:37:08.575Z",":updated_at":"2026-03-10T12:37:08.575Z","cnn":"193201","corridor":"03rd St","limits":"24th St  -  25th St","cnnrightleft":"R","blockside":"West","fullname":"Saturday","weekday":"Sat","fromhour":"2","tohour":"6","week1":"1","week2":"1","week3":"1","week4":"1","week5":"1","holidays":"0","blocksweepid":"1613862"}},{"type":"Feature","geometry":{"type":"LineString","coordinates":[[-122.407373738877,37.793222721528],[-122.407727186607,37.793178302038]]},"properties":{":id":"row-ikt4-wd8e-5kjx",":version":"rv-y48i~69na_3dsn",":created_at":"2026-03-10T12:37:08.575Z",":updated_at":"2026-03-10T12:37:08.575Z","cnn":"11232000","corridor":"Sacramento St","limits":"Brooklyn Pl  -  Stockton St","cnnrightleft":"R","blockside":"North","fullname":"Saturday","weekday":"Sat","fromhour":"2","tohour":"6","week1":"1","week2":"1","week3":"1","week4":"1","week5":"1","holidays":"0","blocksweepid":"1621135"}},{"type":"Feature","geometry":{"type":"LineString","coordinates":[[-122.416009495929,37.777773071953],[-122.416261255725,37.777572265861],[-122.416291701103,37.777493843394]]},"properties":{":id":"row-vduy~b6dx-u739",":version":"rv-3wu3_baxr.ksfs",":created_at":"2026-03-10T12:37:08.575Z",":updated_at":"2026-03-10T12:37:08.575Z","cnn":"8752202","corridor":"Market St","limits":"Hayes St  -  Larkin St","cnnrightleft":"R","blockside":"NorthWest","fullname":"Saturday","weekday":"Sat","fromhour":"5","tohour":"7","week1":"1","week2":"1","week3":"1","week4":"1","week5":"1","holidays":"1","blocksweepid":"1640584"}},{"type":"Feature","geometry":{"type":"LineString","coordinates":[[-122.41917060347,37.748179392265],[-122.420138632617,37.748156920416],[-122.420278830377,37.748125283089]]},"properties":{":id":"row-34fs~dbid.gd9r",":version":"rv-5xtr.ua7x-kgah",":created_at":"2026-03-10T12:37:08.575Z",":updated_at":"2026-03-10T12:37:08.575Z","cnn":"2489202","corridor":"Cesar Chavez St","limits":"Bartlett St  -  Valencia St","cnnrightleft":"L","blockside":"South","fullname":"Saturday","weekday":"Sat","fromhour":"8","tohour":"10","week1":"1","week2":"1","week3":"1","week4":"1","week5":"1","holidays":"0","blocksweepid":"1629615"}},{"type":"Feature","geometry":{"type":"LineString","coordinates":[[-122.437989848202,37.775925405585],[-122.43806111178,37.7759965894],[-122.438213368797,37.776780187481],[-122.438177047864,37.7768558892]]},"properties":{":id":"row-qkma~unxa.bhns",":version":"rv-wwf6.j8a6_pn4n",":created_at":"2026-03-10T12:37:08.575Z",":updated_at":"2026-03-10T12:37:08.575Z","cnn":"4804101","corridor":"Divisadero St","limits":"Grove St  -  Fulton St","cnnrightleft":"L","blockside":"West","fullname":"Saturday","weekday":"Sat","fromhour":"6","tohour":"8","week1":"1","week2":"1","week3":"1","week4":"1","week5":"1","holidays":"0","blocksweepid":"1615294"}},{"type":"Feature","geometry":{"type":"LineString","coordinates":[[-122.506135124963,37.735571117801],[-122.506521403349,37.735571711894],[-122.506717428299,37.735469757819]]},"properties":{":id":"row-7pca~ypg7_9h92",":version":"rv-3sr9.zgju_pp3k",":created_at":"2026-03-10T12:37:08.575Z",":updated_at":"2026-03-10T12:37:08.575Z","cnn":"11964202","corridor":"Sloat Blvd","limits":"Lower Great Hwy  -  Great Hwy","cnnrightleft":"L","blockside":"South","fullname":"Saturday","weekday":"Sat","fromhour":"5","tohour":"7","week1":"1","week2":"1","week3":"1","week4":"1","week5":"1","holidays":"0","blocksweepid":"1605691"}},{"type":"Feature","geometry":{"type":"LineString","coordinates":[[-122.421360063587,37.78521438351],[-122.421441717802,37.785567340651],[-122.421393307556,37.785685802529]]},"properties":{":id":"row-eutm_yr8h_2cb6",":version":"rv-vhzv~ydzp~6ubt",":created_at":"2026-03-10T12:37:08.575Z",":updated_at":"2026-03-10T12:37:08.575Z","cnn":"13152102","corridor":"Van Ness Ave","limits":"Myrtle St  -  Geary Blvd","cnnrightleft":"L","blockside":"West","fullname":"Saturday","weekday":"Sat","fromhour":"4","tohour":"6","week1":"1","week2":"1","week3":"1","week4":"1","week5":"1","holidays":"1","blocksweepid":"1640042"}},{"type":"Feature","geometry":{"type":"LineString","coordinates":[[-122.415315614941,37.780719176738],[-122.416138098276,37.78061496672]]},"properties":{":id":"row-jgsk~dvik.r7f4",":version":"rv-thxb~yw2i~rt6c",":created_at":"2026-03-10T12:37:08.575Z",":updated_at":"2026-03-10T12:37:08.575Z","cnn":"8891000","corridor":"McAllister St","limits":"Hyde St  -  Breen Pl","cnnrightleft":"R","blockside":"North","fullname":"Saturday","weekday":"Sat","fromhour":"2","tohour":"6","week1":"1","week2":"1","week3":"1","week4":"1","week5":"1","holidays":"0","blocksweepid":"1599649"}},{"type":"Feature","geometry":{"type":"LineString","coordinates":[[-122.394926152382,37.723972563668],[-122.394923304891,37.723829988422],[-122.395156488343,37.723316889015],[-122.395264646671,37.723222334711]]},"properties":{":id":"row-sgkc~dyng.syq5",":version":"rv-9ux7-d4dd_nzma",":created_at":"2026-03-10T12:37:08.575Z",":updated_at":"2026-03-10T12:37:08.575Z","cnn":"226101","corridor":"03rd St","limits":"Egbert Ave  -  Fitzgerald Ave","cnnrightleft":"L","blockside":"East","fullname":"Saturday","weekday":"Sat","fromhour":"2","tohour":"6","week1":"1","week2":"1","week3":"1","week4":"1","week5":"1","holidays":"0","blocksweepid":"1629151"}},{"type":"Feature","geometry":{"type":"LineString","coordinates":[[-122.407852519844,37.785491560352],[-122.40803623664,37.78640961353]]},"properties":{":id":"row-hmtz~dmbn-6s44",":version":"rv-gygj-9v4n.n5fx",":created_at":"2026-03-10T12:37:08.575Z",":updated_at":"2026-03-10T12:37:08.575Z","cnn":"10676000","corridor":"Powell St","limits":"Ellis St  -  O'Farrell St","cnnrightleft":"L","blockside":"West","fullname":"Saturday","weekday":"Sat","fromhour":"2","tohour":"6","week1":"1","week2":"1","week3":"1","week4":"1","week5":"1","holidays":"0","blocksweepid":"1604239"}},{"type":"Feature","geometry":{"type":"LineString","coordinates":[[-122.423973384504,37.771369005805],[-122.424743351628,37.770763842203],[-122.424852598549,37.77074774518]]},"properties":{":id":"row-cezc_th7u-qs3p",":version":"rv-dmg7_rwv4~qbfi",":created_at":"2026-03-10T12:37:08.575Z",":updated_at":"2026-03-10T12:37:08.575Z","cnn":"8760102","corridor":"Market St","limits":"Pearl St  -  Laguna St","cnnrightleft":"L","blockside":"SouthEast","fullname":"Saturday","weekday":"Sat","fromhour":"2","tohour":"6","week1":"1","week2":"1","week3":"1","week4":"1","week5":"1","holidays":"1","blocksweepid":"1640941"}},{"type":"Feature","geometry":{"type":"LineString","coordinates":[[-122.395813421117,37.791152808467],[-122.396689694956,37.790461067931]]},"properties":{":id":"row-jazg.7xnf_ed6n",":version":"rv-hci9.f9w4_xi3r",":created_at":"2026-03-10T12:37:08.575Z",":updated_at":"2026-03-10T12:37:08.575Z","cnn":"9086000","corridor":"Mission St","limits":"Beale St  -  Fremont St","cnnrightleft":"L","blockside":"SouthEast","fullname":"Saturday","weekday":"Sat","fromhour":"2","tohour":"6","week1":"1","week2":"1","week3":"1","week4":"1","week5":"1","holidays":"1","blocksweepid":"1618910"}},{"type":"Feature","geometry":{"type":"LineString","coordinates":[[-122.396504486404,37.793097082824],[-122.396611774355,37.793078960223],[-122.397359199235,37.792490283314],[-122.397383445616,37.792405521236]]},"properties":{":id":"row-pgnw_rmyi-bxps",":version":"rv-iur3~6tpj_wbj8",":created_at":"2026-03-10T12:37:08.575Z",":updated_at":"2026-03-10T12:37:08.575Z","cnn":"8739201","corridor":"Market St","limits":"Main St  -  Pine St","cnnrightleft":"R","blockside":"NorthWest","fullname":"Saturday","weekday":"Sat","fromhour":"5","tohour":"7","week1":"1","week2":"1","week3":"1","week4":"1","week5":"1","holidays":"1","blocksweepid":"1640564"}},{"type":"Feature","geometry":{"type":"LineString","coordinates":[[-122.483661949865,37.780143060168],[-122.483787608322,37.780059786466],[-122.484587254106,37.780026038425],[-122.484732261186,37.780092582495]]},"properties":{":id":"row-izg2.956d~ub3x",":version":"rv-jhnj.rkte-94y7",":created_at":"2026-03-10T12:37:08.575Z",":updated_at":"2026-03-10T12:37:08.575Z","cnn":"6081101","corridor":"Geary Blvd","limits":"24th Ave  -  25th Ave","cnnrightleft":"L","blockside":"South","fullname":"Saturday","weekday":"Sat","fromhour":"7","tohour":"8","week1":"1","week2":"1","week3":"1","week4":"1","week5":"1","holidays":"0","blocksweepid":"1621922"}},{"type":"Feature","geometry":{"type":"LineString","coordinates":[[-122.490546784727,37.729652016414],[-122.490536566244,37.729749353595],[-122.490240117321,37.730059526632],[-122.489990172305,37.730252773342],[-122.489574986756,37.730398108521],[-122.489203146727,37.730432401853],[-122.488808018362,37.730357419991],[-122.486666211478,37.729698884503],[-122.486552072443,37.729585010642]]},"properties":{":id":"row-eg7p~edcr_2hh7",":version":"rv-6b2d-ad7x-24b4",":created_at":"2026-03-10T12:37:08.575Z",":updated_at":"2026-03-10T12:37:08.575Z","cnn":"8046101","corridor":"Lake Merced Blvd","limits":"Clearfield Dr  -  Middlefield Dr","cnnrightleft":"R","blockside":"South","fullname":"Saturday","weekday":"Sat","fromhour":"4","tohour":"6","week1":"1","week2":"1","week3":"1","week4":"1","week5":"1","holidays":"0","blocksweepid":"1597918"}},{"type":"Feature","geometry":{"type":"LineString","coordinates":[[-122.387128522238,37.745070439904],[-122.387097654253,37.744897312599],[-122.387117867459,37.744796947545],[-122.387266415827,37.744370824832],[-122.387372607331,37.744259406508]]},"properties":{":id":"row-855a~sryt-pr9n",":version":"rv-itcw.hnxz-devj",":created_at":"2026-03-10T12:37:08.575Z",":updated_at":"2026-03-10T12:37:08.575Z","cnn":"199101","corridor":"03rd St","limits":"Burke Ave  -  Custer Ave","cnnrightleft":"L","blockside":"East","fullname":"Saturday","weekday":"Sat","fromhour":"2","tohour":"6","week1":"1","week2":"1","week3":"1","week4":"1","week5":"1","holidays":"0","blocksweepid":"1629121"}},{"type":"Feature","geometry":{"type":"LineString","coordinates":[[-122.413676360884,37.780926855234],[-122.413865603598,37.781863339516]]},"properties":{":id":"row-9iui_hbsd_tr4w",":version":"rv-m27q~2jj4_nj2t",":created_at":"2026-03-10T12:37:08.575Z",":updated_at":"2026-03-10T12:37:08.575Z","cnn":"8238000","corridor":"Leavenworth St","limits":"McAllister St  -  Golden Gate Ave","cnnrightleft":"L","blockside":"West","fullname":"Saturday","weekday":"Sat","fromhour":"6","tohour":"8","week1":"1","week2":"1","week3":"1","week4":"1","week5":"1","holidays":"0","blocksweepid":"1616822"}},{"type":"Feature","geometry":{"type":"LineString","coordinates":[[-122.396841427359,37.782119122026],[-122.396379518889,37.781750284029]]},"properties":{":id":"row-upxa-rhfa~gdjk",":version":"rv-pn7w_tkex.pyh8",":created_at":"2026-03-10T12:37:08.575Z",":updated_at":"2026-03-10T12:37:08.575Z","cnn":"173000","corridor":"03rd St","limits":"Perry St  -  Stillman St","cnnrightleft":"L","blockside":"NorthEast","fullname":"Saturday","weekday":"Sat","fromhour":"2","tohour":"6","week1":"1","week2":"1","week3":"1","week4":"1","week5":"1","holidays":"0","blocksweepid":"1628630"}},{"type":"Feature","geometry":{"type":"LineString","coordinates":[[-122.405288396517,37.796909057292],[-122.405512936056,37.797064590557]]},"properties":{":id":"row-r5ph-wz2w_4xjn",":version":"rv-9m96.wt4g_ss4c",":created_at":"2026-03-10T12:37:08.575Z",":updated_at":"2026-03-10T12:37:08.575Z","cnn":"4289000","corridor":"Columbus Ave","limits":"Kearny St  -  Pacific Ave","cnnrightleft":"R","blockside":"NorthEast","fullname":"Saturday","weekday":"Sat","fromhour":"4","tohour":"6","week1":"1","week2":"1","week3":"1","week4":"1","week5":"1","holidays":"0","blocksweepid":"1603286"}},{"type":"Feature","geometry":{"type":"LineString","coordinates":[[-122.422310655307,37.746376519604],[-122.422218291472,37.745578813968]]},"properties":{":id":"row-ugt3-j2iy-szyx",":version":"rv-9pq7-7u8u.jtwd",":created_at":"2026-03-10T12:37:08.575Z",":updated_at":"2026-03-10T12:37:08.575Z","cnn":"6591000","corridor":"Guerrero St","limits":"Duncan St  -  28th St","cnnrightleft":"L","blockside":"East","fullname":"Saturday","weekday":"Sat","fromhour":"6","tohour":"8","week1":"1","week2":"1","week3":"1","week4":"1","week5":"1","holidays":"0","blocksweepid":"1606752"}},{"type":"Feature","geometry":{"type":"LineString","coordinates":[[-122.416947604956,37.780470341035],[-122.418598509318,37.780260133266]]},"properties":{":id":"row-y63f~uvi4_kuhm",":version":"rv-99ig-yj28_tvq2",":created_at":"2026-03-10T12:37:08.575Z",":updated_at":"2026-03-10T12:37:08.575Z","cnn":"8893000","corridor":"McAllister St","limits":"Larkin St  -  Polk St","cnnrightleft":"L","blockside":"South","fullname":"Saturday","weekday":"Sat","fromhour":"2","tohour":"6","week1":"1","week2":"1","week3":"1","week4":"1","week5":"1","holidays":"0","blocksweepid":"1599615"}},{"type":"Feature","geometry":{"type":"LineString","coordinates":[[-122.480336926577,37.763420291712],[-122.481408837164,37.763373093706]]},"properties":{":id":"row-da85-yfgf_d5w9",":version":"rv-nw4p~dtdr-myjr",":created_at":"2026-03-10T12:37:08.575Z",":updated_at":"2026-03-10T12:37:08.575Z","cnn":"7299000","corridor":"Irving St","limits":"22nd Ave  -  23rd Ave","cnnrightleft":"L","blockside":"South","fullname":"Saturday","weekday":"Sat","fromhour":"2","tohour":"6","week1":"1","week2":"1","week3":"1","week4":"1","week5":"1","holidays":"0","blocksweepid":"1623619"}},{"type":"Feature","geometry":{"type":"LineString","coordinates":[[-122.40861884556,37.797627561973],[-122.409689043756,37.797493152091]]},"properties":{":id":"row-i4u6-jzv7_wwfq",":version":"rv-7tfx~9sey~h4qm",":created_at":"2026-03-10T12:37:08.575Z",":updated_at":"2026-03-10T12:37:08.575Z","cnn":"3155000","corridor":"Broadway","limits":"Stockton St  -  Turk Murphy Ln","cnnrightleft":"R","blockside":"North","fullname":"Saturday","weekday":"Sat","fromhour":"4","tohour":"6","week1":"1","week2":"1","week3":"1","week4":"1","week5":"1","holidays":"0","blocksweepid":"1627490"}},{"type":"Feature","geometry":{"type":"LineString","coordinates":[[-122.40822672566,37.787359262241],[-122.408401550082,37.788293193917]]},"properties":{":id":"row-ythu-mx6n.dhph",":version":"rv-dit2_nzks~vx6q",":created_at":"2026-03-10T12:37:08.575Z",":updated_at":"2026-03-10T12:37:08.575Z","cnn":"10678000","corridor":"Powell St","limits":"Geary St  -  Post St","cnnrightleft":"R","blockside":"East","fullname":"Saturday","weekday":"Sat","fromhour":"2","tohour":"6","week1":"1","week2":"1","week3":"1","week4":"1","week5":"1","holidays":"0","blocksweepid":"1619827"}},{"type":"Feature","geometry":{"type":"LineString","coordinates":[[-122.439638735532,37.783846585463],[-122.439712711239,37.784230676109],[-122.439684678466,37.784318673891]]},"properties":{":id":"row-yp7u.rqrb-heax",":version":"rv-ckvu-ub5t-49uk",":created_at":"2026-03-10T12:37:08.575Z",":updated_at":"2026-03-10T12:37:08.575Z","cnn":"4812102","corridor":"Divisadero St","limits":"Garden St  -  Post St","cnnrightleft":"L","blockside":"West","fullname":"Saturday","weekday":"Sat","fromhour":"6","tohour":"8","week1":"1","week2":"1","week3":"1","week4":"1","week5":"1","holidays":"0","blocksweepid":"1637231"}},{"type":"Feature","geometry":{"type":"LineString","coordinates":[[-122.407164382555,37.782190721716],[-122.407254674597,37.782119419193]]},"properties":{":id":"row-xirf~2p7t~nn7g",":version":"rv-7sty_pp6s~22mj",":created_at":"2026-03-10T12:37:08.575Z",":updated_at":"2026-03-10T12:37:08.575Z","cnn":"9098000","corridor":"Mission St","limits":"Mint St  -  Mary St","cnnrightleft":"L","blockside":"SouthEast","fullname":"Saturday","weekday":"Sat","fromhour":"2","tohour":"6","week1":"1","week2":"1","week3":"1","week4":"1","week5":"1","holidays":"1","blocksweepid":"1618924"}},{"type":"Feature","geometry":{"type":"LineString","coordinates":[[-122.473553423885,37.743143591416],[-122.474623829359,37.743096614561]]},"properties":{":id":"row-886d_nzpq_43g8",":version":"rv-vtcp_g63s.htxv",":created_at":"2026-03-10T12:37:08.575Z",":updated_at":"2026-03-10T12:37:08.575Z","cnn":"12393000","corridor":"Taraval St","limits":"17th Ave  -  18th Ave","cnnrightleft":"L","blockside":"South","fullname":"Saturday","weekday":"Sat","fromhour":"2","tohour":"6","week1":"1","week2":"1","week3":"1","week4":"1","week5":"1","holidays":"0","blocksweepid":"1624544"}},{"type":"Feature","geometry":{"type":"LineString","coordinates":[[-122.472631406933,37.734797745731],[-122.473799887789,37.734764880898]]},"properties":{":id":"row-4brh.cxvx-6mnw",":version":"rv-c65c.xtwm_b4ri",":created_at":"2026-03-10T12:37:08.575Z",":updated_at":"2026-03-10T12:37:08.575Z","cnn":"11950203","corridor":"Sloat Blvd","limits":"Ardenwood Way  -  Avon Way","cnnrightleft":"R","blockside":null,"fullname":"Saturday","weekday":"Sat","fromhour":"5","tohour":"7","week1":"1","week2":"1","week3":"1","week4":"1","week5":"1","holidays":"0","blocksweepid":"1605627"}},{"type":"Feature","geometry":{"type":"LineString","coordinates":[[-122.403430800691,37.787641848946],[-122.403455608052,37.787560065683],[-122.404481238835,37.786749269731],[-122.404583316994,37.786730565979]]},"properties":{":id":"row-mt4r.qwfh~v6t8",":version":"rv-d6w9_r6xj_h2rj",":created_at":"2026-03-10T12:37:08.575Z",":updated_at":"2026-03-10T12:37:08.575Z","cnn":"8745101","corridor":"Market St","limits":"03rd St  -  Grant Ave","cnnrightleft":"L","blockside":"SouthEast","fullname":"Saturday","weekday":"Sat","fromhour":"5","tohour":"7","week1":"1","week2":"1","week3":"1","week4":"1","week5":"1","holidays":"1","blocksweepid":"1618078"}},{"type":"Feature","geometry":{"type":"LineString","coordinates":[[-122.418618215796,37.773053454473],[-122.41881748819,37.772980210619],[-122.419671829395,37.77230320357]]},"properties":{":id":"row-j4pq_kfzt-cfjb",":version":"rv-yy93_ez8v~8f6u",":created_at":"2026-03-10T12:37:08.575Z",":updated_at":"2026-03-10T12:37:08.575Z","cnn":"10046000","corridor":"Otis St","limits":"Mission St  -  Brady St","cnnrightleft":"L","blockside":"SouthEast","fullname":"Saturday","weekday":"Sat","fromhour":"4","tohour":"6","week1":"1","week2":"1","week3":"1","week4":"1","week5":"1","holidays":"0","blocksweepid":"1630218"}},{"type":"Feature","geometry":{"type":"LineString","coordinates":[[-122.390012346887,37.790826949171],[-122.390014423152,37.791034622996],[-122.390164383343,37.791214774446],[-122.390378017199,37.791561519896],[-122.390561464248,37.791960588811],[-122.390753347665,37.792291523055],[-122.390885532477,37.792424771904],[-122.391096119262,37.792436047738]]},"properties":{":id":"row-vjtx-v9eg_5fgr",":version":"rv-6242.w2d3_ajuw",":created_at":"2026-03-10T12:37:08.575Z",":updated_at":"2026-03-10T12:37:08.575Z","cnn":"12551202","corridor":"The Embarcadero","limits":"Folsom St  -  Howard St","cnnrightleft":"R","blockside":"NorthEast","fullname":"Saturday","weekday":"Sat","fromhour":"1","tohour":"3","week1":"1","week2":"1","week3":"1","week4":"1","week5":"1","holidays":"1","blocksweepid":"1624845"}},{"type":"Feature","geometry":{"type":"LineString","coordinates":[[-122.421968761687,37.742375398498],[-122.422083785231,37.742197553341]]},"properties":{":id":"row-w9te-3n47.k7uv",":version":"rv-k928.kb9b_gvy4",":created_at":"2026-03-10T12:37:08.575Z",":updated_at":"2026-03-10T12:37:08.575Z","cnn":"9137000","corridor":"Mission St","limits":"30th St  -  Eugenia Ave","cnnrightleft":"R","blockside":"NorthWest","fullname":"Saturday","weekday":"Sat","fromhour":"5","tohour":"7","week1":"1","week2":"1","week3":"1","week4":"1","week5":"1","holidays":"0","blocksweepid":"1599817"}},{"type":"Feature","geometry":{"type":"LineString","coordinates":[[-122.459999657963,37.781213477912],[-122.460113565402,37.781136330545],[-122.460937489469,37.781103816021],[-122.461062828886,37.781160261634]]},"properties":{":id":"row-i4j8.s4sc.rkh4",":version":"rv-ydtd-tyea_n7j2",":created_at":"2026-03-10T12:37:08.575Z",":updated_at":"2026-03-10T12:37:08.575Z","cnn":"6058101","corridor":"Geary Blvd","limits":"02nd Ave  -  03rd Ave","cnnrightleft":"L","blockside":"South","fullname":"Saturday","weekday":"Sat","fromhour":"7","tohour":"8","week1":"1","week2":"1","week3":"1","week4":"1","week5":"1","holidays":"0","blocksweepid":"1621899"}},{"type":"Feature","geometry":{"type":"LineString","coordinates":[[-122.421192974629,37.7847534462],[-122.421133871804,37.784875082468],[-122.421216457579,37.785232628848]]},"properties":{":id":"row-k294.xn7y-i8gs",":version":"rv-9gvg.r73d_8ghm",":created_at":"2026-03-10T12:37:08.575Z",":updated_at":"2026-03-10T12:37:08.575Z","cnn":"13152201","corridor":"Van Ness Ave","limits":"O'Farrell St  -  Alice B Toklas Pl","cnnrightleft":"R","blockside":"East","fullname":"Saturday","weekday":"Sat","fromhour":"4","tohour":"6","week1":"1","week2":"1","week3":"1","week4":"1","week5":"1","holidays":"1","blocksweepid":"1625404"}},{"type":"Feature","geometry":{"type":"LineString","coordinates":[[-122.41148412832,37.74829828695],[-122.411618293056,37.74824047493],[-122.413528882617,37.748202246456],[-122.413668844307,37.748255329538]]},"properties":{":id":"row-c5z3-gzu6~7iq2",":version":"rv-4jtq~cujs_yzrp",":created_at":"2026-03-10T12:37:08.575Z",":updated_at":"2026-03-10T12:37:08.575Z","cnn":"2485101","corridor":"Cesar Chavez St","limits":"Harrison St  -  Folsom St","cnnrightleft":"R","blockside":"North","fullname":"Saturday","weekday":"Sat","fromhour":"8","tohour":"10","week1":"1","week2":"1","week3":"1","week4":"1","week5":"1","holidays":"0","blocksweepid":"1636935"}},{"type":"Feature","geometry":{"type":"LineString","coordinates":[[-122.389526602327,37.771109952689],[-122.389585129037,37.770996258206],[-122.389562748478,37.770762119424],[-122.389483281624,37.770656736146]]},"properties":{":id":"row-shgk_s3dp-5556",":version":"rv-83pb-qy8j~bz5t",":created_at":"2026-03-10T12:37:08.575Z",":updated_at":"2026-03-10T12:37:08.575Z","cnn":"185203","corridor":"03rd St","limits":"Start:  Block  -  End:  Block","cnnrightleft":"R","blockside":null,"fullname":"Saturday","weekday":"Sat","fromhour":"2","tohour":"6","week1":"1","week2":"1","week3":"1","week4":"1","week5":"1","holidays":"0","blocksweepid":"1613850"}},{"type":"Feature","geometry":{"type":"LineString","coordinates":[[-122.425791803963,37.734277998066],[-122.425851722702,37.734262158302],[-122.426114132381,37.733999108316],[-122.426114538813,37.733954475206]]},"properties":{":id":"row-d38i.6ef3~hc3e",":version":"rv-t5kv~idkk~5295",":created_at":"2026-03-10T12:37:08.575Z",":updated_at":"2026-03-10T12:37:08.575Z","cnn":"9148201","corridor":"Mission St","limits":"College Ter  -  Saint Mary's Ave","cnnrightleft":"R","blockside":"NorthWest","fullname":"Saturday","weekday":"Sat","fromhour":"5","tohour":"7","week1":"1","week2":"1","week3":"1","week4":"1","week5":"1","holidays":"0","blocksweepid":"1626219"}},{"type":"Feature","geometry":{"type":"LineString","coordinates":[[-122.510925947378,37.770435676064],[-122.51083358356,37.770303174044],[-122.510763829031,37.769702614957],[-122.510642833986,37.768927573142],[-122.510294816406,37.767240858863],[-122.51023266993,37.766577410117],[-122.510225990984,37.765986849814],[-122.510241483084,37.76544205772],[-122.510312589454,37.764630934649],[-122.510307142489,37.764172833902],[-122.510341319396,37.764000833634]]},"properties":{":id":"row-5hfj-64ea-dj7i",":version":"rv-sidt.d7kp-b4u5",":created_at":"2026-03-10T12:37:08.575Z",":updated_at":"2026-03-10T12:37:08.575Z","cnn":"6435101","corridor":"Great Hwy","limits":"John F Kennedy Dr  -  Lincoln Way","cnnrightleft":"L","blockside":"East","fullname":"Saturday","weekday":"Sat","fromhour":"2","tohour":"6","week1":"1","week2":"1","week3":"1","week4":"1","week5":"1","holidays":"0","blocksweepid":"1601813"}},{"type":"Feature","geometry":{"type":"LineString","coordinates":[[-122.411985369438,37.780951763547],[-122.412024074642,37.781136160202]]},"properties":{":id":"row-ncnp-kq85_ry6a",":version":"rv-rnqx-35vw.sa27",":created_at":"2026-03-10T12:37:08.575Z",":updated_at":"2026-03-10T12:37:08.575Z","cnn":"7562000","corridor":"Jones St","limits":"Market St  -  McAllister St","cnnrightleft":"R","blockside":"East","fullname":"Saturday","weekday":"Sat","fromhour":"6","tohour":"8","week1":"1","week2":"1","week3":"1","week4":"1","week5":"1","holidays":"0","blocksweepid":"1597567"}},{"type":"Feature","geometry":{"type":"LineString","coordinates":[[-122.389478017801,37.75014510759],[-122.390433038013,37.7501183415]]},"properties":{":id":"row-39qh.zq58~gq4q",":version":"rv-bmhu~4v74~4cgs",":created_at":"2026-03-10T12:37:08.575Z",":updated_at":"2026-03-10T12:37:08.575Z","cnn":"2470000","corridor":"Cesar Chavez St","limits":"Minnesota St  -  Indiana St","cnnrightleft":"R","blockside":"North","fullname":"Saturday","weekday":"Sat","fromhour":"0","tohour":"2","week1":"1","week2":"1","week3":"1","week4":"1","week5":"1","holidays":"1","blocksweepid":"1629580"}},{"type":"Feature","geometry":{"type":"LineString","coordinates":[[-122.389030967576,37.739533448632],[-122.389131582434,37.739458813498],[-122.389339583377,37.738868903087],[-122.389310055837,37.738741929892]]},"properties":{":id":"row-35un_vvud~g64q",":version":"rv-fwh9~e2f3~3a8r",":created_at":"2026-03-10T12:37:08.575Z",":updated_at":"2026-03-10T12:37:08.575Z","cnn":"206201","corridor":"03rd St","limits":"Innes Ave  -  Newhall St","cnnrightleft":"R","blockside":"West","fullname":"Saturday","weekday":"Sat","fromhour":"2","tohour":"6","week1":"1","week2":"1","week3":"1","week4":"1","week5":"1","holidays":"0","blocksweepid":"1613876"}},{"type":"Feature","geometry":{"type":"LineString","coordinates":[[-122.407852519844,37.785491560352],[-122.40803623664,37.78640961353]]},"properties":{":id":"row-s4np.62d4_b8xu",":version":"rv-azy6_in8p_q73n",":created_at":"2026-03-10T12:37:08.575Z",":updated_at":"2026-03-10T12:37:08.575Z","cnn":"10676000","corridor":"Powell St","limits":"Ellis St  -  O'Farrell St","cnnrightleft":"R","blockside":"East","fullname":"Saturday","weekday":"Sat","fromhour":"2","tohour":"6","week1":"1","week2":"1","week3":"1","week4":"1","week5":"1","holidays":"0","blocksweepid":"1619825"}},{"type":"Feature","geometry":{"type":"LineString","coordinates":[[-122.407337040264,37.78456014194],[-122.407424425281,37.784552142708],[-122.408041782093,37.784066139223],[-122.408066547135,37.7839914871]]},"properties":{":id":"row-debs-gwiw_j2xg",":version":"rv-m4ss-iru4-y6fm",":created_at":"2026-03-10T12:37:08.575Z",":updated_at":"2026-03-10T12:37:08.575Z","cnn":"8747203","corridor":"Market St","limits":"Powell St  -  05th St","cnnrightleft":"R","blockside":null,"fullname":"Saturday","weekday":"Sat","fromhour":"5","tohour":"7","week1":"1","week2":"1","week3":"1","week4":"1","week5":"1","holidays":"1","blocksweepid":"1640576"}},{"type":"Feature","geometry":{"type":"LineString","coordinates":[[-122.41880845049,37.781235767171],[-122.418901310084,37.781704787033]]},"properties":{":id":"row-j8wi.kkad~3gds",":version":"rv-gzri-t2ha~w3w6",":created_at":"2026-03-10T12:37:08.575Z",":updated_at":"2026-03-10T12:37:08.575Z","cnn":"10552000","corridor":"Polk St","limits":"Golden Gate Ave  -  Elm St","cnnrightleft":"L","blockside":"West","fullname":"Saturday","weekday":"Sat","fromhour":"6","tohour":"8","week1":"1","week2":"1","week3":"1","week4":"1","week5":"1","holidays":"0","blocksweepid":"1619942"}},{"type":"Feature","geometry":{"type":"LineString","coordinates":[[-122.4125122556,37.780478512272],[-122.41260902211,37.780459161834],[-122.414721419667,37.778790578786],[-122.414741221821,37.778719429231]]},"properties":{":id":"row-2iqh~45ee_zpwq",":version":"rv-n6ad-n478_vb4e",":created_at":"2026-03-10T12:37:08.575Z",":updated_at":"2026-03-10T12:37:08.575Z","cnn":"8751201","corridor":"Market St","limits":"07th St  -  Hyde St","cnnrightleft":"R","blockside":"NorthWest","fullname":"Saturday","weekday":"Sat","fromhour":"5","tohour":"7","week1":"1","week2":"1","week3":"1","week4":"1","week5":"1","holidays":"1","blocksweepid":"1640582"}},{"type":"Feature","geometry":{"type":"LineString","coordinates":[[-122.390433038013,37.7501183415],[-122.391418367465,37.75014060612]]},"properties":{":id":"row-h4ut~amx3-rw8p",":version":"rv-ygnk.9jwq.wfek",":created_at":"2026-03-10T12:37:08.575Z",":updated_at":"2026-03-10T12:37:08.575Z","cnn":"2471000","corridor":"Cesar Chavez St","limits":"Indiana St  -  Iowa St","cnnrightleft":"R","blockside":"North","fullname":"Saturday","weekday":"Sat","fromhour":"0","tohour":"2","week1":"1","week2":"1","week3":"1","week4":"1","week5":"1","holidays":"1","blocksweepid":"1629581"}},{"type":"Feature","geometry":{"type":"LineString","coordinates":[[-122.463350525438,37.782989203719],[-122.464425024958,37.78293993367]]},"properties":{":id":"row-etc2-jmpe.wr4d",":version":"rv-jgcx~xx4c_h2tk",":created_at":"2026-03-10T12:37:08.575Z",":updated_at":"2026-03-10T12:37:08.575Z","cnn":"4154000","corridor":"Clement St","limits":"05th Ave  -  06th Ave","cnnrightleft":"R","blockside":"North","fullname":"Saturday","weekday":"Sat","fromhour":"7","tohour":"8","week1":"1","week2":"1","week3":"1","week4":"1","week5":"1","holidays":"0","blocksweepid":"1615197"}},{"type":"Feature","geometry":{"type":"LineString","coordinates":[[-122.389307715802,37.768819937334],[-122.389228251397,37.768714554199],[-122.389067774365,37.767035516629],[-122.389099104328,37.76690347969]]},"properties":{":id":"row-5pn8~g6ay_9pgn",":version":"rv-z8js_bgqn_7mwi",":created_at":"2026-03-10T12:37:08.575Z",":updated_at":"2026-03-10T12:37:08.575Z","cnn":"185105","corridor":"03rd St","limits":"Start:  Block  -  16th St","cnnrightleft":"L","blockside":null,"fullname":"Saturday","weekday":"Sat","fromhour":"2","tohour":"6","week1":"1","week2":"1","week3":"1","week4":"1","week5":"1","holidays":"0","blocksweepid":"1628958"}},{"type":"Feature","geometry":{"type":"LineString","coordinates":[[-122.399459824575,37.784213640123],[-122.398930331179,37.783784933736]]},"properties":{":id":"row-fngq-xtag~x5ns",":version":"rv-6eb2~x9ne_kavu",":created_at":"2025-06-19T16:07:35.272Z",":updated_at":"2025-06-19T16:07:35.272Z","cnn":"169000","corridor":"03rd St","limits":"Clementina St  -  Folsom St","cnnrightleft":"L","blockside":"NorthEast","fullname":"Saturday","weekday":"Sat","fromhour":"2","tohour":"6","week1":"1","week2":"1","week3":"1","week4":"1","week5":"1","holidays":"0","blocksweepid":"1628626"}},{"type":"Feature","geometry":{"type":"LineString","coordinates":[[-122.407485197343,37.795015975068],[-122.408079101008,37.794940686929]]},"properties":{":id":"row-hpqb~n49t-kadk",":version":"rv-dzhd_i8j4.4gsi",":created_at":"2026-03-10T12:37:08.575Z",":updated_at":"2026-03-10T12:37:08.575Z","cnn":"13417000","corridor":"Washington St","limits":"Spofford Ln  -  Stockton St","cnnrightleft":"R","blockside":"North","fullname":"Saturday","weekday":"Sat","fromhour":"2","tohour":"6","week1":"1","week2":"1","week3":"1","week4":"1","week5":"1","holidays":"0","blocksweepid":"1625545"}},{"type":"Feature","geometry":{"type":"LineString","coordinates":[[-122.400784747653,37.723616209195],[-122.400382132593,37.722633285191]]},"properties":{":id":"row-uy7s.beih.hxyf",":version":"rv-xe43_k7if.8hd6",":created_at":"2026-03-10T12:37:08.575Z",":updated_at":"2026-03-10T12:37:08.575Z","cnn":"2814000","corridor":"Bay Shore Blvd","limits":"Paul Ave  -  Wheat St","cnnrightleft":"L","blockside":"East","fullname":"Saturday","weekday":"Sat","fromhour":"7","tohour":"8","week1":"1","week2":"1","week3":"1","week4":"1","week5":"1","holidays":"0","blocksweepid":"1613346"}},{"type":"Feature","geometry":{"type":"LineString","coordinates":[[-122.401375491232,37.789264322323],[-122.401400334083,37.78918243175],[-122.401962668341,37.788740378221],[-122.402065729755,37.788721152431]]},"properties":{":id":"row-b553~rsg8~gj8r",":version":"rv-7x7g.xb3a_fur2",":created_at":"2026-03-10T12:37:08.575Z",":updated_at":"2026-03-10T12:37:08.575Z","cnn":"8743101","corridor":"Market St","limits":"02nd St  -  Montgomery St","cnnrightleft":"L","blockside":"SouthEast","fullname":"Saturday","weekday":"Sat","fromhour":"5","tohour":"7","week1":"1","week2":"1","week3":"1","week4":"1","week5":"1","holidays":"1","blocksweepid":"1640605"}},{"type":"Feature","geometry":{"type":"LineString","coordinates":[[-122.389030967576,37.739533448632],[-122.389004771363,37.739420801563],[-122.389113409364,37.739112661356]]},"properties":{":id":"row-gp6x~5wq9~q5uv",":version":"rv-6rf4.bggk.k75m",":created_at":"2026-03-10T12:37:08.575Z",":updated_at":"2026-03-10T12:37:08.575Z","cnn":"206101","corridor":"03rd St","limits":"Innes Ave  -  Newhall St","cnnrightleft":"L","blockside":"East","fullname":"Saturday","weekday":"Sat","fromhour":"2","tohour":"6","week1":"1","week2":"1","week3":"1","week4":"1","week5":"1","holidays":"0","blocksweepid":"1629128"}},{"type":"Feature","geometry":{"type":"LineString","coordinates":[[-122.389277654334,37.716961295467],[-122.390205026187,37.717497914175]]},"properties":{":id":"row-qd6a~n7ni.858z",":version":"rv-edpq_xp94.5a4f",":created_at":"2026-03-10T12:37:08.575Z",":updated_at":"2026-03-10T12:37:08.575Z","cnn":"7247000","corridor":"Ingerson Ave","limits":"Griffith St  -  Coronado St","cnnrightleft":"R","blockside":"NorthEast","fullname":"Saturday","weekday":"Sat","fromhour":"7","tohour":"8","week1":"1","week2":"1","week3":"1","week4":"1","week5":"1","holidays":"0","blocksweepid":"1623564"}},{"type":"Feature","geometry":{"type":"LineString","coordinates":[[-122.417528773794,37.783310889584],[-122.419181703701,37.783101400225]]},"properties":{":id":"row-pd8n_v57b.dvvc",":version":"rv-avk9.s7dg-fss5",":created_at":"2026-03-10T12:37:08.575Z",":updated_at":"2026-03-10T12:37:08.575Z","cnn":"5064000","corridor":"Eddy St","limits":"Larkin St  -  Polk St","cnnrightleft":"R","blockside":"North","fullname":"Saturday","weekday":"Sat","fromhour":"6","tohour":"8","week1":"1","week2":"1","week3":"1","week4":"1","week5":"1","holidays":"0","blocksweepid":"1630926"}},{"type":"Feature","geometry":{"type":"LineString","coordinates":[[-122.444571083206,37.712783427274],[-122.444743290829,37.712622217509]]},"properties":{":id":"row-zfm7-sqi9_8pp5",":version":"rv-7hg5.435z.4j6q",":created_at":"2026-03-10T12:37:08.575Z",":updated_at":"2026-03-10T12:37:08.575Z","cnn":"9187000","corridor":"Mission St","limits":"Guttenberg St  -  Foote Ave","cnnrightleft":"L","blockside":"SouthEast","fullname":"Saturday","weekday":"Sat","fromhour":"5","tohour":"7","week1":"1","week2":"1","week3":"1","week4":"1","week5":"1","holidays":"0","blocksweepid":"1626577"}},{"type":"Feature","geometry":{"type":"LineString","coordinates":[[-122.420278830377,37.748125283089],[-122.420448706065,37.748062647383],[-122.421289449283,37.748044574998],[-122.421384746936,37.748032124585]]},"properties":{":id":"row-a2qj-47yz_94yv",":version":"rv-ggzc~j2jh-7z6c",":created_at":"2026-03-10T12:37:08.575Z",":updated_at":"2026-03-10T12:37:08.575Z","cnn":"2490101","corridor":"Cesar Chavez St","limits":"Valencia St  -  San Jose Ave","cnnrightleft":"R","blockside":"North","fullname":"Saturday","weekday":"Sat","fromhour":"8","tohour":"10","week1":"1","week2":"1","week3":"1","week4":"1","week5":"1","holidays":"0","blocksweepid":"1636940"}},{"type":"Feature","geometry":{"type":"LineString","coordinates":[[-122.484732261186,37.780092582495],[-122.484860583521,37.780013321064],[-122.485678069559,37.779977236103],[-122.485807575664,37.780037953227]]},"properties":{":id":"row-mq2i~itzt_63ua",":version":"rv-z2ez~w3n8-cwm6",":created_at":"2026-03-10T12:37:08.575Z",":updated_at":"2026-03-10T12:37:08.575Z","cnn":"6082101","corridor":"Geary Blvd","limits":"25th Ave  -  26th Ave","cnnrightleft":"L","blockside":"South","fullname":"Saturday","weekday":"Sat","fromhour":"7","tohour":"8","week1":"1","week2":"1","week3":"1","week4":"1","week5":"1","holidays":"0","blocksweepid":"1621923"}},{"type":"Feature","geometry":{"type":"LineString","coordinates":[[-122.388851283059,37.764321835521],[-122.388904785336,37.764228299307],[-122.388795203829,37.763129469326],[-122.388737998431,37.763048278835]]},"properties":{":id":"row-hmqx~i4gc~pa82",":version":"rv-rz5r_g58e_6mkr",":created_at":"2026-03-10T12:37:08.575Z",":updated_at":"2026-03-10T12:37:08.575Z","cnn":"187201","corridor":"03rd St","limits":"Mariposa St  -  18th St","cnnrightleft":"R","blockside":"West","fullname":"Saturday","weekday":"Sat","fromhour":"2","tohour":"6","week1":"1","week2":"1","week3":"1","week4":"1","week5":"1","holidays":"0","blocksweepid":"1613856"}},{"type":"Feature","geometry":{"type":"LineString","coordinates":[[-122.417501462483,37.776540893509],[-122.417528001429,37.776453330608],[-122.41865858298,37.7755581618]]},"properties":{":id":"row-tsex~rqbt_ycvh",":version":"rv-jz5c.yetu.uz3w",":created_at":"2026-03-10T12:37:08.575Z",":updated_at":"2026-03-10T12:37:08.575Z","cnn":"8754101","corridor":"Market St","limits":"Polk St  -  11th St","cnnrightleft":"L","blockside":"SouthEast","fullname":"Saturday","weekday":"Sat","fromhour":"5","tohour":"7","week1":"1","week2":"1","week3":"1","week4":"1","week5":"1","holidays":"1","blocksweepid":"1618089"}},{"type":"Feature","geometry":{"type":"LineString","coordinates":[[-122.404864793932,37.784006613234],[-122.406023808497,37.783091403293]]},"properties":{":id":"row-qxiy_9s8d~yecv",":version":"rv-ssy9-htcx-hh2d",":created_at":"2026-03-10T12:37:08.575Z",":updated_at":"2026-03-10T12:37:08.575Z","cnn":"9096002","corridor":"Mission St","limits":"Jessie East St  -  Jessie West St","cnnrightleft":"L","blockside":null,"fullname":"Saturday","weekday":"Sat","fromhour":"2","tohour":"6","week1":"1","week2":"1","week3":"1","week4":"1","week5":"1","holidays":"1","blocksweepid":"1618921"}},{"type":"Feature","geometry":{"type":"LineString","coordinates":[[-122.41880845049,37.781235767171],[-122.420239250861,37.781045220494],[-122.420439517797,37.781030842108]]},"properties":{":id":"row-g34d_tn7i_eab2",":version":"rv-sykf.f4s4_kugb",":created_at":"2026-03-10T12:37:08.575Z",":updated_at":"2026-03-10T12:37:08.575Z","cnn":"6265000","corridor":"Golden Gate Ave","limits":"Polk St  -  Van Ness Ave","cnnrightleft":"R","blockside":"North","fullname":"Saturday","weekday":"Sat","fromhour":"6","tohour":"8","week1":"1","week2":"1","week3":"1","week4":"1","week5":"1","holidays":"0","blocksweepid":"1622292"}},{"type":"Feature","geometry":{"type":"LineString","coordinates":[[-122.416580343173,37.778657855353],[-122.416765523752,37.778675152695],[-122.418226581079,37.778489116769]]},"properties":{":id":"row-23ja_peya-bfe3",":version":"rv-h5qg-uuuk_9hzi",":created_at":"2026-03-10T12:37:08.575Z",":updated_at":"2026-03-10T12:37:08.575Z","cnn":"6553000","corridor":"Grove St","limits":"Larkin St  -  Polk St","cnnrightleft":"R","blockside":"North","fullname":"Saturday","weekday":"Sat","fromhour":"2","tohour":"6","week1":"1","week2":"1","week3":"1","week4":"1","week5":"1","holidays":"0","blocksweepid":"1633259"}},{"type":"Feature","geometry":{"type":"LineString","coordinates":[[-122.510925947378,37.770435676064],[-122.511001474216,37.770318768176],[-122.510904945974,37.769674365519],[-122.510777705431,37.76895322255],[-122.510431688189,37.767262177444],[-122.510365330666,37.766580685124],[-122.510350219163,37.766010400586],[-122.510381283802,37.765486767691],[-122.510471777041,37.764629782408],[-122.510453447688,37.764164800561],[-122.510341319396,37.764000833634]]},"properties":{":id":"row-nase_xjvm.xqds",":version":"rv-5a4e~dvwr-hdhe",":created_at":"2026-03-10T12:37:08.575Z",":updated_at":"2026-03-10T12:37:08.575Z","cnn":"6435201","corridor":"Great Hwy","limits":"John F Kennedy Dr  -  Lincoln Way","cnnrightleft":"R","blockside":"West","fullname":"Saturday","weekday":"Sat","fromhour":"3","tohour":"5","week1":"1","week2":"1","week3":"1","week4":"1","week5":"1","holidays":"1","blocksweepid":"1613565"}},{"type":"Feature","geometry":{"type":"LineString","coordinates":[[-122.406398878228,37.786615347195],[-122.40803623664,37.78640961353]]},"properties":{":id":"row-r7kc_f7zx_9xse",":version":"rv-7w7i_6nza~cn73",":created_at":"2026-03-10T12:37:08.575Z",":updated_at":"2026-03-10T12:37:08.575Z","cnn":"9722000","corridor":"O'Farrell St","limits":"Stockton St  -  Powell St","cnnrightleft":"R","blockside":"North","fullname":"Saturday","weekday":"Sat","fromhour":"2","tohour":"6","week1":"1","week2":"1","week3":"1","week4":"1","week5":"1","holidays":"0","blocksweepid":"1603611"}},{"type":"Feature","geometry":{"type":"LineString","coordinates":[[-122.389611482614,37.771997938535],[-122.389670009895,37.771884244029],[-122.389606070169,37.771215335922],[-122.389526602327,37.771109952689]]},"properties":{":id":"row-fkdg-vdcg.ijtc",":version":"rv-jrmj_72df~jeng",":created_at":"2026-03-10T12:37:08.575Z",":updated_at":"2026-03-10T12:37:08.575Z","cnn":"185202","corridor":"03rd St","limits":"Start:  Block  -  End:  Block","cnnrightleft":"R","blockside":null,"fullname":"Saturday","weekday":"Sat","fromhour":"2","tohour":"6","week1":"1","week2":"1","week3":"1","week4":"1","week5":"1","holidays":"0","blocksweepid":"1613849"}},{"type":"Feature","geometry":{"type":"LineString","coordinates":[[-122.439872612567,37.785247526751],[-122.439933680747,37.785329815707],[-122.440094397227,37.786099666451],[-122.440061199955,37.78617958357]]},"properties":{":id":"row-imac~u8ys_tnaw",":version":"rv-ysxi_m3zx-gpqw",":created_at":"2026-03-10T12:37:08.575Z",":updated_at":"2026-03-10T12:37:08.575Z","cnn":"4814101","corridor":"Divisadero St","limits":"Sutter St  -  Bush St","cnnrightleft":"L","blockside":"West","fullname":"Saturday","weekday":"Sat","fromhour":"6","tohour":"8","week1":"1","week2":"1","week3":"1","week4":"1","week5":"1","holidays":"0","blocksweepid":"1637233"}},{"type":"Feature","geometry":{"type":"LineString","coordinates":[[-122.417486595427,37.765183134696],[-122.418579138758,37.765117159294]]},"properties":{":id":"row-wku4-g5hm.ynhd",":version":"rv-ppn5~c2gs-gbps",":created_at":"2026-03-10T12:37:08.575Z",":updated_at":"2026-03-10T12:37:08.575Z","cnn":"723000","corridor":"16th St","limits":"South Van Ness Ave  -  Capp St","cnnrightleft":"R","blockside":"North","fullname":"Saturday","weekday":"Sat","fromhour":"2","tohour":"6","week1":"1","week2":"1","week3":"1","week4":"1","week5":"1","holidays":"1","blocksweepid":"1628516"}},{"type":"Feature","geometry":{"type":"LineString","coordinates":[[-122.419086067987,37.807803117552],[-122.420743267337,37.807590106843]]},"properties":{":id":"row-baf5~irz8.4jh4",":version":"rv-g8za-w8uv_5g2u",":created_at":"2026-03-10T12:37:08.575Z",":updated_at":"2026-03-10T12:37:08.575Z","cnn":"7459000","corridor":"Jefferson St","limits":"Leavenworth St  -  Hyde St","cnnrightleft":"R","blockside":"North","fullname":"Saturday","weekday":"Sat","fromhour":"1","tohour":"3","week1":"1","week2":"1","week3":"1","week4":"1","week5":"1","holidays":"1","blocksweepid":"1597420"}},{"type":"Feature","geometry":{"type":"LineString","coordinates":[[-122.42194858465,37.78848964293],[-122.422069944537,37.788569779079],[-122.422145379173,37.788942624271]]},"properties":{":id":"row-qfzs_tddh-ffdv",":version":"rv-igkt~guqc~ycxr",":created_at":"2026-03-10T12:37:08.575Z",":updated_at":"2026-03-10T12:37:08.575Z","cnn":"13156101","corridor":"Van Ness Ave","limits":"Bush St  -  Austin St","cnnrightleft":"L","blockside":"West","fullname":"Saturday","weekday":"Sat","fromhour":"4","tohour":"6","week1":"1","week2":"1","week3":"1","week4":"1","week5":"1","holidays":"1","blocksweepid":"1640048"}},{"type":"Feature","geometry":{"type":"LineString","coordinates":[[-122.421192974629,37.7847534462],[-122.421277342233,37.7848568113],[-122.421360063587,37.78521438351]]},"properties":{":id":"row-tunx.7juh~2e75",":version":"rv-hvf7-cxsj-yy63",":created_at":"2026-03-10T12:37:08.575Z",":updated_at":"2026-03-10T12:37:08.575Z","cnn":"13152101","corridor":"Van Ness Ave","limits":"O'Farrell St  -  Myrtle St","cnnrightleft":"L","blockside":"West","fullname":"Saturday","weekday":"Sat","fromhour":"4","tohour":"6","week1":"1","week2":"1","week3":"1","week4":"1","week5":"1","holidays":"1","blocksweepid":"1640041"}},{"type":"Feature","geometry":{"type":"LineString","coordinates":[[-122.405318329414,37.797089847723],[-122.405512936056,37.797064590557]]},"properties":{":id":"row-e54f.rf66~qsrn",":version":"rv-ddde_gqgf_fyzi",":created_at":"2026-03-10T12:37:08.575Z",":updated_at":"2026-03-10T12:37:08.575Z","cnn":"10124000","corridor":"Pacific Ave","limits":"Kearny St  -  Columbus Ave","cnnrightleft":"R","blockside":"North","fullname":"Saturday","weekday":"Sat","fromhour":"2","tohour":"6","week1":"1","week2":"1","week3":"1","week4":"1","week5":"1","holidays":"0","blocksweepid":"1603993"}},{"type":"Feature","geometry":{"type":"LineString","coordinates":[[-122.403579879163,37.788427261877],[-122.403660676944,37.788894429573]]},"properties":{":id":"row-9ce2~2vb6.vnp4",":version":"rv-awuh.m7pz.2ni8",":created_at":"2026-03-10T12:37:08.575Z",":updated_at":"2026-03-10T12:37:08.575Z","cnn":"7748000","corridor":"Kearny St","limits":"Maiden Ln  -  Post St","cnnrightleft":"L","blockside":"West","fullname":"Saturday","weekday":"Sat","fromhour":"2","tohour":"6","week1":"1","week2":"1","week3":"1","week4":"1","week5":"1","holidays":"0","blocksweepid":"1623979"}},{"type":"Feature","geometry":{"type":"LineString","coordinates":[[-122.410953740074,37.800832981544],[-122.411376270209,37.801125132839]]},"properties":{":id":"row-uuxu.tu78_pzte",":version":"rv-fazc_fnrg.qis3",":created_at":"2026-03-10T12:37:08.575Z",":updated_at":"2026-03-10T12:37:08.575Z","cnn":"4297000","corridor":"Columbus Ave","limits":"Powell St  -  Filbert St","cnnrightleft":"R","blockside":"NorthEast","fullname":"Saturday","weekday":"Sat","fromhour":"4","tohour":"6","week1":"1","week2":"1","week3":"1","week4":"1","week5":"1","holidays":"0","blocksweepid":"1603294"}},{"type":"Feature","geometry":{"type":"LineString","coordinates":[[-122.437610623863,37.774061646375],[-122.437672869155,37.774139110663],[-122.437832240729,37.774903523387],[-122.437798747067,37.774991947847]]},"properties":{":id":"row-yuve.rmrb-7ebw",":version":"rv-2nvb_2c2n.v2qw",":created_at":"2026-03-10T12:37:08.575Z",":updated_at":"2026-03-10T12:37:08.575Z","cnn":"4802101","corridor":"Divisadero St","limits":"Fell St  -  Hayes St","cnnrightleft":"L","blockside":"West","fullname":"Saturday","weekday":"Sat","fromhour":"6","tohour":"8","week1":"1","week2":"1","week3":"1","week4":"1","week5":"1","holidays":"0","blocksweepid":"1615292"}},{"type":"Feature","geometry":{"type":"LineString","coordinates":[[-122.465352870998,37.780965490787],[-122.465472151232,37.780892429901],[-122.466293380636,37.780857832127],[-122.466426902298,37.780924587549]]},"properties":{":id":"row-4hd2~kcgd.5929",":version":"rv-s8nb.27qk.kf4g",":created_at":"2026-03-10T12:37:08.575Z",":updated_at":"2026-03-10T12:37:08.575Z","cnn":"6063101","corridor":"Geary Blvd","limits":"07th Ave  -  08th Ave","cnnrightleft":"L","blockside":"South","fullname":"Saturday","weekday":"Sat","fromhour":"7","tohour":"8","week1":"1","week2":"1","week3":"1","week4":"1","week5":"1","holidays":"0","blocksweepid":"1621904"}},{"type":"Feature","geometry":{"type":"LineString","coordinates":[[-122.501770499044,37.728394038133],[-122.502501938374,37.726645181306]]},"properties":{":id":"row-t58j~y5kf~cu2b",":version":"rv-k6e3_svra~5gsb",":created_at":"2026-03-10T12:37:08.575Z",":updated_at":"2026-03-10T12:37:08.575Z","cnn":"11941000","corridor":"Skyline Blvd","limits":"Herbst Rd  -  Harding Rd","cnnrightleft":"L","blockside":"East","fullname":"Saturday","weekday":"Sat","fromhour":"4","tohour":"6","week1":"1","week2":"1","week3":"1","week4":"1","week5":"1","holidays":"0","blocksweepid":"1611063"}},{"type":"Feature","geometry":{"type":"LineString","coordinates":[[-122.511282101517,37.77295994379],[-122.51119546082,37.772830691049],[-122.510989939207,37.771433706995],[-122.511053755672,37.771342499596]]},"properties":{":id":"row-z4gu-h6bz_iude",":version":"rv-8xr9~57xp-2swb",":created_at":"2026-03-10T12:37:08.575Z",":updated_at":"2026-03-10T12:37:08.575Z","cnn":"6433101","corridor":"Great Hwy","limits":"Cabrillo St  -  Fulton St","cnnrightleft":"L","blockside":"East","fullname":"Saturday","weekday":"Sat","fromhour":"2","tohour":"6","week1":"1","week2":"1","week3":"1","week4":"1","week5":"1","holidays":"0","blocksweepid":"1601811"}},{"type":"Feature","geometry":{"type":"LineString","coordinates":[[-122.432914248247,37.78435505664],[-122.433083398237,37.785150940561]]},"properties":{":id":"row-kdp8-pig2.ffuh",":version":"rv-nspy-sd9x-2cax",":created_at":"2026-03-10T12:37:08.575Z",":updated_at":"2026-03-10T12:37:08.575Z","cnn":"5547000","corridor":"Fillmore St","limits":"Geary Blvd  -  Post St","cnnrightleft":"L","blockside":"West","fullname":"Saturday","weekday":"Sat","fromhour":"6","tohour":"8","week1":"1","week2":"1","week3":"1","week4":"1","week5":"1","holidays":"0","blocksweepid":"1631374"}},{"type":"Feature","geometry":{"type":"LineString","coordinates":[[-122.406220480026,37.793831753392],[-122.406304985895,37.794263626856]]},"properties":{":id":"row-mkrx_uc3t_knq8",":version":"rv-34rz~4x6u~qb7j",":created_at":"2026-03-10T12:37:08.575Z",":updated_at":"2026-03-10T12:37:08.575Z","cnn":"6394000","corridor":"Grant Ave","limits":"Commercial St  -  Clay St","cnnrightleft":"R","blockside":"East","fullname":"Saturday","weekday":"Sat","fromhour":"2","tohour":"6","week1":"1","week2":"1","week3":"1","week4":"1","week5":"1","holidays":"0","blocksweepid":"1606408"}},{"type":"Feature","geometry":{"type":"LineString","coordinates":[[-122.407082925661,37.798152056594],[-122.407869496169,37.798696861567]]},"properties":{":id":"row-jk6x~fr6v~me24",":version":"rv-yxyi_4js5-epyn",":created_at":"2026-03-10T12:37:08.575Z",":updated_at":"2026-03-10T12:37:08.575Z","cnn":"4293000","corridor":"Columbus Ave","limits":"Grant Ave  -  Vallejo St","cnnrightleft":"R","blockside":"NorthEast","fullname":"Saturday","weekday":"Sat","fromhour":"4","tohour":"6","week1":"1","week2":"1","week3":"1","week4":"1","week5":"1","holidays":"0","blocksweepid":"1603290"}},{"type":"Feature","geometry":{"type":"LineString","coordinates":[[-122.418221170888,37.748165688851],[-122.418356882803,37.748198275742],[-122.41917060347,37.748179392265]]},"properties":{":id":"row-ff2r_s84n.6cb8",":version":"rv-znyj-58uu.m83q",":created_at":"2026-03-10T12:37:08.575Z",":updated_at":"2026-03-10T12:37:08.575Z","cnn":"2489201","corridor":"Cesar Chavez St","limits":"Mission St  -  Bartlett St","cnnrightleft":"L","blockside":"South","fullname":"Saturday","weekday":"Sat","fromhour":"8","tohour":"10","week1":"1","week2":"1","week3":"1","week4":"1","week5":"1","holidays":"0","blocksweepid":"1629614"}},{"type":"Feature","geometry":{"type":"LineString","coordinates":[[-122.420247184087,37.78007469645],[-122.420335800558,37.78018964624],[-122.420499204779,37.780909308367],[-122.420439517797,37.781030842108]]},"properties":{":id":"row-yqqb~z539_isaq",":version":"rv-tqde.8e7x-q56u",":created_at":"2026-03-10T12:37:08.575Z",":updated_at":"2026-03-10T12:37:08.575Z","cnn":"13147101","corridor":"Van Ness Ave","limits":"McAllister St  -  Golden Gate Ave","cnnrightleft":"L","blockside":"West","fullname":"Saturday","weekday":"Sat","fromhour":"4","tohour":"6","week1":"1","week2":"1","week3":"1","week4":"1","week5":"1","holidays":"1","blocksweepid":"1598882"}},{"type":"Feature","geometry":{"type":"LineString","coordinates":[[-122.403260968839,37.74953040948],[-122.403667613328,37.749458114222],[-122.405075794315,37.749151781395],[-122.405152674242,37.749140154908]]},"properties":{":id":"row-u3ca~4mjr.e4zu",":version":"rv-9x6j~wrcm.67rx",":created_at":"2026-03-10T12:37:08.575Z",":updated_at":"2026-03-10T12:37:08.575Z","cnn":"2479202","corridor":"Cesar Chavez St","limits":"Hwy 101 N On Ramp  -  Hwy 101 S Off Ramp","cnnrightleft":"L","blockside":"South","fullname":"Saturday","weekday":"Sat","fromhour":"8","tohour":"10","week1":"1","week2":"1","week3":"1","week4":"1","week5":"1","holidays":"0","blocksweepid":"1629603"}},{"type":"Feature","geometry":{"type":"LineString","coordinates":[[-122.493469932994,37.729596663122],[-122.493215795712,37.729439714402],[-122.49259909667,37.729094984687],[-122.492238310601,37.728940650602],[-122.491912289439,37.728901425771],[-122.49152117789,37.728944066386],[-122.491084957417,37.729180614703],[-122.490662731765,37.729608823949],[-122.490546784727,37.729652016414]]},"properties":{":id":"row-2dji.tx82~kzpm",":version":"rv-yke4_wpdb_cyeg",":created_at":"2026-03-10T12:37:08.575Z",":updated_at":"2026-03-10T12:37:08.575Z","cnn":"8045101","corridor":"Lake Merced Blvd","limits":"Sunset Blvd  -  Clearfield Dr","cnnrightleft":"L","blockside":"North","fullname":"Saturday","weekday":"Sat","fromhour":"4","tohour":"6","week1":"1","week2":"1","week3":"1","week4":"1","week5":"1","holidays":"0","blocksweepid":"1616565"}},{"type":"Feature","geometry":{"type":"LineString","coordinates":[[-122.405512936056,37.797064590557],[-122.406526941444,37.796943879108]]},"properties":{":id":"row-didx_s8iv_3pib",":version":"rv-kmkb_jsdp~vdyq",":created_at":"2026-03-10T12:37:08.575Z",":updated_at":"2026-03-10T12:37:08.575Z","cnn":"10125000","corridor":"Pacific Ave","limits":"Columbus Ave  -  Beckett St","cnnrightleft":"R","blockside":"North","fullname":"Saturday","weekday":"Sat","fromhour":"2","tohour":"6","week1":"1","week2":"1","week3":"1","week4":"1","week5":"1","holidays":"0","blocksweepid":"1603994"}},{"type":"Feature","geometry":{"type":"LineString","coordinates":[[-122.405318329414,37.797089847723],[-122.405409100325,37.797544592985]]},"properties":{":id":"row-rhn4~wuje_5zcd",":version":"rv-iiqi-sy8b~52eu",":created_at":"2026-03-10T12:37:08.575Z",":updated_at":"2026-03-10T12:37:08.575Z","cnn":"7763000","corridor":"Kearny St","limits":"Pacific Ave  -  Nottingham Pl","cnnrightleft":"L","blockside":"West","fullname":"Saturday","weekday":"Sat","fromhour":"4","tohour":"6","week1":"1","week2":"1","week3":"1","week4":"1","week5":"1","holidays":"0","blocksweepid":"1624121"}},{"type":"Feature","geometry":{"type":"LineString","coordinates":[[-122.403746846512,37.789363277615],[-122.403841563565,37.789829338933]]},"properties":{":id":"row-egzp-tsrp_i6ew",":version":"rv-d7pn_5bxf_nkrz",":created_at":"2026-03-10T12:37:08.575Z",":updated_at":"2026-03-10T12:37:08.575Z","cnn":"7750000","corridor":"Kearny St","limits":"Ver Mehr Pl  -  Sutter St","cnnrightleft":"R","blockside":"East","fullname":"Saturday","weekday":"Sat","fromhour":"2","tohour":"6","week1":"1","week2":"1","week3":"1","week4":"1","week5":"1","holidays":"0","blocksweepid":"1623997"}},{"type":"Feature","geometry":{"type":"LineString","coordinates":[[-122.402209197545,37.728101973655],[-122.402105120585,37.727789703729]]},"properties":{":id":"row-tev7~g3ie-64v4",":version":"rv-nrmd_mkzn~uba2",":created_at":"2026-03-10T12:37:08.575Z",":updated_at":"2026-03-10T12:37:08.575Z","cnn":"2809000","corridor":"Bay Shore Blvd","limits":"Bacon St  -  Phelps St","cnnrightleft":"L","blockside":"East","fullname":"Saturday","weekday":"Sat","fromhour":"7","tohour":"8","week1":"1","week2":"1","week3":"1","week4":"1","week5":"1","holidays":"0","blocksweepid":"1613341"}},{"type":"Feature","geometry":{"type":"LineString","coordinates":[[-122.387756280195,37.752835611596],[-122.387816779693,37.752742976117],[-122.387711130617,37.751640757479],[-122.387633975006,37.751559603325]]},"properties":{":id":"row-3mes_if2r-jqvf",":version":"rv-w9s3-fu8k-6via",":created_at":"2026-03-10T12:37:08.575Z",":updated_at":"2026-03-10T12:37:08.575Z","cnn":"194201","corridor":"03rd St","limits":"25th St  -  26th St","cnnrightleft":"R","blockside":"West","fullname":"Saturday","weekday":"Sat","fromhour":"2","tohour":"6","week1":"1","week2":"1","week3":"1","week4":"1","week5":"1","holidays":"0","blocksweepid":"1613863"}},{"type":"Feature","geometry":{"type":"LineString","coordinates":[[-122.419273432237,37.783567785618],[-122.41936416784,37.784029116242]]},"properties":{":id":"row-ba6h_b53y.pxux",":version":"rv-xt7m-3u3c~vfk4",":created_at":"2026-03-10T12:37:08.575Z",":updated_at":"2026-03-10T12:37:08.575Z","cnn":"10556000","corridor":"Polk St","limits":"Willow St  -  Ellis St","cnnrightleft":"L","blockside":"West","fullname":"Saturday","weekday":"Sat","fromhour":"6","tohour":"8","week1":"1","week2":"1","week3":"1","week4":"1","week5":"1","holidays":"0","blocksweepid":"1619946"}},{"type":"Feature","geometry":{"type":"LineString","coordinates":[[-122.406589883972,37.78756802487],[-122.40822672566,37.787359262241]]},"properties":{":id":"row-g425-ubdt~97jk",":version":"rv-ikp3.8wdk.u79w",":created_at":"2026-03-10T12:37:08.575Z",":updated_at":"2026-03-10T12:37:08.575Z","cnn":"6109000","corridor":"Geary St","limits":"Stockton St  -  Powell St","cnnrightleft":"R","blockside":"North","fullname":"Saturday","weekday":"Sat","fromhour":"2","tohour":"6","week1":"1","week2":"1","week3":"1","week4":"1","week5":"1","holidays":"0","blocksweepid":"1606093"}},{"type":"Feature","geometry":{"type":"LineString","coordinates":[[-122.400784747653,37.723616209195],[-122.400382132593,37.722633285191]]},"properties":{":id":"row-d5zj_im86-4hna",":version":"rv-n52r_jgc6-5jnb",":created_at":"2026-03-10T12:37:08.575Z",":updated_at":"2026-03-10T12:37:08.575Z","cnn":"2814000","corridor":"Bay Shore Blvd","limits":"Paul Ave  -  Wheat St","cnnrightleft":"R","blockside":"West","fullname":"Saturday","weekday":"Sat","fromhour":"7","tohour":"8","week1":"1","week2":"1","week3":"1","week4":"1","week5":"1","holidays":"0","blocksweepid":"1628257"}},{"type":"Feature","geometry":{"type":"LineString","coordinates":[[-122.400382132593,37.722633285191],[-122.399925016868,37.72151727204]]},"properties":{":id":"row-xk6h_h5b6.q649",":version":"rv-qvmy-azgr.fve7",":created_at":"2026-03-10T12:37:08.575Z",":updated_at":"2026-03-10T12:37:08.575Z","cnn":"2815000","corridor":"Bay Shore Blvd","limits":"Wheat St  -  Hwy 101 S On Ramp","cnnrightleft":"R","blockside":"West","fullname":"Saturday","weekday":"Sat","fromhour":"7","tohour":"8","week1":"1","week2":"1","week3":"1","week4":"1","week5":"1","holidays":"0","blocksweepid":"1628258"}},{"type":"Feature","geometry":{"type":"LineString","coordinates":[[-122.40647940289,37.782731636192],[-122.407164382555,37.782190721716]]},"properties":{":id":"row-chks_md8k_zd4x",":version":"rv-npgu_kpnz~x844",":created_at":"2026-03-10T12:37:08.575Z",":updated_at":"2026-03-10T12:37:08.575Z","cnn":"9097000","corridor":"Mission St","limits":"05th St  -  Mint St","cnnrightleft":"R","blockside":"NorthWest","fullname":"Saturday","weekday":"Sat","fromhour":"2","tohour":"6","week1":"1","week2":"1","week3":"1","week4":"1","week5":"1","holidays":"1","blocksweepid":"1618477"}},{"type":"Feature","geometry":{"type":"LineString","coordinates":[[-122.410951618189,37.78414101264],[-122.411139801283,37.785074596379]]},"properties":{":id":"row-q385_8h78.9nq2",":version":"rv-d3vz~nxb2_kk2b",":created_at":"2026-03-10T12:37:08.575Z",":updated_at":"2026-03-10T12:37:08.575Z","cnn":"12428000","corridor":"Taylor St","limits":"Eddy St  -  Ellis St","cnnrightleft":"L","blockside":"West","fullname":"Saturday","weekday":"Sat","fromhour":"6","tohour":"8","week1":"1","week2":"1","week3":"1","week4":"1","week5":"1","holidays":"0","blocksweepid":"1617059"}},{"type":"Feature","geometry":{"type":"LineString","coordinates":[[-122.406628200105,37.779314675085],[-122.4061628586,37.778942761943]]},"properties":{":id":"row-fynv~saug_4jc5",":version":"rv-atjb~22jc-cvax",":created_at":"2026-03-10T12:37:08.575Z",":updated_at":"2026-03-10T12:37:08.575Z","cnn":"333000","corridor":"06th St","limits":"Tehama St  -  Clementina St","cnnrightleft":"R","blockside":"SouthWest","fullname":"Saturday","weekday":"Sat","fromhour":"4","tohour":"6","week1":"1","week2":"1","week3":"1","week4":"1","week5":"1","holidays":"1","blocksweepid":"1636389"}},{"type":"Feature","geometry":{"type":"LineString","coordinates":[[-122.429304397483,37.730742172861],[-122.42937775449,37.730719870119],[-122.430104659729,37.729988400739],[-122.430110918362,37.729930587958]]},"properties":{":id":"row-jn4p~8w3f_y5bh",":version":"rv-xwrf~cj8z~64zp",":created_at":"2026-03-10T12:37:08.575Z",":updated_at":"2026-03-10T12:37:08.575Z","cnn":"9151201","corridor":"Mission St","limits":"Trumbull St  -  Ney St","cnnrightleft":"R","blockside":"NorthWest","fullname":"Saturday","weekday":"Sat","fromhour":"5","tohour":"7","week1":"1","week2":"1","week3":"1","week4":"1","week5":"1","holidays":"0","blocksweepid":"1626222"}},{"type":"Feature","geometry":{"type":"LineString","coordinates":[[-122.493469932994,37.729596663122],[-122.493215795712,37.729439714402],[-122.49259909667,37.729094984687],[-122.492238310601,37.728940650602],[-122.491912289439,37.728901425771],[-122.49152117789,37.728944066386],[-122.491084957417,37.729180614703],[-122.490662731765,37.729608823949],[-122.490546784727,37.729652016414]]},"properties":{":id":"row-xsn6.3j5x~b4cs",":version":"rv-5jdw~e7aq.746s",":created_at":"2026-03-10T12:37:08.575Z",":updated_at":"2026-03-10T12:37:08.575Z","cnn":"8045101","corridor":"Lake Merced Blvd","limits":"Sunset Blvd  -  Clearfield Dr","cnnrightleft":"R","blockside":"South","fullname":"Saturday","weekday":"Sat","fromhour":"4","tohour":"6","week1":"1","week2":"1","week3":"1","week4":"1","week5":"1","holidays":"0","blocksweepid":"1597917"}},{"type":"Feature","geometry":{"type":"LineString","coordinates":[[-122.42001957405,37.787280026389],[-122.421559716288,37.787087251593]]},"properties":{":id":"row-7mgz_xe68.pptw",":version":"rv-bqdy.i289-ghuc",":created_at":"2026-03-10T12:37:08.575Z",":updated_at":"2026-03-10T12:37:08.575Z","cnn":"6876000","corridor":"Hemlock St","limits":"Polk St  -  Van Ness Ave","cnnrightleft":"L","blockside":"South","fullname":"Saturday","weekday":"Sat","fromhour":"4","tohour":"6","week1":"1","week2":"1","week3":"1","week4":"1","week5":"1","holidays":"1","blocksweepid":"1623390"}},{"type":"Feature","geometry":{"type":"LineString","coordinates":[[-122.4717754593,37.78068110402],[-122.471859851114,37.780608576812],[-122.472159104836,37.780594944826],[-122.472312256173,37.780655827805]]},"properties":{":id":"row-kgcb~rwtn_tsju",":version":"rv-ngxd_4b6j-bibk",":created_at":"2026-03-10T12:37:08.575Z",":updated_at":"2026-03-10T12:37:08.575Z","cnn":"6069101","corridor":"Geary Blvd","limits":"Funston Ave  -  Park Presidio Blvd","cnnrightleft":"L","blockside":"South","fullname":"Saturday","weekday":"Sat","fromhour":"7","tohour":"8","week1":"1","week2":"1","week3":"1","week4":"1","week5":"1","holidays":"0","blocksweepid":"1621910"}},{"type":"Feature","geometry":{"type":"LineString","coordinates":[[-122.490546784727,37.729652016414],[-122.490536566244,37.729749353595],[-122.490240117321,37.730059526632],[-122.489990172305,37.730252773342],[-122.489574986756,37.730398108521],[-122.489203146727,37.730432401853],[-122.488808018362,37.730357419991],[-122.486666211478,37.729698884503],[-122.486552072443,37.729585010642]]},"properties":{":id":"row-kj9t.jqxv~6riy",":version":"rv-hx7c~hntd.a52i",":created_at":"2026-03-10T12:37:08.575Z",":updated_at":"2026-03-10T12:37:08.575Z","cnn":"8046101","corridor":"Lake Merced Blvd","limits":"Clearfield Dr  -  Middlefield Dr","cnnrightleft":"L","blockside":"North","fullname":"Saturday","weekday":"Sat","fromhour":"4","tohour":"6","week1":"1","week2":"1","week3":"1","week4":"1","week5":"1","holidays":"0","blocksweepid":"1616566"}},{"type":"Feature","geometry":{"type":"LineString","coordinates":[[-122.404796472442,37.794453004766],[-122.405663217532,37.794345222349]]},"properties":{":id":"row-ptpt.fyd3~gsr9",":version":"rv-62ry-nwug~88eh",":created_at":"2026-03-10T12:37:08.575Z",":updated_at":"2026-03-10T12:37:08.575Z","cnn":"4087000","corridor":"Clay St","limits":"Kearny St  -  Walter U Lum Pl","cnnrightleft":"R","blockside":"North","fullname":"Saturday","weekday":"Sat","fromhour":"2","tohour":"6","week1":"1","week2":"1","week3":"1","week4":"1","week5":"1","holidays":"0","blocksweepid":"1637059"}},{"type":"Feature","geometry":{"type":"LineString","coordinates":[[-122.437461139482,37.721163548823],[-122.437533060276,37.721121785914],[-122.438311515463,37.720092519839],[-122.438329414073,37.720015525127]]},"properties":{":id":"row-vefk-7d6w.jasw",":version":"rv-gire~asux_u9iq",":created_at":"2026-03-10T12:37:08.575Z",":updated_at":"2026-03-10T12:37:08.575Z","cnn":"9172201","corridor":"Mission St","limits":"Onondaga Ave  -  France Ave","cnnrightleft":"R","blockside":"NorthWest","fullname":"Saturday","weekday":"Sat","fromhour":"5","tohour":"7","week1":"1","week2":"1","week3":"1","week4":"1","week5":"1","holidays":"0","blocksweepid":"1626243"}},{"type":"Feature","geometry":{"type":"LineString","coordinates":[[-122.404583316994,37.786730565979],[-122.40486893408,37.78690492751],[-122.40504139842,37.787765496043]]},"properties":{":id":"row-adzs-mrpb_it8r",":version":"rv-9huc_4qdb.f4m8",":created_at":"2026-03-10T12:37:08.575Z",":updated_at":"2026-03-10T12:37:08.575Z","cnn":"6381000","corridor":"Grant Ave","limits":"Market St  -  Geary St","cnnrightleft":"L","blockside":"West","fullname":"Saturday","weekday":"Sat","fromhour":"2","tohour":"6","week1":"1","week2":"1","week3":"1","week4":"1","week5":"1","holidays":"0","blocksweepid":"1606391"}},{"type":"Feature","geometry":{"type":"LineString","coordinates":[[-122.403660676944,37.788894429573],[-122.403746846512,37.789363277615]]},"properties":{":id":"row-ixeb_9y9t~xzjg",":version":"rv-nrkh.6j6x-i7jg",":created_at":"2026-03-10T12:37:08.575Z",":updated_at":"2026-03-10T12:37:08.575Z","cnn":"7749000","corridor":"Kearny St","limits":"Post St  -  Ver Mehr Pl","cnnrightleft":"L","blockside":"West","fullname":"Saturday","weekday":"Sat","fromhour":"2","tohour":"6","week1":"1","week2":"1","week3":"1","week4":"1","week5":"1","holidays":"0","blocksweepid":"1623980"}},{"type":"Feature","geometry":{"type":"LineString","coordinates":[[-122.430809255803,37.729227846343],[-122.430817222326,37.729147256775],[-122.431179363436,37.728774869739],[-122.431293843553,37.728729547962]]},"properties":{":id":"row-4gkt.r7ft.ey4m",":version":"rv-sxfs_3ywc~h6m4",":created_at":"2026-03-10T12:37:08.575Z",":updated_at":"2026-03-10T12:37:08.575Z","cnn":"9154101","corridor":"Mission St","limits":"Maynard St  -  Silver Ave","cnnrightleft":"L","blockside":"SouthEast","fullname":"Saturday","weekday":"Sat","fromhour":"5","tohour":"7","week1":"1","week2":"1","week3":"1","week4":"1","week5":"1","holidays":"0","blocksweepid":"1619429"}},{"type":"Feature","geometry":{"type":"LineString","coordinates":[[-122.403746846512,37.789363277615],[-122.403841563565,37.789829338933]]},"properties":{":id":"row-brjs~jzym_3j5u",":version":"rv-wmk4.wnqk~6x9q",":created_at":"2026-03-10T12:37:08.575Z",":updated_at":"2026-03-10T12:37:08.575Z","cnn":"7750000","corridor":"Kearny St","limits":"Ver Mehr Pl  -  Sutter St","cnnrightleft":"L","blockside":"West","fullname":"Saturday","weekday":"Sat","fromhour":"2","tohour":"6","week1":"1","week2":"1","week3":"1","week4":"1","week5":"1","holidays":"0","blocksweepid":"1623981"}},{"type":"Feature","geometry":{"type":"LineString","coordinates":[[-122.410206544063,37.800315499308],[-122.410953740074,37.800832981544]]},"properties":{":id":"row-nqk2-ezc6_qany",":version":"rv-jfz3~hwzf_wd7b",":created_at":"2026-03-10T12:37:08.575Z",":updated_at":"2026-03-10T12:37:08.575Z","cnn":"4296000","corridor":"Columbus Ave","limits":"Union St  -  Powell St","cnnrightleft":"L","blockside":"SouthWest","fullname":"Saturday","weekday":"Sat","fromhour":"4","tohour":"6","week1":"1","week2":"1","week3":"1","week4":"1","week5":"1","holidays":"0","blocksweepid":"1637356"}},{"type":"Feature","geometry":{"type":"LineString","coordinates":[[-122.411755492571,37.788169496581],[-122.412404683738,37.788086692014]]},"properties":{":id":"row-qph6.fbdt-dzfh",":version":"rv-pqbj~hhz6~q84p",":created_at":"2026-03-10T12:37:08.575Z",":updated_at":"2026-03-10T12:37:08.575Z","cnn":"4445000","corridor":"Cosmo Pl","limits":"Taylor St  -  Trader Vic Aly","cnnrightleft":"L","blockside":"South","fullname":"Saturday","weekday":"Sat","fromhour":"2","tohour":"6","week1":"1","week2":"1","week3":"1","week4":"1","week5":"1","holidays":"0","blocksweepid":"1603344"}},{"type":"Feature","geometry":{"type":"LineString","coordinates":[[-122.412024074642,37.781136160202],[-122.412220735371,37.782073067927]]},"properties":{":id":"row-8f2f-pqas.eueq",":version":"rv-txwv~t7zv-sje3",":created_at":"2026-03-10T12:37:08.575Z",":updated_at":"2026-03-10T12:37:08.575Z","cnn":"7563000","corridor":"Jones St","limits":"McAllister St  -  Golden Gate Ave","cnnrightleft":"L","blockside":"West","fullname":"Saturday","weekday":"Sat","fromhour":"6","tohour":"8","week1":"1","week2":"1","week3":"1","week4":"1","week5":"1","holidays":"0","blocksweepid":"1597559"}},{"type":"Feature","geometry":{"type":"LineString","coordinates":[[-122.437461139482,37.721163548823],[-122.437469806419,37.721098761052],[-122.438250784645,37.720066160357],[-122.438329414073,37.720015525127]]},"properties":{":id":"row-zh69-5wie-etx4",":version":"rv-v4fk_83ke~m4wd",":created_at":"2026-03-10T12:37:08.575Z",":updated_at":"2026-03-10T12:37:08.575Z","cnn":"9172101","corridor":"Mission St","limits":"Onondaga Ave  -  France Ave","cnnrightleft":"L","blockside":"SouthEast","fullname":"Saturday","weekday":"Sat","fromhour":"5","tohour":"7","week1":"1","week2":"1","week3":"1","week4":"1","week5":"1","holidays":"0","blocksweepid":"1619447"}},{"type":"Feature","geometry":{"type":"LineString","coordinates":[[-122.406398878228,37.786615347195],[-122.406589883972,37.78756802487]]},"properties":{":id":"row-86h9~7vev.iaiy",":version":"rv-eqqe~n6f7_buhy",":created_at":"2026-03-10T12:37:08.575Z",":updated_at":"2026-03-10T12:37:08.575Z","cnn":"12195000","corridor":"Stockton St","limits":"O'Farrell St  -  Geary St","cnnrightleft":"L","blockside":"West","fullname":"Saturday","weekday":"Sat","fromhour":"2","tohour":"6","week1":"1","week2":"1","week3":"1","week4":"1","week5":"1","holidays":"0","blocksweepid":"1639369"}},{"type":"Feature","geometry":{"type":"LineString","coordinates":[[-122.473982470231,37.780575382328],[-122.474098399686,37.780510542874],[-122.474961806025,37.780469705538],[-122.475083580853,37.78052853468]]},"properties":{":id":"row-gmxn~cmp6-xwqt",":version":"rv-jn2w_jmxp_btfa",":created_at":"2026-03-10T12:37:08.575Z",":updated_at":"2026-03-10T12:37:08.575Z","cnn":"6072101","corridor":"Geary Blvd","limits":"15th Ave  -  16th Ave","cnnrightleft":"L","blockside":"South","fullname":"Saturday","weekday":"Sat","fromhour":"7","tohour":"8","week1":"1","week2":"1","week3":"1","week4":"1","week5":"1","holidays":"0","blocksweepid":"1621913"}},{"type":"Feature","geometry":{"type":"LineString","coordinates":[[-122.414711003922,37.776230519995],[-122.415127952624,37.775889703335]]},"properties":{":id":"row-8uip_jg3m-cpx3",":version":"rv-t4ni~sk8z~nmjz",":created_at":"2026-03-10T12:37:08.575Z",":updated_at":"2026-03-10T12:37:08.575Z","cnn":"9105000","corridor":"Mission St","limits":"09th St  -  Washburn St","cnnrightleft":"R","blockside":"NorthWest","fullname":"Saturday","weekday":"Sat","fromhour":"2","tohour":"6","week1":"1","week2":"1","week3":"1","week4":"1","week5":"1","holidays":"1","blocksweepid":"1618485"}},{"type":"Feature","geometry":{"type":"LineString","coordinates":[[-122.417996269533,37.78564170987],[-122.41808809815,37.786101039683]]},"properties":{":id":"row-g2f8.3kvs~xv3i",":version":"rv-6q6y.5n32.auub",":created_at":"2026-03-10T12:37:08.575Z",":updated_at":"2026-03-10T12:37:08.575Z","cnn":"8131000","corridor":"Larkin St","limits":"Myrtle St  -  Geary St","cnnrightleft":"L","blockside":"West","fullname":"Saturday","weekday":"Sat","fromhour":"6","tohour":"8","week1":"1","week2":"1","week3":"1","week4":"1","week5":"1","holidays":"0","blocksweepid":"1616761"}},{"type":"Feature","geometry":{"type":"LineString","coordinates":[[-122.391244493388,37.733223261805],[-122.391343014659,37.733144386131],[-122.391540008228,37.732581309612],[-122.391521350863,37.732431908124]]},"properties":{":id":"row-upec~3skh~aivr",":version":"rv-uc3f_jycu.zdkb",":created_at":"2026-03-10T12:37:08.575Z",":updated_at":"2026-03-10T12:37:08.575Z","cnn":"214201","corridor":"03rd St","limits":"Quesada Ave  -  Revere Ave","cnnrightleft":"R","blockside":"West","fullname":"Saturday","weekday":"Sat","fromhour":"2","tohour":"6","week1":"1","week2":"1","week3":"1","week4":"1","week5":"1","holidays":"0","blocksweepid":"1613884"}},{"type":"Feature","geometry":{"type":"LineString","coordinates":[[-122.407082925661,37.798152056594],[-122.407869496169,37.798696861567]]},"properties":{":id":"row-5fs8~b6fe_n8ju",":version":"rv-9h78.yfwf.u9ap",":created_at":"2026-03-10T12:37:08.575Z",":updated_at":"2026-03-10T12:37:08.575Z","cnn":"4293000","corridor":"Columbus Ave","limits":"Grant Ave  -  Vallejo St","cnnrightleft":"L","blockside":"SouthWest","fullname":"Saturday","weekday":"Sat","fromhour":"4","tohour":"6","week1":"1","week2":"1","week3":"1","week4":"1","week5":"1","holidays":"0","blocksweepid":"1637353"}},{"type":"Feature","geometry":{"type":"LineString","coordinates":[[-122.403075017383,37.798323274712],[-122.403519546003,37.798268070024]]},"properties":{":id":"row-qx4i.zesq~bm6f",":version":"rv-p5f8_98d9-5kvg",":created_at":"2026-03-10T12:37:08.575Z",":updated_at":"2026-03-10T12:37:08.575Z","cnn":"3147000","corridor":"Broadway","limits":"Osgood Pl  -  Bartol St","cnnrightleft":"R","blockside":"North","fullname":"Saturday","weekday":"Sat","fromhour":"4","tohour":"6","week1":"1","week2":"1","week3":"1","week4":"1","week5":"1","holidays":"0","blocksweepid":"1635091"}},{"type":"Feature","geometry":{"type":"LineString","coordinates":[[-122.501097483198,37.735206481117],[-122.501251121468,37.73517418621],[-122.501548266885,37.735244137926],[-122.502017217793,37.735334606885],[-122.502529176407,37.73537746829],[-122.50300766128,37.735383397252],[-122.503104759293,37.735466491501]]},"properties":{":id":"row-9bb4.ngtu.w5rt",":version":"rv-pmqy.jum4~sg26",":created_at":"2026-03-10T12:37:08.575Z",":updated_at":"2026-03-10T12:37:08.575Z","cnn":"11962101","corridor":"Sloat Blvd","limits":"43rd Ave  -  45th Ave","cnnrightleft":"L","blockside":"South","fullname":"Saturday","weekday":"Sat","fromhour":"5","tohour":"7","week1":"1","week2":"1","week3":"1","week4":"1","week5":"1","holidays":"0","blocksweepid":"1621599"}},{"type":"Feature","geometry":{"type":"LineString","coordinates":[[-122.395064952238,37.780700560209],[-122.39463146327,37.780354395261]]},"properties":{":id":"row-ih3s_kdwa.ir9b",":version":"rv-gsfe~thas~2ayj",":created_at":"2026-03-10T12:37:08.575Z",":updated_at":"2026-03-10T12:37:08.575Z","cnn":"177000","corridor":"03rd St","limits":"South Park  -  Varney Pl","cnnrightleft":"L","blockside":"NorthEast","fullname":"Saturday","weekday":"Sat","fromhour":"2","tohour":"6","week1":"1","week2":"1","week3":"1","week4":"1","week5":"1","holidays":"0","blocksweepid":"1628634"}},{"type":"Feature","geometry":{"type":"LineString","coordinates":[[-122.408544242621,37.765722599629],[-122.410486689606,37.765605838496]]},"properties":{":id":"row-x369-6bqv.g88f",":version":"rv-y6cr.iemk.u694",":created_at":"2026-03-10T12:37:08.575Z",":updated_at":"2026-03-10T12:37:08.575Z","cnn":"716000","corridor":"16th St","limits":"Hampshire St  -  Bryant St","cnnrightleft":"L","blockside":"South","fullname":"Saturday","weekday":"Sat","fromhour":"2","tohour":"6","week1":"1","week2":"1","week3":"1","week4":"1","week5":"1","holidays":"1","blocksweepid":"1601887"}},{"type":"Feature","geometry":{"type":"LineString","coordinates":[[-122.409497525934,37.785282917476],[-122.409683072542,37.78620266448]]},"properties":{":id":"row-drqv.um7f~gk2q",":version":"rv-gdku.4psd.w7zc",":created_at":"2026-03-10T12:37:08.575Z",":updated_at":"2026-03-10T12:37:08.575Z","cnn":"8801000","corridor":"Mason St","limits":"Ellis St  -  O'Farrell St","cnnrightleft":"L","blockside":"West","fullname":"Saturday","weekday":"Sat","fromhour":"2","tohour":"6","week1":"1","week2":"1","week3":"1","week4":"1","week5":"1","holidays":"0","blocksweepid":"1628008"}},{"type":"Feature","geometry":{"type":"LineString","coordinates":[[-122.418993273036,37.782169269872],[-122.419181703701,37.783101400225]]},"properties":{":id":"row-d5ve.hue5_7tqr",":version":"rv-u57u_ux28-4wwx",":created_at":"2026-03-10T12:37:08.575Z",":updated_at":"2026-03-10T12:37:08.575Z","cnn":"10554000","corridor":"Polk St","limits":"Turk St  -  Eddy St","cnnrightleft":"L","blockside":"West","fullname":"Saturday","weekday":"Sat","fromhour":"6","tohour":"8","week1":"1","week2":"1","week3":"1","week4":"1","week5":"1","holidays":"0","blocksweepid":"1619944"}},{"type":"Feature","geometry":{"type":"LineString","coordinates":[[-122.418559314875,37.788432342994],[-122.420210435639,37.788222700125]]},"properties":{":id":"row-uqj3~ebmd_uuqr",":version":"rv-kbq9~gsqa-2k8q",":created_at":"2026-03-10T12:37:08.575Z",":updated_at":"2026-03-10T12:37:08.575Z","cnn":"5482000","corridor":"Fern St","limits":"Larkin St  -  Polk St","cnnrightleft":"L","blockside":"South","fullname":"Saturday","weekday":"Sat","fromhour":"4","tohour":"6","week1":"1","week2":"1","week3":"1","week4":"1","week5":"1","holidays":"1","blocksweepid":"1631250"}},{"type":"Feature","geometry":{"type":"LineString","coordinates":[[-122.39112141836,37.777553276909],[-122.390428280161,37.777008006114],[-122.390214567234,37.776723442049]]},"properties":{":id":"row-k9nj.euyp~fud3",":version":"rv-rxnj-5bgm-ph8e",":created_at":"2026-03-10T12:37:08.575Z",":updated_at":"2026-03-10T12:37:08.575Z","cnn":"182000","corridor":"03rd St","limits":"Berry St  -  Channel St","cnnrightleft":"R","blockside":"SouthWest","fullname":"Saturday","weekday":"Sat","fromhour":"2","tohour":"6","week1":"1","week2":"1","week3":"1","week4":"1","week5":"1","holidays":"0","blocksweepid":"1613844"}},{"type":"Feature","geometry":{"type":"LineString","coordinates":[[-122.389307715802,37.768819937334],[-122.389366241044,37.768706242914],[-122.389286735733,37.767874420193]]},"properties":{":id":"row-nzmq.283k.mwms",":version":"rv-tgiy.c2rg~xt6g",":created_at":"2026-03-10T12:37:08.575Z",":updated_at":"2026-03-10T12:37:08.575Z","cnn":"185208","corridor":"03rd St","limits":"Start:  Block  -  Campus Way","cnnrightleft":"R","blockside":null,"fullname":"Saturday","weekday":"Sat","fromhour":"2","tohour":"6","week1":"1","week2":"1","week3":"1","week4":"1","week5":"1","holidays":"0","blocksweepid":"1613854"}},{"type":"Feature","geometry":{"type":"LineString","coordinates":[[-122.406475551112,37.795144464814],[-122.406652352008,37.796024750166]]},"properties":{":id":"row-3tg9_dc6u.88et",":version":"rv-sbs6-62sp~bpec",":created_at":"2026-03-10T12:37:08.575Z",":updated_at":"2026-03-10T12:37:08.575Z","cnn":"6396000","corridor":"Grant Ave","limits":"Washington St  -  Jackson St","cnnrightleft":"R","blockside":"East","fullname":"Saturday","weekday":"Sat","fromhour":"2","tohour":"6","week1":"1","week2":"1","week3":"1","week4":"1","week5":"1","holidays":"0","blocksweepid":"1606410"}},{"type":"Feature","geometry":{"type":"LineString","coordinates":[[-122.392499329227,37.793768814045],[-122.393181332338,37.793230492385]]},"properties":{":id":"row-df49-yt8x.i5tk",":version":"rv-cxnu~n774_fxvt",":created_at":"2026-03-10T12:37:08.575Z",":updated_at":"2026-03-10T12:37:08.575Z","cnn":"9082000","corridor":"Mission St","limits":"The Embarcadero  -  Steuart St","cnnrightleft":"R","blockside":"NorthWest","fullname":"Saturday","weekday":"Sat","fromhour":"2","tohour":"6","week1":"1","week2":"1","week3":"1","week4":"1","week5":"1","holidays":"1","blocksweepid":"1618459"}},{"type":"Feature","geometry":{"type":"LineString","coordinates":[[-122.413157691449,37.777457419935],[-122.414106895841,37.776707688168]]},"properties":{":id":"row-32d3-kjbp-nq59",":version":"rv-u6jd-umqa_qdi3",":created_at":"2026-03-10T12:37:08.575Z",":updated_at":"2026-03-10T12:37:08.575Z","cnn":"9103000","corridor":"Mission St","limits":"08th St  -  Laskie St","cnnrightleft":"R","blockside":"NorthWest","fullname":"Saturday","weekday":"Sat","fromhour":"2","tohour":"6","week1":"1","week2":"1","week3":"1","week4":"1","week5":"1","holidays":"1","blocksweepid":"1618483"}},{"type":"Feature","geometry":{"type":"LineString","coordinates":[[-122.388754589159,37.740317264063],[-122.388728405981,37.740204671239],[-122.388941714486,37.739599655341],[-122.389030967576,37.739533448632]]},"properties":{":id":"row-28pe.tm4p_5ktp",":version":"rv-3z6q.2n6g_twwt",":created_at":"2026-03-10T12:37:08.575Z",":updated_at":"2026-03-10T12:37:08.575Z","cnn":"205101","corridor":"03rd St","limits":"Hudson Ave  -  Innes Ave","cnnrightleft":"L","blockside":"East","fullname":"Saturday","weekday":"Sat","fromhour":"2","tohour":"6","week1":"1","week2":"1","week3":"1","week4":"1","week5":"1","holidays":"0","blocksweepid":"1629127"}},{"type":"Feature","geometry":{"type":"LineString","coordinates":[[-122.418364867499,37.787487117094],[-122.42001957405,37.787280026389]]},"properties":{":id":"row-ugmi-7yik_wg2y",":version":"rv-2per.jcy4~adgv",":created_at":"2026-03-10T12:37:08.575Z",":updated_at":"2026-03-10T12:37:08.575Z","cnn":"6875000","corridor":"Hemlock St","limits":"Larkin St  -  Polk St","cnnrightleft":"R","blockside":"North","fullname":"Saturday","weekday":"Sat","fromhour":"4","tohour":"6","week1":"1","week2":"1","week3":"1","week4":"1","week5":"1","holidays":"1","blocksweepid":"1623391"}},{"type":"Feature","geometry":{"type":"LineString","coordinates":[[-122.389099104328,37.76690347969],[-122.389148887634,37.76678009213],[-122.388912073078,37.764405551743],[-122.388851283059,37.764321835521]]},"properties":{":id":"row-psax_qmdu_46i3",":version":"rv-dv6w~fjuc.7x5q",":created_at":"2026-03-10T12:37:08.575Z",":updated_at":"2026-03-10T12:37:08.575Z","cnn":"186201","corridor":"03rd St","limits":"16th St  -  Mariposa St","cnnrightleft":"R","blockside":"West","fullname":"Saturday","weekday":"Sat","fromhour":"2","tohour":"6","week1":"1","week2":"1","week3":"1","week4":"1","week5":"1","holidays":"0","blocksweepid":"1613855"}},{"type":"Feature","geometry":{"type":"LineString","coordinates":[[-122.422871202196,37.793050003145],[-122.422992508878,37.793130238436],[-122.42313263458,37.793828812404],[-122.423048803504,37.793935005154]]},"properties":{":id":"row-xbij~sy4u~3sk7",":version":"rv-ubpu~p6nm-gqmw",":created_at":"2026-03-10T12:37:08.575Z",":updated_at":"2026-03-10T12:37:08.575Z","cnn":"13161101","corridor":"Van Ness Ave","limits":"Washington St  -  Jackson St","cnnrightleft":"L","blockside":"West","fullname":"Saturday","weekday":"Sat","fromhour":"4","tohour":"6","week1":"1","week2":"1","week3":"1","week4":"1","week5":"1","holidays":"1","blocksweepid":"1640054"}},{"type":"Feature","geometry":{"type":"LineString","coordinates":[[-122.406652352008,37.796024750166],[-122.406827677878,37.796901905855]]},"properties":{":id":"row-tbdx-ng5y_547w",":version":"rv-jvc4~qdjj~5kmf",":created_at":"2026-03-10T12:37:08.575Z",":updated_at":"2026-03-10T12:37:08.575Z","cnn":"6397000","corridor":"Grant Ave","limits":"Jackson St  -  Pacific Ave","cnnrightleft":"L","blockside":"West","fullname":"Saturday","weekday":"Sat","fromhour":"2","tohour":"6","week1":"1","week2":"1","week3":"1","week4":"1","week5":"1","holidays":"0","blocksweepid":"1606432"}},{"type":"Feature","geometry":{"type":"LineString","coordinates":[[-122.431293843553,37.728729547962],[-122.431800801752,37.728249466321]]},"properties":{":id":"row-awa3-29cd.bqs5",":version":"rv-rraj_zdwu.6hqr",":created_at":"2026-03-10T12:37:08.575Z",":updated_at":"2026-03-10T12:37:08.575Z","cnn":"9155000","corridor":"Mission St","limits":"Silver Ave  -  Tingley St","cnnrightleft":"L","blockside":"SouthEast","fullname":"Saturday","weekday":"Sat","fromhour":"5","tohour":"7","week1":"1","week2":"1","week3":"1","week4":"1","week5":"1","holidays":"0","blocksweepid":"1619430"}},{"type":"Feature","geometry":{"type":"LineString","coordinates":[[-122.392613258163,37.717958654686],[-122.393544809626,37.718487362478]]},"properties":{":id":"row-csnh_8r2j.mwq2",":version":"rv-n9ek-jpqv_zi2u",":created_at":"2026-03-10T12:37:08.575Z",":updated_at":"2026-03-10T12:37:08.575Z","cnn":"7431000","corridor":"Jamestown Ave","limits":"Redondo St  -  Ingalls St","cnnrightleft":"R","blockside":"NorthEast","fullname":"Saturday","weekday":"Sat","fromhour":"7","tohour":"8","week1":"1","week2":"1","week3":"1","week4":"1","week5":"1","holidays":"0","blocksweepid":"1597364"}},{"type":"Feature","geometry":{"type":"LineString","coordinates":[[-122.416768092983,37.779584437842],[-122.416947604956,37.780470341035]]},"properties":{":id":"row-a38r~hw6u_3py5",":version":"rv-t3tk~ge5p-r3b8",":created_at":"2026-03-10T12:37:08.575Z",":updated_at":"2026-03-10T12:37:08.575Z","cnn":"8122000","corridor":"Larkin St","limits":"Fulton St  -  McAllister St","cnnrightleft":"L","blockside":"West","fullname":"Saturday","weekday":"Sat","fromhour":"2","tohour":"6","week1":"1","week2":"1","week3":"1","week4":"1","week5":"1","holidays":"0","blocksweepid":"1638879"}},{"type":"Feature","geometry":{"type":"LineString","coordinates":[[-122.419638988981,37.78543303615],[-122.421216457579,37.785232628848]]},"properties":{":id":"row-skea~ktp2~sm97",":version":"rv-vxki~kszi.m89j",":created_at":"2026-03-10T12:37:08.575Z",":updated_at":"2026-03-10T12:37:08.575Z","cnn":"9472000","corridor":"Alice B Toklas Pl","limits":"Polk St  -  Van Ness Ave","cnnrightleft":"R","blockside":"North","fullname":"Saturday","weekday":"Sat","fromhour":"4","tohour":"6","week1":"1","week2":"1","week3":"1","week4":"1","week5":"1","holidays":"1","blocksweepid":"1641813"}},{"type":"Feature","geometry":{"type":"LineString","coordinates":[[-122.481408837164,37.763373093706],[-122.482482531851,37.763325807399]]},"properties":{":id":"row-j5vw_in25_d5s9",":version":"rv-6pcc.jxkv~9rmx",":created_at":"2026-03-10T12:37:08.575Z",":updated_at":"2026-03-10T12:37:08.575Z","cnn":"7300000","corridor":"Irving St","limits":"23rd Ave  -  24th Ave","cnnrightleft":"L","blockside":"South","fullname":"Saturday","weekday":"Sat","fromhour":"2","tohour":"6","week1":"1","week2":"1","week3":"1","week4":"1","week5":"1","holidays":"0","blocksweepid":"1623620"}},{"type":"Feature","geometry":{"type":"LineString","coordinates":[[-122.419638988981,37.78543303615],[-122.419738733972,37.78589290085]]},"properties":{":id":"row-g7cw_rvrz.2vry",":version":"rv-cjw6~bdpz~p6b4",":created_at":"2026-03-10T12:37:08.575Z",":updated_at":"2026-03-10T12:37:08.575Z","cnn":"10560000","corridor":"Polk St","limits":"Myrtle St  -  Geary St","cnnrightleft":"L","blockside":"West","fullname":"Saturday","weekday":"Sat","fromhour":"6","tohour":"8","week1":"1","week2":"1","week3":"1","week4":"1","week5":"1","holidays":"0","blocksweepid":"1619950"}},{"type":"Feature","geometry":{"type":"LineString","coordinates":[[-122.406226437742,37.797558810251],[-122.406667930917,37.797864612499]]},"properties":{":id":"row-6d4e~rshw-r9x5",":version":"rv-k27t-ewuj-is43",":created_at":"2026-03-10T12:37:08.575Z",":updated_at":"2026-03-10T12:37:08.575Z","cnn":"4291000","corridor":"Columbus Ave","limits":"Jack Kerouac Aly  -  Broadway","cnnrightleft":"R","blockside":"NorthEast","fullname":"Saturday","weekday":"Sat","fromhour":"4","tohour":"6","week1":"1","week2":"1","week3":"1","week4":"1","week5":"1","holidays":"0","blocksweepid":"1603288"}},{"type":"Feature","geometry":{"type":"LineString","coordinates":[[-122.437234931654,37.772203712438],[-122.437297830975,37.772274280654],[-122.437455216273,37.77304998018],[-122.437422939693,37.77313349266]]},"properties":{":id":"row-8pda.brk9-sqt5",":version":"rv-whpc-esqk~jhc6",":created_at":"2026-03-10T12:37:08.575Z",":updated_at":"2026-03-10T12:37:08.575Z","cnn":"4800101","corridor":"Divisadero St","limits":"Page St  -  Oak St","cnnrightleft":"L","blockside":"West","fullname":"Saturday","weekday":"Sat","fromhour":"6","tohour":"8","week1":"1","week2":"1","week3":"1","week4":"1","week5":"1","holidays":"0","blocksweepid":"1615290"}},{"type":"Feature","geometry":{"type":"LineString","coordinates":[[-122.403028192908,37.787024418781],[-122.402575227493,37.786678208423]]},"properties":{":id":"row-pu8a_ze8e-c524",":version":"rv-pa4q-mfxu_df55",":created_at":"2026-03-10T12:37:08.575Z",":updated_at":"2026-03-10T12:37:08.575Z","cnn":"164000","corridor":"03rd St","limits":"Stevenson St  -  Jessie St","cnnrightleft":"L","blockside":"NorthEast","fullname":"Saturday","weekday":"Sat","fromhour":"2","tohour":"6","week1":"1","week2":"1","week3":"1","week4":"1","week5":"1","holidays":"0","blocksweepid":"1628621"}},{"type":"Feature","geometry":{"type":"LineString","coordinates":[[-122.402914480509,37.788111582733],[-122.40302022796,37.788076195251],[-122.403103913897,37.788015806494],[-122.403491775033,37.787963091336]]},"properties":{":id":"row-rxfd~7skz.bncc",":version":"rv-karf~kihy~djmm",":created_at":"2026-03-10T12:37:08.575Z",":updated_at":"2026-03-10T12:37:08.575Z","cnn":"6106000","corridor":"Geary St","limits":"Market St  -  Kearny St","cnnrightleft":"R","blockside":"North","fullname":"Saturday","weekday":"Sat","fromhour":"2","tohour":"6","week1":"1","week2":"1","week3":"1","week4":"1","week5":"1","holidays":"0","blocksweepid":"1606090"}},{"type":"Feature","geometry":{"type":"LineString","coordinates":[[-122.398564293259,37.788981173596],[-122.399358490876,37.788354170243]]},"properties":{":id":"row-ftxg.iq9s.2w6a",":version":"rv-nrs2_psti_kgk7",":created_at":"2026-03-10T12:37:08.575Z",":updated_at":"2026-03-10T12:37:08.575Z","cnn":"9090000","corridor":"Mission St","limits":"Shaw Aly  -  Anthony St","cnnrightleft":"R","blockside":"NorthWest","fullname":"Saturday","weekday":"Sat","fromhour":"2","tohour":"6","week1":"1","week2":"1","week3":"1","week4":"1","week5":"1","holidays":"1","blocksweepid":"1618467"}},{"type":"Feature","geometry":{"type":"LineString","coordinates":[[-122.422514943906,37.791288891217],[-122.422431268032,37.791395029042],[-122.422572787617,37.792094464261],[-122.422694163657,37.792174644917]]},"properties":{":id":"row-8cu7~62dy_wbdb",":version":"rv-nvjq.87m4-xv6e",":created_at":"2026-03-10T12:37:08.575Z",":updated_at":"2026-03-10T12:37:08.575Z","cnn":"13159201","corridor":"Van Ness Ave","limits":"Sacramento St  -  Clay St","cnnrightleft":"R","blockside":"East","fullname":"Saturday","weekday":"Sat","fromhour":"4","tohour":"6","week1":"1","week2":"1","week3":"1","week4":"1","week5":"1","holidays":"1","blocksweepid":"1640014"}},{"type":"Feature","geometry":{"type":"LineString","coordinates":[[-122.389310055837,37.738741929892],[-122.389283847022,37.738629228219],[-122.389498043441,37.738021667325],[-122.38958738061,37.737955395853]]},"properties":{":id":"row-7pf8_d5k2~wup8",":version":"rv-hgah-cb9k.cmmm",":created_at":"2026-03-10T12:37:08.575Z",":updated_at":"2026-03-10T12:37:08.575Z","cnn":"207101","corridor":"03rd St","limits":"Newhall St  -  Kirkwood Ave","cnnrightleft":"L","blockside":"East","fullname":"Saturday","weekday":"Sat","fromhour":"2","tohour":"6","week1":"1","week2":"1","week3":"1","week4":"1","week5":"1","holidays":"0","blocksweepid":"1629130"}},{"type":"Feature","geometry":{"type":"LineString","coordinates":[[-122.393232786724,37.727733468261],[-122.393221467549,37.727592036604],[-122.3934621534,37.727054380536],[-122.393570157018,37.726979832623]]},"properties":{":id":"row-2fsh_zdfi~23ci",":version":"rv-xn47_ubw9~uex4",":created_at":"2026-03-10T12:37:08.575Z",":updated_at":"2026-03-10T12:37:08.575Z","cnn":"222101","corridor":"03rd St","limits":"Yosemite Ave  -  Armstrong Ave","cnnrightleft":"L","blockside":"East","fullname":"Saturday","weekday":"Sat","fromhour":"2","tohour":"6","week1":"1","week2":"1","week3":"1","week4":"1","week5":"1","holidays":"0","blocksweepid":"1629146"}},{"type":"Feature","geometry":{"type":"LineString","coordinates":[[-122.500062557797,37.734904900013],[-122.500493390484,37.735105023797],[-122.500901876007,37.735252773252],[-122.501097483198,37.735206481117]]},"properties":{":id":"row-7b2d-hbmp~mbv5",":version":"rv-sgys_jdrp~a39g",":created_at":"2026-03-10T12:37:08.575Z",":updated_at":"2026-03-10T12:37:08.575Z","cnn":"11961202","corridor":"Sloat Blvd","limits":"42nd Ave  -  43rd Ave","cnnrightleft":"L","blockside":"South","fullname":"Saturday","weekday":"Sat","fromhour":"5","tohour":"7","week1":"1","week2":"1","week3":"1","week4":"1","week5":"1","holidays":"0","blocksweepid":"1605685"}},{"type":"Feature","geometry":{"type":"LineString","coordinates":[[-122.444743290829,37.712622217509],[-122.445528472041,37.711886570412],[-122.446091130186,37.711592021277]]},"properties":{":id":"row-px34.mnyc_npd9",":version":"rv-gx6e~duij-wt69",":created_at":"2026-03-10T12:37:08.575Z",":updated_at":"2026-03-10T12:37:08.575Z","cnn":"9188000","corridor":"Mission St","limits":"Foote Ave  -  Naglee Ave","cnnrightleft":"L","blockside":"SouthEast","fullname":"Saturday","weekday":"Sat","fromhour":"5","tohour":"7","week1":"1","week2":"1","week3":"1","week4":"1","week5":"1","holidays":"0","blocksweepid":"1626578"}},{"type":"Feature","geometry":{"type":"LineString","coordinates":[[-122.404679934447,37.798118445752],[-122.405473070568,37.798016956507]]},"properties":{":id":"row-b47g~rspm_bibt",":version":"rv-vv3w.s3rg-24yu",":created_at":"2026-03-10T12:37:08.575Z",":updated_at":"2026-03-10T12:37:08.575Z","cnn":"3150000","corridor":"Broadway","limits":"Rowland St  -  Kearny St","cnnrightleft":"L","blockside":"South","fullname":"Saturday","weekday":"Sat","fromhour":"4","tohour":"6","week1":"1","week2":"1","week3":"1","week4":"1","week5":"1","holidays":"0","blocksweepid":"1627458"}},{"type":"Feature","geometry":{"type":"LineString","coordinates":[[-122.422135208482,37.789412061535],[-122.42225658323,37.789492260553],[-122.422408152121,37.790241388759],[-122.422328954916,37.79036965946]]},"properties":{":id":"row-vfcf~ktt7-b4gs",":version":"rv-3rv7_qvp4_7vsu",":created_at":"2026-03-10T12:37:08.575Z",":updated_at":"2026-03-10T12:37:08.575Z","cnn":"13157101","corridor":"Van Ness Ave","limits":"Pine St  -  California St","cnnrightleft":"L","blockside":"West","fullname":"Saturday","weekday":"Sat","fromhour":"4","tohour":"6","week1":"1","week2":"1","week3":"1","week4":"1","week5":"1","holidays":"1","blocksweepid":"1640050"}},{"type":"Feature","geometry":{"type":"LineString","coordinates":[[-122.415673889951,37.78544962804],[-122.416259705784,37.785375974611]]},"properties":{":id":"row-kqnz.8ayk-fyij",":version":"rv-qrqm-f2qm-6gsp",":created_at":"2026-03-10T12:37:08.575Z",":updated_at":"2026-03-10T12:37:08.575Z","cnn":"9732000","corridor":"O'Farrell St","limits":"Ada Ct  -  Hyde St","cnnrightleft":"R","blockside":"North","fullname":"Saturday","weekday":"Sat","fromhour":"6","tohour":"8","week1":"1","week2":"1","week3":"1","week4":"1","week5":"1","holidays":"0","blocksweepid":"1603701"}},{"type":"Feature","geometry":{"type":"LineString","coordinates":[[-122.412796752445,37.788036681595],[-122.41341292256,37.787958083152]]},"properties":{":id":"row-6um3.jeni.t6u4",":version":"rv-mmty~snsy-7su5",":created_at":"2026-03-10T12:37:08.575Z",":updated_at":"2026-03-10T12:37:08.575Z","cnn":"4447000","corridor":"Cosmo Pl","limits":"Ophir Aly  -  Jones St","cnnrightleft":"R","blockside":"North","fullname":"Saturday","weekday":"Sat","fromhour":"2","tohour":"6","week1":"1","week2":"1","week3":"1","week4":"1","week5":"1","holidays":"0","blocksweepid":"1603343"}},{"type":"Feature","geometry":{"type":"LineString","coordinates":[[-122.406703835142,37.736308604033],[-122.406618861373,37.735896873711],[-122.406454647141,37.735510813295],[-122.405494570919,37.734287050483]]},"properties":{":id":"row-574h~397n.uxr7",":version":"rv-b2zd-efm7-qxj3",":created_at":"2026-03-10T12:37:08.575Z",":updated_at":"2026-03-10T12:37:08.575Z","cnn":"2803000","corridor":"Bay Shore Blvd","limits":"Helena St  -  Augusta St","cnnrightleft":"L","blockside":"NorthEast","fullname":"Saturday","weekday":"Sat","fromhour":"7","tohour":"8","week1":"1","week2":"1","week3":"1","week4":"1","week5":"1","holidays":"0","blocksweepid":"1613335"}},{"type":"Feature","geometry":{"type":"LineString","coordinates":[[-122.407727186607,37.793178302038],[-122.407903301695,37.794060297444]]},"properties":{":id":"row-dkhb-k2gr_3wx9",":version":"rv-a4cn_ng77.u2mj",":created_at":"2026-03-10T12:37:08.575Z",":updated_at":"2026-03-10T12:37:08.575Z","cnn":"12204000","corridor":"Stockton St","limits":"Sacramento St  -  Clay St","cnnrightleft":"L","blockside":"West","fullname":"Saturday","weekday":"Sat","fromhour":"2","tohour":"6","week1":"1","week2":"1","week3":"1","week4":"1","week5":"1","holidays":"0","blocksweepid":"1624701"}},{"type":"Feature","geometry":{"type":"LineString","coordinates":[[-122.511424139012,37.779409663242],[-122.511694997486,37.779264783859],[-122.511846539689,37.779186116335],[-122.512075426072,37.779101959513],[-122.512286919852,37.779054576781],[-122.512508337523,37.779034121609],[-122.512660682828,37.779033605187],[-122.512851438931,37.779044939603],[-122.513020681941,37.779037880779],[-122.513181793445,37.779021580608],[-122.513360324687,37.778969547925],[-122.513491254191,37.778905821129],[-122.513568018935,37.778830512828],[-122.513599201556,37.778769531719],[-122.513616719103,37.778688981898],[-122.513612031511,37.778612980417],[-122.513579900985,37.778493674381],[-122.513349772108,37.778047368239],[-122.513283044201,37.777959919768],[-122.513207577741,37.777889295712],[-122.513109624603,37.777812802526],[-122.513013407608,37.777751912304],[-122.512912716634,37.777671296992],[-122.512796680944,37.777557592447],[-122.512659513831,37.77739109531],[-122.512528106883,37.777243259965],[-122.512426823905,37.777140767539],[-122.512287018199,37.777022257381],[-122.512131572945,37.776908182721],[-122.511938325139,37.776756190994]]},"properties":{":id":"row-66w7-txb2.dhf4",":version":"rv-f3f5-m8mm~a6x9",":created_at":"2026-03-10T12:37:08.575Z",":updated_at":"2026-03-10T12:37:08.575Z","cnn":"10544000","corridor":"Point Lobos Ave","limits":"Merrie Way  -  Great Hwy","cnnrightleft":"R","blockside":"West","fullname":"Saturday","weekday":"Sat","fromhour":"2","tohour":"6","week1":"1","week2":"1","week3":"1","week4":"1","week5":"1","holidays":"0","blocksweepid":"1609650"}},{"type":"Feature","geometry":{"type":"LineString","coordinates":[[-122.392624535039,37.729278453928],[-122.39260885133,37.729132655814],[-122.392703441883,37.728860122934]]},"properties":{":id":"row-pv53.cckb-j5ue",":version":"rv-pmay-aug2.nbuh",":created_at":"2026-03-10T12:37:08.575Z",":updated_at":"2026-03-10T12:37:08.575Z","cnn":"220101","corridor":"03rd St","limits":"Williams Ave  -  Lane St","cnnrightleft":"L","blockside":"East","fullname":"Saturday","weekday":"Sat","fromhour":"2","tohour":"6","week1":"1","week2":"1","week3":"1","week4":"1","week5":"1","holidays":"0","blocksweepid":"1629143"}},{"type":"Feature","geometry":{"type":"LineString","coordinates":[[-122.393570157018,37.726979832623],[-122.393559133424,37.72683773907],[-122.39379199017,37.726317561194],[-122.393902507043,37.726237395014]]},"properties":{":id":"row-fhg2~pf86.j9ei",":version":"rv-9tg3~gczk_k9a6",":created_at":"2026-03-10T12:37:08.575Z",":updated_at":"2026-03-10T12:37:08.575Z","cnn":"223101","corridor":"03rd St","limits":"Armstrong Ave  -  Bancroft Ave","cnnrightleft":"L","blockside":"East","fullname":"Saturday","weekday":"Sat","fromhour":"2","tohour":"6","week1":"1","week2":"1","week3":"1","week4":"1","week5":"1","holidays":"0","blocksweepid":"1629147"}},{"type":"Feature","geometry":{"type":"LineString","coordinates":[[-122.434870379142,37.724587706064],[-122.435312570521,37.724004909119]]},"properties":{":id":"row-7yjw_p4xh~y5it",":version":"rv-u8cm-c32j-5rjw",":created_at":"2026-03-10T12:37:08.575Z",":updated_at":"2026-03-10T12:37:08.575Z","cnn":"9165000","corridor":"Mission St","limits":"Norton St  -  San Juan Ave","cnnrightleft":"L","blockside":"SouthEast","fullname":"Saturday","weekday":"Sat","fromhour":"5","tohour":"7","week1":"1","week2":"1","week3":"1","week4":"1","week5":"1","holidays":"0","blocksweepid":"1619440"}},{"type":"Feature","geometry":{"type":"LineString","coordinates":[[-122.441799464549,37.715429679987],[-122.441895525627,37.71530825554],[-122.442564962803,37.714660619233]]},"properties":{":id":"row-c4ig~inzp_6i9n",":version":"rv-5mk9.qrht.7rnn",":created_at":"2026-03-10T12:37:08.575Z",":updated_at":"2026-03-10T12:37:08.575Z","cnn":"9181000","corridor":"Mission St","limits":"Pope St  -  Allison St","cnnrightleft":"R","blockside":"NorthWest","fullname":"Saturday","weekday":"Sat","fromhour":"5","tohour":"7","week1":"1","week2":"1","week3":"1","week4":"1","week5":"1","holidays":"0","blocksweepid":"1600085"}},{"type":"Feature","geometry":{"type":"LineString","coordinates":[[-122.421089416929,37.773774753562],[-122.421915502451,37.773122914475],[-122.421941247356,37.773036050758]]},"properties":{":id":"row-8yr8-4z8k.8ve9",":version":"rv-rsb4_cf5m.jjwa",":created_at":"2026-03-10T12:37:08.575Z",":updated_at":"2026-03-10T12:37:08.575Z","cnn":"8757202","corridor":"Market St","limits":"Rose St  -  Gough St","cnnrightleft":"R","blockside":"NorthWest","fullname":"Saturday","weekday":"Sat","fromhour":"2","tohour":"6","week1":"1","week2":"1","week3":"1","week4":"1","week5":"1","holidays":"1","blocksweepid":"1625851"}},{"type":"Feature","geometry":{"type":"LineString","coordinates":[[-122.412595276786,37.783932576959],[-122.413287606897,37.783844774301]]},"properties":{":id":"row-28d8_4494_gs5p",":version":"rv-pjfh_q6f3-ac85",":created_at":"2026-03-10T12:37:08.575Z",":updated_at":"2026-03-10T12:37:08.575Z","cnn":"5061001","corridor":"Eddy St","limits":"Jones St  -  Wagner Aly","cnnrightleft":"R","blockside":null,"fullname":"Saturday","weekday":"Sat","fromhour":"6","tohour":"8","week1":"1","week2":"1","week3":"1","week4":"1","week5":"1","holidays":"0","blocksweepid":"1630890"}},{"type":"Feature","geometry":{"type":"LineString","coordinates":[[-122.405862651929,37.796122174098],[-122.40622473616,37.796077505163]]},"properties":{":id":"row-7q56.ywms_f372",":version":"rv-k22u_9g5q~gvbp",":created_at":"2026-03-10T12:37:08.575Z",":updated_at":"2026-03-10T12:37:08.575Z","cnn":"7370000","corridor":"Jackson St","limits":"Cooper Aly  -  Wentworth Pl","cnnrightleft":"R","blockside":"North","fullname":"Saturday","weekday":"Sat","fromhour":"2","tohour":"6","week1":"1","week2":"1","week3":"1","week4":"1","week5":"1","holidays":"0","blocksweepid":"1638518"}},{"type":"Feature","geometry":{"type":"LineString","coordinates":[[-122.403863017888,37.798222971678],[-122.404679934447,37.798118445752]]},"properties":{":id":"row-bara.hij9~g4cc",":version":"rv-rxpd.qvpk.tw7p",":created_at":"2026-03-10T12:37:08.575Z",":updated_at":"2026-03-10T12:37:08.575Z","cnn":"3149000","corridor":"Broadway","limits":"Montgomery St  -  Rowland St","cnnrightleft":"L","blockside":"South","fullname":"Saturday","weekday":"Sat","fromhour":"4","tohour":"6","week1":"1","week2":"1","week3":"1","week4":"1","week5":"1","holidays":"0","blocksweepid":"1627457"}},{"type":"Feature","geometry":{"type":"LineString","coordinates":[[-122.390693772313,37.734797359098],[-122.390675464736,37.734659068294],[-122.390873979527,37.734091670737],[-122.390967889603,37.734013872547]]},"properties":{":id":"row-up68_tk5s-sfx7",":version":"rv-yh2f.m5y7-dc4j",":created_at":"2026-03-10T12:37:08.575Z",":updated_at":"2026-03-10T12:37:08.575Z","cnn":"212101","corridor":"03rd St","limits":"Oakdale Ave  -  Palou Ave","cnnrightleft":"L","blockside":"East","fullname":"Saturday","weekday":"Sat","fromhour":"2","tohour":"6","week1":"1","week2":"1","week3":"1","week4":"1","week5":"1","holidays":"0","blocksweepid":"1629135"}},{"type":"Feature","geometry":{"type":"LineString","coordinates":[[-122.48151572233,37.780225819294],[-122.481641870364,37.780160800548],[-122.482472142039,37.780124522957],[-122.482591528358,37.780189471673]]},"properties":{":id":"row-qpx3~7uai.h9a6",":version":"rv-ft7s-gvni~vapb",":created_at":"2026-03-10T12:37:08.575Z",":updated_at":"2026-03-10T12:37:08.575Z","cnn":"6079101","corridor":"Geary Blvd","limits":"22nd Ave  -  23rd Ave","cnnrightleft":"L","blockside":"South","fullname":"Saturday","weekday":"Sat","fromhour":"7","tohour":"8","week1":"1","week2":"1","week3":"1","week4":"1","week5":"1","holidays":"0","blocksweepid":"1621920"}},{"type":"Feature","geometry":{"type":"LineString","coordinates":[[-122.41443019869,37.784657140749],[-122.414778472775,37.784612949291]]},"properties":{":id":"row-ixq8~92v8.pgqe",":version":"rv-yz7v.jcpp~ntdh",":created_at":"2026-03-10T12:37:08.575Z",":updated_at":"2026-03-10T12:37:08.575Z","cnn":"5175000","corridor":"Ellis St","limits":"Leavenworth St  -  Cohen Pl","cnnrightleft":"R","blockside":"North","fullname":"Saturday","weekday":"Sat","fromhour":"6","tohour":"8","week1":"1","week2":"1","week3":"1","week4":"1","week5":"1","holidays":"0","blocksweepid":"1610134"}},{"type":"Feature","geometry":{"type":"LineString","coordinates":[[-122.387629453835,37.743527928107],[-122.387926350852,37.742703154167]]},"properties":{":id":"row-wcp4-ge7i-7tn6",":version":"rv-rbci_wutg.szwj",":created_at":"2026-03-10T12:37:08.575Z",":updated_at":"2026-03-10T12:37:08.575Z","cnn":"201000","corridor":"03rd St","limits":"Davidson Ave  -  Evans Ave","cnnrightleft":"R","blockside":"West","fullname":"Saturday","weekday":"Sat","fromhour":"2","tohour":"6","week1":"1","week2":"1","week3":"1","week4":"1","week5":"1","holidays":"0","blocksweepid":"1613871"}},{"type":"Feature","geometry":{"type":"LineString","coordinates":[[-122.404412160717,37.796302098069],[-122.405288396517,37.796909057292]]},"properties":{":id":"row-nf79.ccar.vb75",":version":"rv-bt88-mfdk~qq3h",":created_at":"2026-03-10T12:37:08.575Z",":updated_at":"2026-03-10T12:37:08.575Z","cnn":"4288000","corridor":"Columbus Ave","limits":"Jackson St  -  Kearny St","cnnrightleft":"L","blockside":"SouthWest","fullname":"Saturday","weekday":"Sat","fromhour":"4","tohour":"6","week1":"1","week2":"1","week3":"1","week4":"1","week5":"1","holidays":"0","blocksweepid":"1629884"}},{"type":"Feature","geometry":{"type":"LineString","coordinates":[[-122.419206043142,37.760235354983],[-122.419052606406,37.758632566983]]},"properties":{":id":"row-dyhh-f6a5~wzsq",":version":"rv-ztvd~egv8~gerp",":created_at":"2026-03-10T12:37:08.575Z",":updated_at":"2026-03-10T12:37:08.575Z","cnn":"9121000","corridor":"Mission St","limits":"19th St  -  20th St","cnnrightleft":"R","blockside":"West","fullname":"Saturday","weekday":"Sat","fromhour":"4","tohour":"6","week1":"1","week2":"1","week3":"1","week4":"1","week5":"1","holidays":"0","blocksweepid":"1619057"}},{"type":"Feature","geometry":{"type":"LineString","coordinates":[[-122.420019126612,37.745389020592],[-122.42089365932,37.744037632601]]},"properties":{":id":"row-vcua-nqcv~qrj8",":version":"rv-9yee.35sj~pz8c",":created_at":"2026-03-10T12:37:08.575Z",":updated_at":"2026-03-10T12:37:08.575Z","cnn":"9133000","corridor":"Mission St","limits":"Valencia St  -  29th St","cnnrightleft":"R","blockside":"NorthWest","fullname":"Saturday","weekday":"Sat","fromhour":"5","tohour":"7","week1":"1","week2":"1","week3":"1","week4":"1","week5":"1","holidays":"0","blocksweepid":"1599813"}},{"type":"Feature","geometry":{"type":"LineString","coordinates":[[-122.503104759293,37.735466491501],[-122.503202508107,37.735382428464],[-122.505127431735,37.735375465657],[-122.505257352258,37.735475288106]]},"properties":{":id":"row-wryr.vpd4~68bm",":version":"rv-sds6.b5xm~sp7m",":created_at":"2026-03-10T12:37:08.575Z",":updated_at":"2026-03-10T12:37:08.575Z","cnn":"11963101","corridor":"Sloat Blvd","limits":"45th Ave  -  47th Ave","cnnrightleft":"R","blockside":"North","fullname":"Saturday","weekday":"Sat","fromhour":"5","tohour":"7","week1":"1","week2":"1","week3":"1","week4":"1","week5":"1","holidays":"0","blocksweepid":"1621650"}},{"type":"Feature","geometry":{"type":"LineString","coordinates":[[-122.388200344111,37.741889062717],[-122.388174186568,37.741776578742],[-122.388386724777,37.741173774378],[-122.388475894209,37.741107632071]]},"properties":{":id":"row-vcd4.irix-n6mf",":version":"rv-trcd~2zsp~3tnz",":created_at":"2026-03-10T12:37:08.575Z",":updated_at":"2026-03-10T12:37:08.575Z","cnn":"203101","corridor":"03rd St","limits":"Fairfax Ave  -  Galvez Ave","cnnrightleft":"L","blockside":"East","fullname":"Saturday","weekday":"Sat","fromhour":"2","tohour":"6","week1":"1","week2":"1","week3":"1","week4":"1","week5":"1","holidays":"0","blocksweepid":"1629125"}},{"type":"Feature","geometry":{"type":"LineString","coordinates":[[-122.409693261412,37.781754327744],[-122.409245442644,37.781398133902]]},"properties":{":id":"row-7a4s~wtfp_5ab8",":version":"rv-t4mf_uip3_9xhs",":created_at":"2026-03-10T12:37:08.575Z",":updated_at":"2026-03-10T12:37:08.575Z","cnn":"327000","corridor":"06th St","limits":"Stevenson St  -  Jessie St","cnnrightleft":"R","blockside":"SouthWest","fullname":"Saturday","weekday":"Sat","fromhour":"4","tohour":"6","week1":"1","week2":"1","week3":"1","week4":"1","week5":"1","holidays":"1","blocksweepid":"1636383"}},{"type":"Feature","geometry":{"type":"LineString","coordinates":[[-122.418028919748,37.770876470189],[-122.417995341188,37.770765212365],[-122.417914683643,37.770626155752],[-122.417793726363,37.770435322641],[-122.417609443379,37.770407417341]]},"properties":{":id":"row-vj68_y4f8-pg7p",":version":"rv-rz38~yu3y-nr5b",":created_at":"2026-03-10T12:37:08.575Z",":updated_at":"2026-03-10T12:37:08.575Z","cnn":"12017202","corridor":"South Van Ness Ave","limits":"Plum St  -  Howard St","cnnrightleft":"R","blockside":"SouthWest","fullname":"Saturday","weekday":"Sat","fromhour":"4","tohour":"6","week1":"1","week2":"1","week3":"1","week4":"1","week5":"1","holidays":"1","blocksweepid":"1632470"}},{"type":"Feature","geometry":{"type":"LineString","coordinates":[[-122.422619690436,37.772502817369],[-122.422646569125,37.772411794471],[-122.42324214393,37.771943717529],[-122.423396761057,37.77188564464]]},"properties":{":id":"row-kbyp-7dey~r8dk",":version":"rv-vhw2-47sf~c46d",":created_at":"2026-03-10T12:37:08.575Z",":updated_at":"2026-03-10T12:37:08.575Z","cnn":"8759101","corridor":"Market St","limits":"Valencia St  -  Octavia St","cnnrightleft":"L","blockside":"SouthEast","fullname":"Saturday","weekday":"Sat","fromhour":"2","tohour":"6","week1":"1","week2":"1","week3":"1","week4":"1","week5":"1","holidays":"1","blocksweepid":"1640939"}},{"type":"Feature","geometry":{"type":"LineString","coordinates":[[-122.403934377342,37.790286026208],[-122.404030724326,37.7907600962]]},"properties":{":id":"row-wgaq-pntg-mynf",":version":"rv-5swv-zd6t~92h3",":created_at":"2026-03-10T12:37:08.575Z",":updated_at":"2026-03-10T12:37:08.575Z","cnn":"7752000","corridor":"Kearny St","limits":"Hardie Pl  -  Bush St","cnnrightleft":"R","blockside":"East","fullname":"Saturday","weekday":"Sat","fromhour":"2","tohour":"6","week1":"1","week2":"1","week3":"1","week4":"1","week5":"1","holidays":"0","blocksweepid":"1623999"}},{"type":"Feature","geometry":{"type":"LineString","coordinates":[[-122.399685488003,37.739901973609],[-122.401555700579,37.740961928202]]},"properties":{":id":"row-xurk~im6b-raty",":version":"rv-jfxh-mbnn~5zk8",":created_at":"2026-03-10T12:37:08.575Z",":updated_at":"2026-03-10T12:37:08.575Z","cnn":"9794000","corridor":"Oakdale Ave","limits":"Selby St  -  Toland St","cnnrightleft":"L","blockside":"SouthWest","fullname":"Saturday","weekday":"Sat","fromhour":"2","tohour":"3","week1":"1","week2":"1","week3":"1","week4":"1","week5":"1","holidays":"0","blocksweepid":"1603431"}},{"type":"Feature","geometry":{"type":"LineString","coordinates":[[-122.420482492199,37.765002196919],[-122.420580608155,37.764996269981]]},"properties":{":id":"row-6kd9.xmm7.tm8e",":version":"rv-b7xy_3a9v_k4vb",":created_at":"2026-03-10T12:37:08.575Z",":updated_at":"2026-03-10T12:37:08.575Z","cnn":"727000","corridor":"16th St","limits":"Wiese St  -  Hoff St","cnnrightleft":"L","blockside":"South","fullname":"Saturday","weekday":"Sat","fromhour":"2","tohour":"6","week1":"1","week2":"1","week3":"1","week4":"1","week5":"1","holidays":"1","blocksweepid":"1601938"}},{"type":"Feature","geometry":{"type":"LineString","coordinates":[[-122.493469932994,37.729596663122],[-122.493444462901,37.729485091748],[-122.493311435813,37.729362696904],[-122.492538135873,37.728947250078],[-122.492266623627,37.728839787854],[-122.491928916146,37.728797360948],[-122.491441790405,37.728863660297],[-122.491010665036,37.729072920337],[-122.490559389222,37.729548294402],[-122.490546784727,37.729652016414]]},"properties":{":id":"row-i7ix~qrrc-4i74",":version":"rv-75it-v75h~wycr",":created_at":"2026-03-10T12:37:08.575Z",":updated_at":"2026-03-10T12:37:08.575Z","cnn":"8045201","corridor":"Lake Merced Blvd","limits":"Sunset Blvd  -  Clearfield Dr","cnnrightleft":"R","blockside":"South","fullname":"Saturday","weekday":"Sat","fromhour":"4","tohour":"6","week1":"1","week2":"1","week3":"1","week4":"1","week5":"1","holidays":"0","blocksweepid":"1597929"}},{"type":"Feature","geometry":{"type":"LineString","coordinates":[[-122.411455262539,37.765547605077],[-122.412416426243,37.765489809124]]},"properties":{":id":"row-4e7q_ztfs~gdwp",":version":"rv-dxjv~ahp7-hc9r",":created_at":"2026-03-10T12:37:08.575Z",":updated_at":"2026-03-10T12:37:08.575Z","cnn":"718000","corridor":"16th St","limits":"Florida St  -  Alabama St","cnnrightleft":"L","blockside":"South","fullname":"Saturday","weekday":"Sat","fromhour":"2","tohour":"6","week1":"1","week2":"1","week3":"1","week4":"1","week5":"1","holidays":"1","blocksweepid":"1601889"}},{"type":"Feature","geometry":{"type":"LineString","coordinates":[[-122.406304985895,37.794263626856],[-122.406475551112,37.795144464814]]},"properties":{":id":"row-mmup_47v9_vid6",":version":"rv-xena.24et_62hn",":created_at":"2026-03-10T12:37:08.575Z",":updated_at":"2026-03-10T12:37:08.575Z","cnn":"6395000","corridor":"Grant Ave","limits":"Clay St  -  Washington St","cnnrightleft":"R","blockside":"East","fullname":"Saturday","weekday":"Sat","fromhour":"2","tohour":"6","week1":"1","week2":"1","week3":"1","week4":"1","week5":"1","holidays":"0","blocksweepid":"1606409"}},{"type":"Feature","geometry":{"type":"LineString","coordinates":[[-122.406475551112,37.795144464814],[-122.407000777835,37.795077381844]]},"properties":{":id":"row-hi47_ai3v-q2qg",":version":"rv-7hby_8cfq-aef2",":created_at":"2026-03-10T12:37:08.575Z",":updated_at":"2026-03-10T12:37:08.575Z","cnn":"13414000","corridor":"Washington St","limits":"Grant Ave  -  Waverly Pl","cnnrightleft":"R","blockside":"North","fullname":"Saturday","weekday":"Sat","fromhour":"2","tohour":"6","week1":"1","week2":"1","week3":"1","week4":"1","week5":"1","holidays":"0","blocksweepid":"1625542"}},{"type":"Feature","geometry":{"type":"LineString","coordinates":[[-122.40822672566,37.787359262241],[-122.408401550082,37.788293193917]]},"properties":{":id":"row-upgr_i2mg~vbmu",":version":"rv-yitx.in74_carj",":created_at":"2026-03-10T12:37:08.575Z",":updated_at":"2026-03-10T12:37:08.575Z","cnn":"10678000","corridor":"Powell St","limits":"Geary St  -  Post St","cnnrightleft":"L","blockside":"West","fullname":"Saturday","weekday":"Sat","fromhour":"2","tohour":"6","week1":"1","week2":"1","week3":"1","week4":"1","week5":"1","holidays":"0","blocksweepid":"1604241"}},{"type":"Feature","geometry":{"type":"LineString","coordinates":[[-122.416259705784,37.785375974611],[-122.416330777244,37.785726516619]]},"properties":{":id":"row-7pd7.4ehx~wqwj",":version":"rv-tgju.t33u~yha8",":created_at":"2026-03-10T12:37:08.575Z",":updated_at":"2026-03-10T12:37:08.575Z","cnn":"7119000","corridor":"Hyde St","limits":"O'Farrell St  -  Mabel Aly","cnnrightleft":"L","blockside":"West","fullname":"Saturday","weekday":"Sat","fromhour":"6","tohour":"8","week1":"1","week2":"1","week3":"1","week4":"1","week5":"1","holidays":"0","blocksweepid":"1608324"}},{"type":"Feature","geometry":{"type":"LineString","coordinates":[[-122.405615266245,37.778505104586],[-122.405068509169,37.778068981832]]},"properties":{":id":"row-fknx~auni.6h66",":version":"rv-3ppt.9yvy-yfu7",":created_at":"2026-03-10T12:37:08.575Z",":updated_at":"2026-03-10T12:37:08.575Z","cnn":"335000","corridor":"06th St","limits":"Folsom St  -  Shipley St","cnnrightleft":"R","blockside":"SouthWest","fullname":"Saturday","weekday":"Sat","fromhour":"4","tohour":"6","week1":"1","week2":"1","week3":"1","week4":"1","week5":"1","holidays":"1","blocksweepid":"1636391"}},{"type":"Feature","geometry":{"type":"LineString","coordinates":[[-122.411699930273,37.781177218451],[-122.412024074642,37.781136160202]]},"properties":{":id":"row-24cj_dcaz_x62e",":version":"rv-xpe3_89dr.v7k2",":created_at":"2026-03-10T12:37:08.575Z",":updated_at":"2026-03-10T12:37:08.575Z","cnn":"8887000","corridor":"McAllister St","limits":"Market St  -  Jones St","cnnrightleft":"R","blockside":"North","fullname":"Saturday","weekday":"Sat","fromhour":"2","tohour":"6","week1":"1","week2":"1","week3":"1","week4":"1","week5":"1","holidays":"0","blocksweepid":"1599645"}},{"type":"Feature","geometry":{"type":"LineString","coordinates":[[-122.390416264113,37.735590520553],[-122.390515009788,37.735511015505],[-122.390712490519,37.734946583863],[-122.390693772313,37.734797359098]]},"properties":{":id":"row-kpnd-88xx.frfq",":version":"rv-3inj-k2p7~jzna",":created_at":"2026-03-10T12:37:08.575Z",":updated_at":"2026-03-10T12:37:08.575Z","cnn":"211201","corridor":"03rd St","limits":"Newcomb Ave  -  Oakdale Ave","cnnrightleft":"R","blockside":"West","fullname":"Saturday","weekday":"Sat","fromhour":"2","tohour":"6","week1":"1","week2":"1","week3":"1","week4":"1","week5":"1","holidays":"0","blocksweepid":"1613881"}},{"type":"Feature","geometry":{"type":"LineString","coordinates":[[-122.406129483695,37.793379704657],[-122.406643294309,37.793314880656]]},"properties":{":id":"row-uj2h~fs8v~ccwg",":version":"rv-q7bn~fcmi~i933",":created_at":"2026-03-10T12:37:08.575Z",":updated_at":"2026-03-10T12:37:08.575Z","cnn":"11229000","corridor":"Sacramento St","limits":"Grant Ave  -  Waverly Pl","cnnrightleft":"R","blockside":"North","fullname":"Saturday","weekday":"Sat","fromhour":"2","tohour":"6","week1":"1","week2":"1","week3":"1","week4":"1","week5":"1","holidays":"0","blocksweepid":"1621132"}},{"type":"Feature","geometry":{"type":"LineString","coordinates":[[-122.392749786649,37.778851717265],[-122.391840525275,37.778125697956]]},"properties":{":id":"row-2tfg-mmgm.ex26",":version":"rv-6mb4-4krx~6t6j",":created_at":"2026-03-10T12:37:08.575Z",":updated_at":"2026-03-10T12:37:08.575Z","cnn":"180000","corridor":"03rd St","limits":"Townsend St  -  King St","cnnrightleft":"R","blockside":"SouthWest","fullname":"Saturday","weekday":"Sat","fromhour":"2","tohour":"6","week1":"1","week2":"1","week3":"1","week4":"1","week5":"1","holidays":"0","blocksweepid":"1628709"}},{"type":"Feature","geometry":{"type":"LineString","coordinates":[[-122.467629100629,37.782802249645],[-122.468704481046,37.782750917064]]},"properties":{":id":"row-9u5u.8pfr-7xyy",":version":"rv-k6ek.7dz9_wni4",":created_at":"2026-03-10T12:37:08.575Z",":updated_at":"2026-03-10T12:37:08.575Z","cnn":"4158000","corridor":"Clement St","limits":"09th Ave  -  10th Ave","cnnrightleft":"R","blockside":"North","fullname":"Saturday","weekday":"Sat","fromhour":"7","tohour":"8","week1":"1","week2":"1","week3":"1","week4":"1","week5":"1","holidays":"0","blocksweepid":"1615201"}},{"type":"Feature","geometry":{"type":"LineString","coordinates":[[-122.415882538495,37.783515640808],[-122.41607173455,37.78444884161]]},"properties":{":id":"row-ebf3.v6wt~ckus",":version":"rv-hwt7~izmb~ac7j",":created_at":"2026-03-10T12:37:08.575Z",":updated_at":"2026-03-10T12:37:08.575Z","cnn":"7117000","corridor":"Hyde St","limits":"Eddy St  -  Ellis St","cnnrightleft":"L","blockside":"West","fullname":"Saturday","weekday":"Sat","fromhour":"6","tohour":"8","week1":"1","week2":"1","week3":"1","week4":"1","week5":"1","holidays":"0","blocksweepid":"1608322"}},{"type":"Feature","geometry":{"type":"LineString","coordinates":[[-122.417486595427,37.765183134696],[-122.417332405856,37.763571603534]]},"properties":{":id":"row-vg2a.zkta~gzpc",":version":"rv-uh87-zaph_nzeb",":created_at":"2026-03-10T12:37:08.575Z",":updated_at":"2026-03-10T12:37:08.575Z","cnn":"12023000","corridor":"South Van Ness Ave","limits":"16th St  -  17th St","cnnrightleft":"R","blockside":"West","fullname":"Saturday","weekday":"Sat","fromhour":"6","tohour":"8","week1":"1","week2":"1","week3":"1","week4":"1","week5":"1","holidays":"0","blocksweepid":"1611113"}},{"type":"Feature","geometry":{"type":"LineString","coordinates":[[-122.419668972896,37.765051337402],[-122.420482492199,37.765002196919]]},"properties":{":id":"row-29f4.up2g_t48a",":version":"rv-deqt-278z-gay6",":created_at":"2026-03-10T12:37:08.575Z",":updated_at":"2026-03-10T12:37:08.575Z","cnn":"726000","corridor":"16th St","limits":"Mission St  -  Wiese St","cnnrightleft":"R","blockside":"North","fullname":"Saturday","weekday":"Sat","fromhour":"2","tohour":"6","week1":"1","week2":"1","week3":"1","week4":"1","week5":"1","holidays":"1","blocksweepid":"1628519"}},{"type":"Feature","geometry":{"type":"LineString","coordinates":[[-122.42175810402,37.787548139832],[-122.421674450056,37.787654369358],[-122.421749881333,37.788027214872]]},"properties":{":id":"row-xaew-rf96.b5cz",":version":"rv-fqbb_84p2_u7bp",":created_at":"2026-03-10T12:37:08.575Z",":updated_at":"2026-03-10T12:37:08.575Z","cnn":"13155201","corridor":"Van Ness Ave","limits":"Sutter St  -  Fern St","cnnrightleft":"R","blockside":"East","fullname":"Saturday","weekday":"Sat","fromhour":"4","tohour":"6","week1":"1","week2":"1","week3":"1","week4":"1","week5":"1","holidays":"1","blocksweepid":"1617679"}},{"type":"Feature","geometry":{"type":"LineString","coordinates":[[-122.40861884556,37.797627561973],[-122.409689043756,37.797493152091]]},"properties":{":id":"row-4fiv_7i9r-sq6u",":version":"rv-w35r-jgyx~5jr6",":created_at":"2026-03-10T12:37:08.575Z",":updated_at":"2026-03-10T12:37:08.575Z","cnn":"3155000","corridor":"Broadway","limits":"Stockton St  -  Turk Murphy Ln","cnnrightleft":"L","blockside":"South","fullname":"Saturday","weekday":"Sat","fromhour":"4","tohour":"6","week1":"1","week2":"1","week3":"1","week4":"1","week5":"1","holidays":"0","blocksweepid":"1612688"}},{"type":"Feature","geometry":{"type":"LineString","coordinates":[[-122.432447324391,37.727637208054],[-122.432807823412,37.727315042891],[-122.432911793243,37.727177551268]]},"properties":{":id":"row-kg6v.vets~yei8",":version":"rv-jzw5~6tti_tpgv",":created_at":"2026-03-10T12:37:08.575Z",":updated_at":"2026-03-10T12:37:08.575Z","cnn":"9158000","corridor":"Mission St","limits":"Avalon Ave  -  Cotter St","cnnrightleft":"R","blockside":"NorthWest","fullname":"Saturday","weekday":"Sat","fromhour":"5","tohour":"7","week1":"1","week2":"1","week3":"1","week4":"1","week5":"1","holidays":"0","blocksweepid":"1626229"}},{"type":"Feature","geometry":{"type":"LineString","coordinates":[[-122.428948566763,37.767504459571],[-122.429181964081,37.767413367661],[-122.43074894679,37.766176726989],[-122.430824395339,37.766013730949]]},"properties":{":id":"row-dcgx-nvbj_gxaw",":version":"rv-auhn_6q9f~84j4",":created_at":"2026-03-10T12:37:08.575Z",":updated_at":"2026-03-10T12:37:08.575Z","cnn":"8764201","corridor":"Market St","limits":"Church St  -  15th St","cnnrightleft":"R","blockside":"NorthWest","fullname":"Saturday","weekday":"Sat","fromhour":"2","tohour":"6","week1":"1","week2":"1","week3":"1","week4":"1","week5":"1","holidays":"1","blocksweepid":"1625861"}},{"type":"Feature","geometry":{"type":"LineString","coordinates":[[-122.388136867452,37.718235642927],[-122.390019684219,37.719298465706]]},"properties":{":id":"row-vvqs_eb5q_m9tk",":version":"rv-3psa_yyrn.mgrx",":created_at":"2026-03-10T12:37:08.575Z",":updated_at":"2026-03-10T12:37:08.575Z","cnn":"6188000","corridor":"Gilman Ave","limits":"Griffith St  -  Hawes St","cnnrightleft":"L","blockside":"SouthWest","fullname":"Saturday","weekday":"Sat","fromhour":"7","tohour":"8","week1":"1","week2":"1","week3":"1","week4":"1","week5":"1","holidays":"0","blocksweepid":"1633115"}},{"type":"Feature","geometry":{"type":"LineString","coordinates":[[-122.42175810402,37.787548139832],[-122.421879474265,37.787628332953],[-122.421954906545,37.788001178338]]},"properties":{":id":"row-6mre-mke4-mivn",":version":"rv-ibcb.3aa4~payh",":created_at":"2026-03-10T12:37:08.575Z",":updated_at":"2026-03-10T12:37:08.575Z","cnn":"13155101","corridor":"Van Ness Ave","limits":"Sutter St  -  Fern St","cnnrightleft":"L","blockside":"West","fullname":"Saturday","weekday":"Sat","fromhour":"4","tohour":"6","week1":"1","week2":"1","week3":"1","week4":"1","week5":"1","holidays":"1","blocksweepid":"1640046"}},{"type":"Feature","geometry":{"type":"LineString","coordinates":[[-122.391840525275,37.778125697956],[-122.39112141836,37.777553276909]]},"properties":{":id":"row-tb62_u8hu.mz7x",":version":"rv-apzb_3fwp~28te",":created_at":"2026-03-10T12:37:08.575Z",":updated_at":"2026-03-10T12:37:08.575Z","cnn":"181000","corridor":"03rd St","limits":"King St  -  Berry St","cnnrightleft":"L","blockside":"NorthEast","fullname":"Saturday","weekday":"Sat","fromhour":"2","tohour":"6","week1":"1","week2":"1","week3":"1","week4":"1","week5":"1","holidays":"0","blocksweepid":"1628949"}},{"type":"Feature","geometry":{"type":"LineString","coordinates":[[-122.450095486223,37.709679912839],[-122.450498930495,37.70954336882]]},"properties":{":id":"row-q9f9.khsn_5a8p",":version":"rv-agid~73ea-yh6r",":created_at":"2026-03-10T12:37:08.575Z",":updated_at":"2026-03-10T12:37:08.575Z","cnn":"9194000","corridor":"Mission St","limits":"Laura St  -  Oliver St","cnnrightleft":"L","blockside":"South","fullname":"Saturday","weekday":"Sat","fromhour":"5","tohour":"7","week1":"1","week2":"1","week3":"1","week4":"1","week5":"1","holidays":"0","blocksweepid":"1626584"}},{"type":"Feature","geometry":{"type":"LineString","coordinates":[[-122.439500375127,37.718467225658],[-122.439556963013,37.718445718046],[-122.440106115464,37.717719306152],[-122.440106607185,37.717665309709]]},"properties":{":id":"row-ebdh-kqxg.vgtx",":version":"rv-s7r9.rraj.twui",":created_at":"2026-03-10T12:37:08.575Z",":updated_at":"2026-03-10T12:37:08.575Z","cnn":"9175201","corridor":"Mission St","limits":"Italy Ave  -  Seneca Ave","cnnrightleft":"R","blockside":"NorthWest","fullname":"Saturday","weekday":"Sat","fromhour":"5","tohour":"7","week1":"1","week2":"1","week3":"1","week4":"1","week5":"1","holidays":"0","blocksweepid":"1626246"}},{"type":"Feature","geometry":{"type":"LineString","coordinates":[[-122.419711625489,37.777770152091],[-122.419787996966,37.778145901155],[-122.419883230931,37.778251017767]]},"properties":{":id":"row-qu5x.ud6d~3ez9",":version":"rv-sit4-kcfc_n9ma",":created_at":"2026-03-10T12:37:08.575Z",":updated_at":"2026-03-10T12:37:08.575Z","cnn":"13145202","corridor":"Van Ness Ave","limits":"Lech Walesa St  -  Grove St","cnnrightleft":"R","blockside":"East","fullname":"Saturday","weekday":"Sat","fromhour":"4","tohour":"6","week1":"1","week2":"1","week3":"1","week4":"1","week5":"1","holidays":"1","blocksweepid":"1639866"}},{"type":"Feature","geometry":{"type":"LineString","coordinates":[[-122.388130509241,37.716298216102],[-122.389135962128,37.716879304457]]},"properties":{":id":"row-vsg5-bcig_yv5x",":version":"rv-irqp_kw7f~emqc",":created_at":"2026-03-10T12:37:08.575Z",":updated_at":"2026-03-10T12:37:08.575Z","cnn":"7245000","corridor":"Ingerson Ave","limits":"Giants Dr  -  Gilroy St","cnnrightleft":"R","blockside":"NorthEast","fullname":"Saturday","weekday":"Sat","fromhour":"7","tohour":"8","week1":"1","week2":"1","week3":"1","week4":"1","week5":"1","holidays":"0","blocksweepid":"1623562"}},{"type":"Feature","geometry":{"type":"LineString","coordinates":[[-122.406129483695,37.793379704657],[-122.406220480026,37.793831753392]]},"properties":{":id":"row-pxxj-dtgd~6q92",":version":"rv-fe4b.wbvp_yt6k",":created_at":"2026-03-10T12:37:08.575Z",":updated_at":"2026-03-10T12:37:08.575Z","cnn":"6393000","corridor":"Grant Ave","limits":"Sacramento St  -  Commercial St","cnnrightleft":"L","blockside":"West","fullname":"Saturday","weekday":"Sat","fromhour":"2","tohour":"6","week1":"1","week2":"1","week3":"1","week4":"1","week5":"1","holidays":"0","blocksweepid":"1606428"}},{"type":"Feature","geometry":{"type":"LineString","coordinates":[[-122.438624156544,37.715307332956],[-122.438535659882,37.715212216163],[-122.437969417931,37.71495824913],[-122.437805263272,37.714940048714]]},"properties":{":id":"row-ri54-uwn6.7i7c",":version":"rv-vrje~pz34_2kuz",":created_at":"2026-03-10T12:37:08.575Z",":updated_at":"2026-03-10T12:37:08.575Z","cnn":"6141201","corridor":"Geneva Ave","limits":"Lisbon St  -  Madrid St","cnnrightleft":"L","blockside":"NorthEast","fullname":"Saturday","weekday":"Sat","fromhour":"6","tohour":"8","week1":"1","week2":"1","week3":"1","week4":"1","week5":"1","holidays":"0","blocksweepid":"1633034"}},{"type":"Feature","geometry":{"type":"LineString","coordinates":[[-122.433083398237,37.785150940561],[-122.433271579541,37.786085429391]]},"properties":{":id":"row-xax9-wd6n_ksqz",":version":"rv-qgkk.v552_mg5r",":created_at":"2026-03-10T12:37:08.575Z",":updated_at":"2026-03-10T12:37:08.575Z","cnn":"5548000","corridor":"Fillmore St","limits":"Post St  -  Sutter St","cnnrightleft":"L","blockside":"West","fullname":"Saturday","weekday":"Sat","fromhour":"6","tohour":"8","week1":"1","week2":"1","week3":"1","week4":"1","week5":"1","holidays":"0","blocksweepid":"1631375"}},{"type":"Feature","geometry":{"type":"LineString","coordinates":[[-122.435976889062,37.72312996338],[-122.436040073001,37.723044469769]]},"properties":{":id":"row-r3qr.4utk.7xwn",":version":"rv-h8t2_84fj~md2y",":created_at":"2026-03-10T12:37:08.575Z",":updated_at":"2026-03-10T12:37:08.575Z","cnn":"9168000","corridor":"Mission St","limits":"Persia Ave  -  Ruth St","cnnrightleft":"L","blockside":"SouthEast","fullname":"Saturday","weekday":"Sat","fromhour":"5","tohour":"7","week1":"1","week2":"1","week3":"1","week4":"1","week5":"1","holidays":"0","blocksweepid":"1619443"}},{"type":"Feature","geometry":{"type":"LineString","coordinates":[[-122.394059623992,37.792537217256],[-122.394940237623,37.791842090331]]},"properties":{":id":"row-p25t~6fid.8f8k",":version":"rv-zs43.3kzb_v3b3",":created_at":"2026-03-10T12:37:08.575Z",":updated_at":"2026-03-10T12:37:08.575Z","cnn":"9084000","corridor":"Mission St","limits":"Spear St  -  Main St","cnnrightleft":"L","blockside":"SouthEast","fullname":"Saturday","weekday":"Sat","fromhour":"2","tohour":"6","week1":"1","week2":"1","week3":"1","week4":"1","week5":"1","holidays":"1","blocksweepid":"1618908"}},{"type":"Feature","geometry":{"type":"LineString","coordinates":[[-122.506717428299,37.735469757819],[-122.506655890993,37.735322441466],[-122.506662500896,37.735090876535],[-122.50673409842,37.734725450905],[-122.506984884606,37.733533272852],[-122.507029203425,37.733110450575],[-122.507002964752,37.732773931863],[-122.506927288547,37.732353153627],[-122.506953996653,37.732094827964],[-122.506949586487,37.731516097441],[-122.5067790371,37.730674223202],[-122.506552890505,37.729125969294],[-122.506484932471,37.728514444182],[-122.50639608628,37.727923701452],[-122.506224765483,37.727453496275],[-122.505880279693,37.726921572167],[-122.50555015254,37.726603831837],[-122.505265359016,37.726377227233],[-122.504973648345,37.726212004008],[-122.504189577848,37.72591220177],[-122.503515812277,37.725569673517],[-122.503040636347,37.725259549916]]},"properties":{":id":"row-it2b.rkkk.rh5i",":version":"rv-kbq5-kmg4-7iy5",":created_at":"2026-03-10T12:37:08.575Z",":updated_at":"2026-03-10T12:37:08.575Z","cnn":"6437101","corridor":"Great Hwy","limits":"Sloat Blvd  -  Skyline Blvd","cnnrightleft":"L","blockside":"East","fullname":"Saturday","weekday":"Sat","fromhour":"0","tohour":"2","week1":"1","week2":"1","week3":"1","week4":"1","week5":"1","holidays":"1","blocksweepid":"1636085"}},{"type":"Feature","geometry":{"type":"LineString","coordinates":[[-122.392749786649,37.778851717265],[-122.391840525275,37.778125697956]]},"properties":{":id":"row-qbvk-ie3b~jeij",":version":"rv-y844_sivj.nsgt",":created_at":"2026-03-10T12:37:08.575Z",":updated_at":"2026-03-10T12:37:08.575Z","cnn":"180000","corridor":"03rd St","limits":"Townsend St  -  King St","cnnrightleft":"L","blockside":"NorthEast","fullname":"Saturday","weekday":"Sat","fromhour":"2","tohour":"6","week1":"1","week2":"1","week3":"1","week4":"1","week5":"1","holidays":"0","blocksweepid":"1628637"}},{"type":"Feature","geometry":{"type":"LineString","coordinates":[[-122.405013219483,37.786328681529],[-122.405729142535,37.785762655798],[-122.405831010893,37.785743989136]]},"properties":{":id":"row-i8et~xybv.r9sy",":version":"rv-5ebn_z4pd-rzib",":created_at":"2026-03-10T12:37:08.575Z",":updated_at":"2026-03-10T12:37:08.575Z","cnn":"8746103","corridor":"Market St","limits":"Yerba Buena Ln  -  Stockton St","cnnrightleft":"L","blockside":null,"fullname":"Saturday","weekday":"Sat","fromhour":"5","tohour":"7","week1":"1","week2":"1","week3":"1","week4":"1","week5":"1","holidays":"1","blocksweepid":"1618080"}},{"type":"Feature","geometry":{"type":"LineString","coordinates":[[-122.404957208412,37.795326691803],[-122.405142977293,37.796210954662]]},"properties":{":id":"row-a7xu_ux6e_wbp4",":version":"rv-86cm~s3p4.zh5b",":created_at":"2026-03-10T12:37:08.575Z",":updated_at":"2026-03-10T12:37:08.575Z","cnn":"7760000","corridor":"Kearny St","limits":"Washington St  -  Jackson St","cnnrightleft":"L","blockside":"West","fullname":"Saturday","weekday":"Sat","fromhour":"2","tohour":"6","week1":"1","week2":"1","week3":"1","week4":"1","week5":"1","holidays":"0","blocksweepid":"1623991"}},{"type":"Feature","geometry":{"type":"LineString","coordinates":[[-122.420831850259,37.783370488144],[-122.420904639911,37.783724093269],[-122.421008360568,37.783824118033]]},"properties":{":id":"row-8wii_fm4n-avm6",":version":"rv-egry_rfsh_y2z9",":created_at":"2026-03-10T12:37:08.575Z",":updated_at":"2026-03-10T12:37:08.575Z","cnn":"13150202","corridor":"Van Ness Ave","limits":"Willow St  -  Ellis St","cnnrightleft":"R","blockside":"East","fullname":"Saturday","weekday":"Sat","fromhour":"4","tohour":"6","week1":"1","week2":"1","week3":"1","week4":"1","week5":"1","holidays":"1","blocksweepid":"1625401"}},{"type":"Feature","geometry":{"type":"LineString","coordinates":[[-122.412782128368,37.784866245085],[-122.412872037823,37.78530844888]]},"properties":{":id":"row-h6xi.wbhi-3m56",":version":"rv-9chm_hr3u.x7bc",":created_at":"2026-03-10T12:37:08.575Z",":updated_at":"2026-03-10T12:37:08.575Z","cnn":"7567000","corridor":"Jones St","limits":"Ellis St  -  Antonio St","cnnrightleft":"R","blockside":"East","fullname":"Saturday","weekday":"Sat","fromhour":"6","tohour":"8","week1":"1","week2":"1","week3":"1","week4":"1","week5":"1","holidays":"0","blocksweepid":"1597572"}},{"type":"Feature","geometry":{"type":"LineString","coordinates":[[-122.406667930917,37.797864612499],[-122.407016163317,37.797822302287]]},"properties":{":id":"row-75x7~y35b-qg35",":version":"rv-ipq6~dxek_bx6g",":created_at":"2026-03-10T12:37:08.575Z",":updated_at":"2026-03-10T12:37:08.575Z","cnn":"3153000","corridor":"Broadway","limits":"Columbus Ave  -  Grant Ave","cnnrightleft":"R","blockside":"North","fullname":"Saturday","weekday":"Sat","fromhour":"4","tohour":"6","week1":"1","week2":"1","week3":"1","week4":"1","week5":"1","holidays":"0","blocksweepid":"1627488"}},{"type":"Feature","geometry":{"type":"LineString","coordinates":[[-122.421886446144,37.764917378514],[-122.421731521954,37.76329976802]]},"properties":{":id":"row-9ffx~sjm3_39tc",":version":"rv-drq6.wjr4~tmpm",":created_at":"2026-03-10T12:37:08.575Z",":updated_at":"2026-03-10T12:37:08.575Z","cnn":"13060000","corridor":"Valencia St","limits":"16th St  -  17th St","cnnrightleft":"R","blockside":"West","fullname":"Saturday","weekday":"Sat","fromhour":"6","tohour":"8","week1":"1","week2":"1","week3":"1","week4":"1","week5":"1","holidays":"0","blocksweepid":"1598801"}},{"type":"Feature","geometry":{"type":"LineString","coordinates":[[-122.476764599089,37.743002633011],[-122.477836242823,37.742955572382]]},"properties":{":id":"row-8d6n_rk7r~gd8t",":version":"rv-df8h.sthh_zu8v",":created_at":"2026-03-10T12:37:08.575Z",":updated_at":"2026-03-10T12:37:08.575Z","cnn":"12396000","corridor":"Taraval St","limits":"20th Ave  -  21st Ave","cnnrightleft":"L","blockside":"South","fullname":"Saturday","weekday":"Sat","fromhour":"2","tohour":"6","week1":"1","week2":"1","week3":"1","week4":"1","week5":"1","holidays":"0","blocksweepid":"1624547"}},{"type":"Feature","geometry":{"type":"LineString","coordinates":[[-122.393263730659,37.794229821433],[-122.393548400737,37.794415131376],[-122.393870295438,37.794615117439],[-122.394204730276,37.794866811729],[-122.394407266378,37.79508701629],[-122.394615147434,37.795365294888],[-122.394897405856,37.795834612847],[-122.39545885833,37.79652560895],[-122.395405270407,37.796682895937]]},"properties":{":id":"row-k2kt.x56s_u3nh",":version":"rv-6nev_cr6c~zdyk",":created_at":"2026-03-10T12:37:08.575Z",":updated_at":"2026-03-10T12:37:08.575Z","cnn":"12553103","corridor":"The Embarcadero","limits":"Don Chee Way  -  Washington St","cnnrightleft":"L","blockside":null,"fullname":"Saturday","weekday":"Sat","fromhour":"1","tohour":"3","week1":"1","week2":"1","week3":"1","week4":"1","week5":"1","holidays":"1","blocksweepid":"1639519"}},{"type":"Feature","geometry":{"type":"LineString","coordinates":[[-122.41936416784,37.784029116242],[-122.419454542879,37.78450084397]]},"properties":{":id":"row-c5hu~uwbm-858e",":version":"rv-7wjx~n2zu_aiwi",":created_at":"2026-03-10T12:37:08.575Z",":updated_at":"2026-03-10T12:37:08.575Z","cnn":"10557000","corridor":"Polk St","limits":"Ellis St  -  Olive St","cnnrightleft":"L","blockside":"West","fullname":"Saturday","weekday":"Sat","fromhour":"6","tohour":"8","week1":"1","week2":"1","week3":"1","week4":"1","week5":"1","holidays":"0","blocksweepid":"1619947"}},{"type":"Feature","geometry":{"type":"LineString","coordinates":[[-122.40691050416,37.737965866897],[-122.406947074487,37.737828948402],[-122.406771870248,37.736424002944],[-122.406703835142,37.736308604033]]},"properties":{":id":"row-yk92.37ha~pfbj",":version":"rv-kick~ziuj_qud9",":created_at":"2026-03-10T12:37:08.575Z",":updated_at":"2026-03-10T12:37:08.575Z","cnn":"2802201","corridor":"Bay Shore Blvd","limits":"Industrial St  -  Helena St","cnnrightleft":"R","blockside":"West","fullname":"Saturday","weekday":"Sat","fromhour":"7","tohour":"8","week1":"1","week2":"1","week3":"1","week4":"1","week5":"1","holidays":"0","blocksweepid":"1628245"}},{"type":"Feature","geometry":{"type":"LineString","coordinates":[[-122.390145051507,37.73639019456],[-122.390116080865,37.736257855867],[-122.390321350179,37.735671179186],[-122.390416264113,37.735590520553]]},"properties":{":id":"row-tup4-62xk~yssj",":version":"rv-k4ee-sv2d_z5ju",":created_at":"2026-03-10T12:37:08.575Z",":updated_at":"2026-03-10T12:37:08.575Z","cnn":"210101","corridor":"03rd St","limits":"McKinnon Ave  -  Newcomb Ave","cnnrightleft":"L","blockside":"East","fullname":"Saturday","weekday":"Sat","fromhour":"2","tohour":"6","week1":"1","week2":"1","week3":"1","week4":"1","week5":"1","holidays":"0","blocksweepid":"1629133"}},{"type":"Feature","geometry":{"type":"LineString","coordinates":[[-122.419758524631,37.770672595078],[-122.419853470682,37.770392811346],[-122.420008320652,37.770111449154]]},"properties":{":id":"row-i2na.3emx.x5ji",":version":"rv-rge6~pqqp~v8yx",":created_at":"2026-03-10T12:37:08.575Z",":updated_at":"2026-03-10T12:37:08.575Z","cnn":"9111001","corridor":"Mission St","limits":"Hwy 101 Northbound  -  Hwy 101 Northbound","cnnrightleft":"L","blockside":"East","fullname":"Saturday","weekday":"Sat","fromhour":"2","tohour":"6","week1":"1","week2":"1","week3":"1","week4":"1","week5":"1","holidays":"1","blocksweepid":"1618939"}},{"type":"Feature","geometry":{"type":"LineString","coordinates":[[-122.418747573844,37.75543693624],[-122.418593944952,37.753836587811]]},"properties":{":id":"row-2vwx-5kq7_qzzn",":version":"rv-jcng.3uyn-ecze",":created_at":"2026-03-10T12:37:08.575Z",":updated_at":"2026-03-10T12:37:08.575Z","cnn":"9124000","corridor":"Mission St","limits":"22nd St  -  23rd St","cnnrightleft":"R","blockside":"West","fullname":"Saturday","weekday":"Sat","fromhour":"4","tohour":"6","week1":"1","week2":"1","week3":"1","week4":"1","week5":"1","holidays":"0","blocksweepid":"1619092"}},{"type":"Feature","geometry":{"type":"LineString","coordinates":[[-122.421680447672,37.742821173962],[-122.421968761687,37.742375398498]]},"properties":{":id":"row-knxh-qhbn~jxff",":version":"rv-yuhi-bqjs-cwgh",":created_at":"2026-03-10T12:37:08.575Z",":updated_at":"2026-03-10T12:37:08.575Z","cnn":"9136000","corridor":"Mission St","limits":"Godeus St  -  30th St","cnnrightleft":"L","blockside":"SouthEast","fullname":"Saturday","weekday":"Sat","fromhour":"5","tohour":"7","week1":"1","week2":"1","week3":"1","week4":"1","week5":"1","holidays":"0","blocksweepid":"1619245"}},{"type":"Feature","geometry":{"type":"LineString","coordinates":[[-122.406667930917,37.797864612499],[-122.407082925661,37.798152056594]]},"properties":{":id":"row-f8ti_6hzq_69re",":version":"rv-4kuc-p9b6-j4by",":created_at":"2026-03-10T12:37:08.575Z",":updated_at":"2026-03-10T12:37:08.575Z","cnn":"4292000","corridor":"Columbus Ave","limits":"Broadway  -  Grant Ave","cnnrightleft":"L","blockside":"SouthWest","fullname":"Saturday","weekday":"Sat","fromhour":"4","tohour":"6","week1":"1","week2":"1","week3":"1","week4":"1","week5":"1","holidays":"0","blocksweepid":"1637352"}},{"type":"Feature","geometry":{"type":"LineString","coordinates":[[-122.442564962803,37.714660619233],[-122.442661526889,37.714567198279]]},"properties":{":id":"row-kqms-ah7h~dr9i",":version":"rv-58k6-qe2k_meuf",":created_at":"2026-03-10T12:37:08.575Z",":updated_at":"2026-03-10T12:37:08.575Z","cnn":"9182000","corridor":"Mission St","limits":"Allison St  -  Mount Vernon Ave","cnnrightleft":"R","blockside":"NorthWest","fullname":"Saturday","weekday":"Sat","fromhour":"5","tohour":"7","week1":"1","week2":"1","week3":"1","week4":"1","week5":"1","holidays":"0","blocksweepid":"1600086"}},{"type":"Feature","geometry":{"type":"LineString","coordinates":[[-122.461062828886,37.781160261634],[-122.461187492138,37.781091295889],[-122.462013938234,37.7810545509],[-122.462139278828,37.781110995361]]},"properties":{":id":"row-79cg.x2zs.2wmb",":version":"rv-6fvd-6yfn~t9g5",":created_at":"2026-03-10T12:37:08.575Z",":updated_at":"2026-03-10T12:37:08.575Z","cnn":"6059101","corridor":"Geary Blvd","limits":"03rd Ave  -  04th Ave","cnnrightleft":"L","blockside":"South","fullname":"Saturday","weekday":"Sat","fromhour":"7","tohour":"8","week1":"1","week2":"1","week3":"1","week4":"1","week5":"1","holidays":"0","blocksweepid":"1621900"}},{"type":"Feature","geometry":{"type":"LineString","coordinates":[[-122.382522057226,37.715064587549],[-122.381919558188,37.714697350903],[-122.381740276032,37.714525495486],[-122.381666480405,37.714396754938],[-122.381606162902,37.714243158498],[-122.381590796205,37.712717648874]]},"properties":{":id":"row-yc4i.5g48_8acc",":version":"rv-3zcz.9vmm~b3id",":created_at":"2026-03-10T12:37:08.575Z",":updated_at":"2026-03-10T12:37:08.575Z","cnn":"7096000","corridor":"Hunters Point Expy","limits":"Gilman Ave  -  Unnamed #047","cnnrightleft":"R","blockside":"West","fullname":"Saturday","weekday":"Sat","fromhour":"7","tohour":"8","week1":"1","week2":"1","week3":"1","week4":"1","week5":"1","holidays":"0","blocksweepid":"1609092"}},{"type":"Feature","geometry":{"type":"LineString","coordinates":[[-122.420901270457,37.764976898832],[-122.421239593381,37.764956459787]]},"properties":{":id":"row-gq9r~2rx7-kid4",":version":"rv-386z_4jet~rzmb",":created_at":"2026-03-10T12:37:08.575Z",":updated_at":"2026-03-10T12:37:08.575Z","cnn":"729000","corridor":"16th St","limits":"Julian Ave  -  Rondel Pl","cnnrightleft":"L","blockside":"South","fullname":"Saturday","weekday":"Sat","fromhour":"2","tohour":"6","week1":"1","week2":"1","week3":"1","week4":"1","week5":"1","holidays":"1","blocksweepid":"1601940"}},{"type":"Feature","geometry":{"type":"LineString","coordinates":[[-122.498106916217,37.732267891808],[-122.498193239419,37.73191213834],[-122.498189462204,37.731533224021],[-122.498143504006,37.731373807428],[-122.498001636793,37.73127783217]]},"properties":{":id":"row-n77y-krnx~umkk",":version":"rv-vv37~rn88.72mz",":created_at":"2026-03-10T12:37:08.575Z",":updated_at":"2026-03-10T12:37:08.575Z","cnn":"8043000","corridor":"Lake Merced Blvd","limits":"Skyline Blvd  -  Lakeshore Dr","cnnrightleft":"R","blockside":"West","fullname":"Saturday","weekday":"Sat","fromhour":"4","tohour":"6","week1":"1","week2":"1","week3":"1","week4":"1","week5":"1","holidays":"0","blocksweepid":"1597915"}},{"type":"Feature","geometry":{"type":"LineString","coordinates":[[-122.46656265267,37.78284940803],[-122.467629100629,37.782802249645]]},"properties":{":id":"row-8nqy_rfb3-idz2",":version":"rv-mcsg~qhdw~qdk9",":created_at":"2026-03-10T12:37:08.575Z",":updated_at":"2026-03-10T12:37:08.575Z","cnn":"4157000","corridor":"Clement St","limits":"08th Ave  -  09th Ave","cnnrightleft":"R","blockside":"North","fullname":"Saturday","weekday":"Sat","fromhour":"7","tohour":"8","week1":"1","week2":"1","week3":"1","week4":"1","week5":"1","holidays":"0","blocksweepid":"1615200"}},{"type":"Feature","geometry":{"type":"LineString","coordinates":[[-122.412523835628,37.80862485022],[-122.414164433951,37.808421059353]]},"properties":{":id":"row-w43y-hxkv.pnju",":version":"rv-9pyu.qigy.qzgf",":created_at":"2026-03-10T12:37:08.575Z",":updated_at":"2026-03-10T12:37:08.575Z","cnn":"7455000","corridor":"Jefferson St","limits":"Powell St  -  Mason St","cnnrightleft":"L","blockside":"South","fullname":"Saturday","weekday":"Sat","fromhour":"1","tohour":"3","week1":"1","week2":"1","week3":"1","week4":"1","week5":"1","holidays":"1","blocksweepid":"1597391"}},{"type":"Feature","geometry":{"type":"LineString","coordinates":[[-122.404875610531,37.794859533302],[-122.404957208412,37.795326691803]]},"properties":{":id":"row-aunu~z682-sg4b",":version":"rv-3ba7_5y2r.ysnj",":created_at":"2026-03-10T12:37:08.575Z",":updated_at":"2026-03-10T12:37:08.575Z","cnn":"7759000","corridor":"Kearny St","limits":"Merchant St  -  Washington St","cnnrightleft":"L","blockside":"West","fullname":"Saturday","weekday":"Sat","fromhour":"2","tohour":"6","week1":"1","week2":"1","week3":"1","week4":"1","week5":"1","holidays":"0","blocksweepid":"1623990"}},{"type":"Feature","geometry":{"type":"LineString","coordinates":[[-122.412872037823,37.78530844888],[-122.412881239572,37.785353823175]]},"properties":{":id":"row-cbtm-3mbm~phqk",":version":"rv-pd7s~xnpx-5wua",":created_at":"2026-03-10T12:37:08.575Z",":updated_at":"2026-03-10T12:37:08.575Z","cnn":"7568000","corridor":"Jones St","limits":"Antonio St  -  Steveloe Pl","cnnrightleft":"R","blockside":"East","fullname":"Saturday","weekday":"Sat","fromhour":"6","tohour":"8","week1":"1","week2":"1","week3":"1","week4":"1","week5":"1","holidays":"0","blocksweepid":"1597573"}},{"type":"Feature","geometry":{"type":"LineString","coordinates":[[-122.414617207257,37.785582474549],[-122.414806648356,37.7865198197]]},"properties":{":id":"row-mash_t3mc~e9pa",":version":"rv-k8hh.wau2_9hja",":created_at":"2026-03-10T12:37:08.575Z",":updated_at":"2026-03-10T12:37:08.575Z","cnn":"8243000","corridor":"Leavenworth St","limits":"O'Farrell St  -  Geary St","cnnrightleft":"L","blockside":"West","fullname":"Saturday","weekday":"Sat","fromhour":"6","tohour":"8","week1":"1","week2":"1","week3":"1","week4":"1","week5":"1","holidays":"0","blocksweepid":"1616827"}},{"type":"Feature","geometry":{"type":"LineString","coordinates":[[-122.388130509241,37.716298216102],[-122.387911767083,37.71632787502],[-122.386849666225,37.717509001666]]},"properties":{":id":"row-n5xu~t9qr-9a97",":version":"rv-ui2i.5hng~kthi",":created_at":"2026-03-10T12:37:08.575Z",":updated_at":"2026-03-10T12:37:08.575Z","cnn":"6171000","corridor":"Giants Dr","limits":"Ingerson Ave  -  Gilman Ave","cnnrightleft":"L","blockside":"NorthWest","fullname":"Saturday","weekday":"Sat","fromhour":"7","tohour":"8","week1":"1","week2":"1","week3":"1","week4":"1","week5":"1","holidays":"0","blocksweepid":"1606222"}},{"type":"Feature","geometry":{"type":"LineString","coordinates":[[-122.419505113925,37.746182682866],[-122.419885764063,37.745595096744]]},"properties":{":id":"row-qbgp_nvfy_2k6c",":version":"rv-gcek-nzez_hu33",":created_at":"2026-03-10T12:37:08.575Z",":updated_at":"2026-03-10T12:37:08.575Z","cnn":"9131000","corridor":"Mission St","limits":"Powers Ave  -  Fair Ave","cnnrightleft":"L","blockside":"SouthEast","fullname":"Saturday","weekday":"Sat","fromhour":"5","tohour":"7","week1":"1","week2":"1","week3":"1","week4":"1","week5":"1","holidays":"0","blocksweepid":"1619240"}},{"type":"Feature","geometry":{"type":"LineString","coordinates":[[-122.419359267521,37.761835855191],[-122.419206043142,37.760235354983]]},"properties":{":id":"row-hn98.4e87~a7eu",":version":"rv-khpr.bxaj_64c8",":created_at":"2026-03-10T12:37:08.575Z",":updated_at":"2026-03-10T12:37:08.575Z","cnn":"9120000","corridor":"Mission St","limits":"18th St  -  19th St","cnnrightleft":"R","blockside":"West","fullname":"Saturday","weekday":"Sat","fromhour":"4","tohour":"6","week1":"1","week2":"1","week3":"1","week4":"1","week5":"1","holidays":"0","blocksweepid":"1619056"}},{"type":"Feature","geometry":{"type":"LineString","coordinates":[[-122.415315614941,37.780719176738],[-122.415505178457,37.781654261888]]},"properties":{":id":"row-d2kx_b7bf_5bn9",":version":"rv-emn2.w2zi_hvna",":created_at":"2026-03-10T12:37:08.575Z",":updated_at":"2026-03-10T12:37:08.575Z","cnn":"7114000","corridor":"Hyde St","limits":"McAllister St  -  Golden Gate Ave","cnnrightleft":"L","blockside":"West","fullname":"Saturday","weekday":"Sat","fromhour":"6","tohour":"8","week1":"1","week2":"1","week3":"1","week4":"1","week5":"1","holidays":"0","blocksweepid":"1608319"}},{"type":"Feature","geometry":{"type":"LineString","coordinates":[[-122.399148598539,37.791016649255],[-122.399172342049,37.790933787172],[-122.401272054966,37.7892832712],[-122.401375491232,37.789264322323]]},"properties":{":id":"row-sn55.9z8v~nfjb",":version":"rv-j3h3.35sa.avy7",":created_at":"2026-03-10T12:37:08.575Z",":updated_at":"2026-03-10T12:37:08.575Z","cnn":"8742101","corridor":"Market St","limits":"Bush St  -  02nd St","cnnrightleft":"L","blockside":"SouthEast","fullname":"Saturday","weekday":"Sat","fromhour":"5","tohour":"7","week1":"1","week2":"1","week3":"1","week4":"1","week5":"1","holidays":"1","blocksweepid":"1640604"}},{"type":"Feature","geometry":{"type":"LineString","coordinates":[[-122.396841427359,37.782119122026],[-122.396379518889,37.781750284029]]},"properties":{":id":"row-rc56_pc8g.kae6",":version":"rv-xbue-3f9c-2952",":created_at":"2026-03-10T12:37:08.575Z",":updated_at":"2026-03-10T12:37:08.575Z","cnn":"173000","corridor":"03rd St","limits":"Perry St  -  Stillman St","cnnrightleft":"R","blockside":"SouthWest","fullname":"Saturday","weekday":"Sat","fromhour":"2","tohour":"6","week1":"1","week2":"1","week3":"1","week4":"1","week5":"1","holidays":"0","blocksweepid":"1628702"}},{"type":"Feature","geometry":{"type":"LineString","coordinates":[[-122.414741221821,37.778719429231],[-122.414969893233,37.778861916826],[-122.416580343173,37.778657855353]]},"properties":{":id":"row-jxua_cc2p~nnr5",":version":"rv-784w_hpad-fj53",":created_at":"2026-03-10T12:37:08.575Z",":updated_at":"2026-03-10T12:37:08.575Z","cnn":"6552000","corridor":"Grove St","limits":"Market St  -  Larkin St","cnnrightleft":"R","blockside":"North","fullname":"Saturday","weekday":"Sat","fromhour":"2","tohour":"6","week1":"1","week2":"1","week3":"1","week4":"1","week5":"1","holidays":"0","blocksweepid":"1633258"}},{"type":"Feature","geometry":{"type":"LineString","coordinates":[[-122.38958738061,37.737955395853],[-122.389687992773,37.737880760225],[-122.389893990755,37.737296505291],[-122.389864462449,37.737169532209]]},"properties":{":id":"row-hrs5~cuph-4qww",":version":"rv-jdab-w35c-34ra",":created_at":"2026-03-10T12:37:08.575Z",":updated_at":"2026-03-10T12:37:08.575Z","cnn":"208201","corridor":"03rd St","limits":"Kirkwood Ave  -  La Salle Ave","cnnrightleft":"R","blockside":"West","fullname":"Saturday","weekday":"Sat","fromhour":"2","tohour":"6","week1":"1","week2":"1","week3":"1","week4":"1","week5":"1","holidays":"0","blocksweepid":"1613878"}},{"type":"Feature","geometry":{"type":"LineString","coordinates":[[-122.403435725006,37.805184901498],[-122.403512427043,37.805371092036],[-122.404534061117,37.806110373852],[-122.405490116546,37.806592280099],[-122.40565878456,37.806673631695]]},"properties":{":id":"row-9uy7~ik8s-8s33",":version":"rv-wix4~ju4v~7h4m",":created_at":"2026-03-10T12:37:08.575Z",":updated_at":"2026-03-10T12:37:08.575Z","cnn":"12559201","corridor":"The Embarcadero","limits":"Chestnut St  -  Bay St","cnnrightleft":"R","blockside":"NorthEast","fullname":"Saturday","weekday":"Sat","fromhour":"1","tohour":"3","week1":"1","week2":"1","week3":"1","week4":"1","week5":"1","holidays":"1","blocksweepid":"1624852"}},{"type":"Feature","geometry":{"type":"LineString","coordinates":[[-122.467487652492,37.780879714821],[-122.467604185488,37.78080251661],[-122.468427936423,37.780763681225],[-122.46856387213,37.780822032344]]},"properties":{":id":"row-q8cm~dd7r_6nnf",":version":"rv-3udt~rpkh_hprd",":created_at":"2026-03-10T12:37:08.575Z",":updated_at":"2026-03-10T12:37:08.575Z","cnn":"6065101","corridor":"Geary Blvd","limits":"09th Ave  -  10th Ave","cnnrightleft":"L","blockside":"South","fullname":"Saturday","weekday":"Sat","fromhour":"7","tohour":"8","week1":"1","week2":"1","week3":"1","week4":"1","week5":"1","holidays":"0","blocksweepid":"1621906"}},{"type":"Feature","geometry":{"type":"LineString","coordinates":[[-122.392624535039,37.729278453928],[-122.392736598565,37.729160846222],[-122.392933287321,37.728607207261],[-122.392899420136,37.728489580514]]},"properties":{":id":"row-dcu8~4u5x~pgtz",":version":"rv-35bj~7i3d~rqyk",":created_at":"2026-03-10T12:37:08.575Z",":updated_at":"2026-03-10T12:37:08.575Z","cnn":"220201","corridor":"03rd St","limits":"Williams Ave  -  Lane St","cnnrightleft":"R","blockside":"West","fullname":"Saturday","weekday":"Sat","fromhour":"2","tohour":"6","week1":"1","week2":"1","week3":"1","week4":"1","week5":"1","holidays":"0","blocksweepid":"1613890"}},{"type":"Feature","geometry":{"type":"LineString","coordinates":[[-122.401555700579,37.740961928202],[-122.403186035637,37.741885881715]]},"properties":{":id":"row-pwbh~scfh-nwpe",":version":"rv-tfdt~ge36~ugnx",":created_at":"2026-03-10T12:37:08.575Z",":updated_at":"2026-03-10T12:37:08.575Z","cnn":"9795000","corridor":"Oakdale Ave","limits":"Toland St  -  Barneveld Ave","cnnrightleft":"L","blockside":"SouthWest","fullname":"Saturday","weekday":"Sat","fromhour":"2","tohour":"3","week1":"1","week2":"1","week3":"1","week4":"1","week5":"1","holidays":"0","blocksweepid":"1603432"}},{"type":"Feature","geometry":{"type":"LineString","coordinates":[[-122.403430800691,37.787641848946],[-122.403534997705,37.787621023048],[-122.404555578309,37.786814165432],[-122.404583316994,37.786730565979]]},"properties":{":id":"row-gkc2.z9qu_ike6",":version":"rv-e6vn_zes3_68fx",":created_at":"2026-03-10T12:37:08.575Z",":updated_at":"2026-03-10T12:37:08.575Z","cnn":"8745201","corridor":"Market St","limits":"03rd St  -  Grant Ave","cnnrightleft":"R","blockside":"NorthWest","fullname":"Saturday","weekday":"Sat","fromhour":"5","tohour":"7","week1":"1","week2":"1","week3":"1","week4":"1","week5":"1","holidays":"1","blocksweepid":"1640573"}},{"type":"Feature","geometry":{"type":"LineString","coordinates":[[-122.398315825613,37.789177330318],[-122.398564293259,37.788981173596]]},"properties":{":id":"row-jrc9.cshp.ituw",":version":"rv-scsv~m4c3_khb5",":created_at":"2026-03-10T12:37:08.575Z",":updated_at":"2026-03-10T12:37:08.575Z","cnn":"9089000","corridor":"Mission St","limits":"Ecker St  -  Shaw Aly","cnnrightleft":"L","blockside":"SouthEast","fullname":"Saturday","weekday":"Sat","fromhour":"2","tohour":"6","week1":"1","week2":"1","week3":"1","week4":"1","week5":"1","holidays":"1","blocksweepid":"1618913"}},{"type":"Feature","geometry":{"type":"LineString","coordinates":[[-122.396379518889,37.781750284029],[-122.395843498787,37.781321257064]]},"properties":{":id":"row-483d_w6xk~qwxv",":version":"rv-8uiz.i3um~ap6h",":created_at":"2026-03-10T12:37:08.575Z",":updated_at":"2026-03-10T12:37:08.575Z","cnn":"174000","corridor":"03rd St","limits":"Stillman St  -  Bryant St","cnnrightleft":"L","blockside":"NorthEast","fullname":"Saturday","weekday":"Sat","fromhour":"2","tohour":"6","week1":"1","week2":"1","week3":"1","week4":"1","week5":"1","holidays":"0","blocksweepid":"1628631"}},{"type":"Feature","geometry":{"type":"LineString","coordinates":[[-122.40803623664,37.78640961353],[-122.40822672566,37.787359262241]]},"properties":{":id":"row-5de7.im2g~xix4",":version":"rv-pyzh~dixe~qrhc",":created_at":"2026-03-10T12:37:08.575Z",":updated_at":"2026-03-10T12:37:08.575Z","cnn":"10677000","corridor":"Powell St","limits":"O'Farrell St  -  Geary St","cnnrightleft":"R","blockside":"East","fullname":"Saturday","weekday":"Sat","fromhour":"2","tohour":"6","week1":"1","week2":"1","week3":"1","week4":"1","week5":"1","holidays":"0","blocksweepid":"1619826"}},{"type":"Feature","geometry":{"type":"LineString","coordinates":[[-122.42194858465,37.78848964293],[-122.421864941115,37.78859592935],[-122.421940374296,37.788968774327]]},"properties":{":id":"row-x59r-r4xp~rhvw",":version":"rv-yyib_gzpp_xign",":created_at":"2026-03-10T12:37:08.575Z",":updated_at":"2026-03-10T12:37:08.575Z","cnn":"13156201","corridor":"Van Ness Ave","limits":"Bush St  -  Austin St","cnnrightleft":"R","blockside":"East","fullname":"Saturday","weekday":"Sat","fromhour":"4","tohour":"6","week1":"1","week2":"1","week3":"1","week4":"1","week5":"1","holidays":"1","blocksweepid":"1639998"}},{"type":"Feature","geometry":{"type":"LineString","coordinates":[[-122.475083580853,37.78052853468],[-122.47519418042,37.780455667578],[-122.476037079179,37.780413137145],[-122.476169188894,37.780475849877]]},"properties":{":id":"row-qcj6-buar.rkg6",":version":"rv-a9wy.5hgj-grud",":created_at":"2026-03-10T12:37:08.575Z",":updated_at":"2026-03-10T12:37:08.575Z","cnn":"6073101","corridor":"Geary Blvd","limits":"16th Ave  -  17th Ave","cnnrightleft":"L","blockside":"South","fullname":"Saturday","weekday":"Sat","fromhour":"7","tohour":"8","week1":"1","week2":"1","week3":"1","week4":"1","week5":"1","holidays":"0","blocksweepid":"1621914"}},{"type":"Feature","geometry":{"type":"LineString","coordinates":[[-122.391096119262,37.792436047738],[-122.391021793411,37.792599161581],[-122.391223049097,37.792779801959],[-122.391719194436,37.79319614671],[-122.392331238042,37.793733745784],[-122.392499329227,37.793768814045]]},"properties":{":id":"row-ddpu~44fi~t6e5",":version":"rv-k6s5-fuit~4dcb",":created_at":"2026-03-10T12:37:08.575Z",":updated_at":"2026-03-10T12:37:08.575Z","cnn":"12552201","corridor":"The Embarcadero","limits":"Howard St  -  Mission St","cnnrightleft":"R","blockside":"NorthEast","fullname":"Saturday","weekday":"Sat","fromhour":"1","tohour":"3","week1":"1","week2":"1","week3":"1","week4":"1","week5":"1","holidays":"1","blocksweepid":"1624846"}},{"type":"Feature","geometry":{"type":"LineString","coordinates":[[-122.404306292173,37.74252073392],[-122.404828386001,37.742816598686]]},"properties":{":id":"row-3axp-uep3.ieqe",":version":"rv-uck7_3vkc.wwwa",":created_at":"2026-03-10T12:37:08.575Z",":updated_at":"2026-03-10T12:37:08.575Z","cnn":"9798000","corridor":"Oakdale Ave","limits":"Loomis St  -  Patterson St","cnnrightleft":"R","blockside":"NorthEast","fullname":"Saturday","weekday":"Sat","fromhour":"2","tohour":"3","week1":"1","week2":"1","week3":"1","week4":"1","week5":"1","holidays":"0","blocksweepid":"1603455"}},{"type":"Feature","geometry":{"type":"LineString","coordinates":[[-122.391521350863,37.732431908124],[-122.391640027526,37.732295416195],[-122.391820155407,37.731780536167],[-122.391797155906,37.73164354578]]},"properties":{":id":"row-dcrg_2ic7.iffe",":version":"rv-53xa~kceb~zkmz",":created_at":"2026-03-10T12:37:08.575Z",":updated_at":"2026-03-10T12:37:08.575Z","cnn":"215201","corridor":"03rd St","limits":"Revere Ave  -  Shafter Ave","cnnrightleft":"R","blockside":"West","fullname":"Saturday","weekday":"Sat","fromhour":"2","tohour":"6","week1":"1","week2":"1","week3":"1","week4":"1","week5":"1","holidays":"0","blocksweepid":"1613885"}},{"type":"Feature","geometry":{"type":"LineString","coordinates":[[-122.414741221821,37.778719429231],[-122.414765044095,37.778640841229],[-122.416186993652,37.77751304227],[-122.416291701103,37.777493843394]]},"properties":{":id":"row-4bie-bjjt.cyja",":version":"rv-yhik-qa2p.8s8n",":created_at":"2026-03-10T12:37:08.575Z",":updated_at":"2026-03-10T12:37:08.575Z","cnn":"8752101","corridor":"Market St","limits":"Hyde St  -  Larkin St","cnnrightleft":"L","blockside":"SouthEast","fullname":"Saturday","weekday":"Sat","fromhour":"5","tohour":"7","week1":"1","week2":"1","week3":"1","week4":"1","week5":"1","holidays":"1","blocksweepid":"1618087"}},{"type":"Feature","geometry":{"type":"LineString","coordinates":[[-122.407114046801,37.739059764132],[-122.407068906337,37.738553586518],[-122.4070544855,37.738457886555]]},"properties":{":id":"row-fwfr~hym8~hyqy",":version":"rv-t37h-sdgp.p8tx",":created_at":"2026-03-10T12:37:08.575Z",":updated_at":"2026-03-10T12:37:08.575Z","cnn":"2801202","corridor":"Bay Shore Blvd","limits":"Industrial St On Ramp  -  San Bruno Ave","cnnrightleft":"R","blockside":"West","fullname":"Saturday","weekday":"Sat","fromhour":"0","tohour":"2","week1":"1","week2":"1","week3":"1","week4":"1","week5":"1","holidays":"1","blocksweepid":"1613298"}},{"type":"Feature","geometry":{"type":"LineString","coordinates":[[-122.428657163625,37.767734888173],[-122.428682873255,37.767617648042],[-122.428808226378,37.767518524712],[-122.428948566763,37.767504459571]]},"properties":{":id":"row-hd4r-ptqh-zk89",":version":"rv-q2zs.5cz3-zh8r",":created_at":"2026-03-10T12:37:08.575Z",":updated_at":"2026-03-10T12:37:08.575Z","cnn":"8763101","corridor":"Market St","limits":"14th St  -  Church St","cnnrightleft":"L","blockside":"SouthEast","fullname":"Saturday","weekday":"Sat","fromhour":"2","tohour":"6","week1":"1","week2":"1","week3":"1","week4":"1","week5":"1","holidays":"1","blocksweepid":"1640945"}},{"type":"Feature","geometry":{"type":"LineString","coordinates":[[-122.436040073001,37.723044469769],[-122.436468165125,37.722465217898]]},"properties":{":id":"row-tujq.vm24_2r9h",":version":"rv-pqx2-tac8_e3i8",":created_at":"2026-03-10T12:37:08.575Z",":updated_at":"2026-03-10T12:37:08.575Z","cnn":"9169000","corridor":"Mission St","limits":"Ruth St  -  Leo St","cnnrightleft":"R","blockside":"NorthWest","fullname":"Saturday","weekday":"Sat","fromhour":"5","tohour":"7","week1":"1","week2":"1","week3":"1","week4":"1","week5":"1","holidays":"0","blocksweepid":"1626240"}},{"type":"Feature","geometry":{"type":"LineString","coordinates":[[-122.407619809564,37.796804077267],[-122.408430886462,37.796703902691]]},"properties":{":id":"row-bsh9_f7b3.y8k4",":version":"rv-ysw9.6y26_ysmp",":created_at":"2026-03-10T12:37:08.575Z",":updated_at":"2026-03-10T12:37:08.575Z","cnn":"10128000","corridor":"Pacific Ave","limits":"Pelton Aly  -  Stockton St","cnnrightleft":"R","blockside":"North","fullname":"Saturday","weekday":"Sat","fromhour":"2","tohour":"6","week1":"1","week2":"1","week3":"1","week4":"1","week5":"1","holidays":"0","blocksweepid":"1603997"}},{"type":"Feature","geometry":{"type":"LineString","coordinates":[[-122.418698425757,37.765109955105],[-122.419668972896,37.765051337402]]},"properties":{":id":"row-zzsv.qmqc~d5x7",":version":"rv-5u4w.zpi4_t4qm",":created_at":"2026-03-10T12:37:08.575Z",":updated_at":"2026-03-10T12:37:08.575Z","cnn":"725000","corridor":"16th St","limits":"Capp St  -  Mission St","cnnrightleft":"R","blockside":"North","fullname":"Saturday","weekday":"Sat","fromhour":"2","tohour":"6","week1":"1","week2":"1","week3":"1","week4":"1","week5":"1","holidays":"1","blocksweepid":"1628518"}},{"type":"Feature","geometry":{"type":"LineString","coordinates":[[-122.510341319396,37.764000833634],[-122.510406841337,37.763868537312],[-122.510173739086,37.762100947908],[-122.509691140123,37.758430997502],[-122.509195894343,37.754588218589],[-122.508711797707,37.750869183417],[-122.50682375967,37.736220979422],[-122.506795851345,37.735626083924],[-122.506717428299,37.735469757819]]},"properties":{":id":"row-8ejh_rkts.j7kh",":version":"rv-ixm5-bm6d~rtrz",":created_at":"2026-03-10T12:37:08.575Z",":updated_at":"2026-03-10T12:37:08.575Z","cnn":"6436201","corridor":"Great Hwy","limits":"Lincoln Way  -  Sloat Blvd","cnnrightleft":"R","blockside":"West","fullname":"Saturday","weekday":"Sat","fromhour":"3","tohour":"5","week1":"1","week2":"1","week3":"1","week4":"1","week5":"1","holidays":"1","blocksweepid":"1613566"}},{"type":"Feature","geometry":{"type":"LineString","coordinates":[[-122.405152674242,37.749140154908],[-122.405204505356,37.749132316491],[-122.405501022629,37.749080800922],[-122.405682127515,37.749044253248],[-122.406311867017,37.748938887892],[-122.406455407885,37.748897553386],[-122.406728179231,37.748819004847],[-122.406757777449,37.748766479134]]},"properties":{":id":"row-xzn9.mxy4.v3ms",":version":"rv-4773-8bi4_drkf",":created_at":"2026-03-10T12:37:08.575Z",":updated_at":"2026-03-10T12:37:08.575Z","cnn":"2479203","corridor":"Cesar Chavez St","limits":"Hwy 101 S Off Ramp  -  Hampshire St","cnnrightleft":"L","blockside":"South","fullname":"Saturday","weekday":"Sat","fromhour":"8","tohour":"10","week1":"1","week2":"1","week3":"1","week4":"1","week5":"1","holidays":"0","blocksweepid":"1629604"}},{"type":"Feature","geometry":{"type":"LineString","coordinates":[[-122.417338880528,37.782378943181],[-122.417528773794,37.783310889584]]},"properties":{":id":"row-3zuv-9gyb~pchp",":version":"rv-272p~dz3q~zkik",":created_at":"2026-03-10T12:37:08.575Z",":updated_at":"2026-03-10T12:37:08.575Z","cnn":"8125000","corridor":"Larkin St","limits":"Turk St  -  Eddy St","cnnrightleft":"L","blockside":"West","fullname":"Saturday","weekday":"Sat","fromhour":"6","tohour":"8","week1":"1","week2":"1","week3":"1","week4":"1","week5":"1","holidays":"0","blocksweepid":"1624365"}},{"type":"Feature","geometry":{"type":"LineString","coordinates":[[-122.418226581079,37.778489116769],[-122.419672474569,37.778304992668],[-122.419883230931,37.778251017767]]},"properties":{":id":"row-wts8.ssfz~2wnm",":version":"rv-st3m-ambs~kptk",":created_at":"2026-03-10T12:37:08.575Z",":updated_at":"2026-03-10T12:37:08.575Z","cnn":"6554000","corridor":"Grove St","limits":"Polk St  -  Van Ness Ave","cnnrightleft":"L","blockside":"South","fullname":"Saturday","weekday":"Sat","fromhour":"2","tohour":"6","week1":"1","week2":"1","week3":"1","week4":"1","week5":"1","holidays":"0","blocksweepid":"1611824"}},{"type":"Feature","geometry":{"type":"LineString","coordinates":[[-122.404613421188,37.793565084245],[-122.4047105823,37.794021380221]]},"properties":{":id":"row-ziyd-b5pr-x3v6",":version":"rv-rm8b.rkcc.unkj",":created_at":"2026-03-10T12:37:08.575Z",":updated_at":"2026-03-10T12:37:08.575Z","cnn":"7756000","corridor":"Kearny St","limits":"Sacramento St  -  Commercial St","cnnrightleft":"R","blockside":"East","fullname":"Saturday","weekday":"Sat","fromhour":"2","tohour":"6","week1":"1","week2":"1","week3":"1","week4":"1","week5":"1","holidays":"0","blocksweepid":"1624003"}},{"type":"Feature","geometry":{"type":"LineString","coordinates":[[-122.511053755672,37.771342499596],[-122.510935011914,37.771179687572],[-122.510859709837,37.770561877134],[-122.510925947378,37.770435676064]]},"properties":{":id":"row-vhbn~uzcn-wwm4",":version":"rv-xn52.jhyp-u6i9",":created_at":"2026-03-10T12:37:08.575Z",":updated_at":"2026-03-10T12:37:08.575Z","cnn":"6434101","corridor":"Great Hwy","limits":"Fulton St  -  John F Kennedy Dr","cnnrightleft":"L","blockside":"East","fullname":"Saturday","weekday":"Sat","fromhour":"2","tohour":"6","week1":"1","week2":"1","week3":"1","week4":"1","week5":"1","holidays":"0","blocksweepid":"1601812"}},{"type":"Feature","geometry":{"type":"LineString","coordinates":[[-122.388306067817,37.781798235203],[-122.388395255431,37.781910111278],[-122.388381414425,37.782138564427],[-122.388374811398,37.78248014995],[-122.388208280512,37.784631238018],[-122.388023343662,37.78477361415]]},"properties":{":id":"row-jdzc_en6x.rxj4",":version":"rv-c7up~sis3.yanr",":created_at":"2026-03-10T12:37:08.575Z",":updated_at":"2026-03-10T12:37:08.575Z","cnn":"12547101","corridor":"The Embarcadero","limits":"Townsend St  -  Brannan St","cnnrightleft":"L","blockside":"West","fullname":"Saturday","weekday":"Sat","fromhour":"1","tohour":"3","week1":"1","week2":"1","week3":"1","week4":"1","week5":"1","holidays":"1","blocksweepid":"1639512"}},{"type":"Feature","geometry":{"type":"LineString","coordinates":[[-122.409874016327,37.787149143318],[-122.409930542929,37.787429330976]]},"properties":{":id":"row-eey3.iav2_n9yc",":version":"rv-vkdn_cbqe-fphi",":created_at":"2026-03-10T12:37:08.575Z",":updated_at":"2026-03-10T12:37:08.575Z","cnn":"8804000","corridor":"Mason St","limits":"Geary St  -  Derby St","cnnrightleft":"L","blockside":"West","fullname":"Saturday","weekday":"Sat","fromhour":"2","tohour":"6","week1":"1","week2":"1","week3":"1","week4":"1","week5":"1","holidays":"0","blocksweepid":"1628011"}},{"type":"Feature","geometry":{"type":"LineString","coordinates":[[-122.434425696346,37.725175476577],[-122.43479841318,37.724682554681]]},"properties":{":id":"row-p2pv_u5kd-ymxa",":version":"rv-jrum-34wx.b3ty",":created_at":"2026-03-10T12:37:08.575Z",":updated_at":"2026-03-10T12:37:08.575Z","cnn":"9163000","corridor":"Mission St","limits":"Harrington St  -  Brazil Ave","cnnrightleft":"R","blockside":"NorthWest","fullname":"Saturday","weekday":"Sat","fromhour":"5","tohour":"7","week1":"1","week2":"1","week3":"1","week4":"1","week5":"1","holidays":"0","blocksweepid":"1626234"}},{"type":"Feature","geometry":{"type":"LineString","coordinates":[[-122.421373373705,37.786166158844],[-122.421446571801,37.786527980919],[-122.421570115351,37.786618960963]]},"properties":{":id":"row-h34n.f5wg.ycax",":version":"rv-9b5y-xv4g-xu78",":created_at":"2026-03-10T12:37:08.575Z",":updated_at":"2026-03-10T12:37:08.575Z","cnn":"13153202","corridor":"Van Ness Ave","limits":"Cedar St  -  Post St","cnnrightleft":"R","blockside":"East","fullname":"Saturday","weekday":"Sat","fromhour":"4","tohour":"6","week1":"1","week2":"1","week3":"1","week4":"1","week5":"1","holidays":"1","blocksweepid":"1625425"}},{"type":"Feature","geometry":{"type":"LineString","coordinates":[[-122.389135962128,37.716879304457],[-122.389277654334,37.716961295467]]},"properties":{":id":"row-hbqg~jjzk.6j7g",":version":"rv-83sf.wgn8~qjgk",":created_at":"2026-03-10T12:37:08.575Z",":updated_at":"2026-03-10T12:37:08.575Z","cnn":"7246000","corridor":"Ingerson Ave","limits":"Gilroy St  -  Griffith St","cnnrightleft":"R","blockside":"NorthEast","fullname":"Saturday","weekday":"Sat","fromhour":"7","tohour":"8","week1":"1","week2":"1","week3":"1","week4":"1","week5":"1","holidays":"0","blocksweepid":"1623563"}},{"type":"Feature","geometry":{"type":"LineString","coordinates":[[-122.434203153098,37.790711174785],[-122.434380484153,37.79159165099]]},"properties":{":id":"row-wx8h_fp3n-7xe6",":version":"rv-3j56_96x9.s6rr",":created_at":"2026-03-10T12:37:08.575Z",":updated_at":"2026-03-10T12:37:08.575Z","cnn":"5555000","corridor":"Fillmore St","limits":"Clay St  -  Washington St","cnnrightleft":"L","blockside":"West","fullname":"Saturday","weekday":"Sat","fromhour":"6","tohour":"8","week1":"1","week2":"1","week3":"1","week4":"1","week5":"1","holidays":"0","blocksweepid":"1631382"}},{"type":"Feature","geometry":{"type":"LineString","coordinates":[[-122.395943826939,37.721715880382],[-122.395940396719,37.721587322114],[-122.396184153632,37.721042083765],[-122.396272841569,37.720981529973]]},"properties":{":id":"row-gd5r~x9nh_5kem",":version":"rv-hji4-fikk_6s26",":created_at":"2026-03-10T12:37:08.575Z",":updated_at":"2026-03-10T12:37:08.575Z","cnn":"229101","corridor":"03rd St","limits":"Hollister Ave  -  Ingerson Ave","cnnrightleft":"L","blockside":"East","fullname":"Saturday","weekday":"Sat","fromhour":"2","tohour":"6","week1":"1","week2":"1","week3":"1","week4":"1","week5":"1","holidays":"0","blocksweepid":"1629155"}},{"type":"Feature","geometry":{"type":"LineString","coordinates":[[-122.485807575664,37.780037953227],[-122.485931054855,37.779968916843],[-122.48675615499,37.779930667338],[-122.48687804723,37.779993540402]]},"properties":{":id":"row-cxuy~vyxt.tpur",":version":"rv-5xvi~k5s3_tje2",":created_at":"2026-03-10T12:37:08.575Z",":updated_at":"2026-03-10T12:37:08.575Z","cnn":"6083101","corridor":"Geary Blvd","limits":"26th Ave  -  27th Ave","cnnrightleft":"L","blockside":"South","fullname":"Saturday","weekday":"Sat","fromhour":"7","tohour":"8","week1":"1","week2":"1","week3":"1","week4":"1","week5":"1","holidays":"0","blocksweepid":"1621924"}},{"type":"Feature","geometry":{"type":"LineString","coordinates":[[-122.412147506549,37.785892927575],[-122.412969666673,37.785789584224]]},"properties":{":id":"row-6yna_bmbz_rp7d",":version":"rv-kdqi_k77p_v6ic",":created_at":"2026-03-10T12:37:08.575Z",":updated_at":"2026-03-10T12:37:08.575Z","cnn":"9728000","corridor":"O'Farrell St","limits":"Shannon St  -  Jones St","cnnrightleft":"R","blockside":"North","fullname":"Saturday","weekday":"Sat","fromhour":"6","tohour":"8","week1":"1","week2":"1","week3":"1","week4":"1","week5":"1","holidays":"0","blocksweepid":"1603697"}},{"type":"Feature","geometry":{"type":"LineString","coordinates":[[-122.406827677878,37.796901905855],[-122.407619809564,37.796804077267]]},"properties":{":id":"row-dgsn~yurv-7ez6",":version":"rv-eyk4.wub3.mmap",":created_at":"2026-03-10T12:37:08.575Z",":updated_at":"2026-03-10T12:37:08.575Z","cnn":"10127000","corridor":"Pacific Ave","limits":"Grant Ave  -  Pelton Aly","cnnrightleft":"R","blockside":"North","fullname":"Saturday","weekday":"Sat","fromhour":"2","tohour":"6","week1":"1","week2":"1","week3":"1","week4":"1","week5":"1","holidays":"0","blocksweepid":"1603996"}},{"type":"Feature","geometry":{"type":"LineString","coordinates":[[-122.406023808497,37.783091403293],[-122.40647940289,37.782731636192]]},"properties":{":id":"row-z9jp_qxyq~8yf5",":version":"rv-xa58~di3x-gs4t",":created_at":"2026-03-10T12:37:08.575Z",":updated_at":"2026-03-10T12:37:08.575Z","cnn":"9096003","corridor":"Mission St","limits":"Jessie West St  -  05th St","cnnrightleft":"L","blockside":null,"fullname":"Saturday","weekday":"Sat","fromhour":"2","tohour":"6","week1":"1","week2":"1","week3":"1","week4":"1","week5":"1","holidays":"1","blocksweepid":"1618922"}},{"type":"Feature","geometry":{"type":"LineString","coordinates":[[-122.390001720653,37.716156275131],[-122.390723104978,37.716921905991]]},"properties":{":id":"row-gz93.iawu-6bq3",":version":"rv-d6iy-2nhu.zxcx",":created_at":"2026-03-10T12:37:08.575Z",":updated_at":"2026-03-10T12:37:08.575Z","cnn":"7428000","corridor":"Jamestown Ave","limits":"Griffith St  -  Coronado St","cnnrightleft":"R","blockside":"NorthEast","fullname":"Saturday","weekday":"Sat","fromhour":"7","tohour":"8","week1":"1","week2":"1","week3":"1","week4":"1","week5":"1","holidays":"0","blocksweepid":"1597361"}},{"type":"Feature","geometry":{"type":"LineString","coordinates":[[-122.438863485498,37.7193093603],[-122.438861513937,37.71925863749],[-122.4394406001,37.718492934365],[-122.439500375127,37.718467225658]]},"properties":{":id":"row-tai6_zprs.yi6d",":version":"rv-6niv.wwxg-p5x5",":created_at":"2026-03-10T12:37:08.575Z",":updated_at":"2026-03-10T12:37:08.575Z","cnn":"9174101","corridor":"Mission St","limits":"Kenny Aly  -  Italy Ave","cnnrightleft":"L","blockside":"SouthEast","fullname":"Saturday","weekday":"Sat","fromhour":"5","tohour":"7","week1":"1","week2":"1","week3":"1","week4":"1","week5":"1","holidays":"0","blocksweepid":"1619449"}},{"type":"Feature","geometry":{"type":"LineString","coordinates":[[-122.400382132593,37.722633285191],[-122.399925016868,37.72151727204]]},"properties":{":id":"row-xz88~gt5h~p2p7",":version":"rv-up69-ez8f-rirc",":created_at":"2026-03-10T12:37:08.575Z",":updated_at":"2026-03-10T12:37:08.575Z","cnn":"2815000","corridor":"Bay Shore Blvd","limits":"Wheat St  -  Hwy 101 S On Ramp","cnnrightleft":"L","blockside":"East","fullname":"Saturday","weekday":"Sat","fromhour":"7","tohour":"8","week1":"1","week2":"1","week3":"1","week4":"1","week5":"1","holidays":"0","blocksweepid":"1613347"}},{"type":"Feature","geometry":{"type":"LineString","coordinates":[[-122.418593944952,37.753836587811],[-122.418445270656,37.752239454508]]},"properties":{":id":"row-vndm-cy2h.3jk9",":version":"rv-jvfr.gwki.aj6v",":created_at":"2026-03-10T12:37:08.575Z",":updated_at":"2026-03-10T12:37:08.575Z","cnn":"9125000","corridor":"Mission St","limits":"23rd St  -  24th St","cnnrightleft":"L","blockside":"East","fullname":"Saturday","weekday":"Sat","fromhour":"4","tohour":"6","week1":"1","week2":"1","week3":"1","week4":"1","week5":"1","holidays":"0","blocksweepid":"1641350"}},{"type":"Feature","geometry":{"type":"LineString","coordinates":[[-122.458998400743,37.783188664916],[-122.460137198557,37.783136488403]]},"properties":{":id":"row-i5xy~8cyb-hyqh",":version":"rv-i5ej_geiu-b85e",":created_at":"2026-03-10T12:37:08.575Z",":updated_at":"2026-03-10T12:37:08.575Z","cnn":"4150000","corridor":"Clement St","limits":"Arguello Blvd  -  02nd Ave","cnnrightleft":"R","blockside":"North","fullname":"Saturday","weekday":"Sat","fromhour":"7","tohour":"8","week1":"1","week2":"1","week3":"1","week4":"1","week5":"1","holidays":"0","blocksweepid":"1615193"}},{"type":"Feature","geometry":{"type":"LineString","coordinates":[[-122.397669948657,37.799234483026],[-122.398043583368,37.799025853892],[-122.398117361817,37.798990115146],[-122.398216090368,37.798956442984],[-122.398296531935,37.798937872485],[-122.398695702376,37.798880967338]]},"properties":{":id":"row-8m7i.3cua~9749",":version":"rv-de3v-t282.tigf",":created_at":"2026-03-10T12:37:08.575Z",":updated_at":"2026-03-10T12:37:08.575Z","cnn":"3142000","corridor":"Broadway","limits":"The Embarcadero  -  Davis St","cnnrightleft":"L","blockside":"South","fullname":"Saturday","weekday":"Sat","fromhour":"4","tohour":"6","week1":"1","week2":"1","week3":"1","week4":"1","week5":"1","holidays":"0","blocksweepid":"1627450"}},{"type":"Feature","geometry":{"type":"LineString","coordinates":[[-122.41148412832,37.74829828695],[-122.411628268287,37.748341145349],[-122.41353610555,37.748303631961],[-122.413668844307,37.748255329538]]},"properties":{":id":"row-7ajm-gnmq~ii6d",":version":"rv-im77_a65r_amn9",":created_at":"2026-03-10T12:37:08.575Z",":updated_at":"2026-03-10T12:37:08.575Z","cnn":"2485201","corridor":"Cesar Chavez St","limits":"Harrison St  -  Folsom St","cnnrightleft":"L","blockside":"South","fullname":"Saturday","weekday":"Sat","fromhour":"8","tohour":"10","week1":"1","week2":"1","week3":"1","week4":"1","week5":"1","holidays":"0","blocksweepid":"1629610"}},{"type":"Feature","geometry":{"type":"LineString","coordinates":[[-122.418708904118,37.780773161722],[-122.420255458708,37.780576218265]]},"properties":{":id":"row-7h5j_hnm8-m94y",":version":"rv-hpgp-kc7m~hcgj",":created_at":"2026-03-10T12:37:08.575Z",":updated_at":"2026-03-10T12:37:08.575Z","cnn":"10955000","corridor":"Redwood St","limits":"Polk St  -  Van Ness Ave","cnnrightleft":"R","blockside":"North","fullname":"Saturday","weekday":"Sat","fromhour":"4","tohour":"6","week1":"1","week2":"1","week3":"1","week4":"1","week5":"1","holidays":"1","blocksweepid":"1620959"}},{"type":"Feature","geometry":{"type":"LineString","coordinates":[[-122.394940237623,37.791842090331],[-122.395813421117,37.791152808467]]},"properties":{":id":"row-22s8-9na8~kkz9",":version":"rv-9qvg~7ief_gywq",":created_at":"2026-03-10T12:37:08.575Z",":updated_at":"2026-03-10T12:37:08.575Z","cnn":"9085000","corridor":"Mission St","limits":"Main St  -  Beale St","cnnrightleft":"R","blockside":"NorthWest","fullname":"Saturday","weekday":"Sat","fromhour":"2","tohour":"6","week1":"1","week2":"1","week3":"1","week4":"1","week5":"1","holidays":"1","blocksweepid":"1618462"}},{"type":"Feature","geometry":{"type":"LineString","coordinates":[[-122.450095486223,37.709679912839],[-122.450498930495,37.70954336882]]},"properties":{":id":"row-s2fu~xwfq~9it7",":version":"rv-7r2y_t8v6~xh9b",":created_at":"2026-03-10T12:37:08.575Z",":updated_at":"2026-03-10T12:37:08.575Z","cnn":"9194000","corridor":"Mission St","limits":"Laura St  -  Oliver St","cnnrightleft":"R","blockside":"North","fullname":"Saturday","weekday":"Sat","fromhour":"5","tohour":"7","week1":"1","week2":"1","week3":"1","week4":"1","week5":"1","holidays":"0","blocksweepid":"1600098"}},{"type":"Feature","geometry":{"type":"LineString","coordinates":[[-122.392381992602,37.75002150592],[-122.393340265607,37.749915158777]]},"properties":{":id":"row-3y5y.pxqw_bx9x",":version":"rv-7rzq-2rgm-nrbb",":created_at":"2026-03-10T12:37:08.575Z",":updated_at":"2026-03-10T12:37:08.575Z","cnn":"2473000","corridor":"Cesar Chavez St","limits":"Pennsylvania Ave  -  Mississippi St","cnnrightleft":"R","blockside":"North","fullname":"Saturday","weekday":"Sat","fromhour":"0","tohour":"2","week1":"1","week2":"1","week3":"1","week4":"1","week5":"1","holidays":"1","blocksweepid":"1629583"}},{"type":"Feature","geometry":{"type":"LineString","coordinates":[[-122.420019126612,37.745389020592],[-122.42089365932,37.744037632601]]},"properties":{":id":"row-7hih-jkys-6tum",":version":"rv-kmey.3pzv.m7ez",":created_at":"2026-03-10T12:37:08.575Z",":updated_at":"2026-03-10T12:37:08.575Z","cnn":"9133000","corridor":"Mission St","limits":"Valencia St  -  29th St","cnnrightleft":"L","blockside":"SouthEast","fullname":"Saturday","weekday":"Sat","fromhour":"5","tohour":"7","week1":"1","week2":"1","week3":"1","week4":"1","week5":"1","holidays":"0","blocksweepid":"1619242"}},{"type":"Feature","geometry":{"type":"LineString","coordinates":[[-122.414683132079,37.781759091655],[-122.415505178457,37.781654261888]]},"properties":{":id":"row-tkyb~tk9u.kxqt",":version":"rv-h8k5~3bcr.nwba",":created_at":"2026-03-10T12:37:08.575Z",":updated_at":"2026-03-10T12:37:08.575Z","cnn":"6262000","corridor":"Golden Gate Ave","limits":"Dale Pl  -  Hyde St","cnnrightleft":"R","blockside":"North","fullname":"Saturday","weekday":"Sat","fromhour":"6","tohour":"8","week1":"1","week2":"1","week3":"1","week4":"1","week5":"1","holidays":"0","blocksweepid":"1622289"}},{"type":"Feature","geometry":{"type":"LineString","coordinates":[[-122.419011533299,37.758199785454],[-122.41890102877,37.757035402008]]},"properties":{":id":"row-4q8x_uzb6.baad",":version":"rv-5qb4~yp3u-s8v2",":created_at":"2026-03-10T12:37:08.575Z",":updated_at":"2026-03-10T12:37:08.575Z","cnn":"9122002","corridor":"Mission St","limits":"Catherine Ct  -  21st St","cnnrightleft":"R","blockside":null,"fullname":"Saturday","weekday":"Sat","fromhour":"4","tohour":"6","week1":"1","week2":"1","week3":"1","week4":"1","week5":"1","holidays":"0","blocksweepid":"1619059"}},{"type":"Feature","geometry":{"type":"LineString","coordinates":[[-122.4061628586,37.778942761943],[-122.405615266245,37.778505104586]]},"properties":{":id":"row-5fit.jp8s.hqbi",":version":"rv-wi9x_vtrx~kcai",":created_at":"2026-03-10T12:37:08.575Z",":updated_at":"2026-03-10T12:37:08.575Z","cnn":"334000","corridor":"06th St","limits":"Clementina St  -  Folsom St","cnnrightleft":"R","blockside":"SouthWest","fullname":"Saturday","weekday":"Sat","fromhour":"4","tohour":"6","week1":"1","week2":"1","week3":"1","week4":"1","week5":"1","holidays":"1","blocksweepid":"1636390"}},{"type":"Feature","geometry":{"type":"LineString","coordinates":[[-122.40849315801,37.784452729643],[-122.408667084512,37.78538824897]]},"properties":{":id":"row-tc8j-ntpf~8if8",":version":"rv-hzid~s97q~9s9f",":created_at":"2026-03-10T12:37:08.575Z",":updated_at":"2026-03-10T12:37:08.575Z","cnn":"4570000","corridor":"Cyril Magnin St","limits":"Eddy St  -  Ellis St","cnnrightleft":"L","blockside":"West","fullname":"Saturday","weekday":"Sat","fromhour":"2","tohour":"6","week1":"1","week2":"1","week3":"1","week4":"1","week5":"1","holidays":"0","blocksweepid":"1609922"}},{"type":"Feature","geometry":{"type":"LineString","coordinates":[[-122.405494570919,37.734287050483],[-122.405096042785,37.733716127226],[-122.404657096806,37.732948782317]]},"properties":{":id":"row-dzme_mm6k.5isw",":version":"rv-w2mz~5i4m_hirw",":created_at":"2026-03-10T12:37:08.575Z",":updated_at":"2026-03-10T12:37:08.575Z","cnn":"2804000","corridor":"Bay Shore Blvd","limits":"Augusta St  -  Silver Ave","cnnrightleft":"R","blockside":"SouthWest","fullname":"Saturday","weekday":"Sat","fromhour":"7","tohour":"8","week1":"1","week2":"1","week3":"1","week4":"1","week5":"1","holidays":"0","blocksweepid":"1628247"}},{"type":"Feature","geometry":{"type":"LineString","coordinates":[[-122.400503096316,37.787450498776],[-122.401261501824,37.786851715577]]},"properties":{":id":"row-b83t.p924~kgrq",":version":"rv-nfb8_xwcc.9drn",":created_at":"2026-03-10T12:37:08.575Z",":updated_at":"2026-03-10T12:37:08.575Z","cnn":"9093000","corridor":"Mission St","limits":"New Montgomery St  -  Annie St","cnnrightleft":"L","blockside":"SouthEast","fullname":"Saturday","weekday":"Sat","fromhour":"2","tohour":"6","week1":"1","week2":"1","week3":"1","week4":"1","week5":"1","holidays":"1","blocksweepid":"1618917"}},{"type":"Feature","geometry":{"type":"LineString","coordinates":[[-122.407432089998,37.795926829129],[-122.407563768616,37.795910291779]]},"properties":{":id":"row-wqhp_ujrz-8c7f",":version":"rv-y7cu_2trc.wvjx",":created_at":"2026-03-10T12:37:08.575Z",":updated_at":"2026-03-10T12:37:08.575Z","cnn":"7376000","corridor":"Jackson St","limits":"Ross Aly  -  Duncombe Aly","cnnrightleft":"R","blockside":"North","fullname":"Saturday","weekday":"Sat","fromhour":"2","tohour":"6","week1":"1","week2":"1","week3":"1","week4":"1","week5":"1","holidays":"0","blocksweepid":"1638524"}},{"type":"Feature","geometry":{"type":"LineString","coordinates":[[-122.432706179502,37.783292591474],[-122.432914248247,37.78435505664]]},"properties":{":id":"row-8d47~xhpu-dick",":version":"rv-57sa.ia3e-hunp",":created_at":"2026-03-10T12:37:08.575Z",":updated_at":"2026-03-10T12:37:08.575Z","cnn":"5546000","corridor":"Fillmore St","limits":"O'Farrell St  -  Geary Blvd","cnnrightleft":"L","blockside":"West","fullname":"Saturday","weekday":"Sat","fromhour":"6","tohour":"8","week1":"1","week2":"1","week3":"1","week4":"1","week5":"1","holidays":"0","blocksweepid":"1631373"}},{"type":"Feature","geometry":{"type":"LineString","coordinates":[[-122.415315614941,37.780719176738],[-122.416138098276,37.78061496672]]},"properties":{":id":"row-7fhe~t5ma_bdpm",":version":"rv-ma4e~upm3.9n49",":created_at":"2026-03-10T12:37:08.575Z",":updated_at":"2026-03-10T12:37:08.575Z","cnn":"8891000","corridor":"McAllister St","limits":"Hyde St  -  Breen Pl","cnnrightleft":"L","blockside":"South","fullname":"Saturday","weekday":"Sat","fromhour":"2","tohour":"6","week1":"1","week2":"1","week3":"1","week4":"1","week5":"1","holidays":"0","blocksweepid":"1618215"}},{"type":"Feature","geometry":{"type":"LineString","coordinates":[[-122.399873457754,37.798729001446],[-122.401051293437,37.798580054283]]},"properties":{":id":"row-9iyi~zumi-an2k",":version":"rv-a93i-jghq.5yj3",":created_at":"2026-03-10T12:37:08.575Z",":updated_at":"2026-03-10T12:37:08.575Z","cnn":"3144000","corridor":"Broadway","limits":"Front St  -  Battery St","cnnrightleft":"L","blockside":"South","fullname":"Saturday","weekday":"Sat","fromhour":"4","tohour":"6","week1":"1","week2":"1","week3":"1","week4":"1","week5":"1","holidays":"0","blocksweepid":"1627452"}},{"type":"Feature","geometry":{"type":"LineString","coordinates":[[-122.401822426216,37.726775260692],[-122.401471240393,37.725516289231]]},"properties":{":id":"row-5b89-v6ge-e5gy",":version":"rv-r5bh~wrqw_49w8",":created_at":"2026-03-10T12:37:08.575Z",":updated_at":"2026-03-10T12:37:08.575Z","cnn":"2812000","corridor":"Bay Shore Blvd","limits":"Wayland St  -  Woolsey St","cnnrightleft":"R","blockside":"West","fullname":"Saturday","weekday":"Sat","fromhour":"7","tohour":"8","week1":"1","week2":"1","week3":"1","week4":"1","week5":"1","holidays":"0","blocksweepid":"1628255"}},{"type":"Feature","geometry":{"type":"LineString","coordinates":[[-122.405409100325,37.797544592985],[-122.405481090131,37.797902804277],[-122.405473070568,37.798016956507]]},"properties":{":id":"row-icge~x8is.urez",":version":"rv-au36~7qcs.7gia",":created_at":"2026-03-10T12:37:08.575Z",":updated_at":"2026-03-10T12:37:08.575Z","cnn":"7764000","corridor":"Kearny St","limits":"Nottingham Pl  -  Broadway","cnnrightleft":"L","blockside":"West","fullname":"Saturday","weekday":"Sat","fromhour":"4","tohour":"6","week1":"1","week2":"1","week3":"1","week4":"1","week5":"1","holidays":"0","blocksweepid":"1624122"}},{"type":"Feature","geometry":{"type":"LineString","coordinates":[[-122.490546784727,37.729652016414],[-122.490424876202,37.729691923092],[-122.490135438075,37.73000343134],[-122.489901209433,37.730164549515],[-122.489579689275,37.730285546922],[-122.489205418969,37.73031853604],[-122.48889021619,37.730257184367],[-122.486723726654,37.729586572765],[-122.486552072443,37.729585010642]]},"properties":{":id":"row-v776_cfvn-mix3",":version":"rv-y569-qigr~cbaf",":created_at":"2026-03-10T12:37:08.575Z",":updated_at":"2026-03-10T12:37:08.575Z","cnn":"8046201","corridor":"Lake Merced Blvd","limits":"Clearfield Dr  -  Middlefield Dr","cnnrightleft":"L","blockside":"North","fullname":"Saturday","weekday":"Sat","fromhour":"4","tohour":"6","week1":"1","week2":"1","week3":"1","week4":"1","week5":"1","holidays":"0","blocksweepid":"1597934"}},{"type":"Feature","geometry":{"type":"LineString","coordinates":[[-122.396273544043,37.749745600425],[-122.397285415892,37.749684622769]]},"properties":{":id":"row-8kr2_kx8u.fp7h",":version":"rv-b3fg~22wx~qpwu",":created_at":"2026-03-10T12:37:08.575Z",":updated_at":"2026-03-10T12:37:08.575Z","cnn":"2476000","corridor":"Cesar Chavez St","limits":"Connecticut St  -  Evans Ave","cnnrightleft":"R","blockside":"North","fullname":"Saturday","weekday":"Sat","fromhour":"0","tohour":"2","week1":"1","week2":"1","week3":"1","week4":"1","week5":"1","holidays":"1","blocksweepid":"1629586"}},{"type":"Feature","geometry":{"type":"LineString","coordinates":[[-122.490546784727,37.729652016414],[-122.490424876202,37.729691923092],[-122.490135438075,37.73000343134],[-122.489901209433,37.730164549515],[-122.489579689275,37.730285546922],[-122.489205418969,37.73031853604],[-122.48889021619,37.730257184367],[-122.486723726654,37.729586572765],[-122.486552072443,37.729585010642]]},"properties":{":id":"row-8nbq_tu2g.dsmq",":version":"rv-yss7-zsfb_c9w4",":created_at":"2026-03-10T12:37:08.575Z",":updated_at":"2026-03-10T12:37:08.575Z","cnn":"8046201","corridor":"Lake Merced Blvd","limits":"Clearfield Dr  -  Middlefield Dr","cnnrightleft":"R","blockside":"South","fullname":"Saturday","weekday":"Sat","fromhour":"4","tohour":"6","week1":"1","week2":"1","week3":"1","week4":"1","week5":"1","holidays":"0","blocksweepid":"1597930"}},{"type":"Feature","geometry":{"type":"LineString","coordinates":[[-122.389590696096,37.77986128594],[-122.389562911706,37.779692729582],[-122.390039235805,37.77930735166],[-122.390213499757,37.779138263743],[-122.390628461141,37.778817498441],[-122.391020685827,37.778518653078],[-122.391587636033,37.778069185951],[-122.391840525275,37.778125697956]]},"properties":{":id":"row-cpp8.9uz7.rhsv",":version":"rv-nf9v.zirk_xhsy",":created_at":"2026-03-10T12:37:08.575Z",":updated_at":"2026-03-10T12:37:08.575Z","cnn":"7832101","corridor":"King St","limits":"02nd St  -  03rd St","cnnrightleft":"L","blockside":"SouthEast","fullname":"Saturday","weekday":"Sat","fromhour":"1","tohour":"3","week1":"1","week2":"1","week3":"1","week4":"1","week5":"1","holidays":"1","blocksweepid":"1601483"}},{"type":"Feature","geometry":{"type":"LineString","coordinates":[[-122.417901410401,37.785167214987],[-122.417996269533,37.78564170987]]},"properties":{":id":"row-5nta-b22k.pnkn",":version":"rv-22gh-snhq_d5kd",":created_at":"2026-03-10T12:37:08.575Z",":updated_at":"2026-03-10T12:37:08.575Z","cnn":"8130000","corridor":"Larkin St","limits":"O'Farrell St  -  Myrtle St","cnnrightleft":"L","blockside":"West","fullname":"Saturday","weekday":"Sat","fromhour":"6","tohour":"8","week1":"1","week2":"1","week3":"1","week4":"1","week5":"1","holidays":"0","blocksweepid":"1616760"}},{"type":"Feature","geometry":{"type":"LineString","coordinates":[[-122.419981511883,37.768273653256],[-122.419825234384,37.766673601906]]},"properties":{":id":"row-cf8j~bfmt_yva2",":version":"rv-bq79-ewbc~adqv",":created_at":"2026-03-10T12:37:08.575Z",":updated_at":"2026-03-10T12:37:08.575Z","cnn":"9114000","corridor":"Mission St","limits":"14th St  -  15th St","cnnrightleft":"L","blockside":"East","fullname":"Saturday","weekday":"Sat","fromhour":"4","tohour":"6","week1":"1","week2":"1","week3":"1","week4":"1","week5":"1","holidays":"0","blocksweepid":"1641338"}},{"type":"Feature","geometry":{"type":"LineString","coordinates":[[-122.405409100325,37.797544592985],[-122.405481090131,37.797902804277],[-122.405473070568,37.798016956507]]},"properties":{":id":"row-hc5g.zwyf-vf5c",":version":"rv-7bpd-bwh7_fg53",":created_at":"2026-03-10T12:37:08.575Z",":updated_at":"2026-03-10T12:37:08.575Z","cnn":"7764000","corridor":"Kearny St","limits":"Nottingham Pl  -  Broadway","cnnrightleft":"R","blockside":"East","fullname":"Saturday","weekday":"Sat","fromhour":"4","tohour":"6","week1":"1","week2":"1","week3":"1","week4":"1","week5":"1","holidays":"0","blocksweepid":"1616418"}},{"type":"Feature","geometry":{"type":"LineString","coordinates":[[-122.466426902298,37.780924587549],[-122.466543492226,37.780849479418],[-122.467359397632,37.780812872696],[-122.467487652492,37.780879714821]]},"properties":{":id":"row-wv6u.5gkj~fbin",":version":"rv-2ysk~24sb_8xge",":created_at":"2026-03-10T12:37:08.575Z",":updated_at":"2026-03-10T12:37:08.575Z","cnn":"6064101","corridor":"Geary Blvd","limits":"08th Ave  -  09th Ave","cnnrightleft":"L","blockside":"South","fullname":"Saturday","weekday":"Sat","fromhour":"7","tohour":"8","week1":"1","week2":"1","week3":"1","week4":"1","week5":"1","holidays":"0","blocksweepid":"1621905"}},{"type":"Feature","geometry":{"type":"LineString","coordinates":[[-122.408160792966,37.78053538629],[-122.407691414493,37.780162025776]]},"properties":{":id":"row-ga48_rszt~yaj6",":version":"rv-cypt.xdz2~w2dg",":created_at":"2026-03-10T12:37:08.575Z",":updated_at":"2026-03-10T12:37:08.575Z","cnn":"330000","corridor":"06th St","limits":"Minna St  -  Natoma St","cnnrightleft":"L","blockside":"NorthEast","fullname":"Saturday","weekday":"Sat","fromhour":"4","tohour":"6","week1":"1","week2":"1","week3":"1","week4":"1","week5":"1","holidays":"1","blocksweepid":"1614284"}},{"type":"Feature","geometry":{"type":"LineString","coordinates":[[-122.396272841569,37.720981529973],[-122.39625273633,37.720885323871],[-122.396524504859,37.720289213712],[-122.39661702614,37.720230912546]]},"properties":{":id":"row-76y8.97kx-8ac9",":version":"rv-kabw-pwve_v7bb",":created_at":"2026-03-10T12:37:08.575Z",":updated_at":"2026-03-10T12:37:08.575Z","cnn":"230101","corridor":"03rd St","limits":"Ingerson Ave  -  Jamestown Ave","cnnrightleft":"L","blockside":"East","fullname":"Saturday","weekday":"Sat","fromhour":"2","tohour":"6","week1":"1","week2":"1","week3":"1","week4":"1","week5":"1","holidays":"0","blocksweepid":"1629156"}},{"type":"Feature","geometry":{"type":"LineString","coordinates":[[-122.422487363566,37.748013449992],[-122.422514490929,37.747896161708],[-122.422461874071,37.747317818031],[-122.422383535663,37.747171915024]]},"properties":{":id":"row-g2nv~ury3-9sxi",":version":"rv-bx2i-bcqc.sknf",":created_at":"2026-03-10T12:37:08.575Z",":updated_at":"2026-03-10T12:37:08.575Z","cnn":"6589201","corridor":"Guerrero St","limits":"Cesar Chavez St  -  27th St","cnnrightleft":"L","blockside":"East","fullname":"Saturday","weekday":"Sat","fromhour":"6","tohour":"8","week1":"1","week2":"1","week3":"1","week4":"1","week5":"1","holidays":"0","blocksweepid":"1606750"}},{"type":"Feature","geometry":{"type":"LineString","coordinates":[[-122.389590696096,37.77986128594],[-122.389769153998,37.779864956526],[-122.390660598019,37.779164969252],[-122.391140895849,37.778818518184],[-122.391793957368,37.778244487829],[-122.391840525275,37.778125697956]]},"properties":{":id":"row-3f3s-p6f8~vwdi",":version":"rv-2dmz~ge6d.rfa5",":created_at":"2026-03-10T12:37:08.575Z",":updated_at":"2026-03-10T12:37:08.575Z","cnn":"7832201","corridor":"King St","limits":"02nd St  -  03rd St","cnnrightleft":"R","blockside":"NorthWest","fullname":"Saturday","weekday":"Sat","fromhour":"1","tohour":"3","week1":"1","week2":"1","week3":"1","week4":"1","week5":"1","holidays":"1","blocksweepid":"1627905"}},{"type":"Feature","geometry":{"type":"LineString","coordinates":[[-122.441691159313,37.715572699572],[-122.441799464549,37.715429679987]]},"properties":{":id":"row-tans_epu4~kzs8",":version":"rv-g7sa_6uzu-wgwt",":created_at":"2026-03-10T12:37:08.575Z",":updated_at":"2026-03-10T12:37:08.575Z","cnn":"9180000","corridor":"Mission St","limits":"Niagara Ave  -  Pope St","cnnrightleft":"L","blockside":"SouthEast","fullname":"Saturday","weekday":"Sat","fromhour":"5","tohour":"7","week1":"1","week2":"1","week3":"1","week4":"1","week5":"1","holidays":"0","blocksweepid":"1626570"}},{"type":"Feature","geometry":{"type":"LineString","coordinates":[[-122.417145611924,37.781447495006],[-122.41880845049,37.781235767171]]},"properties":{":id":"row-htje_ia6x~xwcv",":version":"rv-v387-56ec.c39m",":created_at":"2026-03-10T12:37:08.575Z",":updated_at":"2026-03-10T12:37:08.575Z","cnn":"6264000","corridor":"Golden Gate Ave","limits":"Larkin St  -  Polk St","cnnrightleft":"R","blockside":"North","fullname":"Saturday","weekday":"Sat","fromhour":"6","tohour":"8","week1":"1","week2":"1","week3":"1","week4":"1","week5":"1","holidays":"0","blocksweepid":"1622291"}},{"type":"Feature","geometry":{"type":"LineString","coordinates":[[-122.436468165125,37.722465217898],[-122.437149524136,37.721575001258]]},"properties":{":id":"row-2pws.26y7~k8xy",":version":"rv-pryf_ym5w~evq2",":created_at":"2026-03-10T12:37:08.575Z",":updated_at":"2026-03-10T12:37:08.575Z","cnn":"9170000","corridor":"Mission St","limits":"Leo St  -  Russia Ave","cnnrightleft":"R","blockside":"NorthWest","fullname":"Saturday","weekday":"Sat","fromhour":"5","tohour":"7","week1":"1","week2":"1","week3":"1","week4":"1","week5":"1","holidays":"0","blocksweepid":"1626241"}},{"type":"Feature","geometry":{"type":"LineString","coordinates":[[-122.394243492859,37.725475649951],[-122.394351592045,37.725408097736],[-122.394950810175,37.724095690229],[-122.394926152382,37.723972563668]]},"properties":{":id":"row-drfu-x7x2-wscf",":version":"rv-kyqf~zms6.beid",":created_at":"2026-03-10T12:37:08.575Z",":updated_at":"2026-03-10T12:37:08.575Z","cnn":"225201","corridor":"03rd St","limits":"Carroll Ave  -  Egbert Ave","cnnrightleft":"R","blockside":"West","fullname":"Saturday","weekday":"Sat","fromhour":"2","tohour":"6","week1":"1","week2":"1","week3":"1","week4":"1","week5":"1","holidays":"0","blocksweepid":"1613895"}},{"type":"Feature","geometry":{"type":"LineString","coordinates":[[-122.387128522238,37.745070439904],[-122.387225845559,37.744913591942],[-122.387244914801,37.744818906723],[-122.387391530189,37.744398327258],[-122.387372607331,37.744259406508]]},"properties":{":id":"row-5syi_3ekp.7qyc",":version":"rv-pyvf~6m4q~n3pt",":created_at":"2026-03-10T12:37:08.575Z",":updated_at":"2026-03-10T12:37:08.575Z","cnn":"199201","corridor":"03rd St","limits":"Burke Ave  -  Custer Ave","cnnrightleft":"R","blockside":"West","fullname":"Saturday","weekday":"Sat","fromhour":"2","tohour":"6","week1":"1","week2":"1","week3":"1","week4":"1","week5":"1","holidays":"0","blocksweepid":"1613868"}},{"type":"Feature","geometry":{"type":"LineString","coordinates":[[-122.403829085114,37.746015502512],[-122.403881751416,37.745717551744],[-122.40389917691,37.745620309979]]},"properties":{":id":"row-itub_ex5i.dtau",":version":"rv-hwx9~vrnw-dbz4",":created_at":"2026-03-10T12:37:08.575Z",":updated_at":"2026-03-10T12:37:08.575Z","cnn":"2799105","corridor":"Bay Shore Blvd","limits":"Bay Shore Blvd  -  Bay Shore Blvd","cnnrightleft":"R","blockside":"West","fullname":"Saturday","weekday":"Sat","fromhour":"0","tohour":"2","week1":"1","week2":"1","week3":"1","week4":"1","week5":"1","holidays":"1","blocksweepid":"1613293"}},{"type":"Feature","geometry":{"type":"LineString","coordinates":[[-122.409689043756,37.797493152091],[-122.410263524646,37.797420186013]]},"properties":{":id":"row-6ujx~i7us_u5ym",":version":"rv-jumu~hqkt.yiun",":created_at":"2026-03-10T12:37:08.575Z",":updated_at":"2026-03-10T12:37:08.575Z","cnn":"3156000","corridor":"Broadway","limits":"Turk Murphy Ln  -  Powell St","cnnrightleft":"R","blockside":"North","fullname":"Saturday","weekday":"Sat","fromhour":"4","tohour":"6","week1":"1","week2":"1","week3":"1","week4":"1","week5":"1","holidays":"0","blocksweepid":"1627491"}},{"type":"Feature","geometry":{"type":"LineString","coordinates":[[-122.405068509169,37.778068981832],[-122.40460550599,37.777699659847]]},"properties":{":id":"row-y7cs.vj89-av23",":version":"rv-nvqn-6uwd.d79q",":created_at":"2026-03-10T12:37:08.575Z",":updated_at":"2026-03-10T12:37:08.575Z","cnn":"336000","corridor":"06th St","limits":"Shipley St  -  Clara St","cnnrightleft":"R","blockside":"SouthWest","fullname":"Saturday","weekday":"Sat","fromhour":"4","tohour":"6","week1":"1","week2":"1","week3":"1","week4":"1","week5":"1","holidays":"1","blocksweepid":"1636392"}},{"type":"Feature","geometry":{"type":"LineString","coordinates":[[-122.389286735733,37.767874420193],[-122.389205760911,37.767027205529],[-122.389099104328,37.76690347969]]},"properties":{":id":"row-mbxa-9q7t~3buj",":version":"rv-yq6c~j2ue~pu9v",":created_at":"2026-03-10T12:37:08.575Z",":updated_at":"2026-03-10T12:37:08.575Z","cnn":"185206","corridor":"03rd St","limits":"Start:  Block  -  16th St","cnnrightleft":"R","blockside":null,"fullname":"Saturday","weekday":"Sat","fromhour":"2","tohour":"6","week1":"1","week2":"1","week3":"1","week4":"1","week5":"1","holidays":"0","blocksweepid":"1613852"}},{"type":"Feature","geometry":{"type":"LineString","coordinates":[[-122.412220735371,37.782073067927],[-122.412411746542,37.783004078716]]},"properties":{":id":"row-35sn.zmte.8dmn",":version":"rv-9q45~ujjq_25iw",":created_at":"2026-03-10T12:37:08.575Z",":updated_at":"2026-03-10T12:37:08.575Z","cnn":"7564000","corridor":"Jones St","limits":"Golden Gate Ave  -  Turk St","cnnrightleft":"L","blockside":"West","fullname":"Saturday","weekday":"Sat","fromhour":"6","tohour":"8","week1":"1","week2":"1","week3":"1","week4":"1","week5":"1","holidays":"0","blocksweepid":"1597560"}},{"type":"Feature","geometry":{"type":"LineString","coordinates":[[-122.448376961959,37.710372707695],[-122.448930949548,37.710074035593],[-122.449308666783,37.709946203641]]},"properties":{":id":"row-nj53-6bs5~f3wy",":version":"rv-t8xd-74ym_8wqy",":created_at":"2026-03-10T12:37:08.575Z",":updated_at":"2026-03-10T12:37:08.575Z","cnn":"9192000","corridor":"Mission St","limits":"Morse St  -  Farragut Ave","cnnrightleft":"L","blockside":"SouthEast","fullname":"Saturday","weekday":"Sat","fromhour":"5","tohour":"7","week1":"1","week2":"1","week3":"1","week4":"1","week5":"1","holidays":"0","blocksweepid":"1626582"}},{"type":"Feature","geometry":{"type":"LineString","coordinates":[[-122.415020022761,37.785531833664],[-122.415673889951,37.78544962804]]},"properties":{":id":"row-kq3i_i5x2.tgv3",":version":"rv-isai~h4sw-trbm",":created_at":"2026-03-10T12:37:08.575Z",":updated_at":"2026-03-10T12:37:08.575Z","cnn":"9731000","corridor":"O'Farrell St","limits":"Harlem Aly  -  Ada Ct","cnnrightleft":"R","blockside":"North","fullname":"Saturday","weekday":"Sat","fromhour":"6","tohour":"8","week1":"1","week2":"1","week3":"1","week4":"1","week5":"1","holidays":"0","blocksweepid":"1603700"}},{"type":"Feature","geometry":{"type":"LineString","coordinates":[[-122.432363263447,37.72771681463],[-122.432447324391,37.727637208054]]},"properties":{":id":"row-d9qf-mgxu_6q64",":version":"rv-xwhc.trii_bbr7",":created_at":"2026-03-10T12:37:08.575Z",":updated_at":"2026-03-10T12:37:08.575Z","cnn":"9157000","corridor":"Mission St","limits":"Theresa St  -  Avalon Ave","cnnrightleft":"L","blockside":"SouthEast","fullname":"Saturday","weekday":"Sat","fromhour":"5","tohour":"7","week1":"1","week2":"1","week3":"1","week4":"1","week5":"1","holidays":"0","blocksweepid":"1619432"}},{"type":"Feature","geometry":{"type":"LineString","coordinates":[[-122.418579138758,37.765117159294],[-122.418698425757,37.765109955105]]},"properties":{":id":"row-29vz-g7gc-uwyd",":version":"rv-5tgr.9b8d~y32y",":created_at":"2026-03-10T12:37:08.575Z",":updated_at":"2026-03-10T12:37:08.575Z","cnn":"724000","corridor":"16th St","limits":"Capp St  -  Capp St","cnnrightleft":"L","blockside":"South","fullname":"Saturday","weekday":"Sat","fromhour":"2","tohour":"6","week1":"1","week2":"1","week3":"1","week4":"1","week5":"1","holidays":"1","blocksweepid":"1601935"}},{"type":"Feature","geometry":{"type":"LineString","coordinates":[[-122.419638988981,37.78543303615],[-122.421216457579,37.785232628848]]},"properties":{":id":"row-3ddk-y697_gmtg",":version":"rv-pspj-qe8n.kem2",":created_at":"2026-03-10T12:37:08.575Z",":updated_at":"2026-03-10T12:37:08.575Z","cnn":"9472000","corridor":"Alice B Toklas Pl","limits":"Polk St  -  Van Ness Ave","cnnrightleft":"L","blockside":"South","fullname":"Saturday","weekday":"Sat","fromhour":"4","tohour":"6","week1":"1","week2":"1","week3":"1","week4":"1","week5":"1","holidays":"1","blocksweepid":"1634765"}},{"type":"Feature","geometry":{"type":"LineString","coordinates":[[-122.38971674082,37.772930795071],[-122.389622743952,37.772841725727],[-122.389552955155,37.772111633011],[-122.389611482614,37.771997938535]]},"properties":{":id":"row-q2ft~u3kv-5wps",":version":"rv-uhgz.eqx5_fif5",":created_at":"2026-03-10T12:37:08.575Z",":updated_at":"2026-03-10T12:37:08.575Z","cnn":"185101","corridor":"03rd St","limits":"Mission Rock St  -  End:  Block","cnnrightleft":"L","blockside":null,"fullname":"Saturday","weekday":"Sat","fromhour":"2","tohour":"6","week1":"1","week2":"1","week3":"1","week4":"1","week5":"1","holidays":"0","blocksweepid":"1628954"}},{"type":"Feature","geometry":{"type":"LineString","coordinates":[[-122.511282101517,37.77295994379],[-122.511337488905,37.772828267783],[-122.51114225727,37.771419821605],[-122.511053755672,37.771342499596]]},"properties":{":id":"row-v2qt~3r7m.nkd2",":version":"rv-kby5.ated_q5gc",":created_at":"2026-03-10T12:37:08.575Z",":updated_at":"2026-03-10T12:37:08.575Z","cnn":"6433201","corridor":"Great Hwy","limits":"Cabrillo St  -  Fulton St","cnnrightleft":"R","blockside":"West","fullname":"Saturday","weekday":"Sat","fromhour":"3","tohour":"5","week1":"1","week2":"1","week3":"1","week4":"1","week5":"1","holidays":"1","blocksweepid":"1613563"}},{"type":"Feature","geometry":{"type":"LineString","coordinates":[[-122.473799887789,37.734764880898],[-122.474940698055,37.734732783333],[-122.475102470649,37.734625572096]]},"properties":{":id":"row-bqzu~nuf4.5yyu",":version":"rv-he4k~rp64~yqfm",":created_at":"2026-03-10T12:37:08.575Z",":updated_at":"2026-03-10T12:37:08.575Z","cnn":"11950204","corridor":"Sloat Blvd","limits":"Avon Way  -  19th Ave","cnnrightleft":"R","blockside":null,"fullname":"Saturday","weekday":"Sat","fromhour":"5","tohour":"7","week1":"1","week2":"1","week3":"1","week4":"1","week5":"1","holidays":"0","blocksweepid":"1605628"}},{"type":"Feature","geometry":{"type":"LineString","coordinates":[[-122.409693261412,37.781754327744],[-122.409245442644,37.781398133902]]},"properties":{":id":"row-86pd.hes6.nkcx",":version":"rv-3is6~6cxz_b4ya",":created_at":"2026-03-10T12:37:08.575Z",":updated_at":"2026-03-10T12:37:08.575Z","cnn":"327000","corridor":"06th St","limits":"Stevenson St  -  Jessie St","cnnrightleft":"L","blockside":"NorthEast","fullname":"Saturday","weekday":"Sat","fromhour":"4","tohour":"6","week1":"1","week2":"1","week3":"1","week4":"1","week5":"1","holidays":"1","blocksweepid":"1614281"}},{"type":"Feature","geometry":{"type":"LineString","coordinates":[[-122.422186438845,37.77290912284],[-122.422594766565,37.772586914797],[-122.422619690436,37.772502817369]]},"properties":{":id":"row-caei_grst~im9m",":version":"rv-9csx_3eus.rc5a",":created_at":"2026-03-10T12:37:08.575Z",":updated_at":"2026-03-10T12:37:08.575Z","cnn":"8758202","corridor":"Market St","limits":"Gough St  -  Valencia St","cnnrightleft":"R","blockside":"NorthWest","fullname":"Saturday","weekday":"Sat","fromhour":"2","tohour":"6","week1":"1","week2":"1","week3":"1","week4":"1","week5":"1","holidays":"1","blocksweepid":"1625853"}},{"type":"Feature","geometry":{"type":"LineString","coordinates":[[-122.434425696346,37.725175476577],[-122.43479841318,37.724682554681]]},"properties":{":id":"row-43v7.kbcx_gr23",":version":"rv-swfc~8b8b_6f3u",":created_at":"2026-03-10T12:37:08.575Z",":updated_at":"2026-03-10T12:37:08.575Z","cnn":"9163000","corridor":"Mission St","limits":"Harrington St  -  Brazil Ave","cnnrightleft":"L","blockside":"SouthEast","fullname":"Saturday","weekday":"Sat","fromhour":"5","tohour":"7","week1":"1","week2":"1","week3":"1","week4":"1","week5":"1","holidays":"0","blocksweepid":"1619438"}},{"type":"Feature","geometry":{"type":"LineString","coordinates":[[-122.405663217532,37.794345222349],[-122.406304985895,37.794263626856]]},"properties":{":id":"row-rxms-3ipz-ssax",":version":"rv-mqc4_cub8.gdn4",":created_at":"2026-03-10T12:37:08.575Z",":updated_at":"2026-03-10T12:37:08.575Z","cnn":"4088000","corridor":"Clay St","limits":"Walter U Lum Pl  -  Grant Ave","cnnrightleft":"R","blockside":"North","fullname":"Saturday","weekday":"Sat","fromhour":"2","tohour":"6","week1":"1","week2":"1","week3":"1","week4":"1","week5":"1","holidays":"0","blocksweepid":"1637060"}},{"type":"Feature","geometry":{"type":"LineString","coordinates":[[-122.395307861683,37.749803786148],[-122.396273544043,37.749745600425]]},"properties":{":id":"row-xw2z-8zxm.3c9w",":version":"rv-pafy~ekdx.m8er",":created_at":"2026-03-10T12:37:08.575Z",":updated_at":"2026-03-10T12:37:08.575Z","cnn":"2475000","corridor":"Cesar Chavez St","limits":"Missouri St  -  Connecticut St","cnnrightleft":"R","blockside":"North","fullname":"Saturday","weekday":"Sat","fromhour":"0","tohour":"2","week1":"1","week2":"1","week3":"1","week4":"1","week5":"1","holidays":"1","blocksweepid":"1629585"}},{"type":"Feature","geometry":{"type":"LineString","coordinates":[[-122.417618571016,37.783777523379],[-122.417706749819,37.784235738923]]},"properties":{":id":"row-pxxs_r3c8.34qd",":version":"rv-nawp_bzg6-nkyk",":created_at":"2026-03-10T12:37:08.575Z",":updated_at":"2026-03-10T12:37:08.575Z","cnn":"8127000","corridor":"Larkin St","limits":"Willow St  -  Ellis St","cnnrightleft":"L","blockside":"West","fullname":"Saturday","weekday":"Sat","fromhour":"6","tohour":"8","week1":"1","week2":"1","week3":"1","week4":"1","week5":"1","holidays":"0","blocksweepid":"1616757"}},{"type":"Feature","geometry":{"type":"LineString","coordinates":[[-122.407727186607,37.793178302038],[-122.407903301695,37.794060297444]]},"properties":{":id":"row-qfyu_sacg_xw8m",":version":"rv-wb85~7xu9.h7i2",":created_at":"2026-03-10T12:37:08.575Z",":updated_at":"2026-03-10T12:37:08.575Z","cnn":"12204000","corridor":"Stockton St","limits":"Sacramento St  -  Clay St","cnnrightleft":"R","blockside":"East","fullname":"Saturday","weekday":"Sat","fromhour":"2","tohour":"6","week1":"1","week2":"1","week3":"1","week4":"1","week5":"1","holidays":"0","blocksweepid":"1617168"}},{"type":"Feature","geometry":{"type":"LineString","coordinates":[[-122.389864462449,37.737169532209],[-122.389965073705,37.737094895976],[-122.390164412059,37.736511977514],[-122.390145051507,37.73639019456]]},"properties":{":id":"row-fhcy.3hdp-biew",":version":"rv-aujf.f32c_asng",":created_at":"2026-03-10T12:37:08.575Z",":updated_at":"2026-03-10T12:37:08.575Z","cnn":"209201","corridor":"03rd St","limits":"La Salle Ave  -  McKinnon Ave","cnnrightleft":"R","blockside":"West","fullname":"Saturday","weekday":"Sat","fromhour":"2","tohour":"6","week1":"1","week2":"1","week3":"1","week4":"1","week5":"1","holidays":"0","blocksweepid":"1613879"}},{"type":"Feature","geometry":{"type":"LineString","coordinates":[[-122.474623829359,37.743096614561],[-122.475644467962,37.743051812571]]},"properties":{":id":"row-qsi7~zqyi_msp8",":version":"rv-84gi~y6mw_qp3h",":created_at":"2026-03-10T12:37:08.575Z",":updated_at":"2026-03-10T12:37:08.575Z","cnn":"12394000","corridor":"Taraval St","limits":"18th Ave  -  19th Ave","cnnrightleft":"L","blockside":"South","fullname":"Saturday","weekday":"Sat","fromhour":"2","tohour":"6","week1":"1","week2":"1","week3":"1","week4":"1","week5":"1","holidays":"0","blocksweepid":"1624545"}},{"type":"Feature","geometry":{"type":"LineString","coordinates":[[-122.402575227493,37.786678208423],[-122.402025419687,37.786248152145]]},"properties":{":id":"row-bk6a_rh3c.5j7h",":version":"rv-55qg_7upq-jfzz",":created_at":"2025-06-19T16:07:35.272Z",":updated_at":"2025-06-19T16:07:35.272Z","cnn":"165000","corridor":"03rd St","limits":"Jessie St  -  Mission St","cnnrightleft":"R","blockside":"SouthWest","fullname":"Saturday","weekday":"Sat","fromhour":"2","tohour":"6","week1":"1","week2":"1","week3":"1","week4":"1","week5":"1","holidays":"0","blocksweepid":"1628694"}},{"type":"Feature","geometry":{"type":"LineString","coordinates":[[-122.410936574036,37.779211685706],[-122.412413343787,37.778045328617]]},"properties":{":id":"row-fq3p-3xy8-iwue",":version":"rv-bmrp~iubi.rut5",":created_at":"2026-03-10T12:37:08.575Z",":updated_at":"2026-03-10T12:37:08.575Z","cnn":"9101000","corridor":"Mission St","limits":"07th St  -  Julia St","cnnrightleft":"L","blockside":"SouthEast","fullname":"Saturday","weekday":"Sat","fromhour":"2","tohour":"6","week1":"1","week2":"1","week3":"1","week4":"1","week5":"1","holidays":"1","blocksweepid":"1618927"}},{"type":"Feature","geometry":{"type":"LineString","coordinates":[[-122.40460550599,37.777699659847],[-122.404070256834,37.777272702501]]},"properties":{":id":"row-imdf-9enf-r2cg",":version":"rv-636k-kz5n~gmmd",":created_at":"2026-03-10T12:37:08.575Z",":updated_at":"2026-03-10T12:37:08.575Z","cnn":"337000","corridor":"06th St","limits":"Clara St  -  Harrison St","cnnrightleft":"R","blockside":"SouthWest","fullname":"Saturday","weekday":"Sat","fromhour":"4","tohour":"6","week1":"1","week2":"1","week3":"1","week4":"1","week5":"1","holidays":"1","blocksweepid":"1636393"}},{"type":"Feature","geometry":{"type":"LineString","coordinates":[[-122.418287869549,37.750639649888],[-122.418135251879,37.749041287221]]},"properties":{":id":"row-j4c7-fpgm_gaip",":version":"rv-hkwt.pgch_r8ji",":created_at":"2026-03-10T12:37:08.575Z",":updated_at":"2026-03-10T12:37:08.575Z","cnn":"9127000","corridor":"Mission St","limits":"25th St  -  26th St","cnnrightleft":"L","blockside":"East","fullname":"Saturday","weekday":"Sat","fromhour":"4","tohour":"6","week1":"1","week2":"1","week3":"1","week4":"1","week5":"1","holidays":"0","blocksweepid":"1641352"}},{"type":"Feature","geometry":{"type":"LineString","coordinates":[[-122.421008360568,37.783824118033],[-122.420954667828,37.783939671228],[-122.421017514089,37.784302729779]]},"properties":{":id":"row-6qqn~6rxj-ry3t",":version":"rv-q3rp-scb8~jatx",":created_at":"2026-03-10T12:37:08.575Z",":updated_at":"2026-03-10T12:37:08.575Z","cnn":"13151201","corridor":"Van Ness Ave","limits":"Ellis St  -  Olive St","cnnrightleft":"R","blockside":"East","fullname":"Saturday","weekday":"Sat","fromhour":"4","tohour":"6","week1":"1","week2":"1","week3":"1","week4":"1","week5":"1","holidays":"1","blocksweepid":"1625402"}},{"type":"Feature","geometry":{"type":"LineString","coordinates":[[-122.411985369438,37.780951763547],[-122.41249188888,37.780551682075],[-122.4125122556,37.780478512272]]},"properties":{":id":"row-azkp.6gfz-bqbv",":version":"rv-jn2i-9mek_st5y",":created_at":"2026-03-10T12:37:08.575Z",":updated_at":"2026-03-10T12:37:08.575Z","cnn":"8750203","corridor":"Market St","limits":"Jones St  -  07th St","cnnrightleft":"R","blockside":"NorthWest","fullname":"Saturday","weekday":"Sat","fromhour":"5","tohour":"7","week1":"1","week2":"1","week3":"1","week4":"1","week5":"1","holidays":"1","blocksweepid":"1640581"}},{"type":"Feature","geometry":{"type":"LineString","coordinates":[[-122.443345610193,37.713928189631],[-122.44370603206,37.713591510834]]},"properties":{":id":"row-e9ke_dgca-2c9k",":version":"rv-6saz-dd2e_fu4z",":created_at":"2026-03-10T12:37:08.575Z",":updated_at":"2026-03-10T12:37:08.575Z","cnn":"9184000","corridor":"Mission St","limits":"Concord St  -  Ottawa Ave","cnnrightleft":"R","blockside":"NorthWest","fullname":"Saturday","weekday":"Sat","fromhour":"5","tohour":"7","week1":"1","week2":"1","week3":"1","week4":"1","week5":"1","holidays":"0","blocksweepid":"1600088"}},{"type":"Feature","geometry":{"type":"LineString","coordinates":[[-122.391840525275,37.778125697956],[-122.39112141836,37.777553276909]]},"properties":{":id":"row-ke6k-2gap_75sz",":version":"rv-hq7h_fcc2~pqpi",":created_at":"2026-03-10T12:37:08.575Z",":updated_at":"2026-03-10T12:37:08.575Z","cnn":"181000","corridor":"03rd St","limits":"King St  -  Berry St","cnnrightleft":"R","blockside":"SouthWest","fullname":"Saturday","weekday":"Sat","fromhour":"2","tohour":"6","week1":"1","week2":"1","week3":"1","week4":"1","week5":"1","holidays":"0","blocksweepid":"1613843"}},{"type":"Feature","geometry":{"type":"LineString","coordinates":[[-122.403430800691,37.787641848946],[-122.403491775033,37.787963091336]]},"properties":{":id":"row-hjwp-wzzw~iabs",":version":"rv-jp3y-gdg2.xtmi",":created_at":"2026-03-10T12:37:08.575Z",":updated_at":"2026-03-10T12:37:08.575Z","cnn":"7746000","corridor":"Kearny St","limits":"03rd St  -  Geary St","cnnrightleft":"R","blockside":"East","fullname":"Saturday","weekday":"Sat","fromhour":"2","tohour":"6","week1":"1","week2":"1","week3":"1","week4":"1","week5":"1","holidays":"0","blocksweepid":"1623993"}},{"type":"Feature","geometry":{"type":"LineString","coordinates":[[-122.421008360568,37.783824118033],[-122.421098152895,37.78391523532],[-122.42117098682,37.784283291565]]},"properties":{":id":"row-y7jy.wamp_jww4",":version":"rv-umbj~uimg-fc4u",":created_at":"2026-03-10T12:37:08.575Z",":updated_at":"2026-03-10T12:37:08.575Z","cnn":"13151101","corridor":"Van Ness Ave","limits":"Ellis St  -  Olive St","cnnrightleft":"L","blockside":"West","fullname":"Saturday","weekday":"Sat","fromhour":"4","tohour":"6","week1":"1","week2":"1","week3":"1","week4":"1","week5":"1","holidays":"1","blocksweepid":"1640039"}},{"type":"Feature","geometry":{"type":"LineString","coordinates":[[-122.395843498787,37.781321257064],[-122.395517753104,37.78106214102]]},"properties":{":id":"row-irm7~pf52.z7me",":version":"rv-er6r.jre3_di3h",":created_at":"2026-03-10T12:37:08.575Z",":updated_at":"2026-03-10T12:37:08.575Z","cnn":"175000","corridor":"03rd St","limits":"Bryant St  -  Taber Pl","cnnrightleft":"L","blockside":"NorthEast","fullname":"Saturday","weekday":"Sat","fromhour":"2","tohour":"6","week1":"1","week2":"1","week3":"1","week4":"1","week5":"1","holidays":"0","blocksweepid":"1628632"}},{"type":"Feature","geometry":{"type":"LineString","coordinates":[[-122.406643294309,37.793314880656],[-122.407287231582,37.793233636255]]},"properties":{":id":"row-rtv2-yz38~tjvv",":version":"rv-gi7r_994w.7aa6",":created_at":"2026-03-10T12:37:08.575Z",":updated_at":"2026-03-10T12:37:08.575Z","cnn":"11230000","corridor":"Sacramento St","limits":"Waverly Pl  -  Pagoda Pl","cnnrightleft":"R","blockside":"North","fullname":"Saturday","weekday":"Sat","fromhour":"2","tohour":"6","week1":"1","week2":"1","week3":"1","week4":"1","week5":"1","holidays":"0","blocksweepid":"1621133"}},{"type":"Feature","geometry":{"type":"LineString","coordinates":[[-122.432328981537,37.781428371173],[-122.432515383426,37.782349635153]]},"properties":{":id":"row-ihjq.stpd~rx9x",":version":"rv-5dm6-nqgh.g3yp",":created_at":"2026-03-10T12:37:08.575Z",":updated_at":"2026-03-10T12:37:08.575Z","cnn":"5544000","corridor":"Fillmore St","limits":"Eddy St  -  Ellis St","cnnrightleft":"L","blockside":"West","fullname":"Saturday","weekday":"Sat","fromhour":"6","tohour":"8","week1":"1","week2":"1","week3":"1","week4":"1","week5":"1","holidays":"0","blocksweepid":"1631371"}},{"type":"Feature","geometry":{"type":"LineString","coordinates":[[-122.403491775033,37.787963091336],[-122.403579879163,37.788427261877]]},"properties":{":id":"row-q8im~8843~qdpv",":version":"rv-gjvx_ud7d~jwk3",":created_at":"2026-03-10T12:37:08.575Z",":updated_at":"2026-03-10T12:37:08.575Z","cnn":"7747000","corridor":"Kearny St","limits":"Geary St  -  Maiden Ln","cnnrightleft":"L","blockside":"West","fullname":"Saturday","weekday":"Sat","fromhour":"2","tohour":"6","week1":"1","week2":"1","week3":"1","week4":"1","week5":"1","holidays":"0","blocksweepid":"1623978"}},{"type":"Feature","geometry":{"type":"LineString","coordinates":[[-122.389526602327,37.771109952689],[-122.389447135162,37.771004569744],[-122.389424755025,37.770770430585],[-122.389483281624,37.770656736146]]},"properties":{":id":"row-bm7q_zf25.6nyk",":version":"rv-9ic8.2udz_j6vu",":created_at":"2026-03-10T12:37:08.575Z",":updated_at":"2026-03-10T12:37:08.575Z","cnn":"185103","corridor":"03rd St","limits":"Start:  Block  -  Mission Bay South Blvd","cnnrightleft":"L","blockside":null,"fullname":"Saturday","weekday":"Sat","fromhour":"2","tohour":"6","week1":"1","week2":"1","week3":"1","week4":"1","week5":"1","holidays":"0","blocksweepid":"1628956"}},{"type":"Feature","geometry":{"type":"LineString","coordinates":[[-122.415127952624,37.775889703335],[-122.415484750383,37.775607257424]]},"properties":{":id":"row-6jdv~qqgb-ne3s",":version":"rv-sx3r_93vq.pbn9",":created_at":"2026-03-10T12:37:08.575Z",":updated_at":"2026-03-10T12:37:08.575Z","cnn":"9106000","corridor":"Mission St","limits":"Washburn St  -  Grace St","cnnrightleft":"R","blockside":"NorthWest","fullname":"Saturday","weekday":"Sat","fromhour":"2","tohour":"6","week1":"1","week2":"1","week3":"1","week4":"1","week5":"1","holidays":"1","blocksweepid":"1618486"}},{"type":"Feature","geometry":{"type":"LineString","coordinates":[[-122.41947628774,37.763050839627],[-122.419443735953,37.762712867057]]},"properties":{":id":"row-pjnt.qf6p-r7x6",":version":"rv-w4mp~7a52~auwh",":created_at":"2026-03-10T12:37:08.575Z",":updated_at":"2026-03-10T12:37:08.575Z","cnn":"9118000","corridor":"Mission St","limits":"Clarion Aly  -  Sycamore St","cnnrightleft":"R","blockside":"West","fullname":"Saturday","weekday":"Sat","fromhour":"4","tohour":"6","week1":"1","week2":"1","week3":"1","week4":"1","week5":"1","holidays":"0","blocksweepid":"1619054"}},{"type":"Feature","geometry":{"type":"LineString","coordinates":[[-122.416947604956,37.780470341035],[-122.418598509318,37.780260133266]]},"properties":{":id":"row-w8kq~9mie-y52f",":version":"rv-icxv~gt5g_vytx",":created_at":"2026-03-10T12:37:08.575Z",":updated_at":"2026-03-10T12:37:08.575Z","cnn":"8893000","corridor":"McAllister St","limits":"Larkin St  -  Polk St","cnnrightleft":"R","blockside":"North","fullname":"Saturday","weekday":"Sat","fromhour":"2","tohour":"6","week1":"1","week2":"1","week3":"1","week4":"1","week5":"1","holidays":"0","blocksweepid":"1599651"}},{"type":"Feature","geometry":{"type":"LineString","coordinates":[[-122.424040148497,37.737406246878],[-122.424063399557,37.73723972967],[-122.424235083638,37.736737479973]]},"properties":{":id":"row-xyd3~ue5j-vi4m",":version":"rv-2zjr_vq9r_srb8",":created_at":"2026-03-10T12:37:08.575Z",":updated_at":"2026-03-10T12:37:08.575Z","cnn":"9144000","corridor":"Mission St","limits":"Highland Ave  -  Park St","cnnrightleft":"L","blockside":"East","fullname":"Saturday","weekday":"Sat","fromhour":"5","tohour":"7","week1":"1","week2":"1","week3":"1","week4":"1","week5":"1","holidays":"0","blocksweepid":"1641363"}},{"type":"Feature","geometry":{"type":"LineString","coordinates":[[-122.392072954656,37.730855182696],[-122.392148947906,37.730822077931],[-122.392192207166,37.73069696851],[-122.392146619092,37.730642139226]]},"properties":{":id":"row-bkax-wnsb~eydj",":version":"rv-wime_ym68~d9v3",":created_at":"2026-03-10T12:37:08.575Z",":updated_at":"2026-03-10T12:37:08.575Z","cnn":"217201","corridor":"03rd St","limits":"Thomas Ave  -  Thornton Ave","cnnrightleft":"R","blockside":"West","fullname":"Saturday","weekday":"Sat","fromhour":"2","tohour":"6","week1":"1","week2":"1","week3":"1","week4":"1","week5":"1","holidays":"0","blocksweepid":"1613887"}},{"type":"Feature","geometry":{"type":"LineString","coordinates":[[-122.387926350852,37.742703154167],[-122.388010334904,37.742645075718],[-122.388235273007,37.74197673718],[-122.388200344111,37.741889062717]]},"properties":{":id":"row-frfg-pxx3~h2as",":version":"rv-5ehs_hz44-7yur",":created_at":"2026-03-10T12:37:08.575Z",":updated_at":"2026-03-10T12:37:08.575Z","cnn":"202201","corridor":"03rd St","limits":"Evans Ave  -  Fairfax Ave","cnnrightleft":"R","blockside":"West","fullname":"Saturday","weekday":"Sat","fromhour":"2","tohour":"6","week1":"1","week2":"1","week3":"1","week4":"1","week5":"1","holidays":"0","blocksweepid":"1613872"}},{"type":"Feature","geometry":{"type":"LineString","coordinates":[[-122.499196335499,37.734311616301],[-122.499385454218,37.734310557586],[-122.500161803059,37.734742688316],[-122.500595283916,37.734941576551],[-122.500988823622,37.735082548251],[-122.501097483198,37.735206481117]]},"properties":{":id":"row-spr4_2yq6.ktau",":version":"rv-aca4.v4is~sp2z",":created_at":"2026-03-10T12:37:08.575Z",":updated_at":"2026-03-10T12:37:08.575Z","cnn":"11961101","corridor":"Sloat Blvd","limits":"41st Ave  -  43rd Ave","cnnrightleft":"R","blockside":"NorthEast","fullname":"Saturday","weekday":"Sat","fromhour":"5","tohour":"7","week1":"1","week2":"1","week3":"1","week4":"1","week5":"1","holidays":"0","blocksweepid":"1621648"}},{"type":"Feature","geometry":{"type":"LineString","coordinates":[[-122.43948038104,37.783308488002],[-122.439544517087,37.783382626383],[-122.439638735532,37.783846585463]]},"properties":{":id":"row-33xj_s54i.nnxe",":version":"rv-82rq.4886-m879",":created_at":"2026-03-10T12:37:08.575Z",":updated_at":"2026-03-10T12:37:08.575Z","cnn":"4812101","corridor":"Divisadero St","limits":"Geary Blvd  -  Garden St","cnnrightleft":"L","blockside":"West","fullname":"Saturday","weekday":"Sat","fromhour":"6","tohour":"8","week1":"1","week2":"1","week3":"1","week4":"1","week5":"1","holidays":"0","blocksweepid":"1637230"}},{"type":"Feature","geometry":{"type":"LineString","coordinates":[[-122.441691159313,37.715572699572],[-122.441799464549,37.715429679987]]},"properties":{":id":"row-b67g_8n3w_x9ss",":version":"rv-2wa7_5qt4~bhfr",":created_at":"2026-03-10T12:37:08.575Z",":updated_at":"2026-03-10T12:37:08.575Z","cnn":"9180000","corridor":"Mission St","limits":"Niagara Ave  -  Pope St","cnnrightleft":"R","blockside":"NorthWest","fullname":"Saturday","weekday":"Sat","fromhour":"5","tohour":"7","week1":"1","week2":"1","week3":"1","week4":"1","week5":"1","holidays":"0","blocksweepid":"1600084"}},{"type":"Feature","geometry":{"type":"LineString","coordinates":[[-122.420278830377,37.748125283089],[-122.420470385385,37.748161100553],[-122.4212993911,37.748143207094],[-122.421392650237,37.748124371327],[-122.422300439429,37.748070166531],[-122.422487363566,37.748013449992]]},"properties":{":id":"row-btxs~a6aj_s4me",":version":"rv-zhm7.cmy6.sz5u",":created_at":"2026-03-10T12:37:08.575Z",":updated_at":"2026-03-10T12:37:08.575Z","cnn":"2490201","corridor":"Cesar Chavez St","limits":"Valencia St  -  Guerrero St","cnnrightleft":"L","blockside":"South","fullname":"Saturday","weekday":"Sat","fromhour":"8","tohour":"10","week1":"1","week2":"1","week3":"1","week4":"1","week5":"1","holidays":"0","blocksweepid":"1629616"}},{"type":"Feature","geometry":{"type":"LineString","coordinates":[[-122.408808128619,37.798571324139],[-122.408912340509,37.79903585636]]},"properties":{":id":"row-yxbb-9ptf-3wn4",":version":"rv-mdq2~bq8k-dtn6",":created_at":"2026-03-10T12:37:08.575Z",":updated_at":"2026-03-10T12:37:08.575Z","cnn":"12211000","corridor":"Stockton St","limits":"Vallejo St  -  Card Aly","cnnrightleft":"L","blockside":"West","fullname":"Saturday","weekday":"Sat","fromhour":"4","tohour":"6","week1":"1","week2":"1","week3":"1","week4":"1","week5":"1","holidays":"0","blocksweepid":"1617234"}},{"type":"Feature","geometry":{"type":"LineString","coordinates":[[-122.498106916217,37.732267891808],[-122.499058976811,37.73157606995]]},"properties":{":id":"row-b4yv.em2n-xwgn",":version":"rv-e5bb_ery5.55q8",":created_at":"2026-03-10T12:37:08.575Z",":updated_at":"2026-03-10T12:37:08.575Z","cnn":"11939000","corridor":"Skyline Blvd","limits":"Lake Merced Blvd  -  Lake Merced Blvd","cnnrightleft":"L","blockside":"SouthEast","fullname":"Saturday","weekday":"Sat","fromhour":"4","tohour":"6","week1":"1","week2":"1","week3":"1","week4":"1","week5":"1","holidays":"0","blocksweepid":"1611061"}},{"type":"Feature","geometry":{"type":"LineString","coordinates":[[-122.406944628746,37.797468973132],[-122.407016163317,37.797822302287]]},"properties":{":id":"row-4j25.gage_rdsk",":version":"rv-fnfg_c2xn-i85h",":created_at":"2026-03-10T12:37:08.575Z",":updated_at":"2026-03-10T12:37:08.575Z","cnn":"6399000","corridor":"Grant Ave","limits":"Jack Kerouac Aly  -  Broadway","cnnrightleft":"R","blockside":"East","fullname":"Saturday","weekday":"Sat","fromhour":"2","tohour":"6","week1":"1","week2":"1","week3":"1","week4":"1","week5":"1","holidays":"0","blocksweepid":"1606413"}},{"type":"Feature","geometry":{"type":"LineString","coordinates":[[-122.397669948657,37.799234483026],[-122.398043583368,37.799025853892],[-122.398117361817,37.798990115146],[-122.398216090368,37.798956442984],[-122.398296531935,37.798937872485],[-122.398695702376,37.798880967338]]},"properties":{":id":"row-df7s_ec6v~fbxx",":version":"rv-khmf.yhui~hfte",":created_at":"2026-03-10T12:37:08.575Z",":updated_at":"2026-03-10T12:37:08.575Z","cnn":"3142000","corridor":"Broadway","limits":"The Embarcadero  -  Davis St","cnnrightleft":"R","blockside":"North","fullname":"Saturday","weekday":"Sat","fromhour":"4","tohour":"6","week1":"1","week2":"1","week3":"1","week4":"1","week5":"1","holidays":"0","blocksweepid":"1635086"}},{"type":"Feature","geometry":{"type":"LineString","coordinates":[[-122.431763220093,37.778632037466],[-122.431951802505,37.779564149041]]},"properties":{":id":"row-3tne~8btp_zxj8",":version":"rv-7tnq.utpq-jfxw",":created_at":"2026-03-10T12:37:08.575Z",":updated_at":"2026-03-10T12:37:08.575Z","cnn":"5541000","corridor":"Fillmore St","limits":"McAllister St  -  Golden Gate Ave","cnnrightleft":"L","blockside":"West","fullname":"Saturday","weekday":"Sat","fromhour":"6","tohour":"8","week1":"1","week2":"1","week3":"1","week4":"1","week5":"1","holidays":"0","blocksweepid":"1631368"}},{"type":"Feature","geometry":{"type":"LineString","coordinates":[[-122.414806648356,37.7865198197],[-122.416449123004,37.786310218483]]},"properties":{":id":"row-n5e2_tsma~782s",":version":"rv-pagp-8kz5_jqmc",":created_at":"2026-03-10T12:37:08.575Z",":updated_at":"2026-03-10T12:37:08.575Z","cnn":"6115000","corridor":"Geary St","limits":"Leavenworth St  -  Hyde St","cnnrightleft":"R","blockside":"North","fullname":"Saturday","weekday":"Sat","fromhour":"6","tohour":"8","week1":"1","week2":"1","week3":"1","week4":"1","week5":"1","holidays":"0","blocksweepid":"1622096"}},{"type":"Feature","geometry":{"type":"LineString","coordinates":[[-122.392348747989,37.730066818506],[-122.392325227002,37.729943424713],[-122.392533494429,37.729348072773],[-122.392624535039,37.729278453928]]},"properties":{":id":"row-7qfi_g747.6w9v",":version":"rv-rqpn.xfr4~fdwb",":created_at":"2026-03-10T12:37:08.575Z",":updated_at":"2026-03-10T12:37:08.575Z","cnn":"219101","corridor":"03rd St","limits":"Underwood Ave  -  Williams Ave","cnnrightleft":"L","blockside":"East","fullname":"Saturday","weekday":"Sat","fromhour":"2","tohour":"6","week1":"1","week2":"1","week3":"1","week4":"1","week5":"1","holidays":"0","blocksweepid":"1629142"}},{"type":"Feature","geometry":{"type":"LineString","coordinates":[[-122.412411746542,37.783004078716],[-122.412595276786,37.783932576959]]},"properties":{":id":"row-fn7w.x8ds_tgut",":version":"rv-yymp~74w2.ehpr",":created_at":"2026-03-10T12:37:08.575Z",":updated_at":"2026-03-10T12:37:08.575Z","cnn":"7565000","corridor":"Jones St","limits":"Turk St  -  Eddy St","cnnrightleft":"L","blockside":"West","fullname":"Saturday","weekday":"Sat","fromhour":"6","tohour":"8","week1":"1","week2":"1","week3":"1","week4":"1","week5":"1","holidays":"0","blocksweepid":"1597561"}},{"type":"Feature","geometry":{"type":"LineString","coordinates":[[-122.422366459744,37.741760488778],[-122.422840576823,37.741027407651]]},"properties":{":id":"row-2nav.3vgx-dfsq",":version":"rv-nngf-c2af~2pxh",":created_at":"2026-03-10T12:37:08.575Z",":updated_at":"2026-03-10T12:37:08.575Z","cnn":"9139000","corridor":"Mission St","limits":"Kingston St  -  Cortland Ave","cnnrightleft":"L","blockside":"SouthEast","fullname":"Saturday","weekday":"Sat","fromhour":"5","tohour":"7","week1":"1","week2":"1","week3":"1","week4":"1","week5":"1","holidays":"0","blocksweepid":"1619248"}},{"type":"Feature","geometry":{"type":"LineString","coordinates":[[-122.419668972896,37.765051337402],[-122.419512737159,37.763429273393]]},"properties":{":id":"row-bewc_9fbx.96fq",":version":"rv-c8c7.iphf.krt8",":created_at":"2026-03-10T12:37:08.575Z",":updated_at":"2026-03-10T12:37:08.575Z","cnn":"9116000","corridor":"Mission St","limits":"16th St  -  17th St","cnnrightleft":"L","blockside":"East","fullname":"Saturday","weekday":"Sat","fromhour":"4","tohour":"6","week1":"1","week2":"1","week3":"1","week4":"1","week5":"1","holidays":"0","blocksweepid":"1641340"}},{"type":"Feature","geometry":{"type":"LineString","coordinates":[[-122.398564293259,37.788981173596],[-122.399358490876,37.788354170243]]},"properties":{":id":"row-8qq2-pqa2~eaav",":version":"rv-bw59-tnkd.9vmz",":created_at":"2026-03-10T12:37:08.575Z",":updated_at":"2026-03-10T12:37:08.575Z","cnn":"9090000","corridor":"Mission St","limits":"Shaw Aly  -  Anthony St","cnnrightleft":"L","blockside":"SouthEast","fullname":"Saturday","weekday":"Sat","fromhour":"2","tohour":"6","week1":"1","week2":"1","week3":"1","week4":"1","week5":"1","holidays":"1","blocksweepid":"1618914"}},{"type":"Feature","geometry":{"type":"LineString","coordinates":[[-122.509432940123,37.779851069753],[-122.510468097621,37.779793271388],[-122.51063546516,37.779765403735],[-122.510801097041,37.779721932419],[-122.510931056544,37.779670731924],[-122.511359655316,37.779443512937],[-122.511424139012,37.779409663242]]},"properties":{":id":"row-wyxv~upm6~mve6",":version":"rv-d5m5~6srp-yyqk",":created_at":"2026-03-10T12:37:08.575Z",":updated_at":"2026-03-10T12:37:08.575Z","cnn":"10543000","corridor":"Point Lobos Ave","limits":"48th Ave  -  Merrie Way","cnnrightleft":"R","blockside":"North","fullname":"Saturday","weekday":"Sat","fromhour":"2","tohour":"6","week1":"1","week2":"1","week3":"1","week4":"1","week5":"1","holidays":"0","blocksweepid":"1609649"}},{"type":"Feature","geometry":{"type":"LineString","coordinates":[[-122.397383445616,37.792405521236],[-122.397490300593,37.792387025402],[-122.398235498252,37.791800086215],[-122.398264448474,37.791716058294]]},"properties":{":id":"row-zpbv~ctgf_swzb",":version":"rv-2aib.g2rk-6j4n",":created_at":"2026-03-10T12:37:08.575Z",":updated_at":"2026-03-10T12:37:08.575Z","cnn":"8740201","corridor":"Market St","limits":"Pine St  -  Front St","cnnrightleft":"R","blockside":"NorthWest","fullname":"Saturday","weekday":"Sat","fromhour":"5","tohour":"7","week1":"1","week2":"1","week3":"1","week4":"1","week5":"1","holidays":"1","blocksweepid":"1640565"}},{"type":"Feature","geometry":{"type":"LineString","coordinates":[[-122.437422939693,37.77313349266],[-122.437486034923,37.773213673653],[-122.437638293652,37.773977498984],[-122.437610623863,37.774061646375]]},"properties":{":id":"row-5svp-auw8.ivr2",":version":"rv-nht7.sfib-kket",":created_at":"2026-03-10T12:37:08.575Z",":updated_at":"2026-03-10T12:37:08.575Z","cnn":"4801101","corridor":"Divisadero St","limits":"Oak St  -  Fell St","cnnrightleft":"L","blockside":"West","fullname":"Saturday","weekday":"Sat","fromhour":"6","tohour":"8","week1":"1","week2":"1","week3":"1","week4":"1","week5":"1","holidays":"0","blocksweepid":"1615291"}},{"type":"Feature","geometry":{"type":"LineString","coordinates":[[-122.39114136606,37.718040053538],[-122.391206142005,37.718105987568],[-122.392049983556,37.718584930069]]},"properties":{":id":"row-fg9z.vdvy_mfzi",":version":"rv-fhre~7pye-x3hf",":created_at":"2026-03-10T12:37:08.575Z",":updated_at":"2026-03-10T12:37:08.575Z","cnn":"7249000","corridor":"Ingerson Ave","limits":"Hawes St  -  Redondo St","cnnrightleft":"R","blockside":"NorthEast","fullname":"Saturday","weekday":"Sat","fromhour":"7","tohour":"8","week1":"1","week2":"1","week3":"1","week4":"1","week5":"1","holidays":"0","blocksweepid":"1623566"}},{"type":"Feature","geometry":{"type":"LineString","coordinates":[[-122.418445270656,37.752239454508],[-122.418287869549,37.750639649888]]},"properties":{":id":"row-gfng-zs8w~t9qd",":version":"rv-dhup_mep6_86bd",":created_at":"2026-03-10T12:37:08.575Z",":updated_at":"2026-03-10T12:37:08.575Z","cnn":"9126000","corridor":"Mission St","limits":"24th St  -  25th St","cnnrightleft":"R","blockside":"West","fullname":"Saturday","weekday":"Sat","fromhour":"4","tohour":"6","week1":"1","week2":"1","week3":"1","week4":"1","week5":"1","holidays":"0","blocksweepid":"1619094"}},{"type":"Feature","geometry":{"type":"LineString","coordinates":[[-122.405142977293,37.796210954662],[-122.405288396517,37.796909057292]]},"properties":{":id":"row-6hhi.g5z5~5ix7",":version":"rv-4n4h_k4f2_wr3g",":created_at":"2026-03-10T12:37:08.575Z",":updated_at":"2026-03-10T12:37:08.575Z","cnn":"7761000","corridor":"Kearny St","limits":"Jackson St  -  Columbus Ave","cnnrightleft":"R","blockside":"East","fullname":"Saturday","weekday":"Sat","fromhour":"2","tohour":"6","week1":"1","week2":"1","week3":"1","week4":"1","week5":"1","holidays":"0","blocksweepid":"1624008"}},{"type":"Feature","geometry":{"type":"LineString","coordinates":[[-122.412523835628,37.80862485022],[-122.414164433951,37.808421059353]]},"properties":{":id":"row-andr-rmsu.6ddw",":version":"rv-3ywe-bd8e_bh8x",":created_at":"2026-03-10T12:37:08.575Z",":updated_at":"2026-03-10T12:37:08.575Z","cnn":"7455000","corridor":"Jefferson St","limits":"Powell St  -  Mason St","cnnrightleft":"R","blockside":"North","fullname":"Saturday","weekday":"Sat","fromhour":"1","tohour":"3","week1":"1","week2":"1","week3":"1","week4":"1","week5":"1","holidays":"1","blocksweepid":"1597416"}},{"type":"Feature","geometry":{"type":"LineString","coordinates":[[-122.40849315801,37.784452729643],[-122.409309180162,37.784349269064]]},"properties":{":id":"row-kevd_dtyq~w65j",":version":"rv-mf4x_p2e3-vjwz",":created_at":"2026-03-10T12:37:08.575Z",":updated_at":"2026-03-10T12:37:08.575Z","cnn":"5058000","corridor":"Eddy St","limits":"Cyril Magnin St  -  Mason St","cnnrightleft":"R","blockside":"North","fullname":"Saturday","weekday":"Sat","fromhour":"2","tohour":"6","week1":"1","week2":"1","week3":"1","week4":"1","week5":"1","holidays":"0","blocksweepid":"1604704"}},{"type":"Feature","geometry":{"type":"LineString","coordinates":[[-122.41607173455,37.78444884161],[-122.416259705784,37.785375974611]]},"properties":{":id":"row-wbkn-js5y.praz",":version":"rv-s3sf_twc5-zzmm",":created_at":"2026-03-10T12:37:08.575Z",":updated_at":"2026-03-10T12:37:08.575Z","cnn":"7118000","corridor":"Hyde St","limits":"Ellis St  -  O'Farrell St","cnnrightleft":"L","blockside":"West","fullname":"Saturday","weekday":"Sat","fromhour":"6","tohour":"8","week1":"1","week2":"1","week3":"1","week4":"1","week5":"1","holidays":"0","blocksweepid":"1608323"}},{"type":"Feature","geometry":{"type":"LineString","coordinates":[[-122.420817003141,37.78289412161],[-122.420754719543,37.782995789186],[-122.420831850259,37.783370488144]]},"properties":{":id":"row-tjpw.cnse~aj5d",":version":"rv-vm5c~bizw_72dc",":created_at":"2026-03-10T12:37:08.575Z",":updated_at":"2026-03-10T12:37:08.575Z","cnn":"13150201","corridor":"Van Ness Ave","limits":"Eddy St  -  Willow St","cnnrightleft":"R","blockside":"East","fullname":"Saturday","weekday":"Sat","fromhour":"4","tohour":"6","week1":"1","week2":"1","week3":"1","week4":"1","week5":"1","holidays":"1","blocksweepid":"1639943"}},{"type":"Feature","geometry":{"type":"LineString","coordinates":[[-122.403075017383,37.798323274712],[-122.403519546003,37.798268070024]]},"properties":{":id":"row-xaf7.pm4w-bb6s",":version":"rv-qzhw-v46d~m5bs",":created_at":"2026-03-10T12:37:08.575Z",":updated_at":"2026-03-10T12:37:08.575Z","cnn":"3147000","corridor":"Broadway","limits":"Osgood Pl  -  Bartol St","cnnrightleft":"L","blockside":"South","fullname":"Saturday","weekday":"Sat","fromhour":"4","tohour":"6","week1":"1","week2":"1","week3":"1","week4":"1","week5":"1","holidays":"0","blocksweepid":"1627455"}},{"type":"Feature","geometry":{"type":"LineString","coordinates":[[-122.408066547135,37.7839914871],[-122.40809237983,37.78390630087],[-122.408854777185,37.78330570051],[-122.40895215881,37.783287852635]]},"properties":{":id":"row-4nad~86hw.ey2v",":version":"rv-m524.hge8-bzf5",":created_at":"2026-03-10T12:37:08.575Z",":updated_at":"2026-03-10T12:37:08.575Z","cnn":"8748101","corridor":"Market St","limits":"05th St  -  Mason St","cnnrightleft":"L","blockside":"SouthEast","fullname":"Saturday","weekday":"Sat","fromhour":"5","tohour":"7","week1":"1","week2":"1","week3":"1","week4":"1","week5":"1","holidays":"1","blocksweepid":"1618083"}},{"type":"Feature","geometry":{"type":"LineString","coordinates":[[-122.501097483198,37.735206481117],[-122.501251121468,37.73517418621],[-122.501548266885,37.735244137926],[-122.502017217793,37.735334606885],[-122.502529176407,37.73537746829],[-122.50300766128,37.735383397252],[-122.503104759293,37.735466491501]]},"properties":{":id":"row-t324-avgj.qej4",":version":"rv-i6t4-dr64_fbzn",":created_at":"2026-03-10T12:37:08.575Z",":updated_at":"2026-03-10T12:37:08.575Z","cnn":"11962101","corridor":"Sloat Blvd","limits":"43rd Ave  -  45th Ave","cnnrightleft":"R","blockside":"North","fullname":"Saturday","weekday":"Sat","fromhour":"5","tohour":"7","week1":"1","week2":"1","week3":"1","week4":"1","week5":"1","holidays":"0","blocksweepid":"1621649"}},{"type":"Feature","geometry":{"type":"LineString","coordinates":[[-122.40635066883,37.796061968847],[-122.406652352008,37.796024750166]]},"properties":{":id":"row-zzby~kzqf_s82t",":version":"rv-nh7d_5seh.f4pg",":created_at":"2026-03-10T12:37:08.575Z",":updated_at":"2026-03-10T12:37:08.575Z","cnn":"7372000","corridor":"Jackson St","limits":"Beckett St  -  Grant Ave","cnnrightleft":"R","blockside":"North","fullname":"Saturday","weekday":"Sat","fromhour":"2","tohour":"6","week1":"1","week2":"1","week3":"1","week4":"1","week5":"1","holidays":"0","blocksweepid":"1638520"}},{"type":"Feature","geometry":{"type":"LineString","coordinates":[[-122.416580343173,37.778657855353],[-122.416768092983,37.779584437842]]},"properties":{":id":"row-scdb-gvkp_rqqt",":version":"rv-fj7e~hheq_sidm",":created_at":"2026-03-10T12:37:08.575Z",":updated_at":"2026-03-10T12:37:08.575Z","cnn":"8121000","corridor":"Larkin St","limits":"Grove St  -  Fulton St","cnnrightleft":"L","blockside":"West","fullname":"Saturday","weekday":"Sat","fromhour":"2","tohour":"6","week1":"1","week2":"1","week3":"1","week4":"1","week5":"1","holidays":"0","blocksweepid":"1638878"}},{"type":"Feature","geometry":{"type":"LineString","coordinates":[[-122.483864395827,37.727019523181],[-122.4839566447,37.726933103632],[-122.484015067836,37.726700742797],[-122.485096000743,37.724123855321],[-122.485075178289,37.723999726963]]},"properties":{":id":"row-u69e~dud6~duw3",":version":"rv-u43b_hwit-55xf",":created_at":"2026-03-10T12:37:08.575Z",":updated_at":"2026-03-10T12:37:08.575Z","cnn":"8048201","corridor":"Lake Merced Blvd","limits":"Winston Dr  -  Font Blvd","cnnrightleft":"L","blockside":"East","fullname":"Saturday","weekday":"Sat","fromhour":"4","tohour":"6","week1":"1","week2":"1","week3":"1","week4":"1","week5":"1","holidays":"0","blocksweepid":"1597936"}},{"type":"Feature","geometry":{"type":"LineString","coordinates":[[-122.415127952624,37.775889703335],[-122.415484750383,37.775607257424]]},"properties":{":id":"row-itqq.6qge_m5yc",":version":"rv-m5ew.98kf-fdze",":created_at":"2026-03-10T12:37:08.575Z",":updated_at":"2026-03-10T12:37:08.575Z","cnn":"9106000","corridor":"Mission St","limits":"Washburn St  -  Grace St","cnnrightleft":"L","blockside":"SouthEast","fullname":"Saturday","weekday":"Sat","fromhour":"2","tohour":"6","week1":"1","week2":"1","week3":"1","week4":"1","week5":"1","holidays":"1","blocksweepid":"1618932"}},{"type":"Feature","geometry":{"type":"LineString","coordinates":[[-122.449308666783,37.709946203641],[-122.450095486223,37.709679912839]]},"properties":{":id":"row-gc39-a44y~69yu",":version":"rv-k529_tepi.44ya",":created_at":"2026-03-10T12:37:08.575Z",":updated_at":"2026-03-10T12:37:08.575Z","cnn":"9193000","corridor":"Mission St","limits":"Farragut Ave  -  Laura St","cnnrightleft":"R","blockside":"North","fullname":"Saturday","weekday":"Sat","fromhour":"5","tohour":"7","week1":"1","week2":"1","week3":"1","week4":"1","week5":"1","holidays":"0","blocksweepid":"1600097"}},{"type":"Feature","geometry":{"type":"LineString","coordinates":[[-122.408430886462,37.796703902691],[-122.408557722805,37.797327198682]]},"properties":{":id":"row-hwhz.nmwf_hkjc",":version":"rv-y4nn-kv4h~wjvf",":created_at":"2026-03-10T12:37:08.575Z",":updated_at":"2026-03-10T12:37:08.575Z","cnn":"12208000","corridor":"Stockton St","limits":"Pacific Ave  -  Stark St","cnnrightleft":"L","blockside":"West","fullname":"Saturday","weekday":"Sat","fromhour":"2","tohour":"6","week1":"1","week2":"1","week3":"1","week4":"1","week5":"1","holidays":"0","blocksweepid":"1624705"}},{"type":"Feature","geometry":{"type":"LineString","coordinates":[[-122.477836242823,37.742955572382],[-122.47890479421,37.742908637602]]},"properties":{":id":"row-4c24_d2nb~e7r8",":version":"rv-xhzd_2p9f_fh4d",":created_at":"2026-03-10T12:37:08.575Z",":updated_at":"2026-03-10T12:37:08.575Z","cnn":"12397000","corridor":"Taraval St","limits":"21st Ave  -  22nd Ave","cnnrightleft":"L","blockside":"South","fullname":"Saturday","weekday":"Sat","fromhour":"2","tohour":"6","week1":"1","week2":"1","week3":"1","week4":"1","week5":"1","holidays":"0","blocksweepid":"1624548"}},{"type":"Feature","geometry":{"type":"LineString","coordinates":[[-122.423396761057,37.77188564464],[-122.423510160378,37.77173307429],[-122.423973384504,37.771369005805]]},"properties":{":id":"row-6jqu~gmus.uu46",":version":"rv-wu5i_956p-efc4",":created_at":"2026-03-10T12:37:08.575Z",":updated_at":"2026-03-10T12:37:08.575Z","cnn":"8760101","corridor":"Market St","limits":"Octavia St  -  Pearl St","cnnrightleft":"L","blockside":"SouthEast","fullname":"Saturday","weekday":"Sat","fromhour":"2","tohour":"6","week1":"1","week2":"1","week3":"1","week4":"1","week5":"1","holidays":"1","blocksweepid":"1640940"}},{"type":"Feature","geometry":{"type":"LineString","coordinates":[[-122.420482492199,37.765002196919],[-122.420580608155,37.764996269981]]},"properties":{":id":"row-6uka.i6zs-btf5",":version":"rv-ksdq-84pr_w2e8",":created_at":"2026-03-10T12:37:08.575Z",":updated_at":"2026-03-10T12:37:08.575Z","cnn":"727000","corridor":"16th St","limits":"Wiese St  -  Hoff St","cnnrightleft":"R","blockside":"North","fullname":"Saturday","weekday":"Sat","fromhour":"2","tohour":"6","week1":"1","week2":"1","week3":"1","week4":"1","week5":"1","holidays":"1","blocksweepid":"1628520"}},{"type":"Feature","geometry":{"type":"LineString","coordinates":[[-122.405242386858,37.743051204677],[-122.405404880749,37.742985308185],[-122.405838158185,37.742391761349]]},"properties":{":id":"row-z2zr.u3tb_y5ny",":version":"rv-hk23.gubu_rd7n",":created_at":"2026-03-10T12:37:08.575Z",":updated_at":"2026-03-10T12:37:08.575Z","cnn":"2800201","corridor":"Bay Shore Blvd","limits":"Oakdale Ave  -  Cosgrove St","cnnrightleft":"R","blockside":"NorthWest","fullname":"Saturday","weekday":"Sat","fromhour":"0","tohour":"2","week1":"1","week2":"1","week3":"1","week4":"1","week5":"1","holidays":"1","blocksweepid":"1613295"}},{"type":"Feature","geometry":{"type":"LineString","coordinates":[[-122.484628816064,37.724890087994],[-122.484962139897,37.724095444617],[-122.485075178289,37.723999726963]]},"properties":{":id":"row-2ye9~r3ub.wp6m",":version":"rv-jw5k~bjc7-i52q",":created_at":"2026-03-10T12:37:08.575Z",":updated_at":"2026-03-10T12:37:08.575Z","cnn":"8048103","corridor":"Lake Merced Blvd","limits":"State Dr  -  Font Blvd","cnnrightleft":"L","blockside":"East","fullname":"Saturday","weekday":"Sat","fromhour":"4","tohour":"6","week1":"1","week2":"1","week3":"1","week4":"1","week5":"1","holidays":"0","blocksweepid":"1616570"}},{"type":"Feature","geometry":{"type":"LineString","coordinates":[[-122.43479841318,37.724682554681],[-122.434870379142,37.724587706064]]},"properties":{":id":"row-2mvr~8vsc_hrap",":version":"rv-cqy7-vjcj~m74u",":created_at":"2026-03-10T12:37:08.575Z",":updated_at":"2026-03-10T12:37:08.575Z","cnn":"9164000","corridor":"Mission St","limits":"Brazil Ave  -  Norton St","cnnrightleft":"R","blockside":"NorthWest","fullname":"Saturday","weekday":"Sat","fromhour":"5","tohour":"7","week1":"1","week2":"1","week3":"1","week4":"1","week5":"1","holidays":"0","blocksweepid":"1626235"}},{"type":"Feature","geometry":{"type":"LineString","coordinates":[[-122.407254674597,37.782119419193],[-122.408708673446,37.780971182971]]},"properties":{":id":"row-xusj-pawb~fbjw",":version":"rv-2qe6_75m3-dxd9",":created_at":"2026-03-10T12:37:08.575Z",":updated_at":"2026-03-10T12:37:08.575Z","cnn":"9099000","corridor":"Mission St","limits":"Mary St  -  06th St","cnnrightleft":"L","blockside":"SouthEast","fullname":"Saturday","weekday":"Sat","fromhour":"2","tohour":"6","week1":"1","week2":"1","week3":"1","week4":"1","week5":"1","holidays":"1","blocksweepid":"1618925"}},{"type":"Feature","geometry":{"type":"LineString","coordinates":[[-122.421485450703,37.74312266457],[-122.421680447672,37.742821173962]]},"properties":{":id":"row-4i3p~dwjs~89sr",":version":"rv-hbtp_5ktn_swhg",":created_at":"2026-03-10T12:37:08.575Z",":updated_at":"2026-03-10T12:37:08.575Z","cnn":"9135000","corridor":"Mission St","limits":"Virginia Ave  -  Godeus St","cnnrightleft":"L","blockside":"SouthEast","fullname":"Saturday","weekday":"Sat","fromhour":"5","tohour":"7","week1":"1","week2":"1","week3":"1","week4":"1","week5":"1","holidays":"0","blocksweepid":"1619244"}},{"type":"Feature","geometry":{"type":"LineString","coordinates":[[-122.406526941444,37.796943879108],[-122.406827677878,37.796901905855]]},"properties":{":id":"row-zjsj.fvu2~b5fv",":version":"rv-fqcz.6wxv~jzep",":created_at":"2026-03-10T12:37:08.575Z",":updated_at":"2026-03-10T12:37:08.575Z","cnn":"10126000","corridor":"Pacific Ave","limits":"Beckett St  -  Grant Ave","cnnrightleft":"R","blockside":"North","fullname":"Saturday","weekday":"Sat","fromhour":"2","tohour":"6","week1":"1","week2":"1","week3":"1","week4":"1","week5":"1","holidays":"0","blocksweepid":"1603995"}},{"type":"Feature","geometry":{"type":"LineString","coordinates":[[-122.483864395827,37.727019523181],[-122.483816012115,37.726931484601],[-122.483881126196,37.72667251395]]},"properties":{":id":"row-at6x-hduf.g4k8",":version":"rv-upqg~sqry-idzu",":created_at":"2026-03-10T12:37:08.575Z",":updated_at":"2026-03-10T12:37:08.575Z","cnn":"8048101","corridor":"Lake Merced Blvd","limits":"Winston Dr  -  State Dr","cnnrightleft":"L","blockside":"East","fullname":"Saturday","weekday":"Sat","fromhour":"4","tohour":"6","week1":"1","week2":"1","week3":"1","week4":"1","week5":"1","holidays":"0","blocksweepid":"1616568"}},{"type":"Feature","geometry":{"type":"LineString","coordinates":[[-122.406475551112,37.795144464814],[-122.406652352008,37.796024750166]]},"properties":{":id":"row-a3px-6dhc~rfc3",":version":"rv-g7w2-bvwy_ufdy",":created_at":"2026-03-10T12:37:08.575Z",":updated_at":"2026-03-10T12:37:08.575Z","cnn":"6396000","corridor":"Grant Ave","limits":"Washington St  -  Jackson St","cnnrightleft":"L","blockside":"West","fullname":"Saturday","weekday":"Sat","fromhour":"2","tohour":"6","week1":"1","week2":"1","week3":"1","week4":"1","week5":"1","holidays":"0","blocksweepid":"1606431"}},{"type":"Feature","geometry":{"type":"LineString","coordinates":[[-122.391797155906,37.73164354578],[-122.391771429977,37.731526455395],[-122.391982908204,37.730921952557],[-122.392072954656,37.730855182696]]},"properties":{":id":"row-q7wc~g3gw_6wn7",":version":"rv-sca7~6hy6_iwkh",":created_at":"2026-03-10T12:37:08.575Z",":updated_at":"2026-03-10T12:37:08.575Z","cnn":"216101","corridor":"03rd St","limits":"Shafter Ave  -  Thomas Ave","cnnrightleft":"L","blockside":"East","fullname":"Saturday","weekday":"Sat","fromhour":"2","tohour":"6","week1":"1","week2":"1","week3":"1","week4":"1","week5":"1","holidays":"0","blocksweepid":"1629139"}},{"type":"Feature","geometry":{"type":"LineString","coordinates":[[-122.418579138758,37.765117159294],[-122.418698425757,37.765109955105]]},"properties":{":id":"row-czt9~pqwk-w3kh",":version":"rv-5pc9~z4tz-hyqt",":created_at":"2026-03-10T12:37:08.575Z",":updated_at":"2026-03-10T12:37:08.575Z","cnn":"724000","corridor":"16th St","limits":"Capp St  -  Capp St","cnnrightleft":"R","blockside":"North","fullname":"Saturday","weekday":"Sat","fromhour":"2","tohour":"6","week1":"1","week2":"1","week3":"1","week4":"1","week5":"1","holidays":"1","blocksweepid":"1628517"}},{"type":"Feature","geometry":{"type":"LineString","coordinates":[[-122.418030232412,37.773474420272],[-122.418409364562,37.773110903997],[-122.418618215796,37.773053454473]]},"properties":{":id":"row-pbai-cf6c.r4t2",":version":"rv-mvwx~w4r2-pz33",":created_at":"2026-03-10T12:37:08.575Z",":updated_at":"2026-03-10T12:37:08.575Z","cnn":"9109102","corridor":"Mission St","limits":"Lafayette St  -  South Van Ness Ave","cnnrightleft":"L","blockside":"SouthEast","fullname":"Saturday","weekday":"Sat","fromhour":"2","tohour":"6","week1":"1","week2":"1","week3":"1","week4":"1","week5":"1","holidays":"1","blocksweepid":"1618936"}},{"type":"Feature","geometry":{"type":"LineString","coordinates":[[-122.419506293804,37.776368870039],[-122.419603359393,37.776456622557],[-122.419749665534,37.777192321896],[-122.419693565872,37.777299856161]]},"properties":{":id":"row-qriu~si5t.aciz",":version":"rv-rf85_mv3h-22kg",":created_at":"2026-03-10T12:37:08.575Z",":updated_at":"2026-03-10T12:37:08.575Z","cnn":"13144101","corridor":"Van Ness Ave","limits":"Fell St  -  Hayes St","cnnrightleft":"L","blockside":"West","fullname":"Saturday","weekday":"Sat","fromhour":"4","tohour":"6","week1":"1","week2":"1","week3":"1","week4":"1","week5":"1","holidays":"1","blocksweepid":"1598879"}},{"type":"Feature","geometry":{"type":"LineString","coordinates":[[-122.448410647796,37.721396869032],[-122.448316527582,37.721454962635],[-122.447815867528,37.721250697022],[-122.447751554045,37.721155307309]]},"properties":{":id":"row-9hqv-w85s-ddt4",":version":"rv-9hbb~89dd_4x3v",":created_at":"2026-03-10T12:37:08.575Z",":updated_at":"2026-03-10T12:37:08.575Z","cnn":"6130101","corridor":"Geneva Ave","limits":"I-280 S Off Ramp  -  I-280 N On Ramp","cnnrightleft":"R","blockside":"SouthWest","fullname":"Saturday","weekday":"Sat","fromhour":"6","tohour":"8","week1":"1","week2":"1","week3":"1","week4":"1","week5":"1","holidays":"0","blocksweepid":"1606131"}},{"type":"Feature","geometry":{"type":"LineString","coordinates":[[-122.392072954656,37.730855182696],[-122.392027499755,37.730799967978],[-122.392072355356,37.730670241699],[-122.392146619092,37.730642139226]]},"properties":{":id":"row-qx4a_xdg4_tevz",":version":"rv-tzq7_gk9h~2xfq",":created_at":"2026-03-10T12:37:08.575Z",":updated_at":"2026-03-10T12:37:08.575Z","cnn":"217101","corridor":"03rd St","limits":"Thomas Ave  -  Thornton Ave","cnnrightleft":"L","blockside":"East","fullname":"Saturday","weekday":"Sat","fromhour":"2","tohour":"6","week1":"1","week2":"1","week3":"1","week4":"1","week5":"1","holidays":"0","blocksweepid":"1629140"}},{"type":"Feature","geometry":{"type":"LineString","coordinates":[[-122.407882027934,37.748405000246],[-122.408070078991,37.748398452149],[-122.408604319126,37.748401668147],[-122.408706313459,37.748352847539]]},"properties":{":id":"row-kb22.tc8c~utyx",":version":"rv-h7eb-wz6v~x67m",":created_at":"2026-03-10T12:37:08.575Z",":updated_at":"2026-03-10T12:37:08.575Z","cnn":"2481201","corridor":"Cesar Chavez St","limits":"York St  -  Bryant St","cnnrightleft":"L","blockside":"South","fullname":"Saturday","weekday":"Sat","fromhour":"8","tohour":"10","week1":"1","week2":"1","week3":"1","week4":"1","week5":"1","holidays":"0","blocksweepid":"1629606"}},{"type":"Feature","geometry":{"type":"LineString","coordinates":[[-122.389611482614,37.771997938535],[-122.38953201437,37.771892555313],[-122.38946807588,37.771223647133],[-122.389526602327,37.771109952689]]},"properties":{":id":"row-i8w8_bxg7.gq5k",":version":"rv-nyru_hijb.fp4n",":created_at":"2026-03-10T12:37:08.575Z",":updated_at":"2026-03-10T12:37:08.575Z","cnn":"185102","corridor":"03rd St","limits":"Start:  Block  -  End:  Block","cnnrightleft":"L","blockside":null,"fullname":"Saturday","weekday":"Sat","fromhour":"2","tohour":"6","week1":"1","week2":"1","week3":"1","week4":"1","week5":"1","holidays":"0","blocksweepid":"1628955"}},{"type":"Feature","geometry":{"type":"LineString","coordinates":[[-122.430809255803,37.729227846343],[-122.430877934534,37.72920943918],[-122.431268967579,37.728807342414],[-122.431293843553,37.728729547962]]},"properties":{":id":"row-t723.5ezz.rkqg",":version":"rv-qbri-qzhh_miee",":created_at":"2026-03-10T12:37:08.575Z",":updated_at":"2026-03-10T12:37:08.575Z","cnn":"9154201","corridor":"Mission St","limits":"Maynard St  -  Silver Ave","cnnrightleft":"R","blockside":"NorthWest","fullname":"Saturday","weekday":"Sat","fromhour":"5","tohour":"7","week1":"1","week2":"1","week3":"1","week4":"1","week5":"1","holidays":"0","blocksweepid":"1626225"}},{"type":"Feature","geometry":{"type":"LineString","coordinates":[[-122.404219835075,37.791690583859],[-122.404418427807,37.792638656361]]},"properties":{":id":"row-29aa~cm5f_mvs2",":version":"rv-x5kg-jbcy.82mv",":created_at":"2026-03-10T12:37:08.575Z",":updated_at":"2026-03-10T12:37:08.575Z","cnn":"7754000","corridor":"Kearny St","limits":"Pine St  -  California St","cnnrightleft":"L","blockside":"West","fullname":"Saturday","weekday":"Sat","fromhour":"2","tohour":"6","week1":"1","week2":"1","week3":"1","week4":"1","week5":"1","holidays":"0","blocksweepid":"1623985"}},{"type":"Feature","geometry":{"type":"LineString","coordinates":[[-122.402575227493,37.786678208423],[-122.402025419687,37.786248152145]]},"properties":{":id":"row-anx3-3m2u_kqdb",":version":"rv-s4xf_in2q-ngkx",":created_at":"2025-06-19T16:07:35.272Z",":updated_at":"2025-06-19T16:07:35.272Z","cnn":"165000","corridor":"03rd St","limits":"Jessie St  -  Mission St","cnnrightleft":"L","blockside":"NorthEast","fullname":"Saturday","weekday":"Sat","fromhour":"2","tohour":"6","week1":"1","week2":"1","week3":"1","week4":"1","week5":"1","holidays":"0","blocksweepid":"1628622"}},{"type":"Feature","geometry":{"type":"LineString","coordinates":[[-122.409328905494,37.786247172766],[-122.409683072542,37.78620266448]]},"properties":{":id":"row-mm8b-43g9_s5rb",":version":"rv-k92x~9pcs-8vjx",":created_at":"2026-03-10T12:37:08.575Z",":updated_at":"2026-03-10T12:37:08.575Z","cnn":"9725000","corridor":"O'Farrell St","limits":"Elwood St  -  Mason St","cnnrightleft":"R","blockside":"North","fullname":"Saturday","weekday":"Sat","fromhour":"2","tohour":"6","week1":"1","week2":"1","week3":"1","week4":"1","week5":"1","holidays":"0","blocksweepid":"1603614"}},{"type":"Feature","geometry":{"type":"LineString","coordinates":[[-122.40895215881,37.783287852635],[-122.409141710472,37.783519086248],[-122.409309180162,37.784349269064]]},"properties":{":id":"row-fcme.23fy_6mqb",":version":"rv-ext2-cinj-6f87",":created_at":"2026-03-10T12:37:08.575Z",":updated_at":"2026-03-10T12:37:08.575Z","cnn":"8799000","corridor":"Mason St","limits":"Market St  -  Eddy St","cnnrightleft":"L","blockside":"West","fullname":"Saturday","weekday":"Sat","fromhour":"2","tohour":"6","week1":"1","week2":"1","week3":"1","week4":"1","week5":"1","holidays":"0","blocksweepid":"1628006"}},{"type":"Feature","geometry":{"type":"LineString","coordinates":[[-122.402061634111,37.749396678963],[-122.40219027844,37.749426763878],[-122.402724246928,37.749505299963],[-122.402866309241,37.749478459157]]},"properties":{":id":"row-g4bk~n2df.eeeg",":version":"rv-8jjb.3e6a~hpza",":created_at":"2026-03-10T12:37:08.575Z",":updated_at":"2026-03-10T12:37:08.575Z","cnn":"2478201","corridor":"Cesar Chavez St","limits":"Kansas St  -  Bay Shore Blvd","cnnrightleft":"L","blockside":"South","fullname":"Saturday","weekday":"Sat","fromhour":"8","tohour":"10","week1":"1","week2":"1","week3":"1","week4":"1","week5":"1","holidays":"0","blocksweepid":"1629601"}},{"type":"Feature","geometry":{"type":"LineString","coordinates":[[-122.419668972896,37.765051337402],[-122.419512737159,37.763429273393]]},"properties":{":id":"row-bhhj~ifhh~wh4r",":version":"rv-5a3g.8axa-t2tb",":created_at":"2026-03-10T12:37:08.575Z",":updated_at":"2026-03-10T12:37:08.575Z","cnn":"9116000","corridor":"Mission St","limits":"16th St  -  17th St","cnnrightleft":"R","blockside":"West","fullname":"Saturday","weekday":"Sat","fromhour":"4","tohour":"6","week1":"1","week2":"1","week3":"1","week4":"1","week5":"1","holidays":"0","blocksweepid":"1626197"}},{"type":"Feature","geometry":{"type":"LineString","coordinates":[[-122.418226581079,37.778489116769],[-122.418598509318,37.780260133266]]},"properties":{":id":"row-3fkp-86eg~7r5u",":version":"rv-62zs_nd2p~tygj",":created_at":"2026-03-10T12:37:08.575Z",":updated_at":"2026-03-10T12:37:08.575Z","cnn":"10549000","corridor":"Dr Carlton B Goodlett Pl","limits":"Polk St  -  Polk St","cnnrightleft":"R","blockside":"East","fullname":"Saturday","weekday":"Sat","fromhour":"2","tohour":"6","week1":"1","week2":"1","week3":"1","week4":"1","week5":"1","holidays":"0","blocksweepid":"1610032"}},{"type":"Feature","geometry":{"type":"LineString","coordinates":[[-122.435360865024,37.713843648352],[-122.435290687084,37.713756743493],[-122.434683888066,37.713484558536],[-122.434541126248,37.713475947539]]},"properties":{":id":"row-eymv~deza~w54s",":version":"rv-ktyw.vbar.54w8",":created_at":"2026-03-10T12:37:08.575Z",":updated_at":"2026-03-10T12:37:08.575Z","cnn":"6145201","corridor":"Geneva Ave","limits":"Vienna St  -  Athens St","cnnrightleft":"L","blockside":"NorthEast","fullname":"Saturday","weekday":"Sat","fromhour":"6","tohour":"8","week1":"1","week2":"1","week3":"1","week4":"1","week5":"1","holidays":"0","blocksweepid":"1633038"}},{"type":"Feature","geometry":{"type":"LineString","coordinates":[[-122.421485450703,37.74312266457],[-122.421680447672,37.742821173962]]},"properties":{":id":"row-hmfe.y9qv_huqr",":version":"rv-xmnw-8h23-7mhj",":created_at":"2026-03-10T12:37:08.575Z",":updated_at":"2026-03-10T12:37:08.575Z","cnn":"9135000","corridor":"Mission St","limits":"Virginia Ave  -  Godeus St","cnnrightleft":"R","blockside":"NorthWest","fullname":"Saturday","weekday":"Sat","fromhour":"5","tohour":"7","week1":"1","week2":"1","week3":"1","week4":"1","week5":"1","holidays":"0","blocksweepid":"1599815"}},{"type":"Feature","geometry":{"type":"LineString","coordinates":[[-122.396689694956,37.790461067931],[-122.397574468067,37.789762598234]]},"properties":{":id":"row-625f_eg42~3tby",":version":"rv-k2bh~t6yg-3wcm",":created_at":"2026-03-10T12:37:08.575Z",":updated_at":"2026-03-10T12:37:08.575Z","cnn":"9087000","corridor":"Mission St","limits":"Fremont St  -  01st St","cnnrightleft":"L","blockside":"SouthEast","fullname":"Saturday","weekday":"Sat","fromhour":"2","tohour":"6","week1":"1","week2":"1","week3":"1","week4":"1","week5":"1","holidays":"1","blocksweepid":"1618911"}},{"type":"Feature","geometry":{"type":"LineString","coordinates":[[-122.407797303581,37.795880962708],[-122.408253202381,37.795823706119]]},"properties":{":id":"row-ppmz~8fz7_t45w",":version":"rv-g7jd~7v65-pft2",":created_at":"2026-03-10T12:37:08.575Z",":updated_at":"2026-03-10T12:37:08.575Z","cnn":"7378000","corridor":"Jackson St","limits":"Pontiac St  -  Stockton St","cnnrightleft":"R","blockside":"North","fullname":"Saturday","weekday":"Sat","fromhour":"2","tohour":"6","week1":"1","week2":"1","week3":"1","week4":"1","week5":"1","holidays":"0","blocksweepid":"1638526"}},{"type":"Feature","geometry":{"type":"LineString","coordinates":[[-122.404418427807,37.792638656361],[-122.404613421188,37.793565084245]]},"properties":{":id":"row-c7w8-jkqt~mffi",":version":"rv-s58b~ug7e_fa6m",":created_at":"2026-03-10T12:37:08.575Z",":updated_at":"2026-03-10T12:37:08.575Z","cnn":"7755000","corridor":"Kearny St","limits":"California St  -  Sacramento St","cnnrightleft":"L","blockside":"West","fullname":"Saturday","weekday":"Sat","fromhour":"2","tohour":"6","week1":"1","week2":"1","week3":"1","week4":"1","week5":"1","holidays":"0","blocksweepid":"1623986"}},{"type":"Feature","geometry":{"type":"LineString","coordinates":[[-122.418618215796,37.773053454473],[-122.418608249938,37.772730907004],[-122.418469322715,37.772322933263],[-122.418352033444,37.772222179964]]},"properties":{":id":"row-2prv~5nie_uegk",":version":"rv-nnmy-8y2k-8nr6",":created_at":"2026-03-10T12:37:08.575Z",":updated_at":"2026-03-10T12:37:08.575Z","cnn":"12016201","corridor":"South Van Ness Ave","limits":"Mission St  -  12th St","cnnrightleft":"R","blockside":"West","fullname":"Saturday","weekday":"Sat","fromhour":"4","tohour":"6","week1":"1","week2":"1","week3":"1","week4":"1","week5":"1","holidays":"1","blocksweepid":"1632468"}},{"type":"Feature","geometry":{"type":"LineString","coordinates":[[-122.429304397483,37.730742172861],[-122.429294131655,37.73068108969],[-122.430006240308,37.729964510543],[-122.430110918362,37.729930587958]]},"properties":{":id":"row-mhei-gpfr.e4sb",":version":"rv-fatq~divu~62zd",":created_at":"2026-03-10T12:37:08.575Z",":updated_at":"2026-03-10T12:37:08.575Z","cnn":"9151101","corridor":"Mission St","limits":"Trumbull St  -  Ney St","cnnrightleft":"L","blockside":"SouthEast","fullname":"Saturday","weekday":"Sat","fromhour":"5","tohour":"7","week1":"1","week2":"1","week3":"1","week4":"1","week5":"1","holidays":"0","blocksweepid":"1619426"}},{"type":"Feature","geometry":{"type":"LineString","coordinates":[[-122.438177047864,37.7768558892],[-122.438243944117,37.776925080431],[-122.438400797889,37.7777056421],[-122.438365501671,37.77779418913]]},"properties":{":id":"row-kvr7-isr8~8pkx",":version":"rv-ewra.a7sw-f9wr",":created_at":"2026-03-10T12:37:08.575Z",":updated_at":"2026-03-10T12:37:08.575Z","cnn":"4805101","corridor":"Divisadero St","limits":"Fulton St  -  McAllister St","cnnrightleft":"L","blockside":"West","fullname":"Saturday","weekday":"Sat","fromhour":"6","tohour":"8","week1":"1","week2":"1","week3":"1","week4":"1","week5":"1","holidays":"0","blocksweepid":"1615295"}},{"type":"Feature","geometry":{"type":"LineString","coordinates":[[-122.41964545812,37.771005772206],[-122.419758524631,37.770672595078]]},"properties":{":id":"row-9iig.cfqs.u2ya",":version":"rv-x4pj~mz4d-uy9d",":created_at":"2026-03-10T12:37:08.575Z",":updated_at":"2026-03-10T12:37:08.575Z","cnn":"9111000","corridor":"Mission St","limits":"Plum St  -  Hwy 101 Northbound","cnnrightleft":"R","blockside":"West","fullname":"Saturday","weekday":"Sat","fromhour":"4","tohour":"6","week1":"1","week2":"1","week3":"1","week4":"1","week5":"1","holidays":"0","blocksweepid":"1618870"}},{"type":"Feature","geometry":{"type":"LineString","coordinates":[[-122.390214567234,37.776723442049],[-122.390048510508,37.776499855037],[-122.390025039703,37.776300145376]]},"properties":{":id":"row-hqjx-27bk-itwj",":version":"rv-z8nx~2h63.jntw",":created_at":"2026-03-10T12:37:08.575Z",":updated_at":"2026-03-10T12:37:08.575Z","cnn":"183000","corridor":"03rd St","limits":"Channel St  -  Terry A Francois Blvd","cnnrightleft":"L","blockside":"East","fullname":"Saturday","weekday":"Sat","fromhour":"2","tohour":"6","week1":"1","week2":"1","week3":"1","week4":"1","week5":"1","holidays":"0","blocksweepid":"1628951"}},{"type":"Feature","geometry":{"type":"LineString","coordinates":[[-122.424466262427,37.736061172157],[-122.424702562024,37.735369870856]]},"properties":{":id":"row-xiue~6pkx_25cy",":version":"rv-xjqg.u5fv~qwmn",":created_at":"2026-03-10T12:37:08.575Z",":updated_at":"2026-03-10T12:37:08.575Z","cnn":"9146000","corridor":"Mission St","limits":"Richland Ave  -  Crescent Ave","cnnrightleft":"L","blockside":"East","fullname":"Saturday","weekday":"Sat","fromhour":"5","tohour":"7","week1":"1","week2":"1","week3":"1","week4":"1","week5":"1","holidays":"0","blocksweepid":"1641365"}},{"type":"Feature","geometry":{"type":"LineString","coordinates":[[-122.404957208412,37.795326691803],[-122.405142977293,37.796210954662]]},"properties":{":id":"row-55hx.kpjd_ek89",":version":"rv-u9j8~85wy-da63",":created_at":"2026-03-10T12:37:08.575Z",":updated_at":"2026-03-10T12:37:08.575Z","cnn":"7760000","corridor":"Kearny St","limits":"Washington St  -  Jackson St","cnnrightleft":"R","blockside":"East","fullname":"Saturday","weekday":"Sat","fromhour":"2","tohour":"6","week1":"1","week2":"1","week3":"1","week4":"1","week5":"1","holidays":"0","blocksweepid":"1624007"}},{"type":"Feature","geometry":{"type":"LineString","coordinates":[[-122.441019561727,37.716459545953],[-122.440895627935,37.716378123559],[-122.4403485601,37.71613110375],[-122.440255134802,37.716038820045]]},"properties":{":id":"row-huyy.iiwn.dgbs",":version":"rv-66gc~795q_s7vj",":created_at":"2026-03-10T12:37:08.575Z",":updated_at":"2026-03-10T12:37:08.575Z","cnn":"6138101","corridor":"Geneva Ave","limits":"Mission St  -  London St","cnnrightleft":"L","blockside":"NorthEast","fullname":"Saturday","weekday":"Sat","fromhour":"5","tohour":"7","week1":"1","week2":"1","week3":"1","week4":"1","week5":"1","holidays":"0","blocksweepid":"1633054"}},{"type":"Feature","geometry":{"type":"LineString","coordinates":[[-122.431293843553,37.728729547962],[-122.431800801752,37.728249466321]]},"properties":{":id":"row-mj7t~4g4h.gjjb",":version":"rv-9fnv~8692-rxiw",":created_at":"2026-03-10T12:37:08.575Z",":updated_at":"2026-03-10T12:37:08.575Z","cnn":"9155000","corridor":"Mission St","limits":"Silver Ave  -  Tingley St","cnnrightleft":"R","blockside":"NorthWest","fullname":"Saturday","weekday":"Sat","fromhour":"5","tohour":"7","week1":"1","week2":"1","week3":"1","week4":"1","week5":"1","holidays":"0","blocksweepid":"1626226"}},{"type":"Feature","geometry":{"type":"LineString","coordinates":[[-122.387633975006,37.751559603325],[-122.387696178283,37.751460023121],[-122.387652410682,37.75036860827],[-122.387585270171,37.750263377895]]},"properties":{":id":"row-e8re_cnff~re5c",":version":"rv-5ty2.9h53.5pw2",":created_at":"2026-03-10T12:37:08.575Z",":updated_at":"2026-03-10T12:37:08.575Z","cnn":"195201","corridor":"03rd St","limits":"26th St  -  Cesar Chavez St","cnnrightleft":"R","blockside":"West","fullname":"Saturday","weekday":"Sat","fromhour":"2","tohour":"6","week1":"1","week2":"1","week3":"1","week4":"1","week5":"1","holidays":"0","blocksweepid":"1613864"}},{"type":"Feature","geometry":{"type":"LineString","coordinates":[[-122.398315825613,37.789177330318],[-122.398564293259,37.788981173596]]},"properties":{":id":"row-xkmx-ww5d.3xk6",":version":"rv-2qs8~uipx~twji",":created_at":"2026-03-10T12:37:08.575Z",":updated_at":"2026-03-10T12:37:08.575Z","cnn":"9089000","corridor":"Mission St","limits":"Ecker St  -  Shaw Aly","cnnrightleft":"R","blockside":"NorthWest","fullname":"Saturday","weekday":"Sat","fromhour":"2","tohour":"6","week1":"1","week2":"1","week3":"1","week4":"1","week5":"1","holidays":"1","blocksweepid":"1618466"}},{"type":"Feature","geometry":{"type":"LineString","coordinates":[[-122.39661702614,37.720230912546],[-122.396734085519,37.720139330776],[-122.396974580956,37.719607923185],[-122.396954352132,37.719476578525]]},"properties":{":id":"row-tfux~au5d_jhwm",":version":"rv-tme3_7y2h.f6qy",":created_at":"2026-03-10T12:37:08.575Z",":updated_at":"2026-03-10T12:37:08.575Z","cnn":"231201","corridor":"03rd St","limits":"Jamestown Ave  -  Key Ave","cnnrightleft":"R","blockside":"West","fullname":"Saturday","weekday":"Sat","fromhour":"2","tohour":"6","week1":"1","week2":"1","week3":"1","week4":"1","week5":"1","holidays":"0","blocksweepid":"1613902"}},{"type":"Feature","geometry":{"type":"LineString","coordinates":[[-122.418618215796,37.773053454473],[-122.41881748819,37.772980210619],[-122.419671829395,37.77230320357]]},"properties":{":id":"row-kidt-kgky~mzpg",":version":"rv-4yrn-tt3t~zgzt",":created_at":"2026-03-10T12:37:08.575Z",":updated_at":"2026-03-10T12:37:08.575Z","cnn":"10046000","corridor":"Otis St","limits":"Mission St  -  Brady St","cnnrightleft":"R","blockside":"NorthWest","fullname":"Saturday","weekday":"Sat","fromhour":"4","tohour":"6","week1":"1","week2":"1","week3":"1","week4":"1","week5":"1","holidays":"0","blocksweepid":"1630221"}},{"type":"Feature","geometry":{"type":"LineString","coordinates":[[-122.424235083638,37.736737479973],[-122.424466262427,37.736061172157]]},"properties":{":id":"row-6qve.hav2.tdea",":version":"rv-rvr6_44r9.3c8n",":created_at":"2026-03-10T12:37:08.575Z",":updated_at":"2026-03-10T12:37:08.575Z","cnn":"9145000","corridor":"Mission St","limits":"Park St  -  Richland Ave","cnnrightleft":"R","blockside":"West","fullname":"Saturday","weekday":"Sat","fromhour":"5","tohour":"7","week1":"1","week2":"1","week3":"1","week4":"1","week5":"1","holidays":"0","blocksweepid":"1626216"}},{"type":"Feature","geometry":{"type":"LineString","coordinates":[[-122.418618215796,37.773053454473],[-122.418694666174,37.772793495824],[-122.419173127618,37.772001253512],[-122.419610664044,37.771106738356],[-122.41964545812,37.771005772206]]},"properties":{":id":"row-hfu3~bqeg-459v",":version":"rv-eyn4~j4qz.gkth",":created_at":"2026-03-10T12:37:08.575Z",":updated_at":"2026-03-10T12:37:08.575Z","cnn":"9110000","corridor":"Mission St","limits":"South Van Ness Ave  -  Plum St","cnnrightleft":"L","blockside":"East","fullname":"Saturday","weekday":"Sat","fromhour":"2","tohour":"6","week1":"1","week2":"1","week3":"1","week4":"1","week5":"1","holidays":"1","blocksweepid":"1618937"}},{"type":"Feature","geometry":{"type":"LineString","coordinates":[[-122.434870379142,37.724587706064],[-122.435312570521,37.724004909119]]},"properties":{":id":"row-jppn_2x2y_7jfv",":version":"rv-ipye.stvv-x7eu",":created_at":"2026-03-10T12:37:08.575Z",":updated_at":"2026-03-10T12:37:08.575Z","cnn":"9165000","corridor":"Mission St","limits":"Norton St  -  San Juan Ave","cnnrightleft":"R","blockside":"NorthWest","fullname":"Saturday","weekday":"Sat","fromhour":"5","tohour":"7","week1":"1","week2":"1","week3":"1","week4":"1","week5":"1","holidays":"0","blocksweepid":"1626236"}},{"type":"Feature","geometry":{"type":"LineString","coordinates":[[-122.419273432237,37.783567785618],[-122.420831850259,37.783370488144]]},"properties":{":id":"row-hqy9-yugv.zbxa",":version":"rv-s4k6.65fk.9bbj",":created_at":"2026-03-10T12:37:08.575Z",":updated_at":"2026-03-10T12:37:08.575Z","cnn":"13663000","corridor":"Willow St","limits":"Polk St  -  Van Ness Ave","cnnrightleft":"R","blockside":"North","fullname":"Saturday","weekday":"Sat","fromhour":"4","tohour":"6","week1":"1","week2":"1","week3":"1","week4":"1","week5":"1","holidays":"1","blocksweepid":"1627700"}},{"type":"Feature","geometry":{"type":"LineString","coordinates":[[-122.502621381277,37.730211704042],[-122.502467360996,37.730094561802],[-122.502108521045,37.729501858984],[-122.501770499044,37.728394038133]]},"properties":{":id":"row-is6c_9hex-pynp",":version":"rv-fhq3~p3v3-ymgq",":created_at":"2026-03-10T12:37:08.575Z",":updated_at":"2026-03-10T12:37:08.575Z","cnn":"13797000","corridor":"Herbst St","limits":"Armory Rd  -  Skyline Blvd","cnnrightleft":"L","blockside":"East","fullname":"Saturday","weekday":"Sat","fromhour":"0","tohour":"2","week1":"1","week2":"1","week3":"1","week4":"1","week5":"1","holidays":"1","blocksweepid":"1635367"}},{"type":"Feature","geometry":{"type":"LineString","coordinates":[[-122.402105120585,37.727789703729],[-122.401875118287,37.726964759406]]},"properties":{":id":"row-8rku.auuj~5jrs",":version":"rv-8t23~d2qy_etmw",":created_at":"2026-03-10T12:37:08.575Z",":updated_at":"2026-03-10T12:37:08.575Z","cnn":"2810000","corridor":"Bay Shore Blvd","limits":"Phelps St  -  Fitzgerald Ave","cnnrightleft":"L","blockside":"East","fullname":"Saturday","weekday":"Sat","fromhour":"7","tohour":"8","week1":"1","week2":"1","week3":"1","week4":"1","week5":"1","holidays":"0","blocksweepid":"1613342"}},{"type":"Feature","geometry":{"type":"LineString","coordinates":[[-122.410609800993,37.766903444685],[-122.41158013318,37.766841389246]]},"properties":{":id":"row-2s72.twbg~9b5u",":version":"rv-9dr3-cnir-7x9m",":created_at":"2026-03-10T12:37:08.575Z",":updated_at":"2026-03-10T12:37:08.575Z","cnn":"641000","corridor":"15th St","limits":"Bryant St  -  Florida St","cnnrightleft":"L","blockside":"South","fullname":"Saturday","weekday":"Sat","fromhour":"2","tohour":"6","week1":"1","week2":"1","week3":"1","week4":"1","week5":"1","holidays":"1","blocksweepid":"1611927"}},{"type":"Feature","geometry":{"type":"LineString","coordinates":[[-122.388200344111,37.741889062717],[-122.388300963435,37.741814428315],[-122.388505421265,37.741234605425],[-122.388475894209,37.741107632071]]},"properties":{":id":"row-78ed_awae_f2yf",":version":"rv-39ha~xkrg-enrj",":created_at":"2026-03-10T12:37:08.575Z",":updated_at":"2026-03-10T12:37:08.575Z","cnn":"203201","corridor":"03rd St","limits":"Fairfax Ave  -  Galvez Ave","cnnrightleft":"R","blockside":"West","fullname":"Saturday","weekday":"Sat","fromhour":"2","tohour":"6","week1":"1","week2":"1","week3":"1","week4":"1","week5":"1","holidays":"0","blocksweepid":"1613873"}},{"type":"Feature","geometry":{"type":"LineString","coordinates":[[-122.406821216386,37.794197957191],[-122.40729400525,37.794137811566]]},"properties":{":id":"row-cdtm-4h3s_fu6d",":version":"rv-5kdz.76c7_jg8v",":created_at":"2026-03-10T12:37:08.575Z",":updated_at":"2026-03-10T12:37:08.575Z","cnn":"4090000","corridor":"Clay St","limits":"Waverly Pl  -  Spofford Ln","cnnrightleft":"R","blockside":"North","fullname":"Saturday","weekday":"Sat","fromhour":"2","tohour":"6","week1":"1","week2":"1","week3":"1","week4":"1","week5":"1","holidays":"0","blocksweepid":"1637062"}},{"type":"Feature","geometry":{"type":"LineString","coordinates":[[-122.408401550082,37.788293193917],[-122.408595045243,37.789225614915]]},"properties":{":id":"row-r57q-2uth_g6ui",":version":"rv-yq7c-2nm9-qhnb",":created_at":"2026-03-10T12:37:08.575Z",":updated_at":"2026-03-10T12:37:08.575Z","cnn":"10679000","corridor":"Powell St","limits":"Post St  -  Sutter St","cnnrightleft":"L","blockside":"West","fullname":"Saturday","weekday":"Sat","fromhour":"2","tohour":"6","week1":"1","week2":"1","week3":"1","week4":"1","week5":"1","holidays":"0","blocksweepid":"1604242"}},{"type":"Feature","geometry":{"type":"LineString","coordinates":[[-122.436468165125,37.722465217898],[-122.437149524136,37.721575001258]]},"properties":{":id":"row-883q~by56.5p5u",":version":"rv-vsnk_9ija_b8fi",":created_at":"2026-03-10T12:37:08.575Z",":updated_at":"2026-03-10T12:37:08.575Z","cnn":"9170000","corridor":"Mission St","limits":"Leo St  -  Russia Ave","cnnrightleft":"L","blockside":"SouthEast","fullname":"Saturday","weekday":"Sat","fromhour":"5","tohour":"7","week1":"1","week2":"1","week3":"1","week4":"1","week5":"1","holidays":"0","blocksweepid":"1619445"}},{"type":"Feature","geometry":{"type":"LineString","coordinates":[[-122.393902507043,37.726237395014],[-122.39401302412,37.726157228722],[-122.394253252707,37.725620568924],[-122.394243492859,37.725475649951]]},"properties":{":id":"row-89nc~uhzw.kxep",":version":"rv-kjzw.svdy-pyps",":created_at":"2026-03-10T12:37:08.575Z",":updated_at":"2026-03-10T12:37:08.575Z","cnn":"224201","corridor":"03rd St","limits":"Bancroft Ave  -  Carroll Ave","cnnrightleft":"R","blockside":"West","fullname":"Saturday","weekday":"Sat","fromhour":"2","tohour":"6","week1":"1","week2":"1","week3":"1","week4":"1","week5":"1","holidays":"0","blocksweepid":"1613894"}},{"type":"Feature","geometry":{"type":"LineString","coordinates":[[-122.423430754982,37.741695198966],[-122.422486352476,37.741744459648],[-122.422366459744,37.741760488778]]},"properties":{":id":"row-597i_yrsa_bq7m",":version":"rv-xf3s~puqe_bg3s",":created_at":"2026-03-10T12:37:08.575Z",":updated_at":"2026-03-10T12:37:08.575Z","cnn":"7838000","corridor":"Kingston St","limits":"San Jose Ave  -  Mission St","cnnrightleft":"L","blockside":"North","fullname":"Saturday","weekday":"Sat","fromhour":"6","tohour":"8","week1":"1","week2":"1","week3":"1","week4":"1","week5":"1","holidays":"0","blocksweepid":"1616452"}},{"type":"Feature","geometry":{"type":"LineString","coordinates":[[-122.40861884556,37.797627561973],[-122.408808128619,37.798571324139]]},"properties":{":id":"row-yen7~swzk_4e4x",":version":"rv-fwdk_se5k.vw8w",":created_at":"2026-03-10T12:37:08.575Z",":updated_at":"2026-03-10T12:37:08.575Z","cnn":"12210000","corridor":"Stockton St","limits":"Broadway  -  Vallejo St","cnnrightleft":"L","blockside":"West","fullname":"Saturday","weekday":"Sat","fromhour":"4","tohour":"6","week1":"1","week2":"1","week3":"1","week4":"1","week5":"1","holidays":"0","blocksweepid":"1617233"}},{"type":"Feature","geometry":{"type":"LineString","coordinates":[[-122.38515706168,37.718407364049],[-122.385696543951,37.717797082]]},"properties":{":id":"row-fh88_xi6k.bb8c",":version":"rv-h4xb~bpte.rdm7",":created_at":"2026-03-10T12:37:08.575Z",":updated_at":"2026-03-10T12:37:08.575Z","cnn":"5588000","corridor":"Arelious Walker Dr","limits":"Egbert Ave  -  Fitzgerald Ave","cnnrightleft":"R","blockside":"NorthWest","fullname":"Saturday","weekday":"Sat","fromhour":"7","tohour":"8","week1":"1","week2":"1","week3":"1","week4":"1","week5":"1","holidays":"0","blocksweepid":"1627258"}},{"type":"Feature","geometry":{"type":"LineString","coordinates":[[-122.442661526889,37.714567198279],[-122.443345610193,37.713928189631]]},"properties":{":id":"row-h8u8.2vry_teix",":version":"rv-7qy9.vcxk_nizt",":created_at":"2026-03-10T12:37:08.575Z",":updated_at":"2026-03-10T12:37:08.575Z","cnn":"9183000","corridor":"Mission St","limits":"Mount Vernon Ave  -  Concord St","cnnrightleft":"R","blockside":"NorthWest","fullname":"Saturday","weekday":"Sat","fromhour":"5","tohour":"7","week1":"1","week2":"1","week3":"1","week4":"1","week5":"1","holidays":"0","blocksweepid":"1600087"}},{"type":"Feature","geometry":{"type":"LineString","coordinates":[[-122.41808809815,37.786101039683],[-122.419738733972,37.78589290085]]},"properties":{":id":"row-4dtg.uvbw~auv6",":version":"rv-ay7n_py5d.pfhp",":created_at":"2026-03-10T12:37:08.575Z",":updated_at":"2026-03-10T12:37:08.575Z","cnn":"6117000","corridor":"Geary St","limits":"Larkin St  -  Polk St","cnnrightleft":"R","blockside":"North","fullname":"Saturday","weekday":"Sat","fromhour":"6","tohour":"8","week1":"1","week2":"1","week3":"1","week4":"1","week5":"1","holidays":"0","blocksweepid":"1622098"}},{"type":"Feature","geometry":{"type":"LineString","coordinates":[[-122.413668844307,37.748255329538],[-122.413817892655,37.748291825177],[-122.414825660589,37.748273072879],[-122.414918962955,37.748230730689]]},"properties":{":id":"row-4sz9~97az.yuny",":version":"rv-66zp.25m6_ad9f",":created_at":"2026-03-10T12:37:08.575Z",":updated_at":"2026-03-10T12:37:08.575Z","cnn":"2486201","corridor":"Cesar Chavez St","limits":"Folsom St  -  Shotwell St","cnnrightleft":"L","blockside":"South","fullname":"Saturday","weekday":"Sat","fromhour":"8","tohour":"10","week1":"1","week2":"1","week3":"1","week4":"1","week5":"1","holidays":"0","blocksweepid":"1629611"}},{"type":"Feature","geometry":{"type":"LineString","coordinates":[[-122.408706313459,37.748352847539],[-122.408853607678,37.74839741027],[-122.409547343979,37.748384996204],[-122.409646387435,37.748334390368]]},"properties":{":id":"row-9nqu-wmum~fx9q",":version":"rv-ibke.whqc-u7i2",":created_at":"2026-03-10T12:37:08.575Z",":updated_at":"2026-03-10T12:37:08.575Z","cnn":"2482201","corridor":"Cesar Chavez St","limits":"Bryant St  -  Florida St","cnnrightleft":"L","blockside":"South","fullname":"Saturday","weekday":"Sat","fromhour":"8","tohour":"10","week1":"1","week2":"1","week3":"1","week4":"1","week5":"1","holidays":"0","blocksweepid":"1629607"}},{"type":"Feature","geometry":{"type":"LineString","coordinates":[[-122.404957208412,37.795326691803],[-122.405845727265,37.795223235249]]},"properties":{":id":"row-qp3t_zk34.r2jh",":version":"rv-gf5a.sqig~ikae",":created_at":"2026-03-10T12:37:08.575Z",":updated_at":"2026-03-10T12:37:08.575Z","cnn":"13411000","corridor":"Washington St","limits":"Kearny St  -  Walter U Lum Pl","cnnrightleft":"R","blockside":"North","fullname":"Saturday","weekday":"Sat","fromhour":"2","tohour":"6","week1":"1","week2":"1","week3":"1","week4":"1","week5":"1","holidays":"0","blocksweepid":"1625539"}},{"type":"Feature","geometry":{"type":"LineString","coordinates":[[-122.388754589159,37.740317264063],[-122.388855205357,37.740242629175],[-122.389060494954,37.73966042188],[-122.389030967576,37.739533448632]]},"properties":{":id":"row-tunt.ecqk.audb",":version":"rv-kmvj_xvc6~r2c7",":created_at":"2026-03-10T12:37:08.575Z",":updated_at":"2026-03-10T12:37:08.575Z","cnn":"205201","corridor":"03rd St","limits":"Hudson Ave  -  Innes Ave","cnnrightleft":"R","blockside":"West","fullname":"Saturday","weekday":"Sat","fromhour":"2","tohour":"6","week1":"1","week2":"1","week3":"1","week4":"1","week5":"1","holidays":"0","blocksweepid":"1613875"}},{"type":"Feature","geometry":{"type":"LineString","coordinates":[[-122.405626951896,37.748971047742],[-122.405652439388,37.748966256338],[-122.406241320312,37.748868868981],[-122.406385113353,37.748833103782]]},"properties":{":id":"row-6wzy~kpva.7cf2",":version":"rv-t35p~mgea~bs36",":created_at":"2026-03-10T12:37:08.575Z",":updated_at":"2026-03-10T12:37:08.575Z","cnn":"2479102","corridor":"Cesar Chavez St","limits":"Bay Shore Blvd  -  Hwy 101 S On Ramp","cnnrightleft":"R","blockside":"North","fullname":"Saturday","weekday":"Sat","fromhour":"8","tohour":"10","week1":"1","week2":"1","week3":"1","week4":"1","week5":"1","holidays":"0","blocksweepid":"1636928"}},{"type":"Feature","geometry":{"type":"LineString","coordinates":[[-122.412782128368,37.784866245085],[-122.412904373759,37.784842292141],[-122.414303023582,37.784664214294],[-122.41443019869,37.784657140749]]},"properties":{":id":"row-amx5~pss3-ek9h",":version":"rv-9nrc~72kx_z6f8",":created_at":"2026-03-10T12:37:08.575Z",":updated_at":"2026-03-10T12:37:08.575Z","cnn":"5174000","corridor":"Ellis St","limits":"Jones St  -  Leavenworth St","cnnrightleft":"L","blockside":"South","fullname":"Saturday","weekday":"Sat","fromhour":"6","tohour":"8","week1":"1","week2":"1","week3":"1","week4":"1","week5":"1","holidays":"0","blocksweepid":"1610200"}},{"type":"Feature","geometry":{"type":"LineString","coordinates":[[-122.420810457853,37.782417054753],[-122.420881919718,37.78277612652],[-122.420817003141,37.78289412161]]},"properties":{":id":"row-f6tg.9nnn-8kmp",":version":"rv-4e7b.p3fe~pkpd",":created_at":"2026-03-10T12:37:08.575Z",":updated_at":"2026-03-10T12:37:08.575Z","cnn":"13149102","corridor":"Van Ness Ave","limits":"Larch St  -  Eddy St","cnnrightleft":"L","blockside":"West","fullname":"Saturday","weekday":"Sat","fromhour":"4","tohour":"6","week1":"1","week2":"1","week3":"1","week4":"1","week5":"1","holidays":"1","blocksweepid":"1640036"}},{"type":"Feature","geometry":{"type":"LineString","coordinates":[[-122.44370603206,37.713591510834],[-122.443951627671,37.713362090755]]},"properties":{":id":"row-c4am_a3ys_7pqg",":version":"rv-wd3z-pya8_g32m",":created_at":"2026-03-10T12:37:08.575Z",":updated_at":"2026-03-10T12:37:08.575Z","cnn":"9185000","corridor":"Mission St","limits":"Ottawa Ave  -  Florentine Ave","cnnrightleft":"R","blockside":"NorthWest","fullname":"Saturday","weekday":"Sat","fromhour":"5","tohour":"7","week1":"1","week2":"1","week3":"1","week4":"1","week5":"1","holidays":"0","blocksweepid":"1600089"}},{"type":"Feature","geometry":{"type":"LineString","coordinates":[[-122.42034436809,37.771770250043],[-122.420305735343,37.771676766198],[-122.420174963126,37.770252992189],[-122.420008320652,37.770111449154]]},"properties":{":id":"row-93mp~d6w4.hs5a",":version":"rv-e4up-xca7_u7mn",":created_at":"2026-03-10T12:37:08.575Z",":updated_at":"2026-03-10T12:37:08.575Z","cnn":"10048000","corridor":"Otis St","limits":"Gough St  -  Mission St","cnnrightleft":"L","blockside":"East","fullname":"Saturday","weekday":"Sat","fromhour":"4","tohour":"6","week1":"1","week2":"1","week3":"1","week4":"1","week5":"1","holidays":"0","blocksweepid":"1630220"}},{"type":"Feature","geometry":{"type":"LineString","coordinates":[[-122.420255458708,37.780576218265],[-122.420336116046,37.780930891138],[-122.420439517797,37.781030842108]]},"properties":{":id":"row-ng3u-pm4a.3qcb",":version":"rv-e9ec.sbbx~86wa",":created_at":"2026-03-10T12:37:08.575Z",":updated_at":"2026-03-10T12:37:08.575Z","cnn":"13147202","corridor":"Van Ness Ave","limits":"Redwood St  -  Golden Gate Ave","cnnrightleft":"R","blockside":"East","fullname":"Saturday","weekday":"Sat","fromhour":"4","tohour":"6","week1":"1","week2":"1","week3":"1","week4":"1","week5":"1","holidays":"1","blocksweepid":"1639939"}},{"type":"Feature","geometry":{"type":"LineString","coordinates":[[-122.421968761687,37.742375398498],[-122.422083785231,37.742197553341]]},"properties":{":id":"row-mk8z_7r3r.pa3a",":version":"rv-p84u~tca2~zbe2",":created_at":"2026-03-10T12:37:08.575Z",":updated_at":"2026-03-10T12:37:08.575Z","cnn":"9137000","corridor":"Mission St","limits":"30th St  -  Eugenia Ave","cnnrightleft":"L","blockside":"SouthEast","fullname":"Saturday","weekday":"Sat","fromhour":"5","tohour":"7","week1":"1","week2":"1","week3":"1","week4":"1","week5":"1","holidays":"0","blocksweepid":"1619246"}},{"type":"Feature","geometry":{"type":"LineString","coordinates":[[-122.404657096806,37.732948782317],[-122.403961731165,37.731610333891],[-122.403400462148,37.730658352623]]},"properties":{":id":"row-zq46-3k5f~qh6u",":version":"rv-5ufs-nnjv~k3nc",":created_at":"2026-03-10T12:37:08.575Z",":updated_at":"2026-03-10T12:37:08.575Z","cnn":"2805000","corridor":"Bay Shore Blvd","limits":"Silver Ave  -  Thornton Ave","cnnrightleft":"R","blockside":"SouthWest","fullname":"Saturday","weekday":"Sat","fromhour":"7","tohour":"8","week1":"1","week2":"1","week3":"1","week4":"1","week5":"1","holidays":"0","blocksweepid":"1628248"}},{"type":"Feature","geometry":{"type":"LineString","coordinates":[[-122.385869068336,37.720746312725],[-122.387746247092,37.721813259223]]},"properties":{":id":"row-rec8.cz7r_xh3j",":version":"rv-cag6-pspx.bi94",":created_at":"2026-03-10T12:37:08.575Z",":updated_at":"2026-03-10T12:37:08.575Z","cnn":"3734000","corridor":"Carroll Ave","limits":"Griffith St  -  Hawes St","cnnrightleft":"L","blockside":"SouthWest","fullname":"Saturday","weekday":"Sat","fromhour":"7","tohour":"8","week1":"1","week2":"1","week3":"1","week4":"1","week5":"1","holidays":"0","blocksweepid":"1636797"}},{"type":"Feature","geometry":{"type":"LineString","coordinates":[[-122.416259705784,37.785375974611],[-122.417901410401,37.785167214987]]},"properties":{":id":"row-wypx.atfp-iivp",":version":"rv-tmbk_22p9~eidm",":created_at":"2026-03-10T12:37:08.575Z",":updated_at":"2026-03-10T12:37:08.575Z","cnn":"9733000","corridor":"O'Farrell St","limits":"Hyde St  -  Larkin St","cnnrightleft":"R","blockside":"North","fullname":"Saturday","weekday":"Sat","fromhour":"6","tohour":"8","week1":"1","week2":"1","week3":"1","week4":"1","week5":"1","holidays":"0","blocksweepid":"1603702"}},{"type":"Feature","geometry":{"type":"LineString","coordinates":[[-122.402025419687,37.786248152145],[-122.402152838144,37.786186306093],[-122.403501281584,37.78512185399]]},"properties":{":id":"row-dm4h-46vi_ui92",":version":"rv-r8fc-zzth-szei",":created_at":"2026-03-10T12:37:08.575Z",":updated_at":"2026-03-10T12:37:08.575Z","cnn":"9095201","corridor":"Mission St","limits":"03rd St  -  Yerba Buena Ln","cnnrightleft":"R","blockside":null,"fullname":"Saturday","weekday":"Sat","fromhour":"2","tohour":"6","week1":"1","week2":"1","week3":"1","week4":"1","week5":"1","holidays":"1","blocksweepid":"1618472"}},{"type":"Feature","geometry":{"type":"LineString","coordinates":[[-122.387794890027,37.787097239396],[-122.387983697501,37.787187285658],[-122.387967060147,37.787549124838],[-122.387993314897,37.78792691464],[-122.388072254117,37.788200855815],[-122.388206454195,37.788755839464],[-122.388379568185,37.789104392676],[-122.388519613985,37.789372246442],[-122.388481187069,37.789571918889]]},"properties":{":id":"row-apw7_hkbr_q299",":version":"rv-36am~2t2n_fx5q",":created_at":"2026-03-10T12:37:08.575Z",":updated_at":"2026-03-10T12:37:08.575Z","cnn":"12549101","corridor":"The Embarcadero","limits":"Bryant St  -  Harrison St","cnnrightleft":"L","blockside":"West","fullname":"Saturday","weekday":"Sat","fromhour":"1","tohour":"3","week1":"1","week2":"1","week3":"1","week4":"1","week5":"1","holidays":"1","blocksweepid":"1639514"}},{"type":"Feature","geometry":{"type":"LineString","coordinates":[[-122.443345610193,37.713928189631],[-122.44370603206,37.713591510834]]},"properties":{":id":"row-my2g-y3ca-emgp",":version":"rv-cb2y_fynh~dwhz",":created_at":"2026-03-10T12:37:08.575Z",":updated_at":"2026-03-10T12:37:08.575Z","cnn":"9184000","corridor":"Mission St","limits":"Concord St  -  Ottawa Ave","cnnrightleft":"L","blockside":"SouthEast","fullname":"Saturday","weekday":"Sat","fromhour":"5","tohour":"7","week1":"1","week2":"1","week3":"1","week4":"1","week5":"1","holidays":"0","blocksweepid":"1626574"}},{"type":"Feature","geometry":{"type":"LineString","coordinates":[[-122.419883230931,37.778251017767],[-122.419967972509,37.77831212671],[-122.4203106401,37.779917047811],[-122.420247184087,37.78007469645]]},"properties":{":id":"row-unxu-hire_bz56",":version":"rv-fc49.ew3q.2pgs",":created_at":"2026-03-10T12:37:08.575Z",":updated_at":"2026-03-10T12:37:08.575Z","cnn":"13146101","corridor":"Van Ness Ave","limits":"Grove St  -  McAllister St","cnnrightleft":"L","blockside":"West","fullname":"Saturday","weekday":"Sat","fromhour":"4","tohour":"6","week1":"1","week2":"1","week3":"1","week4":"1","week5":"1","holidays":"1","blocksweepid":"1598881"}},{"type":"Feature","geometry":{"type":"LineString","coordinates":[[-122.389865003356,37.774551171444],[-122.389912562639,37.774421612245],[-122.389777298285,37.773006622142],[-122.38971674082,37.772930795071]]},"properties":{":id":"row-f3n8-ue66~2k9b",":version":"rv-6zz2~m56s.hqte",":created_at":"2026-03-10T12:37:08.575Z",":updated_at":"2026-03-10T12:37:08.575Z","cnn":"184201","corridor":"03rd St","limits":"Channel    -  Mission Rock St","cnnrightleft":"R","blockside":null,"fullname":"Saturday","weekday":"Sat","fromhour":"2","tohour":"6","week1":"1","week2":"1","week3":"1","week4":"1","week5":"1","holidays":"0","blocksweepid":"1613847"}},{"type":"Feature","geometry":{"type":"LineString","coordinates":[[-122.403579879163,37.788427261877],[-122.403660676944,37.788894429573]]},"properties":{":id":"row-y9qp_pgmh-tstz",":version":"rv-p5iz~ry3k.mzcb",":created_at":"2026-03-10T12:37:08.575Z",":updated_at":"2026-03-10T12:37:08.575Z","cnn":"7748000","corridor":"Kearny St","limits":"Maiden Ln  -  Post St","cnnrightleft":"R","blockside":"East","fullname":"Saturday","weekday":"Sat","fromhour":"2","tohour":"6","week1":"1","week2":"1","week3":"1","week4":"1","week5":"1","holidays":"0","blocksweepid":"1623995"}},{"type":"Feature","geometry":{"type":"LineString","coordinates":[[-122.407337040264,37.78456014194],[-122.407347988535,37.784490828637],[-122.407958734738,37.78401124557],[-122.408066547135,37.7839914871]]},"properties":{":id":"row-xjgu_yqk3.yv93",":version":"rv-jtn3_snjv.v5t2",":created_at":"2026-03-10T12:37:08.575Z",":updated_at":"2026-03-10T12:37:08.575Z","cnn":"8747103","corridor":"Market St","limits":"Stockton St  -  Powell St","cnnrightleft":"L","blockside":null,"fullname":"Saturday","weekday":"Sat","fromhour":"5","tohour":"7","week1":"1","week2":"1","week3":"1","week4":"1","week5":"1","holidays":"1","blocksweepid":"1618082"}},{"type":"Feature","geometry":{"type":"LineString","coordinates":[[-122.417706749819,37.784235738923],[-122.41936416784,37.784029116242]]},"properties":{":id":"row-ubpx.uf3t.kr3w",":version":"rv-dwe2-g8fb.5rfn",":created_at":"2026-03-10T12:37:08.575Z",":updated_at":"2026-03-10T12:37:08.575Z","cnn":"5178000","corridor":"Ellis St","limits":"Larkin St  -  Polk St","cnnrightleft":"R","blockside":"North","fullname":"Saturday","weekday":"Sat","fromhour":"6","tohour":"8","week1":"1","week2":"1","week3":"1","week4":"1","week5":"1","holidays":"0","blocksweepid":"1610137"}},{"type":"Feature","geometry":{"type":"LineString","coordinates":[[-122.416947604956,37.780470341035],[-122.417145611924,37.781447495006]]},"properties":{":id":"row-simy~wu9w-ndjk",":version":"rv-nipm-esfg.8x7e",":created_at":"2026-03-10T12:37:08.575Z",":updated_at":"2026-03-10T12:37:08.575Z","cnn":"8123000","corridor":"Larkin St","limits":"McAllister St  -  Golden Gate Ave","cnnrightleft":"L","blockside":"West","fullname":"Saturday","weekday":"Sat","fromhour":"6","tohour":"8","week1":"1","week2":"1","week3":"1","week4":"1","week5":"1","holidays":"0","blocksweepid":"1624363"}},{"type":"Feature","geometry":{"type":"LineString","coordinates":[[-122.402866309241,37.749478459157],[-122.402982535434,37.749406179345],[-122.403329768292,37.749391188356],[-122.403615715549,37.749338131398],[-122.405027615726,37.749069167104],[-122.405164274553,37.749053325042],[-122.405626951896,37.748971047742]]},"properties":{":id":"row-ewxz_2ztm.4hp7",":version":"rv-4sgp~7qut-njji",":created_at":"2026-03-10T12:37:08.575Z",":updated_at":"2026-03-10T12:37:08.575Z","cnn":"2479101","corridor":"Cesar Chavez St","limits":"Bay Shore Blvd  -  Bay Shore Blvd","cnnrightleft":"R","blockside":"North","fullname":"Saturday","weekday":"Sat","fromhour":"8","tohour":"10","week1":"1","week2":"1","week3":"1","week4":"1","week5":"1","holidays":"0","blocksweepid":"1636927"}},{"type":"Feature","geometry":{"type":"LineString","coordinates":[[-122.426858290165,37.769042389187],[-122.42844818332,37.767787890859],[-122.428657163625,37.767734888173]]},"properties":{":id":"row-tqia.3yzy_6mzf",":version":"rv-j5ty.mx9f_qqdx",":created_at":"2026-03-10T12:37:08.575Z",":updated_at":"2026-03-10T12:37:08.575Z","cnn":"8762102","corridor":"Market St","limits":"Dolores St  -  14th St","cnnrightleft":"L","blockside":"SouthEast","fullname":"Saturday","weekday":"Sat","fromhour":"2","tohour":"6","week1":"1","week2":"1","week3":"1","week4":"1","week5":"1","holidays":"1","blocksweepid":"1640944"}},{"type":"Feature","geometry":{"type":"LineString","coordinates":[[-122.394035065718,37.776332976564],[-122.394047051012,37.776163850266],[-122.396054665272,37.774570957286],[-122.396261346424,37.774578067059]]},"properties":{":id":"row-78gi-gehs.yr9c",":version":"rv-qsn6~8qfr.gm3j",":created_at":"2026-03-10T12:37:08.575Z",":updated_at":"2026-03-10T12:37:08.575Z","cnn":"7834101","corridor":"King St","limits":"04th St  -  05th St","cnnrightleft":"L","blockside":"SouthEast","fullname":"Saturday","weekday":"Sat","fromhour":"1","tohour":"3","week1":"1","week2":"1","week3":"1","week4":"1","week5":"1","holidays":"1","blocksweepid":"1601485"}},{"type":"Feature","geometry":{"type":"LineString","coordinates":[[-122.395405270407,37.796682895937],[-122.395360657878,37.796855296045],[-122.396423589598,37.798013223406],[-122.397473883097,37.799198943827],[-122.397669948657,37.799234483026]]},"properties":{":id":"row-ragn-qv4z~mz8b",":version":"rv-8btx_cch8_i4ts",":created_at":"2026-03-10T12:37:08.575Z",":updated_at":"2026-03-10T12:37:08.575Z","cnn":"12554201","corridor":"The Embarcadero","limits":"Washington St  -  Broadway","cnnrightleft":"R","blockside":"NorthEast","fullname":"Saturday","weekday":"Sat","fromhour":"1","tohour":"3","week1":"1","week2":"1","week3":"1","week4":"1","week5":"1","holidays":"1","blocksweepid":"1624848"}},{"type":"Feature","geometry":{"type":"LineString","coordinates":[[-122.419505113925,37.746182682866],[-122.419885764063,37.745595096744]]},"properties":{":id":"row-sm3a_v3sq_8jbh",":version":"rv-c925~3igk.vyec",":created_at":"2026-03-10T12:37:08.575Z",":updated_at":"2026-03-10T12:37:08.575Z","cnn":"9131000","corridor":"Mission St","limits":"Powers Ave  -  Fair Ave","cnnrightleft":"R","blockside":"NorthWest","fullname":"Saturday","weekday":"Sat","fromhour":"5","tohour":"7","week1":"1","week2":"1","week3":"1","week4":"1","week5":"1","holidays":"0","blocksweepid":"1599811"}},{"type":"Feature","geometry":{"type":"LineString","coordinates":[[-122.384402010628,37.71609096802],[-122.386265013791,37.717178948313]]},"properties":{":id":"row-6f83.nng2-cjms",":version":"rv-2jwh.gf8x~k9q6",":created_at":"2026-03-10T12:37:08.575Z",":updated_at":"2026-03-10T12:37:08.575Z","cnn":"6185000","corridor":"Gilman Ave","limits":"Earl St  -  Arelious Walker Dr","cnnrightleft":"L","blockside":"SouthWest","fullname":"Saturday","weekday":"Sat","fromhour":"7","tohour":"8","week1":"1","week2":"1","week3":"1","week4":"1","week5":"1","holidays":"0","blocksweepid":"1633112"}},{"type":"Feature","geometry":{"type":"LineString","coordinates":[[-122.4047105823,37.794021380221],[-122.404796472442,37.794453004766]]},"properties":{":id":"row-hzm8_fetk.7uy2",":version":"rv-f9a5.zdpx.7fs3",":created_at":"2026-03-10T12:37:08.575Z",":updated_at":"2026-03-10T12:37:08.575Z","cnn":"7757000","corridor":"Kearny St","limits":"Commercial St  -  Clay St","cnnrightleft":"R","blockside":"East","fullname":"Saturday","weekday":"Sat","fromhour":"2","tohour":"6","week1":"1","week2":"1","week3":"1","week4":"1","week5":"1","holidays":"0","blocksweepid":"1624004"}},{"type":"Feature","geometry":{"type":"LineString","coordinates":[[-122.419506293804,37.776368870039],[-122.41944856281,37.776475850972],[-122.419598140853,37.777211798877],[-122.419693565872,37.777299856161]]},"properties":{":id":"row-2gv8_hy84-4dvr",":version":"rv-fmhi~z9ec-tjk4",":created_at":"2026-03-10T12:37:08.575Z",":updated_at":"2026-03-10T12:37:08.575Z","cnn":"13144201","corridor":"Van Ness Ave","limits":"Fell St  -  Hayes St","cnnrightleft":"R","blockside":"East","fullname":"Saturday","weekday":"Sat","fromhour":"4","tohour":"6","week1":"1","week2":"1","week3":"1","week4":"1","week5":"1","holidays":"1","blocksweepid":"1639864"}},{"type":"Feature","geometry":{"type":"LineString","coordinates":[[-122.406827677878,37.796901905855],[-122.406944628746,37.797468973132]]},"properties":{":id":"row-ufzh_tyaq~hzgr",":version":"rv-aa3g-7qv7~4vdg",":created_at":"2026-03-10T12:37:08.575Z",":updated_at":"2026-03-10T12:37:08.575Z","cnn":"6398000","corridor":"Grant Ave","limits":"Pacific Ave  -  Jack Kerouac Aly","cnnrightleft":"R","blockside":"East","fullname":"Saturday","weekday":"Sat","fromhour":"2","tohour":"6","week1":"1","week2":"1","week3":"1","week4":"1","week5":"1","holidays":"0","blocksweepid":"1606412"}},{"type":"Feature","geometry":{"type":"LineString","coordinates":[[-122.40389917691,37.745620309979],[-122.403940623945,37.745389017836],[-122.403990394336,37.745230891859],[-122.40447429083,37.743961239783],[-122.40491960953,37.743345109638],[-122.405042210078,37.743180544279],[-122.405242386858,37.743051204677]]},"properties":{":id":"row-an3i-4bjk~xugc",":version":"rv-4up9~36au.cnz2",":created_at":"2026-03-10T12:37:08.575Z",":updated_at":"2026-03-10T12:37:08.575Z","cnn":"2799106","corridor":"Bay Shore Blvd","limits":"Bay Shore Blvd  -  Oakdale Ave","cnnrightleft":"R","blockside":"NorthWest","fullname":"Saturday","weekday":"Sat","fromhour":"0","tohour":"2","week1":"1","week2":"1","week3":"1","week4":"1","week5":"1","holidays":"1","blocksweepid":"1613294"}},{"type":"Feature","geometry":{"type":"LineString","coordinates":[[-122.45773304353,37.781314586071],[-122.45781128481,37.781243427595],[-122.458707855012,37.781200866329],[-122.458858661406,37.781257061325]]},"properties":{":id":"row-zm4b~mrbn~vy3u",":version":"rv-8hd7.4a5a_z6gh",":created_at":"2026-03-10T12:37:08.575Z",":updated_at":"2026-03-10T12:37:08.575Z","cnn":"6056101","corridor":"Geary Blvd","limits":"Palm Ave  -  Arguello Blvd","cnnrightleft":"L","blockside":"South","fullname":"Saturday","weekday":"Sat","fromhour":"7","tohour":"8","week1":"1","week2":"1","week3":"1","week4":"1","week5":"1","holidays":"0","blocksweepid":"1621897"}},{"type":"Feature","geometry":{"type":"LineString","coordinates":[[-122.406231389855,37.797920272777],[-122.406667930917,37.797864612499]]},"properties":{":id":"row-z2uk~ihw2_p8rv",":version":"rv-xy4x.grax-sbuz",":created_at":"2026-03-10T12:37:08.575Z",":updated_at":"2026-03-10T12:37:08.575Z","cnn":"3152000","corridor":"Broadway","limits":"Romolo St  -  Columbus Ave","cnnrightleft":"R","blockside":"North","fullname":"Saturday","weekday":"Sat","fromhour":"4","tohour":"6","week1":"1","week2":"1","week3":"1","week4":"1","week5":"1","holidays":"0","blocksweepid":"1635096"}},{"type":"Feature","geometry":{"type":"LineString","coordinates":[[-122.388851283059,37.764321835521],[-122.388787074287,37.76423738189],[-122.388677494959,37.763138552146],[-122.388737998431,37.763048278835]]},"properties":{":id":"row-e8fr.v64n-tus4",":version":"rv-si8g.54ds.fbh9",":created_at":"2026-03-10T12:37:08.575Z",":updated_at":"2026-03-10T12:37:08.575Z","cnn":"187101","corridor":"03rd St","limits":"Mariposa St  -  18th St","cnnrightleft":"L","blockside":"East","fullname":"Saturday","weekday":"Sat","fromhour":"2","tohour":"6","week1":"1","week2":"1","week3":"1","week4":"1","week5":"1","holidays":"0","blocksweepid":"1628960"}},{"type":"Feature","geometry":{"type":"LineString","coordinates":[[-122.419273432237,37.783567785618],[-122.420831850259,37.783370488144]]},"properties":{":id":"row-hn8a-qap6_pfrj",":version":"rv-r33a_7wa6~fhv9",":created_at":"2026-03-10T12:37:08.575Z",":updated_at":"2026-03-10T12:37:08.575Z","cnn":"13663000","corridor":"Willow St","limits":"Polk St  -  Van Ness Ave","cnnrightleft":"L","blockside":"South","fullname":"Saturday","weekday":"Sat","fromhour":"4","tohour":"6","week1":"1","week2":"1","week3":"1","week4":"1","week5":"1","holidays":"1","blocksweepid":"1627698"}},{"type":"Feature","geometry":{"type":"LineString","coordinates":[[-122.412969666673,37.785789584224],[-122.414617207257,37.785582474549]]},"properties":{":id":"row-rkdg~8mep_f34g",":version":"rv-sva9_knjj_jgft",":created_at":"2026-03-10T12:37:08.575Z",":updated_at":"2026-03-10T12:37:08.575Z","cnn":"9729000","corridor":"O'Farrell St","limits":"Jones St  -  Leavenworth St","cnnrightleft":"R","blockside":"North","fullname":"Saturday","weekday":"Sat","fromhour":"6","tohour":"8","week1":"1","week2":"1","week3":"1","week4":"1","week5":"1","holidays":"0","blocksweepid":"1603698"}},{"type":"Feature","geometry":{"type":"LineString","coordinates":[[-122.440106607185,37.717665309709],[-122.440185610526,37.717623547972],[-122.440417628749,37.717309827762],[-122.440417738126,37.717244618779]]},"properties":{":id":"row-7aut-wugj.wxjw",":version":"rv-8gaw_ks4g_kh55",":created_at":"2026-03-10T12:37:08.575Z",":updated_at":"2026-03-10T12:37:08.575Z","cnn":"9176201","corridor":"Mission St","limits":"Seneca Ave  -  Amazon Ave","cnnrightleft":"R","blockside":"NorthWest","fullname":"Saturday","weekday":"Sat","fromhour":"5","tohour":"7","week1":"1","week2":"1","week3":"1","week4":"1","week5":"1","holidays":"0","blocksweepid":"1626247"}},{"type":"Feature","geometry":{"type":"LineString","coordinates":[[-122.41443019869,37.784657140749],[-122.414778472775,37.784612949291]]},"properties":{":id":"row-wizs~7bae~6tf5",":version":"rv-qd7n.tmyz_nyw4",":created_at":"2026-03-10T12:37:08.575Z",":updated_at":"2026-03-10T12:37:08.575Z","cnn":"5175000","corridor":"Ellis St","limits":"Leavenworth St  -  Cohen Pl","cnnrightleft":"L","blockside":"South","fullname":"Saturday","weekday":"Sat","fromhour":"6","tohour":"8","week1":"1","week2":"1","week3":"1","week4":"1","week5":"1","holidays":"0","blocksweepid":"1610201"}},{"type":"Feature","geometry":{"type":"LineString","coordinates":[[-122.400468484099,37.785030285046],[-122.399459824575,37.784213640123]]},"properties":{":id":"row-ezu7.2252~npf9",":version":"rv-cbhv-e6hq-ckmz",":created_at":"2026-03-10T12:37:08.575Z",":updated_at":"2026-03-10T12:37:08.575Z","cnn":"168000","corridor":"03rd St","limits":"Howard St  -  Clementina St","cnnrightleft":"R","blockside":"SouthWest","fullname":"Saturday","weekday":"Sat","fromhour":"2","tohour":"6","week1":"1","week2":"1","week3":"1","week4":"1","week5":"1","holidays":"0","blocksweepid":"1628697"}},{"type":"Feature","geometry":{"type":"LineString","coordinates":[[-122.409309180162,37.784349269064],[-122.409497525934,37.785282917476]]},"properties":{":id":"row-b7rv-5iev-8wyg",":version":"rv-f236-bu8h-ri8m",":created_at":"2026-03-10T12:37:08.575Z",":updated_at":"2026-03-10T12:37:08.575Z","cnn":"8800000","corridor":"Mason St","limits":"Eddy St  -  Ellis St","cnnrightleft":"L","blockside":"West","fullname":"Saturday","weekday":"Sat","fromhour":"2","tohour":"6","week1":"1","week2":"1","week3":"1","week4":"1","week5":"1","holidays":"0","blocksweepid":"1628007"}},{"type":"Feature","geometry":{"type":"LineString","coordinates":[[-122.430824395339,37.766013730949],[-122.430839699776,37.765928259934],[-122.430912083354,37.765875794476],[-122.431025470892,37.765867986364]]},"properties":{":id":"row-itw8~74i4_9pka",":version":"rv-eh4r_bu3e.aici",":created_at":"2026-03-10T12:37:08.575Z",":updated_at":"2026-03-10T12:37:08.575Z","cnn":"8765101","corridor":"Market St","limits":"15th St  -  Sanchez St","cnnrightleft":"L","blockside":"SouthEast","fullname":"Saturday","weekday":"Sat","fromhour":"2","tohour":"6","week1":"1","week2":"1","week3":"1","week4":"1","week5":"1","holidays":"1","blocksweepid":"1640947"}},{"type":"Feature","geometry":{"type":"LineString","coordinates":[[-122.402061634111,37.749396678963],[-122.402215286034,37.749358244744],[-122.402746245222,37.749375020214],[-122.402866309241,37.749478459157]]},"properties":{":id":"row-hvcu.gx22~bpgw",":version":"rv-3ypp-kdxb_tiua",":created_at":"2026-03-10T12:37:08.575Z",":updated_at":"2026-03-10T12:37:08.575Z","cnn":"2478101","corridor":"Cesar Chavez St","limits":"Kansas St  -  Bay Shore Blvd","cnnrightleft":"R","blockside":"North","fullname":"Saturday","weekday":"Sat","fromhour":"8","tohour":"10","week1":"1","week2":"1","week3":"1","week4":"1","week5":"1","holidays":"0","blocksweepid":"1636926"}},{"type":"Feature","geometry":{"type":"LineString","coordinates":[[-122.493469932994,37.729596663122],[-122.493444462901,37.729485091748],[-122.493311435813,37.729362696904],[-122.492538135873,37.728947250078],[-122.492266623627,37.728839787854],[-122.491928916146,37.728797360948],[-122.491441790405,37.728863660297],[-122.491010665036,37.729072920337],[-122.490559389222,37.729548294402],[-122.490546784727,37.729652016414]]},"properties":{":id":"row-z2sv~yztf-a3fh",":version":"rv-mmv8_ugis-jfhu",":created_at":"2026-03-10T12:37:08.575Z",":updated_at":"2026-03-10T12:37:08.575Z","cnn":"8045201","corridor":"Lake Merced Blvd","limits":"Sunset Blvd  -  Clearfield Dr","cnnrightleft":"L","blockside":"North","fullname":"Saturday","weekday":"Sat","fromhour":"4","tohour":"6","week1":"1","week2":"1","week3":"1","week4":"1","week5":"1","holidays":"0","blocksweepid":"1597933"}},{"type":"Feature","geometry":{"type":"LineString","coordinates":[[-122.392703441883,37.728860122934],[-122.392805822846,37.728565142031],[-122.392899420136,37.728489580514]]},"properties":{":id":"row-kwar_kjhk~4nmu",":version":"rv-vnnp-4zpn.sydz",":created_at":"2026-03-10T12:37:08.575Z",":updated_at":"2026-03-10T12:37:08.575Z","cnn":"220102","corridor":"03rd St","limits":"Lane St  -  Lane St","cnnrightleft":"L","blockside":"SouthEast","fullname":"Saturday","weekday":"Sat","fromhour":"2","tohour":"6","week1":"1","week2":"1","week3":"1","week4":"1","week5":"1","holidays":"0","blocksweepid":"1629144"}},{"type":"Feature","geometry":{"type":"LineString","coordinates":[[-122.421216457579,37.785232628848],[-122.421299785984,37.785593385164],[-122.421393307556,37.785685802529]]},"properties":{":id":"row-fwq6.iynq.a2w3",":version":"rv-5e7c.srqn~fxt4",":created_at":"2026-03-10T12:37:08.575Z",":updated_at":"2026-03-10T12:37:08.575Z","cnn":"13152202","corridor":"Van Ness Ave","limits":"Alice B Toklas Pl  -  Geary Blvd","cnnrightleft":"R","blockside":"East","fullname":"Saturday","weekday":"Sat","fromhour":"4","tohour":"6","week1":"1","week2":"1","week3":"1","week4":"1","week5":"1","holidays":"1","blocksweepid":"1625423"}},{"type":"Feature","geometry":{"type":"LineString","coordinates":[[-122.390967889603,37.734013872547],[-122.390952920047,37.733866039059],[-122.391149955223,37.733302858594],[-122.391244493388,37.733223261805]]},"properties":{":id":"row-tfys_tsdd_v6ip",":version":"rv-rzeg.jzmq.6nzt",":created_at":"2026-03-10T12:37:08.575Z",":updated_at":"2026-03-10T12:37:08.575Z","cnn":"213101","corridor":"03rd St","limits":"Palou Ave  -  Quesada Ave","cnnrightleft":"L","blockside":"East","fullname":"Saturday","weekday":"Sat","fromhour":"2","tohour":"6","week1":"1","week2":"1","week3":"1","week4":"1","week5":"1","holidays":"0","blocksweepid":"1629136"}},{"type":"Feature","geometry":{"type":"LineString","coordinates":[[-122.440061199955,37.78617958357],[-122.440120787315,37.786243852372],[-122.440277666954,37.787024519459],[-122.440249956955,37.787112456459]]},"properties":{":id":"row-27i3_jfjw.aiq5",":version":"rv-gkt9.85c6~mkzj",":created_at":"2026-03-10T12:37:08.575Z",":updated_at":"2026-03-10T12:37:08.575Z","cnn":"4815101","corridor":"Divisadero St","limits":"Bush St  -  Pine St","cnnrightleft":"L","blockside":"West","fullname":"Saturday","weekday":"Sat","fromhour":"6","tohour":"8","week1":"1","week2":"1","week3":"1","week4":"1","week5":"1","holidays":"0","blocksweepid":"1637234"}},{"type":"Feature","geometry":{"type":"LineString","coordinates":[[-122.394059623992,37.792537217256],[-122.394940237623,37.791842090331]]},"properties":{":id":"row-j5bt_2dir_dgty",":version":"rv-rse7.8ap8-7789",":created_at":"2026-03-10T12:37:08.575Z",":updated_at":"2026-03-10T12:37:08.575Z","cnn":"9084000","corridor":"Mission St","limits":"Spear St  -  Main St","cnnrightleft":"R","blockside":"NorthWest","fullname":"Saturday","weekday":"Sat","fromhour":"2","tohour":"6","week1":"1","week2":"1","week3":"1","week4":"1","week5":"1","holidays":"1","blocksweepid":"1618461"}},{"type":"Feature","geometry":{"type":"LineString","coordinates":[[-122.403430800691,37.787641848946],[-122.403342641146,37.787274627763],[-122.403028192908,37.787024418781]]},"properties":{":id":"row-kryf-r3xd-6iai",":version":"rv-rtdx_t6b9.uuj3",":created_at":"2026-03-10T12:37:08.575Z",":updated_at":"2026-03-10T12:37:08.575Z","cnn":"163000","corridor":"03rd St","limits":"Market St  -  Stevenson St","cnnrightleft":"L","blockside":"NorthEast","fullname":"Saturday","weekday":"Sat","fromhour":"2","tohour":"6","week1":"1","week2":"1","week3":"1","week4":"1","week5":"1","holidays":"0","blocksweepid":"1628620"}},{"type":"Feature","geometry":{"type":"LineString","coordinates":[[-122.394926152382,37.723972563668],[-122.395063728567,37.723870061576],[-122.395296524638,37.723360499297],[-122.395264646671,37.723222334711]]},"properties":{":id":"row-5vw7_n2ey_eevb",":version":"rv-4ub7.8k9s_ngu9",":created_at":"2026-03-10T12:37:08.575Z",":updated_at":"2026-03-10T12:37:08.575Z","cnn":"226201","corridor":"03rd St","limits":"Egbert Ave  -  Fitzgerald Ave","cnnrightleft":"R","blockside":"West","fullname":"Saturday","weekday":"Sat","fromhour":"2","tohour":"6","week1":"1","week2":"1","week3":"1","week4":"1","week5":"1","holidays":"0","blocksweepid":"1613896"}},{"type":"Feature","geometry":{"type":"LineString","coordinates":[[-122.410700604509,37.782895685135],[-122.410764827715,37.78321431286]]},"properties":{":id":"row-ka5g.efx9.3yfr",":version":"rv-fw3n-py9p-2tgy",":created_at":"2026-03-10T12:37:08.575Z",":updated_at":"2026-03-10T12:37:08.575Z","cnn":"12426000","corridor":"Taylor St","limits":"Opal Pl  -  Turk St","cnnrightleft":"L","blockside":"West","fullname":"Saturday","weekday":"Sat","fromhour":"6","tohour":"8","week1":"1","week2":"1","week3":"1","week4":"1","week5":"1","holidays":"0","blocksweepid":"1617057"}},{"type":"Feature","geometry":{"type":"LineString","coordinates":[[-122.477239888062,37.780439636793],[-122.477345318298,37.780364825544],[-122.478177826999,37.780316366971],[-122.478304879277,37.780381190986]]},"properties":{":id":"row-sqjc_xrca.bf5c",":version":"rv-2bhd~x8t2-a2kg",":created_at":"2026-03-10T12:37:08.575Z",":updated_at":"2026-03-10T12:37:08.575Z","cnn":"6075101","corridor":"Geary Blvd","limits":"18th Ave  -  19th Ave","cnnrightleft":"L","blockside":"South","fullname":"Saturday","weekday":"Sat","fromhour":"7","tohour":"8","week1":"1","week2":"1","week3":"1","week4":"1","week5":"1","holidays":"0","blocksweepid":"1621916"}},{"type":"Feature","geometry":{"type":"LineString","coordinates":[[-122.41151576723,37.786939706696],[-122.412340302604,37.786834512357]]},"properties":{":id":"row-e6dp_gb33.9633",":version":"rv-fweg-i82s~vgdm",":created_at":"2026-03-10T12:37:08.575Z",":updated_at":"2026-03-10T12:37:08.575Z","cnn":"6112000","corridor":"Geary St","limits":"Taylor St  -  Shannon St","cnnrightleft":"R","blockside":"North","fullname":"Saturday","weekday":"Sat","fromhour":"6","tohour":"8","week1":"1","week2":"1","week3":"1","week4":"1","week5":"1","holidays":"0","blocksweepid":"1622093"}},{"type":"Feature","geometry":{"type":"LineString","coordinates":[[-122.421749881333,37.788027214872],[-122.421827224583,37.788409506662],[-122.42194858465,37.78848964293]]},"properties":{":id":"row-vbr8.aziy_kwzu",":version":"rv-9pyz_9vfw~zcxm",":created_at":"2026-03-10T12:37:08.575Z",":updated_at":"2026-03-10T12:37:08.575Z","cnn":"13155202","corridor":"Van Ness Ave","limits":"Fern St  -  Bush St","cnnrightleft":"R","blockside":"East","fullname":"Saturday","weekday":"Sat","fromhour":"4","tohour":"6","week1":"1","week2":"1","week3":"1","week4":"1","week5":"1","holidays":"1","blocksweepid":"1639997"}},{"type":"Feature","geometry":{"type":"LineString","coordinates":[[-122.414053764894,37.782794446306],[-122.415693872616,37.782585033233]]},"properties":{":id":"row-bjub_x9xv_hryh",":version":"rv-j58n-ytnb_sh6h",":created_at":"2026-03-10T12:37:08.575Z",":updated_at":"2026-03-10T12:37:08.575Z","cnn":"12719000","corridor":"Turk St","limits":"Leavenworth St  -  Hyde St","cnnrightleft":"R","blockside":"North","fullname":"Saturday","weekday":"Sat","fromhour":"6","tohour":"8","week1":"1","week2":"1","week3":"1","week4":"1","week5":"1","holidays":"0","blocksweepid":"1625146"}},{"type":"Feature","geometry":{"type":"LineString","coordinates":[[-122.4202542788,37.774358674821],[-122.420386330992,37.77431569003],[-122.420675301537,37.77408699766],[-122.420698773999,37.774007805689]]},"properties":{":id":"row-x26f_f5rx~cunr",":version":"rv-ubpj-8vue-96bw",":created_at":"2026-03-10T12:37:08.575Z",":updated_at":"2026-03-10T12:37:08.575Z","cnn":"8756201","corridor":"Market St","limits":"Page St  -  Franklin St","cnnrightleft":"R","blockside":"NorthWest","fullname":"Saturday","weekday":"Sat","fromhour":"2","tohour":"6","week1":"1","week2":"1","week3":"1","week4":"1","week5":"1","holidays":"1","blocksweepid":"1625849"}},{"type":"Feature","geometry":{"type":"LineString","coordinates":[[-122.413865603598,37.781863339516],[-122.414683132079,37.781759091655]]},"properties":{":id":"row-f9ij-2svd-29a5",":version":"rv-t8vj~zjcb.d6tx",":created_at":"2026-03-10T12:37:08.575Z",":updated_at":"2026-03-10T12:37:08.575Z","cnn":"6261000","corridor":"Golden Gate Ave","limits":"Leavenworth St  -  Dale Pl","cnnrightleft":"R","blockside":"North","fullname":"Saturday","weekday":"Sat","fromhour":"6","tohour":"8","week1":"1","week2":"1","week3":"1","week4":"1","week5":"1","holidays":"0","blocksweepid":"1622288"}},{"type":"Feature","geometry":{"type":"LineString","coordinates":[[-122.421570115351,37.786618960963],[-122.421484286441,37.786714404495],[-122.421559716288,37.787087251593]]},"properties":{":id":"row-sywf~9s2n_e5zc",":version":"rv-38mg-qvia-y3r4",":created_at":"2026-03-10T12:37:08.575Z",":updated_at":"2026-03-10T12:37:08.575Z","cnn":"13154201","corridor":"Van Ness Ave","limits":"Post St  -  Hemlock St","cnnrightleft":"R","blockside":"East","fullname":"Saturday","weekday":"Sat","fromhour":"4","tohour":"6","week1":"1","week2":"1","week3":"1","week4":"1","week5":"1","holidays":"1","blocksweepid":"1625426"}},{"type":"Feature","geometry":{"type":"LineString","coordinates":[[-122.404030724326,37.7907600962],[-122.404219835075,37.791690583859]]},"properties":{":id":"row-9j4i.7k5j.5in6",":version":"rv-jydx.if2h~9d9f",":created_at":"2026-03-10T12:37:08.575Z",":updated_at":"2026-03-10T12:37:08.575Z","cnn":"7753000","corridor":"Kearny St","limits":"Bush St  -  Pine St","cnnrightleft":"L","blockside":"West","fullname":"Saturday","weekday":"Sat","fromhour":"2","tohour":"6","week1":"1","week2":"1","week3":"1","week4":"1","week5":"1","holidays":"0","blocksweepid":"1623984"}},{"type":"Feature","geometry":{"type":"LineString","coordinates":[[-122.388023343662,37.78477361415],[-122.387862337714,37.784842845886],[-122.38777198729,37.785912234871],[-122.387708940639,37.786977018156],[-122.387794890027,37.787097239396]]},"properties":{":id":"row-ncsk_emh3~uzgw",":version":"rv-32kx-i3dw-bzkf",":created_at":"2026-03-10T12:37:08.575Z",":updated_at":"2026-03-10T12:37:08.575Z","cnn":"12548201","corridor":"The Embarcadero","limits":"Brannan St  -  Bryant St","cnnrightleft":"R","blockside":"East","fullname":"Saturday","weekday":"Sat","fromhour":"1","tohour":"3","week1":"1","week2":"1","week3":"1","week4":"1","week5":"1","holidays":"1","blocksweepid":"1624842"}},{"type":"Feature","geometry":{"type":"LineString","coordinates":[[-122.441019561727,37.716459545953],[-122.440961064242,37.716299398499],[-122.440413739919,37.716054527342],[-122.440255134802,37.716038820045]]},"properties":{":id":"row-wqgn-uaqx.a3up",":version":"rv-uuew-2p7j_694r",":created_at":"2026-03-10T12:37:08.575Z",":updated_at":"2026-03-10T12:37:08.575Z","cnn":"6138201","corridor":"Geneva Ave","limits":"Mission St  -  London St","cnnrightleft":"L","blockside":"NorthEast","fullname":"Saturday","weekday":"Sat","fromhour":"6","tohour":"8","week1":"1","week2":"1","week3":"1","week4":"1","week5":"1","holidays":"0","blocksweepid":"1633031"}},{"type":"Feature","geometry":{"type":"LineString","coordinates":[[-122.396379518889,37.781750284029],[-122.395843498787,37.781321257064]]},"properties":{":id":"row-wwsj_3tak_btnh",":version":"rv-vew4~fwa5~2imk",":created_at":"2026-03-10T12:37:08.575Z",":updated_at":"2026-03-10T12:37:08.575Z","cnn":"174000","corridor":"03rd St","limits":"Stillman St  -  Bryant St","cnnrightleft":"R","blockside":"SouthWest","fullname":"Saturday","weekday":"Sat","fromhour":"2","tohour":"6","week1":"1","week2":"1","week3":"1","week4":"1","week5":"1","holidays":"0","blocksweepid":"1628703"}},{"type":"Feature","geometry":{"type":"LineString","coordinates":[[-122.404828386001,37.742816598686],[-122.405242386858,37.743051204677]]},"properties":{":id":"row-gkkj_qir8.kgdy",":version":"rv-hzny-9u97_fnyr",":created_at":"2026-03-10T12:37:08.575Z",":updated_at":"2026-03-10T12:37:08.575Z","cnn":"9799000","corridor":"Oakdale Ave","limits":"Patterson St  -  Bay Shore Blvd","cnnrightleft":"L","blockside":"SouthWest","fullname":"Saturday","weekday":"Sat","fromhour":"2","tohour":"3","week1":"1","week2":"1","week3":"1","week4":"1","week5":"1","holidays":"0","blocksweepid":"1603436"}},{"type":"Feature","geometry":{"type":"LineString","coordinates":[[-122.390145051507,37.73639019456],[-122.390243839401,37.736286048944],[-122.390436201151,37.735736261062],[-122.390416264113,37.735590520553]]},"properties":{":id":"row-ehfk_yi5h~gpm7",":version":"rv-f3g7.9u5a~qxrv",":created_at":"2026-03-10T12:37:08.575Z",":updated_at":"2026-03-10T12:37:08.575Z","cnn":"210201","corridor":"03rd St","limits":"McKinnon Ave  -  Newcomb Ave","cnnrightleft":"R","blockside":"West","fullname":"Saturday","weekday":"Sat","fromhour":"2","tohour":"6","week1":"1","week2":"1","week3":"1","week4":"1","week5":"1","holidays":"0","blocksweepid":"1613880"}},{"type":"Feature","geometry":{"type":"LineString","coordinates":[[-122.41443019869,37.784657140749],[-122.414617207257,37.785582474549]]},"properties":{":id":"row-av2b.iua6-z27k",":version":"rv-iuiz_hm3x_64xa",":created_at":"2026-03-10T12:37:08.575Z",":updated_at":"2026-03-10T12:37:08.575Z","cnn":"8242000","corridor":"Leavenworth St","limits":"Ellis St  -  O'Farrell St","cnnrightleft":"L","blockside":"West","fullname":"Saturday","weekday":"Sat","fromhour":"6","tohour":"8","week1":"1","week2":"1","week3":"1","week4":"1","week5":"1","holidays":"0","blocksweepid":"1616826"}},{"type":"Feature","geometry":{"type":"LineString","coordinates":[[-122.395517753104,37.78106214102],[-122.395064952238,37.780700560209]]},"properties":{":id":"row-968j~inmb-a9js",":version":"rv-knx6.us7a~xiq6",":created_at":"2026-03-10T12:37:08.575Z",":updated_at":"2026-03-10T12:37:08.575Z","cnn":"176000","corridor":"03rd St","limits":"Taber Pl  -  South Park","cnnrightleft":"R","blockside":"SouthWest","fullname":"Saturday","weekday":"Sat","fromhour":"2","tohour":"6","week1":"1","week2":"1","week3":"1","week4":"1","week5":"1","holidays":"0","blocksweepid":"1628705"}},{"type":"Feature","geometry":{"type":"LineString","coordinates":[[-122.394300037428,37.780089730328],[-122.392749786649,37.778851717265]]},"properties":{":id":"row-b2zs.8pmd~cybs",":version":"rv-mqzv.amr4~jeft",":created_at":"2026-03-10T12:37:08.575Z",":updated_at":"2026-03-10T12:37:08.575Z","cnn":"179000","corridor":"03rd St","limits":"Brannan St  -  Townsend St","cnnrightleft":"L","blockside":"NorthEast","fullname":"Saturday","weekday":"Sat","fromhour":"2","tohour":"6","week1":"1","week2":"1","week3":"1","week4":"1","week5":"1","holidays":"0","blocksweepid":"1628636"}},{"type":"Feature","geometry":{"type":"LineString","coordinates":[[-122.392146619092,37.730642139226],[-122.392241329264,37.73057661812],[-122.39237196054,37.730203201348],[-122.392348747989,37.730066818506]]},"properties":{":id":"row-4urt~vcyt_xan4",":version":"rv-syeq-i5gz.c84q",":created_at":"2026-03-10T12:37:08.575Z",":updated_at":"2026-03-10T12:37:08.575Z","cnn":"218201","corridor":"03rd St","limits":"Thornton Ave  -  Underwood Ave","cnnrightleft":"R","blockside":"West","fullname":"Saturday","weekday":"Sat","fromhour":"2","tohour":"6","week1":"1","week2":"1","week3":"1","week4":"1","week5":"1","holidays":"0","blocksweepid":"1613888"}},{"type":"Feature","geometry":{"type":"LineString","coordinates":[[-122.413865603598,37.781863339516],[-122.414053764894,37.782794446306]]},"properties":{":id":"row-xh9d~gn2e-gntq",":version":"rv-v4hc-nsr4_3nnz",":created_at":"2026-03-10T12:37:08.575Z",":updated_at":"2026-03-10T12:37:08.575Z","cnn":"8239000","corridor":"Leavenworth St","limits":"Golden Gate Ave  -  Turk St","cnnrightleft":"L","blockside":"West","fullname":"Saturday","weekday":"Sat","fromhour":"6","tohour":"8","week1":"1","week2":"1","week3":"1","week4":"1","week5":"1","holidays":"0","blocksweepid":"1616823"}},{"type":"Feature","geometry":{"type":"LineString","coordinates":[[-122.402752244553,37.729357163198],[-122.402209197545,37.728101973655]]},"properties":{":id":"row-k36c_zx3a_zvvj",":version":"rv-376h_kyc6_u26t",":created_at":"2026-03-10T12:37:08.575Z",":updated_at":"2026-03-10T12:37:08.575Z","cnn":"2808000","corridor":"Bay Shore Blvd","limits":"Donner Ave  -  Bacon St","cnnrightleft":"R","blockside":"West","fullname":"Saturday","weekday":"Sat","fromhour":"7","tohour":"8","week1":"1","week2":"1","week3":"1","week4":"1","week5":"1","holidays":"0","blocksweepid":"1628251"}},{"type":"Feature","geometry":{"type":"LineString","coordinates":[[-122.40895215881,37.783287852635],[-122.40897561214,37.783210507851],[-122.410197491617,37.782247902736],[-122.410292026651,37.782230575213]]},"properties":{":id":"row-pxzp_jr4m-6v8r",":version":"rv-ugas~5sjt.ynqd",":created_at":"2026-03-10T12:37:08.575Z",":updated_at":"2026-03-10T12:37:08.575Z","cnn":"8749101","corridor":"Market St","limits":"Mason St  -  Taylor St","cnnrightleft":"L","blockside":"SouthEast","fullname":"Saturday","weekday":"Sat","fromhour":"5","tohour":"7","week1":"1","week2":"1","week3":"1","week4":"1","week5":"1","holidays":"1","blocksweepid":"1618084"}},{"type":"Feature","geometry":{"type":"LineString","coordinates":[[-122.407287231582,37.793233636255],[-122.407373738877,37.793222721528]]},"properties":{":id":"row-rr5e-9mrg-ir74",":version":"rv-e9dc-yxsv-5hzs",":created_at":"2026-03-10T12:37:08.575Z",":updated_at":"2026-03-10T12:37:08.575Z","cnn":"11231000","corridor":"Sacramento St","limits":"Pagoda Pl  -  Brooklyn Pl","cnnrightleft":"R","blockside":"North","fullname":"Saturday","weekday":"Sat","fromhour":"2","tohour":"6","week1":"1","week2":"1","week3":"1","week4":"1","week5":"1","holidays":"0","blocksweepid":"1621134"}},{"type":"Feature","geometry":{"type":"LineString","coordinates":[[-122.395264646671,37.723222334711],[-122.39540561202,37.723121717816],[-122.395653936053,37.72257815379],[-122.395622760624,37.72243160376]]},"properties":{":id":"row-3xum_89mj_j7tn",":version":"rv-jy6a.s5mu.rrga",":created_at":"2026-03-10T12:37:08.575Z",":updated_at":"2026-03-10T12:37:08.575Z","cnn":"227201","corridor":"03rd St","limits":"Fitzgerald Ave  -  Gilman Ave","cnnrightleft":"R","blockside":"West","fullname":"Saturday","weekday":"Sat","fromhour":"2","tohour":"6","week1":"1","week2":"1","week3":"1","week4":"1","week5":"1","holidays":"0","blocksweepid":"1613897"}},{"type":"Feature","geometry":{"type":"LineString","coordinates":[[-122.482482531851,37.763325807399],[-122.48355355804,37.763278628629]]},"properties":{":id":"row-hdns-tqt3_qn99",":version":"rv-apye.63yw-h7hi",":created_at":"2026-03-10T12:37:08.575Z",":updated_at":"2026-03-10T12:37:08.575Z","cnn":"7301000","corridor":"Irving St","limits":"24th Ave  -  25th Ave","cnnrightleft":"L","blockside":"South","fullname":"Saturday","weekday":"Sat","fromhour":"2","tohour":"6","week1":"1","week2":"1","week3":"1","week4":"1","week5":"1","holidays":"0","blocksweepid":"1623621"}},{"type":"Feature","geometry":{"type":"LineString","coordinates":[[-122.414106895841,37.776707688168],[-122.414711003922,37.776230519995]]},"properties":{":id":"row-dcdg~jbeg-qcki",":version":"rv-3xdb-mhsp-jddb",":created_at":"2026-03-10T12:37:08.575Z",":updated_at":"2026-03-10T12:37:08.575Z","cnn":"9104000","corridor":"Mission St","limits":"Laskie St  -  09th St","cnnrightleft":"R","blockside":"NorthWest","fullname":"Saturday","weekday":"Sat","fromhour":"2","tohour":"6","week1":"1","week2":"1","week3":"1","week4":"1","week5":"1","holidays":"1","blocksweepid":"1618484"}},{"type":"Feature","geometry":{"type":"LineString","coordinates":[[-122.388481187069,37.789571918889],[-122.388696925826,37.789585715756],[-122.389054953751,37.789880946635],[-122.38967777124,37.790379219044],[-122.390021829906,37.790654051596],[-122.390012346887,37.790826949171]]},"properties":{":id":"row-qmnu.eyms~ktbg",":version":"rv-kia3-3a3w_4brz",":created_at":"2026-03-10T12:37:08.575Z",":updated_at":"2026-03-10T12:37:08.575Z","cnn":"12550102","corridor":"The Embarcadero","limits":"Harrison St  -  Folsom St","cnnrightleft":"L","blockside":"SouthWest","fullname":"Saturday","weekday":"Sat","fromhour":"1","tohour":"3","week1":"1","week2":"1","week3":"1","week4":"1","week5":"1","holidays":"1","blocksweepid":"1639515"}},{"type":"Feature","geometry":{"type":"LineString","coordinates":[[-122.401375491232,37.789264322323],[-122.401479452624,37.789243545692],[-122.401938635464,37.788877890714],[-122.402065729755,37.788721152431]]},"properties":{":id":"row-wcf3_akrf_vikk",":version":"rv-7wzq~np6t.v8ub",":created_at":"2026-03-10T12:37:08.575Z",":updated_at":"2026-03-10T12:37:08.575Z","cnn":"8743201","corridor":"Market St","limits":"02nd St  -  Montgomery St","cnnrightleft":"R","blockside":"NorthWest","fullname":"Saturday","weekday":"Sat","fromhour":"5","tohour":"7","week1":"1","week2":"1","week3":"1","week4":"1","week5":"1","holidays":"1","blocksweepid":"1640570"}},{"type":"Feature","geometry":{"type":"LineString","coordinates":[[-122.419981511883,37.768273653256],[-122.419825234384,37.766673601906]]},"properties":{":id":"row-jr57-pc9k-wnuq",":version":"rv-5ufa-ktdr_74ha",":created_at":"2026-03-10T12:37:08.575Z",":updated_at":"2026-03-10T12:37:08.575Z","cnn":"9114000","corridor":"Mission St","limits":"14th St  -  15th St","cnnrightleft":"R","blockside":"West","fullname":"Saturday","weekday":"Sat","fromhour":"4","tohour":"6","week1":"1","week2":"1","week3":"1","week4":"1","week5":"1","holidays":"0","blocksweepid":"1626195"}},{"type":"Feature","geometry":{"type":"LineString","coordinates":[[-122.417501462483,37.776540893509],[-122.417628887699,37.776493784437],[-122.419167736489,37.775278062454],[-122.419255606289,37.775147074542]]},"properties":{":id":"row-suei~2dpv.udfi",":version":"rv-2ju6~6r8m_e7z2",":created_at":"2026-03-10T12:37:08.575Z",":updated_at":"2026-03-10T12:37:08.575Z","cnn":"8754201","corridor":"Market St","limits":"Polk St  -  Van Ness Ave","cnnrightleft":"R","blockside":"NorthWest","fullname":"Saturday","weekday":"Sat","fromhour":"5","tohour":"7","week1":"1","week2":"1","week3":"1","week4":"1","week5":"1","holidays":"1","blocksweepid":"1640586"}},{"type":"Feature","geometry":{"type":"LineString","coordinates":[[-122.381590796205,37.712717648874],[-122.381578189046,37.711466010721],[-122.381614897413,37.7109099053],[-122.381608198475,37.7100879336],[-122.381702413418,37.709797468647],[-122.381897939361,37.709608425211],[-122.382165442525,37.709476470948],[-122.382505694144,37.709419118863]]},"properties":{":id":"row-hbvr.dnwk-9m4p",":version":"rv-tph9.ft6g.u4rd",":created_at":"2026-03-10T12:37:08.575Z",":updated_at":"2026-03-10T12:37:08.575Z","cnn":"7097000","corridor":"Hunters Point Expy","limits":"Unnamed 047  -  Jamestown Ave","cnnrightleft":"R","blockside":"West","fullname":"Saturday","weekday":"Sat","fromhour":"7","tohour":"8","week1":"1","week2":"1","week3":"1","week4":"1","week5":"1","holidays":"0","blocksweepid":"1609093"}},{"type":"Feature","geometry":{"type":"LineString","coordinates":[[-122.424235083638,37.736737479973],[-122.424466262427,37.736061172157]]},"properties":{":id":"row-wayr.fdvp-7ucq",":version":"rv-fkud-qwvu_e2tz",":created_at":"2026-03-10T12:37:08.575Z",":updated_at":"2026-03-10T12:37:08.575Z","cnn":"9145000","corridor":"Mission St","limits":"Park St  -  Richland Ave","cnnrightleft":"L","blockside":"East","fullname":"Saturday","weekday":"Sat","fromhour":"5","tohour":"7","week1":"1","week2":"1","week3":"1","week4":"1","week5":"1","holidays":"0","blocksweepid":"1641364"}},{"type":"Feature","geometry":{"type":"LineString","coordinates":[[-122.399798024477,37.788007160065],[-122.400503096316,37.787450498776]]},"properties":{":id":"row-p29b_ish2~pzkz",":version":"rv-irtz~2f3y_qekb",":created_at":"2026-03-10T12:37:08.575Z",":updated_at":"2026-03-10T12:37:08.575Z","cnn":"9092000","corridor":"Mission St","limits":"02nd St  -  New Montgomery St","cnnrightleft":"L","blockside":"SouthEast","fullname":"Saturday","weekday":"Sat","fromhour":"2","tohour":"6","week1":"1","week2":"1","week3":"1","week4":"1","week5":"1","holidays":"1","blocksweepid":"1618916"}},{"type":"Feature","geometry":{"type":"LineString","coordinates":[[-122.506717428299,37.735469757819],[-122.506655890993,37.735322441466],[-122.506662500896,37.735090876535],[-122.50673409842,37.734725450905],[-122.506984884606,37.733533272852],[-122.507029203425,37.733110450575],[-122.507002964752,37.732773931863],[-122.506927288547,37.732353153627],[-122.506953996653,37.732094827964],[-122.506949586487,37.731516097441],[-122.5067790371,37.730674223202],[-122.506552890505,37.729125969294],[-122.506484932471,37.728514444182],[-122.50639608628,37.727923701452],[-122.506224765483,37.727453496275],[-122.505880279693,37.726921572167],[-122.50555015254,37.726603831837],[-122.505265359016,37.726377227233],[-122.504973648345,37.726212004008],[-122.504189577848,37.72591220177],[-122.503515812277,37.725569673517],[-122.503040636347,37.725259549916]]},"properties":{":id":"row-5jft-dib5-jx3c",":version":"rv-kt4g~fayj-kigw",":created_at":"2026-03-10T12:37:08.575Z",":updated_at":"2026-03-10T12:37:08.575Z","cnn":"6437101","corridor":"Great Hwy","limits":"Sloat Blvd  -  Skyline Blvd","cnnrightleft":"R","blockside":"West","fullname":"Saturday","weekday":"Sat","fromhour":"5","tohour":"7","week1":"1","week2":"1","week3":"1","week4":"1","week5":"1","holidays":"0","blocksweepid":"1636091"}},{"type":"Feature","geometry":{"type":"LineString","coordinates":[[-122.412610837863,37.767538342222],[-122.412537956094,37.766770393357]]},"properties":{":id":"row-w2ba-d48f_mbbw",":version":"rv-tspn.xvfs_bzgc",":created_at":"2026-03-10T12:37:08.575Z",":updated_at":"2026-03-10T12:37:08.575Z","cnn":"2107000","corridor":"Alabama St","limits":"Treat Ave  -  15th St","cnnrightleft":"L","blockside":"East","fullname":"Saturday","weekday":"Sat","fromhour":"2","tohour":"6","week1":"1","week2":"1","week3":"1","week4":"1","week5":"1","holidays":"1","blocksweepid":"1600628"}},{"type":"Feature","geometry":{"type":"LineString","coordinates":[[-122.394035065718,37.776332976564],[-122.394246213317,37.776327050705],[-122.396258774885,37.774735375032],[-122.396261346424,37.774578067059]]},"properties":{":id":"row-22wg.yxzt_kbvd",":version":"rv-gpz5.b258_zc9m",":created_at":"2026-03-10T12:37:08.575Z",":updated_at":"2026-03-10T12:37:08.575Z","cnn":"7834201","corridor":"King St","limits":"04th St  -  05th St","cnnrightleft":"R","blockside":"NorthWest","fullname":"Saturday","weekday":"Sat","fromhour":"1","tohour":"3","week1":"1","week2":"1","week3":"1","week4":"1","week5":"1","holidays":"1","blocksweepid":"1627907"}},{"type":"Feature","geometry":{"type":"LineString","coordinates":[[-122.478615694782,37.754145767294],[-122.47968723318,37.754098621586]]},"properties":{":id":"row-i4cu.afds.aii3",":version":"rv-bvt6_3i8w_x3fp",":created_at":"2026-03-10T12:37:08.575Z",":updated_at":"2026-03-10T12:37:08.575Z","cnn":"9655000","corridor":"Noriega St","limits":"21st Ave  -  22nd Ave","cnnrightleft":"L","blockside":"South","fullname":"Saturday","weekday":"Sat","fromhour":"2","tohour":"6","week1":"1","week2":"1","week3":"1","week4":"1","week5":"1","holidays":"0","blocksweepid":"1615549"}},{"type":"Feature","geometry":{"type":"LineString","coordinates":[[-122.403316945222,37.7955318328],[-122.40406849084,37.796064037438]]},"properties":{":id":"row-gyjc.k8qa_rap2",":version":"rv-cz74.54xe.uc9f",":created_at":"2026-03-10T12:37:08.575Z",":updated_at":"2026-03-10T12:37:08.575Z","cnn":"4286000","corridor":"Columbus Ave","limits":"Washington St  -  Ils Ln","cnnrightleft":"L","blockside":"SouthWest","fullname":"Saturday","weekday":"Sat","fromhour":"4","tohour":"6","week1":"1","week2":"1","week3":"1","week4":"1","week5":"1","holidays":"0","blocksweepid":"1629882"}},{"type":"Feature","geometry":{"type":"LineString","coordinates":[[-122.419547853966,37.784960259485],[-122.419638988981,37.78543303615]]},"properties":{":id":"row-28zb_wtt3.8847",":version":"rv-cuha_27d9-u3cu",":created_at":"2026-03-10T12:37:08.575Z",":updated_at":"2026-03-10T12:37:08.575Z","cnn":"10559000","corridor":"Polk St","limits":"O'Farrell St  -  Myrtle St","cnnrightleft":"L","blockside":"West","fullname":"Saturday","weekday":"Sat","fromhour":"6","tohour":"8","week1":"1","week2":"1","week3":"1","week4":"1","week5":"1","holidays":"0","blocksweepid":"1619949"}},{"type":"Feature","geometry":{"type":"LineString","coordinates":[[-122.398930331179,37.783784933736],[-122.397942939431,37.782997897616]]},"properties":{":id":"row-ixum.829z-4gmi",":version":"rv-damm-ynzu-9vff",":created_at":"2025-06-19T16:07:35.272Z",":updated_at":"2025-06-19T16:07:35.272Z","cnn":"170000","corridor":"03rd St","limits":"Folsom St  -  Saint Francis Pl","cnnrightleft":"L","blockside":"NorthEast","fullname":"Saturday","weekday":"Sat","fromhour":"2","tohour":"6","week1":"1","week2":"1","week3":"1","week4":"1","week5":"1","holidays":"0","blocksweepid":"1628627"}},{"type":"Feature","geometry":{"type":"LineString","coordinates":[[-122.486552072443,37.729585010642],[-122.486472961169,37.729504391293],[-122.48572184239,37.72929240081],[-122.485404530569,37.729019368141],[-122.484053164325,37.727412414256],[-122.483956692821,37.727090342817],[-122.483864395827,37.727019523181]]},"properties":{":id":"row-46cz_8yzn.ywt7",":version":"rv-rgut_eciw~5964",":created_at":"2026-03-10T12:37:08.575Z",":updated_at":"2026-03-10T12:37:08.575Z","cnn":"8047201","corridor":"Lake Merced Blvd","limits":"Middlefield Dr  -  Winston Dr","cnnrightleft":"R","blockside":"SouthWest","fullname":"Saturday","weekday":"Sat","fromhour":"4","tohour":"6","week1":"1","week2":"1","week3":"1","week4":"1","week5":"1","holidays":"0","blocksweepid":"1597931"}},{"type":"Feature","geometry":{"type":"LineString","coordinates":[[-122.395843498787,37.781321257064],[-122.395517753104,37.78106214102]]},"properties":{":id":"row-sgi4-93rn_ekag",":version":"rv-wjue.dgum_pnzn",":created_at":"2026-03-10T12:37:08.575Z",":updated_at":"2026-03-10T12:37:08.575Z","cnn":"175000","corridor":"03rd St","limits":"Bryant St  -  Taber Pl","cnnrightleft":"R","blockside":"SouthWest","fullname":"Saturday","weekday":"Sat","fromhour":"2","tohour":"6","week1":"1","week2":"1","week3":"1","week4":"1","week5":"1","holidays":"0","blocksweepid":"1628704"}},{"type":"Feature","geometry":{"type":"LineString","coordinates":[[-122.408708673446,37.780971182971],[-122.410936574036,37.779211685706]]},"properties":{":id":"row-6uzh.46tt.8h6w",":version":"rv-z6mk-basm~v7fs",":created_at":"2026-03-10T12:37:08.575Z",":updated_at":"2026-03-10T12:37:08.575Z","cnn":"9100000","corridor":"Mission St","limits":"06th St  -  07th St","cnnrightleft":"R","blockside":"NorthWest","fullname":"Saturday","weekday":"Sat","fromhour":"2","tohour":"6","week1":"1","week2":"1","week3":"1","week4":"1","week5":"1","holidays":"1","blocksweepid":"1618480"}},{"type":"Feature","geometry":{"type":"LineString","coordinates":[[-122.498001636793,37.73127783217],[-122.498060255039,37.731164585272],[-122.497870693149,37.730730211739],[-122.497353646764,37.729668380692],[-122.49723289707,37.729489767783],[-122.497017439653,37.729302534193],[-122.496699148506,37.729123860574],[-122.496357483294,37.729034207927],[-122.496034818887,37.72901240541],[-122.4956882302,37.72905918137],[-122.493469932994,37.729596663122]]},"properties":{":id":"row-v95s~h6xb_46kz",":version":"rv-5imk~7tum~fq2w",":created_at":"2026-03-10T12:37:08.575Z",":updated_at":"2026-03-10T12:37:08.575Z","cnn":"8044000","corridor":"Lake Merced Blvd","limits":"Lakeshore Dr  -  Sunset Blvd","cnnrightleft":"L","blockside":"NorthEast","fullname":"Saturday","weekday":"Sat","fromhour":"4","tohour":"6","week1":"1","week2":"1","week3":"1","week4":"1","week5":"1","holidays":"0","blocksweepid":"1616564"}},{"type":"Feature","geometry":{"type":"LineString","coordinates":[[-122.43355325616,37.787484162118],[-122.43364712391,37.787950272493]]},"properties":{":id":"row-7c93_q448-4uvx",":version":"rv-tpjy-dr57.hues",":created_at":"2026-03-10T12:37:08.575Z",":updated_at":"2026-03-10T12:37:08.575Z","cnn":"5551000","corridor":"Fillmore St","limits":"Wilmot St  -  Pine St","cnnrightleft":"L","blockside":"West","fullname":"Saturday","weekday":"Sat","fromhour":"6","tohour":"8","week1":"1","week2":"1","week3":"1","week4":"1","week5":"1","holidays":"0","blocksweepid":"1631378"}},{"type":"Feature","geometry":{"type":"LineString","coordinates":[[-122.393181332338,37.793230492385],[-122.394059623992,37.792537217256]]},"properties":{":id":"row-qig2.zj9b~n2gz",":version":"rv-bddp-7ete~jwrz",":created_at":"2026-03-10T12:37:08.575Z",":updated_at":"2026-03-10T12:37:08.575Z","cnn":"9083000","corridor":"Mission St","limits":"Steuart St  -  Spear St","cnnrightleft":"R","blockside":"NorthWest","fullname":"Saturday","weekday":"Sat","fromhour":"2","tohour":"6","week1":"1","week2":"1","week3":"1","week4":"1","week5":"1","holidays":"1","blocksweepid":"1618460"}},{"type":"Feature","geometry":{"type":"LineString","coordinates":[[-122.397285415892,37.749684622769],[-122.402061634111,37.749396678963]]},"properties":{":id":"row-dcdz~4m45.vhar",":version":"rv-sp2z-uy43-2ig8",":created_at":"2026-03-10T12:37:08.575Z",":updated_at":"2026-03-10T12:37:08.575Z","cnn":"2477000","corridor":"Cesar Chavez St","limits":"Evans Ave  -  Kansas St","cnnrightleft":"R","blockside":"North","fullname":"Saturday","weekday":"Sat","fromhour":"0","tohour":"2","week1":"1","week2":"1","week3":"1","week4":"1","week5":"1","holidays":"1","blocksweepid":"1629587"}},{"type":"Feature","geometry":{"type":"LineString","coordinates":[[-122.441019561727,37.716459545953],[-122.440961064242,37.716299398499],[-122.440413739919,37.716054527342],[-122.440255134802,37.716038820045]]},"properties":{":id":"row-9g9y-nxcf~5tap",":version":"rv-ixek_xerr_xi3p",":created_at":"2026-03-10T12:37:08.575Z",":updated_at":"2026-03-10T12:37:08.575Z","cnn":"6138201","corridor":"Geneva Ave","limits":"Mission St  -  London St","cnnrightleft":"R","blockside":"SouthWest","fullname":"Saturday","weekday":"Sat","fromhour":"5","tohour":"7","week1":"1","week2":"1","week3":"1","week4":"1","week5":"1","holidays":"0","blocksweepid":"1606197"}},{"type":"Feature","geometry":{"type":"LineString","coordinates":[[-122.419693565872,37.777299856161],[-122.419788466528,37.777387429662],[-122.419934164872,37.778120055734],[-122.419883230931,37.778251017767]]},"properties":{":id":"row-p5tr.6npx-u34p",":version":"rv-jjg2_4veq_d2cp",":created_at":"2026-03-10T12:37:08.575Z",":updated_at":"2026-03-10T12:37:08.575Z","cnn":"13145101","corridor":"Van Ness Ave","limits":"Hayes St  -  Grove St","cnnrightleft":"L","blockside":"West","fullname":"Saturday","weekday":"Sat","fromhour":"4","tohour":"6","week1":"1","week2":"1","week3":"1","week4":"1","week5":"1","holidays":"1","blocksweepid":"1598880"}},{"type":"Feature","geometry":{"type":"LineString","coordinates":[[-122.420638249635,37.781960765928],[-122.420569518473,37.782072485017],[-122.420715393084,37.782794022571],[-122.420817003141,37.78289412161]]},"properties":{":id":"row-6jnt-z4gf~jtjn",":version":"rv-skq5-guca_mfa2",":created_at":"2026-03-10T12:37:08.575Z",":updated_at":"2026-03-10T12:37:08.575Z","cnn":"13149201","corridor":"Van Ness Ave","limits":"Turk St  -  Eddy St","cnnrightleft":"R","blockside":"East","fullname":"Saturday","weekday":"Sat","fromhour":"4","tohour":"6","week1":"1","week2":"1","week3":"1","week4":"1","week5":"1","holidays":"1","blocksweepid":"1639942"}},{"type":"Feature","geometry":{"type":"LineString","coordinates":[[-122.39463146327,37.780354395261],[-122.394300037428,37.780089730328]]},"properties":{":id":"row-rpgp-24tb-za4q",":version":"rv-5w4a-fz8m~vkq6",":created_at":"2026-03-10T12:37:08.575Z",":updated_at":"2026-03-10T12:37:08.575Z","cnn":"178000","corridor":"03rd St","limits":"Varney Pl  -  Brannan St","cnnrightleft":"R","blockside":"SouthWest","fullname":"Saturday","weekday":"Sat","fromhour":"2","tohour":"6","week1":"1","week2":"1","week3":"1","week4":"1","week5":"1","holidays":"0","blocksweepid":"1628707"}},{"type":"Feature","geometry":{"type":"LineString","coordinates":[[-122.408912340509,37.79903585636],[-122.409014377479,37.799489820039]]},"properties":{":id":"row-du74~5qhj~vvfe",":version":"rv-kh52-kc5g_mqyv",":created_at":"2026-03-10T12:37:08.575Z",":updated_at":"2026-03-10T12:37:08.575Z","cnn":"12212000","corridor":"Stockton St","limits":"Card Aly  -  Green St","cnnrightleft":"R","blockside":"East","fullname":"Saturday","weekday":"Sat","fromhour":"4","tohour":"6","week1":"1","week2":"1","week3":"1","week4":"1","week5":"1","holidays":"0","blocksweepid":"1624669"}},{"type":"Feature","geometry":{"type":"LineString","coordinates":[[-122.433357449495,37.726588202549],[-122.433623590741,37.726236244239]]},"properties":{":id":"row-d8p7-pwmr~zude",":version":"rv-mw53_ib9h~zkvi",":created_at":"2026-03-10T12:37:08.575Z",":updated_at":"2026-03-10T12:37:08.575Z","cnn":"9160000","corridor":"Mission St","limits":"Francis St  -  Excelsior Ave","cnnrightleft":"L","blockside":"SouthEast","fullname":"Saturday","weekday":"Sat","fromhour":"5","tohour":"7","week1":"1","week2":"1","week3":"1","week4":"1","week5":"1","holidays":"0","blocksweepid":"1619435"}},{"type":"Feature","geometry":{"type":"LineString","coordinates":[[-122.388481187069,37.789571918889],[-122.388476846164,37.789753769428],[-122.389820127919,37.790819696517],[-122.390012346887,37.790826949171]]},"properties":{":id":"row-yqwy.urde~ednt",":version":"rv-p7df-4kvr.wcec",":created_at":"2026-03-10T12:37:08.575Z",":updated_at":"2026-03-10T12:37:08.575Z","cnn":"12550202","corridor":"The Embarcadero","limits":"Harrison St  -  Folsom St","cnnrightleft":"R","blockside":"NorthEast","fullname":"Saturday","weekday":"Sat","fromhour":"1","tohour":"3","week1":"1","week2":"1","week3":"1","week4":"1","week5":"1","holidays":"1","blocksweepid":"1624844"}},{"type":"Feature","geometry":{"type":"LineString","coordinates":[[-122.408706313459,37.748352847539],[-122.408842543129,37.748298488982],[-122.409537850785,37.748285604722],[-122.409646387435,37.748334390368]]},"properties":{":id":"row-8uwr~iptc.xwzm",":version":"rv-25a6_u94m~f8rd",":created_at":"2026-03-10T12:37:08.575Z",":updated_at":"2026-03-10T12:37:08.575Z","cnn":"2482101","corridor":"Cesar Chavez St","limits":"Bryant St  -  Florida St","cnnrightleft":"R","blockside":"North","fullname":"Saturday","weekday":"Sat","fromhour":"8","tohour":"10","week1":"1","week2":"1","week3":"1","week4":"1","week5":"1","holidays":"0","blocksweepid":"1636932"}},{"type":"Feature","geometry":{"type":"LineString","coordinates":[[-122.388759199674,37.714663719907],[-122.389437675822,37.715557620476]]},"properties":{":id":"row-cj7c_7w5u.xwmm",":version":"rv-iqbc~tm34_pqpj",":created_at":"2026-03-10T12:37:08.575Z",":updated_at":"2026-03-10T12:37:08.575Z","cnn":"7426000","corridor":"Jamestown Ave","limits":"Ignacio Ave  -  Gilroy St","cnnrightleft":"R","blockside":"NorthEast","fullname":"Saturday","weekday":"Sat","fromhour":"7","tohour":"8","week1":"1","week2":"1","week3":"1","week4":"1","week5":"1","holidays":"0","blocksweepid":"1597359"}},{"type":"Feature","geometry":{"type":"LineString","coordinates":[[-122.391797155906,37.73164354578],[-122.391899180567,37.731554646707],[-122.392110657835,37.730950143643],[-122.392072954656,37.730855182696]]},"properties":{":id":"row-mebv~ddd7-vqf2",":version":"rv-h67d~wvew_sgui",":created_at":"2026-03-10T12:37:08.575Z",":updated_at":"2026-03-10T12:37:08.575Z","cnn":"216201","corridor":"03rd St","limits":"Shafter Ave  -  Thomas Ave","cnnrightleft":"R","blockside":"West","fullname":"Saturday","weekday":"Sat","fromhour":"2","tohour":"6","week1":"1","week2":"1","week3":"1","week4":"1","week5":"1","holidays":"0","blocksweepid":"1613886"}},{"type":"Feature","geometry":{"type":"LineString","coordinates":[[-122.406652352008,37.796024750166],[-122.406827677878,37.796901905855]]},"properties":{":id":"row-q6yi_mxrg~fw84",":version":"rv-nupn_s5ke.rftd",":created_at":"2026-03-10T12:37:08.575Z",":updated_at":"2026-03-10T12:37:08.575Z","cnn":"6397000","corridor":"Grant Ave","limits":"Jackson St  -  Pacific Ave","cnnrightleft":"R","blockside":"East","fullname":"Saturday","weekday":"Sat","fromhour":"2","tohour":"6","week1":"1","week2":"1","week3":"1","week4":"1","week5":"1","holidays":"0","blocksweepid":"1606411"}},{"type":"Feature","geometry":{"type":"LineString","coordinates":[[-122.440417738126,37.717244618779],[-122.441019561727,37.716459545953]]},"properties":{":id":"row-xnyz_kz4a.wssw",":version":"rv-w6k5.earc.kabd",":created_at":"2026-03-10T12:37:08.575Z",":updated_at":"2026-03-10T12:37:08.575Z","cnn":"9177000","corridor":"Mission St","limits":"Amazon Ave  -  Geneva Ave","cnnrightleft":"L","blockside":"SouthEast","fullname":"Saturday","weekday":"Sat","fromhour":"5","tohour":"7","week1":"1","week2":"1","week3":"1","week4":"1","week5":"1","holidays":"0","blocksweepid":"1619452"}},{"type":"Feature","geometry":{"type":"LineString","coordinates":[[-122.484628816064,37.724890087994],[-122.484962139897,37.724095444617],[-122.485075178289,37.723999726963]]},"properties":{":id":"row-irg3-krqy-fefw",":version":"rv-7xf3~97zp_n7ty",":created_at":"2026-03-10T12:37:08.575Z",":updated_at":"2026-03-10T12:37:08.575Z","cnn":"8048103","corridor":"Lake Merced Blvd","limits":"State Dr  -  Font Blvd","cnnrightleft":"R","blockside":"West","fullname":"Saturday","weekday":"Sat","fromhour":"4","tohour":"6","week1":"1","week2":"1","week3":"1","week4":"1","week5":"1","holidays":"0","blocksweepid":"1597922"}},{"type":"Feature","geometry":{"type":"LineString","coordinates":[[-122.414106895841,37.776707688168],[-122.414711003922,37.776230519995]]},"properties":{":id":"row-uk6s.pkxt~wvia",":version":"rv-5bjn_xt8q~qi46",":created_at":"2026-03-10T12:37:08.575Z",":updated_at":"2026-03-10T12:37:08.575Z","cnn":"9104000","corridor":"Mission St","limits":"Laskie St  -  09th St","cnnrightleft":"L","blockside":"SouthEast","fullname":"Saturday","weekday":"Sat","fromhour":"2","tohour":"6","week1":"1","week2":"1","week3":"1","week4":"1","week5":"1","holidays":"1","blocksweepid":"1618930"}},{"type":"Feature","geometry":{"type":"LineString","coordinates":[[-122.405288396517,37.796909057292],[-122.405512936056,37.797064590557]]},"properties":{":id":"row-tt7g_mvfg~qvic",":version":"rv-3ipk.nskm-t6vs",":created_at":"2026-03-10T12:37:08.575Z",":updated_at":"2026-03-10T12:37:08.575Z","cnn":"4289000","corridor":"Columbus Ave","limits":"Kearny St  -  Pacific Ave","cnnrightleft":"L","blockside":"SouthWest","fullname":"Saturday","weekday":"Sat","fromhour":"4","tohour":"6","week1":"1","week2":"1","week3":"1","week4":"1","week5":"1","holidays":"0","blocksweepid":"1629885"}},{"type":"Feature","geometry":{"type":"LineString","coordinates":[[-122.433074470809,37.764195713209],[-122.433258979665,37.763988567966],[-122.434455761947,37.763038910493],[-122.435051091352,37.76265275122],[-122.435187962327,37.762670707774]]},"properties":{":id":"row-qhq9-cuf3~yqnn",":version":"rv-kwue.v3a6_4avc",":created_at":"2026-03-10T12:37:08.575Z",":updated_at":"2026-03-10T12:37:08.575Z","cnn":"8767101","corridor":"Market St","limits":"16th St  -  17th St","cnnrightleft":"L","blockside":"SouthEast","fullname":"Saturday","weekday":"Sat","fromhour":"2","tohour":"6","week1":"1","week2":"1","week3":"1","week4":"1","week5":"1","holidays":"1","blocksweepid":"1640949"}},{"type":"Feature","geometry":{"type":"LineString","coordinates":[[-122.40691050416,37.737965866897],[-122.40683339823,37.737845929358],[-122.406658195657,37.736440983743],[-122.406703835142,37.736308604033]]},"properties":{":id":"row-74it_ynds~tsn5",":version":"rv-i43m_cgrv.tt62",":created_at":"2026-03-10T12:37:08.575Z",":updated_at":"2026-03-10T12:37:08.575Z","cnn":"2802101","corridor":"Bay Shore Blvd","limits":"Industrial St  -  Helena St","cnnrightleft":"L","blockside":"East","fullname":"Saturday","weekday":"Sat","fromhour":"7","tohour":"8","week1":"1","week2":"1","week3":"1","week4":"1","week5":"1","holidays":"0","blocksweepid":"1613334"}},{"type":"Feature","geometry":{"type":"LineString","coordinates":[[-122.395405270407,37.796682895937],[-122.395559619891,37.796686086591],[-122.396040211807,37.797200808826],[-122.396683997695,37.797941399352],[-122.397697326951,37.799068911502],[-122.397669948657,37.799234483026]]},"properties":{":id":"row-zser.tbks-3rbs",":version":"rv-qs2n.d5c8-eacv",":created_at":"2026-03-10T12:37:08.575Z",":updated_at":"2026-03-10T12:37:08.575Z","cnn":"12554101","corridor":"The Embarcadero","limits":"Washington St  -  Broadway","cnnrightleft":"L","blockside":"SouthWest","fullname":"Saturday","weekday":"Sat","fromhour":"1","tohour":"3","week1":"1","week2":"1","week3":"1","week4":"1","week5":"1","holidays":"1","blocksweepid":"1639520"}},{"type":"Feature","geometry":{"type":"LineString","coordinates":[[-122.382505694144,37.709419118863],[-122.383124217195,37.709396470489],[-122.383697580804,37.709408005602],[-122.384255622173,37.709495016976],[-122.38482573571,37.7097596923],[-122.386451910772,37.711161077982]]},"properties":{":id":"row-6mym-i8hj-eymp",":version":"rv-jbk6_qw23~353j",":created_at":"2026-03-10T12:37:08.575Z",":updated_at":"2026-03-10T12:37:08.575Z","cnn":"7424000","corridor":"Jamestown Ave","limits":"Hunters Point Expy  -  Harney Way","cnnrightleft":"R","blockside":"NorthEast","fullname":"Saturday","weekday":"Sat","fromhour":"7","tohour":"8","week1":"1","week2":"1","week3":"1","week4":"1","week5":"1","holidays":"0","blocksweepid":"1597357"}},{"type":"Feature","geometry":{"type":"LineString","coordinates":[[-122.409309180162,37.784349269064],[-122.410951618189,37.78414101264]]},"properties":{":id":"row-7erq_dk3p.dt9q",":version":"rv-9jei.e66k-i3ae",":created_at":"2026-03-10T12:37:08.575Z",":updated_at":"2026-03-10T12:37:08.575Z","cnn":"5059000","corridor":"Eddy St","limits":"Mason St  -  Taylor St","cnnrightleft":"R","blockside":"North","fullname":"Saturday","weekday":"Sat","fromhour":"2","tohour":"6","week1":"1","week2":"1","week3":"1","week4":"1","week5":"1","holidays":"0","blocksweepid":"1604705"}},{"type":"Feature","geometry":{"type":"LineString","coordinates":[[-122.412340302604,37.786834512357],[-122.413161444271,37.786729744902]]},"properties":{":id":"row-t33x~nj4x-ujmv",":version":"rv-ddwp_c7th-vcsf",":created_at":"2026-03-10T12:37:08.575Z",":updated_at":"2026-03-10T12:37:08.575Z","cnn":"6113000","corridor":"Geary St","limits":"Shannon St  -  Jones St","cnnrightleft":"R","blockside":"North","fullname":"Saturday","weekday":"Sat","fromhour":"6","tohour":"8","week1":"1","week2":"1","week3":"1","week4":"1","week5":"1","holidays":"0","blocksweepid":"1622094"}}]}