{"type":"FeatureCollection","features":[{"type":"Feature","geometry":{"type":"LineString","coordinates":[[-122.402866309241,37.749478459157],[-122.402982535434,37.749406179345],[-122.403329768292,37.749391188356],[-122.403615715549,37.749338131398],[-122.405027615726,37.749069167104],[-122.405164274553,37.749053325042],[-122.405626951896,37.748971047742]]},"properties":{":id":"row-hh72_er5v.i27b",":version":"rv-hsst_f78p.akee",":created_at":"2026-03-10T12:37:08.575Z",":updated_at":"2026-03-10T12:37:08.575Z","cnn":"2479101","corridor":"Cesar Chavez St","limits":"Bay Shore Blvd  -  Bay Shore Blvd","cnnrightleft":"R","blockside":"North","fullname":"Sunday","weekday":"Sun","fromhour":"6","tohour":"8","week1":"1","week2":"1","week3":"1","week4":"1","week5":"1","holidays":"0","blocksweepid":"1636911","cleaning_days_abbr":"SaSu"}},{"type":"Feature","geometry":{"type":"LineString","coordinates":[[-122.411985369438,37.780951763547],[-122.412024074642,37.781136160202]]},"properties":{":id":"row-heq9-epu8-7n3t",":version":"rv-eqtk-ykcs_ukf5",":created_at":"2026-03-10T12:37:08.575Z",":updated_at":"2026-03-10T12:37:08.575Z","cnn":"7562000","corridor":"Jones St","limits":"Market St  -  McAllister St","cnnrightleft":"L","blockside":"West","fullname":"Sunday","weekday":"Sun","fromhour":"6","tohour":"8","week1":"1","week2":"1","week3":"1","week4":"1","week5":"1","holidays":"0","blocksweepid":"1597531","cleaning_days_abbr":"MWFSaSu"}},{"type":"Feature","geometry":{"type":"LineString","coordinates":[[-122.406475551112,37.795144464814],[-122.406652352008,37.796024750166]]},"properties":{":id":"row-gveh-4yka~bp8z",":version":"rv-cd7d-mtzz.zzfr",":created_at":"2026-03-10T12:37:08.575Z",":updated_at":"2026-03-10T12:37:08.575Z","cnn":"6396000","corridor":"Grant Ave","limits":"Washington St  -  Jackson St","cnnrightleft":"L","blockside":"West","fullname":"Sunday","weekday":"Sun","fromhour":"2","tohour":"6","week1":"1","week2":"1","week3":"1","week4":"1","week5":"1","holidays":"1","blocksweepid":"1606424","cleaning_days_abbr":"MTuWThFSaSu"}},{"type":"Feature","geometry":{"type":"LineString","coordinates":[[-122.398264448474,37.791716058294],[-122.398285372918,37.791630971153],[-122.399042010545,37.79103298455],[-122.399148598539,37.791016649255]]},"properties":{":id":"row-y3g5-63fn.zhy7",":version":"rv-jrwz~vjj6.2phc",":created_at":"2026-03-10T12:37:08.575Z",":updated_at":"2026-03-10T12:37:08.575Z","cnn":"8741101","corridor":"Market St","limits":"Front St  -  Bush St","cnnrightleft":"L","blockside":"SouthEast","fullname":"Sunday","weekday":"Sun","fromhour":"5","tohour":"7","week1":"1","week2":"1","week3":"1","week4":"1","week5":"1","holidays":"1","blocksweepid":"1640593","cleaning_days_abbr":"MTuWThFSaSu"}},{"type":"Feature","geometry":{"type":"LineString","coordinates":[[-122.389590696096,37.77986128594],[-122.389769153998,37.779864956526],[-122.390660598019,37.779164969252],[-122.391140895849,37.778818518184],[-122.391793957368,37.778244487829],[-122.391840525275,37.778125697956]]},"properties":{":id":"row-wrjf~74sm~c54k",":version":"rv-y36r-k757~qa6w",":created_at":"2026-03-10T12:37:08.575Z",":updated_at":"2026-03-10T12:37:08.575Z","cnn":"7832201","corridor":"King St","limits":"02nd St  -  03rd St","cnnrightleft":"R","blockside":"NorthWest","fullname":"Sunday","weekday":"Sun","fromhour":"1","tohour":"3","week1":"1","week2":"1","week3":"1","week4":"1","week5":"1","holidays":"1","blocksweepid":"1627909","cleaning_days_abbr":"MTuWThFSaSu"}},{"type":"Feature","geometry":{"type":"LineString","coordinates":[[-122.41443019869,37.784657140749],[-122.414778472775,37.784612949291]]},"properties":{":id":"row-urju~3d7c.dqma",":version":"rv-gtix.739d_n89w",":created_at":"2026-03-10T12:37:08.575Z",":updated_at":"2026-03-10T12:37:08.575Z","cnn":"5175000","corridor":"Ellis St","limits":"Leavenworth St  -  Cohen Pl","cnnrightleft":"R","blockside":"North","fullname":"Sunday","weekday":"Sun","fromhour":"6","tohour":"8","week1":"1","week2":"1","week3":"1","week4":"1","week5":"1","holidays":"0","blocksweepid":"1643286","cleaning_days_abbr":"MTuWThFSaSu"}},{"type":"Feature","geometry":{"type":"LineString","coordinates":[[-122.38958738061,37.737955395853],[-122.389561158751,37.737842639584],[-122.389775083446,37.737235835531],[-122.389864462449,37.737169532209]]},"properties":{":id":"row-dwrs_kizw-ecdd",":version":"rv-u6jy.kiiu~tyi5",":created_at":"2026-03-10T12:37:08.575Z",":updated_at":"2026-03-10T12:37:08.575Z","cnn":"208101","corridor":"03rd St","limits":"Kirkwood Ave  -  La Salle Ave","cnnrightleft":"L","blockside":"East","fullname":"Sunday","weekday":"Sun","fromhour":"2","tohour":"6","week1":"1","week2":"1","week3":"1","week4":"1","week5":"1","holidays":"1","blocksweepid":"1629090","cleaning_days_abbr":"MTuWThFSaSu"}},{"type":"Feature","geometry":{"type":"LineString","coordinates":[[-122.390205026187,37.717497914175],[-122.39114136606,37.718040053538]]},"properties":{":id":"row-gxsq-zxqw.rhxz",":version":"rv-ggd6_gz62-922b",":created_at":"2026-03-10T12:37:08.575Z",":updated_at":"2026-03-10T12:37:08.575Z","cnn":"7248000","corridor":"Ingerson Ave","limits":"Coronado St  -  Hawes St","cnnrightleft":"R","blockside":"NorthEast","fullname":"Sunday","weekday":"Sun","fromhour":"7","tohour":"8","week1":"1","week2":"1","week3":"1","week4":"1","week5":"1","holidays":"0","blocksweepid":"1623573","cleaning_days_abbr":"MSaSu"}},{"type":"Feature","geometry":{"type":"LineString","coordinates":[[-122.384402010628,37.71609096802],[-122.386265013791,37.717178948313]]},"properties":{":id":"row-pc3v.r7a7.z5na",":version":"rv-fy5j-2hna_83m8",":created_at":"2026-03-10T12:37:08.575Z",":updated_at":"2026-03-10T12:37:08.575Z","cnn":"6185000","corridor":"Gilman Ave","limits":"Earl St  -  Arelious Walker Dr","cnnrightleft":"L","blockside":"SouthWest","fullname":"Sunday","weekday":"Sun","fromhour":"7","tohour":"8","week1":"1","week2":"1","week3":"1","week4":"1","week5":"1","holidays":"0","blocksweepid":"1633120","cleaning_days_abbr":"WFSaSu"}},{"type":"Feature","geometry":{"type":"LineString","coordinates":[[-122.411455262539,37.765547605077],[-122.412416426243,37.765489809124]]},"properties":{":id":"row-f4pp.te4w.32q6",":version":"rv-epdt-rezh_25qk",":created_at":"2026-03-10T12:37:08.575Z",":updated_at":"2026-03-10T12:37:08.575Z","cnn":"718000","corridor":"16th St","limits":"Florida St  -  Alabama St","cnnrightleft":"R","blockside":"North","fullname":"Sunday","weekday":"Sun","fromhour":"2","tohour":"6","week1":"1","week2":"1","week3":"1","week4":"1","week5":"1","holidays":"1","blocksweepid":"1636172","cleaning_days_abbr":"TuThSu"}},{"type":"Feature","geometry":{"type":"LineString","coordinates":[[-122.40406849084,37.796064037438],[-122.404412160717,37.796302098069]]},"properties":{":id":"row-dy87.sif2~fes4",":version":"rv-idz2-qkfk_b62i",":created_at":"2026-03-10T12:37:08.575Z",":updated_at":"2026-03-10T12:37:08.575Z","cnn":"4287000","corridor":"Columbus Ave","limits":"Ils Ln  -  Jackson St","cnnrightleft":"R","blockside":"NorthEast","fullname":"Sunday","weekday":"Sun","fromhour":"4","tohour":"6","week1":"1","week2":"1","week3":"1","week4":"1","week5":"1","holidays":"0","blocksweepid":"1637282","cleaning_days_abbr":"MTuWThFSaSu"}},{"type":"Feature","geometry":{"type":"LineString","coordinates":[[-122.414778472775,37.784612949291],[-122.41607173455,37.78444884161]]},"properties":{":id":"row-rwp5-gpd4.8mpw",":version":"rv-yjnu~j7pn_rckq",":created_at":"2026-03-10T12:37:08.575Z",":updated_at":"2026-03-10T12:37:08.575Z","cnn":"5176000","corridor":"Ellis St","limits":"Cohen Pl  -  Hyde St","cnnrightleft":"L","blockside":"South","fullname":"Sunday","weekday":"Sun","fromhour":"6","tohour":"8","week1":"1","week2":"1","week3":"1","week4":"1","week5":"1","holidays":"0","blocksweepid":"1610212","cleaning_days_abbr":"MTuWThFSaSu"}},{"type":"Feature","geometry":{"type":"LineString","coordinates":[[-122.501097483198,37.735206481117],[-122.501251121468,37.73517418621],[-122.501548266885,37.735244137926],[-122.502017217793,37.735334606885],[-122.502529176407,37.73537746829],[-122.50300766128,37.735383397252],[-122.503104759293,37.735466491501]]},"properties":{":id":"row-9r94-rwpp.i7bs",":version":"rv-hpdx_v67u-pys9",":created_at":"2026-03-10T12:37:08.575Z",":updated_at":"2026-03-10T12:37:08.575Z","cnn":"11962101","corridor":"Sloat Blvd","limits":"43rd Ave  -  45th Ave","cnnrightleft":"R","blockside":"North","fullname":"Sunday","weekday":"Sun","fromhour":"5","tohour":"7","week1":"1","week2":"1","week3":"1","week4":"1","week5":"1","holidays":"0","blocksweepid":"1621654","cleaning_days_abbr":"MTuWThFSaSu"}},{"type":"Feature","geometry":{"type":"LineString","coordinates":[[-122.412595276786,37.783932576959],[-122.412782128368,37.784866245085]]},"properties":{":id":"row-xzjq_3tn8_zde2",":version":"rv-fe4t_buh2.9yg6",":created_at":"2026-03-10T12:37:08.575Z",":updated_at":"2026-03-10T12:37:08.575Z","cnn":"7566000","corridor":"Jones St","limits":"Eddy St  -  Ellis St","cnnrightleft":"L","blockside":"West","fullname":"Sunday","weekday":"Sun","fromhour":"6","tohour":"8","week1":"1","week2":"1","week3":"1","week4":"1","week5":"1","holidays":"0","blocksweepid":"1597535","cleaning_days_abbr":"MTuWThFSaSu"}},{"type":"Feature","geometry":{"type":"LineString","coordinates":[[-122.41744593863,37.808013324233],[-122.419086067987,37.807803117552]]},"properties":{":id":"row-4ftx_79vh_zruj",":version":"rv-5spb~ged2-v2xj",":created_at":"2026-03-10T12:37:08.575Z",":updated_at":"2026-03-10T12:37:08.575Z","cnn":"7458000","corridor":"Jefferson St","limits":"Jones St  -  Leavenworth St","cnnrightleft":"L","blockside":"South","fullname":"Sunday","weekday":"Sun","fromhour":"1","tohour":"3","week1":"1","week2":"1","week3":"1","week4":"1","week5":"1","holidays":"1","blocksweepid":"1597404","cleaning_days_abbr":"MTuWThFSaSu"}},{"type":"Feature","geometry":{"type":"LineString","coordinates":[[-122.407319877288,37.795940921113],[-122.407432089998,37.795926829129]]},"properties":{":id":"row-6jdf.47c8_i947",":version":"rv-fh35_sry7~xgky",":created_at":"2026-03-10T12:37:08.575Z",":updated_at":"2026-03-10T12:37:08.575Z","cnn":"7375000","corridor":"Jackson St","limits":"Jason Ct  -  Ross Aly","cnnrightleft":"L","blockside":"South","fullname":"Sunday","weekday":"Sun","fromhour":"2","tohour":"6","week1":"1","week2":"1","week3":"1","week4":"1","week5":"1","holidays":"1","blocksweepid":"1638533","cleaning_days_abbr":"TuThSu"}},{"type":"Feature","geometry":{"type":"LineString","coordinates":[[-122.422871202196,37.793050003145],[-122.422992508878,37.793130238436],[-122.42313263458,37.793828812404],[-122.423048803504,37.793935005154]]},"properties":{":id":"row-zmjd_iyac.qbsu",":version":"rv-fzqz_h326_6y6w",":created_at":"2026-03-10T12:37:08.575Z",":updated_at":"2026-03-10T12:37:08.575Z","cnn":"13161101","corridor":"Van Ness Ave","limits":"Washington St  -  Jackson St","cnnrightleft":"L","blockside":"West","fullname":"Sunday","weekday":"Sun","fromhour":"4","tohour":"6","week1":"1","week2":"1","week3":"1","week4":"1","week5":"1","holidays":"0","blocksweepid":"1599003","cleaning_days_abbr":"MTuWThFSaSu"}},{"type":"Feature","geometry":{"type":"LineString","coordinates":[[-122.407432089998,37.795926829129],[-122.407563768616,37.795910291779]]},"properties":{":id":"row-syce~q8jw_dxuj",":version":"rv-hvam-f7hq.ufux",":created_at":"2026-03-10T12:37:08.575Z",":updated_at":"2026-03-10T12:37:08.575Z","cnn":"7376000","corridor":"Jackson St","limits":"Ross Aly  -  Duncombe Aly","cnnrightleft":"L","blockside":"South","fullname":"Sunday","weekday":"Sun","fromhour":"2","tohour":"6","week1":"1","week2":"1","week3":"1","week4":"1","week5":"1","holidays":"1","blocksweepid":"1638534","cleaning_days_abbr":"TuThSu"}},{"type":"Feature","geometry":{"type":"LineString","coordinates":[[-122.464425024958,37.78293993367],[-122.465492390702,37.782890981237]]},"properties":{":id":"row-sq9y~v7jg_35qs",":version":"rv-r4d7.td9u-759e",":created_at":"2026-03-10T12:37:08.575Z",":updated_at":"2026-03-10T12:37:08.575Z","cnn":"4155000","corridor":"Clement St","limits":"06th Ave  -  07th Ave","cnnrightleft":"L","blockside":"South","fullname":"Sunday","weekday":"Sun","fromhour":"7","tohour":"8","week1":"1","week2":"1","week3":"1","week4":"1","week5":"1","holidays":"0","blocksweepid":"1602955","cleaning_days_abbr":"TuThSu"}},{"type":"Feature","geometry":{"type":"LineString","coordinates":[[-122.389526602327,37.771109952689],[-122.389585129037,37.770996258206],[-122.389562748478,37.770762119424],[-122.389483281624,37.770656736146]]},"properties":{":id":"row-5nzb~hycz-miam",":version":"rv-5rxd-emv7.8g2d",":created_at":"2026-03-10T12:37:08.575Z",":updated_at":"2026-03-10T12:37:08.575Z","cnn":"185203","corridor":"03rd St","limits":"Start:  Block  -  End:  Block","cnnrightleft":"R","blockside":null,"fullname":"Sunday","weekday":"Sun","fromhour":"2","tohour":"6","week1":"1","week2":"1","week3":"1","week4":"1","week5":"1","holidays":"1","blocksweepid":"1613790","cleaning_days_abbr":"MFSaSu"}},{"type":"Feature","geometry":{"type":"LineString","coordinates":[[-122.390693772313,37.734797359098],[-122.390675464736,37.734659068294],[-122.390873979527,37.734091670737],[-122.390967889603,37.734013872547]]},"properties":{":id":"row-223e-2g8k~s529",":version":"rv-aqe4~43m4~56yp",":created_at":"2026-03-10T12:37:08.575Z",":updated_at":"2026-03-10T12:37:08.575Z","cnn":"212101","corridor":"03rd St","limits":"Oakdale Ave  -  Palou Ave","cnnrightleft":"L","blockside":"East","fullname":"Sunday","weekday":"Sun","fromhour":"2","tohour":"6","week1":"1","week2":"1","week3":"1","week4":"1","week5":"1","holidays":"1","blocksweepid":"1629094","cleaning_days_abbr":"MTuWThFSaSu"}},{"type":"Feature","geometry":{"type":"LineString","coordinates":[[-122.392146619092,37.730642139226],[-122.392241329264,37.73057661812],[-122.39237196054,37.730203201348],[-122.392348747989,37.730066818506]]},"properties":{":id":"row-d996-5n3d~xpbb",":version":"rv-n2t5_x8ir.iyjn",":created_at":"2026-03-10T12:37:08.575Z",":updated_at":"2026-03-10T12:37:08.575Z","cnn":"218201","corridor":"03rd St","limits":"Thornton Ave  -  Underwood Ave","cnnrightleft":"R","blockside":"West","fullname":"Sunday","weekday":"Sun","fromhour":"2","tohour":"6","week1":"1","week2":"1","week3":"1","week4":"1","week5":"1","holidays":"1","blocksweepid":"1613828","cleaning_days_abbr":"MTuWThFSaSu"}},{"type":"Feature","geometry":{"type":"LineString","coordinates":[[-122.41310524323,37.765447608418],[-122.415308388318,37.765314639454]]},"properties":{":id":"row-bfjt~da6u.tkuj",":version":"rv-7i6w-2dea.ahas",":created_at":"2026-03-10T12:37:08.575Z",":updated_at":"2026-03-10T12:37:08.575Z","cnn":"720000","corridor":"16th St","limits":"Harrison St  -  Folsom St","cnnrightleft":"R","blockside":"North","fullname":"Sunday","weekday":"Sun","fromhour":"2","tohour":"6","week1":"1","week2":"1","week3":"1","week4":"1","week5":"1","holidays":"1","blocksweepid":"1613659","cleaning_days_abbr":"TuThSu"}},{"type":"Feature","geometry":{"type":"LineString","coordinates":[[-122.415673889951,37.78544962804],[-122.416259705784,37.785375974611]]},"properties":{":id":"row-nwug.wj37_2697",":version":"rv-46dz.gasi~5wbu",":created_at":"2026-03-10T12:37:08.575Z",":updated_at":"2026-03-10T12:37:08.575Z","cnn":"9732000","corridor":"O'Farrell St","limits":"Ada Ct  -  Hyde St","cnnrightleft":"L","blockside":"South","fullname":"Sunday","weekday":"Sun","fromhour":"6","tohour":"8","week1":"1","week2":"1","week3":"1","week4":"1","week5":"1","holidays":"0","blocksweepid":"1603710","cleaning_days_abbr":"TuThSu"}},{"type":"Feature","geometry":{"type":"LineString","coordinates":[[-122.39661702614,37.720230912546],[-122.396734085519,37.720139330776],[-122.396974580956,37.719607923185],[-122.396954352132,37.719476578525]]},"properties":{":id":"row-2swt.5zdr-3rf5",":version":"rv-jhsf.7un6-dguu",":created_at":"2026-03-10T12:37:08.575Z",":updated_at":"2026-03-10T12:37:08.575Z","cnn":"231201","corridor":"03rd St","limits":"Jamestown Ave  -  Key Ave","cnnrightleft":"R","blockside":"West","fullname":"Sunday","weekday":"Sun","fromhour":"2","tohour":"6","week1":"1","week2":"1","week3":"1","week4":"1","week5":"1","holidays":"1","blocksweepid":"1613842","cleaning_days_abbr":"MWFSaSu"}},{"type":"Feature","geometry":{"type":"LineString","coordinates":[[-122.414053764894,37.782794446306],[-122.415693872616,37.782585033233]]},"properties":{":id":"row-4hsm_qjhh-uv25",":version":"rv-x5z3.kdwq_uq9n",":created_at":"2026-03-10T12:37:08.575Z",":updated_at":"2026-03-10T12:37:08.575Z","cnn":"12719000","corridor":"Turk St","limits":"Leavenworth St  -  Hyde St","cnnrightleft":"L","blockside":"South","fullname":"Sunday","weekday":"Sun","fromhour":"6","tohour":"8","week1":"1","week2":"1","week3":"1","week4":"1","week5":"1","holidays":"0","blocksweepid":"1625153","cleaning_days_abbr":"TuThSu"}},{"type":"Feature","geometry":{"type":"LineString","coordinates":[[-122.419671829395,37.77230320357],[-122.42034436809,37.771770250043]]},"properties":{":id":"row-xavq_qu5v-u8qv",":version":"rv-z33t.s9re_knrj",":created_at":"2026-03-10T12:37:08.575Z",":updated_at":"2026-03-10T12:37:08.575Z","cnn":"10047000","corridor":"Otis St","limits":"Brady St  -  Gough St","cnnrightleft":"L","blockside":"SouthEast","fullname":"Sunday","weekday":"Sun","fromhour":"4","tohour":"6","week1":"1","week2":"1","week3":"1","week4":"1","week5":"1","holidays":"0","blocksweepid":"1630234","cleaning_days_abbr":"MTuWThFSaSu"}},{"type":"Feature","geometry":{"type":"LineString","coordinates":[[-122.422145379173,37.788942624271],[-122.422218865259,37.789305838021],[-122.422135208482,37.789412061535]]},"properties":{":id":"row-d8g6.3sxe.dca5",":version":"rv-kyz2.jv4n-tsfj",":created_at":"2026-03-10T12:37:08.575Z",":updated_at":"2026-03-10T12:37:08.575Z","cnn":"13156102","corridor":"Van Ness Ave","limits":"Austin St  -  Pine St","cnnrightleft":"L","blockside":"West","fullname":"Sunday","weekday":"Sun","fromhour":"4","tohour":"6","week1":"1","week2":"1","week3":"1","week4":"1","week5":"1","holidays":"0","blocksweepid":"1598998","cleaning_days_abbr":"MTuWThFSaSu"}},{"type":"Feature","geometry":{"type":"LineString","coordinates":[[-122.433623590741,37.726236244239],[-122.43398235555,37.72576179005]]},"properties":{":id":"row-4ynr.rw43-6txe",":version":"rv-pm4z.vmjs.cuzk",":created_at":"2026-03-10T12:37:08.575Z",":updated_at":"2026-03-10T12:37:08.575Z","cnn":"9161000","corridor":"Mission St","limits":"Excelsior Ave  -  Santa Rosa Ave","cnnrightleft":"R","blockside":"NorthWest","fullname":"Sunday","weekday":"Sun","fromhour":"5","tohour":"7","week1":"1","week2":"1","week3":"1","week4":"1","week5":"1","holidays":"0","blocksweepid":"1626435","cleaning_days_abbr":"MTuWThFSaSu"}},{"type":"Feature","geometry":{"type":"LineString","coordinates":[[-122.399130242841,37.800896476996],[-122.399324348388,37.800911294234],[-122.401926845646,37.803853934751],[-122.401973426877,37.804072250218]]},"properties":{":id":"row-6vv8_9nsb_v3mq",":version":"rv-8ich~gt8c.kc7h",":created_at":"2026-03-10T12:37:08.575Z",":updated_at":"2026-03-10T12:37:08.575Z","cnn":"12556102","corridor":"The Embarcadero","limits":"Green St  -  Lombard St","cnnrightleft":"L","blockside":"SouthWest","fullname":"Sunday","weekday":"Sun","fromhour":"1","tohour":"3","week1":"1","week2":"1","week3":"1","week4":"1","week5":"1","holidays":"1","blocksweepid":"1639578","cleaning_days_abbr":"MTuWThFSaSu"}},{"type":"Feature","geometry":{"type":"LineString","coordinates":[[-122.41590817905,37.775272060559],[-122.417104135557,37.774325287386]]},"properties":{":id":"row-wrdy_e2wx_pjv8",":version":"rv-wqi4~mapk-dp7d",":created_at":"2026-03-10T12:37:08.575Z",":updated_at":"2026-03-10T12:37:08.575Z","cnn":"9108000","corridor":"Mission St","limits":"10th St  -  11th St","cnnrightleft":"L","blockside":"SouthEast","fullname":"Sunday","weekday":"Sun","fromhour":"2","tohour":"6","week1":"1","week2":"1","week3":"1","week4":"1","week5":"1","holidays":"1","blocksweepid":"1618968","cleaning_days_abbr":"MTuWThFSaSu"}},{"type":"Feature","geometry":{"type":"LineString","coordinates":[[-122.396154143476,37.708394652333],[-122.396059457885,37.708523666671],[-122.395919022743,37.708629585778],[-122.395737458655,37.708698291923],[-122.395542581541,37.708737310303],[-122.39440306567,37.708903826132]]},"properties":{":id":"row-e9ua-j4vc~j64q",":version":"rv-9pae.sr7n.hpzx",":created_at":"2026-03-10T12:37:08.575Z",":updated_at":"2026-03-10T12:37:08.575Z","cnn":"2141000","corridor":"Alana Way","limits":"County Line  -  Executive Park Blvd","cnnrightleft":"L","blockside":"North","fullname":"Sunday","weekday":"Sun","fromhour":"7","tohour":"8","week1":"1","week2":"1","week3":"1","week4":"1","week5":"1","holidays":"0","blocksweepid":"1627171","cleaning_days_abbr":"SaSu"}},{"type":"Feature","geometry":{"type":"LineString","coordinates":[[-122.432911793243,37.727177551268],[-122.433357449495,37.726588202549]]},"properties":{":id":"row-uzaq-s64s.5vjk",":version":"rv-6fg6-xgpj.kxsp",":created_at":"2026-03-10T12:37:08.575Z",":updated_at":"2026-03-10T12:37:08.575Z","cnn":"9159000","corridor":"Mission St","limits":"Cotter St  -  Francis St","cnnrightleft":"R","blockside":"NorthWest","fullname":"Sunday","weekday":"Sun","fromhour":"5","tohour":"7","week1":"1","week2":"1","week3":"1","week4":"1","week5":"1","holidays":"0","blocksweepid":"1626433","cleaning_days_abbr":"MTuWThFSaSu"}},{"type":"Feature","geometry":{"type":"LineString","coordinates":[[-122.414711003922,37.776230519995],[-122.415127952624,37.775889703335]]},"properties":{":id":"row-fynt~yk7t~u22x",":version":"rv-p7w2~uyti.urzd",":created_at":"2026-03-10T12:37:08.575Z",":updated_at":"2026-03-10T12:37:08.575Z","cnn":"9105000","corridor":"Mission St","limits":"09th St  -  Washburn St","cnnrightleft":"R","blockside":"NorthWest","fullname":"Sunday","weekday":"Sun","fromhour":"2","tohour":"6","week1":"1","week2":"1","week3":"1","week4":"1","week5":"1","holidays":"1","blocksweepid":"1618516","cleaning_days_abbr":"MTuWThFSaSu"}},{"type":"Feature","geometry":{"type":"LineString","coordinates":[[-122.42194858465,37.78848964293],[-122.421864941115,37.78859592935],[-122.421940374296,37.788968774327]]},"properties":{":id":"row-nxp3_tzen_6tz4",":version":"rv-f65m.368p.kvye",":created_at":"2026-03-10T12:37:08.575Z",":updated_at":"2026-03-10T12:37:08.575Z","cnn":"13156201","corridor":"Van Ness Ave","limits":"Bush St  -  Austin St","cnnrightleft":"R","blockside":"East","fullname":"Sunday","weekday":"Sun","fromhour":"4","tohour":"6","week1":"1","week2":"1","week3":"1","week4":"1","week5":"1","holidays":"0","blocksweepid":"1639891","cleaning_days_abbr":"MTuWThFSaSu"}},{"type":"Feature","geometry":{"type":"LineString","coordinates":[[-122.407534229657,37.765783299249],[-122.408544242621,37.765722599629]]},"properties":{":id":"row-vs76_69w4~dty2",":version":"rv-p7kg-wzdm~6ph6",":created_at":"2026-03-10T12:37:08.575Z",":updated_at":"2026-03-10T12:37:08.575Z","cnn":"715000","corridor":"16th St","limits":"Potrero Ave  -  Hampshire St","cnnrightleft":"R","blockside":"North","fullname":"Sunday","weekday":"Sun","fromhour":"2","tohour":"6","week1":"1","week2":"1","week3":"1","week4":"1","week5":"1","holidays":"1","blocksweepid":"1636169","cleaning_days_abbr":"TuThSu"}},{"type":"Feature","geometry":{"type":"LineString","coordinates":[[-122.410292026651,37.782230575213],[-122.409693261412,37.781754327744]]},"properties":{":id":"row-76tp~ek53.r8p3",":version":"rv-rptc_p2sg-js5i",":created_at":"2026-03-10T12:37:08.575Z",":updated_at":"2026-03-10T12:37:08.575Z","cnn":"326000","corridor":"06th St","limits":"Market St  -  Stevenson St","cnnrightleft":"R","blockside":"SouthWest","fullname":"Sunday","weekday":"Sun","fromhour":"4","tohour":"6","week1":"1","week2":"1","week3":"1","week4":"1","week5":"1","holidays":"0","blocksweepid":"1636394","cleaning_days_abbr":"MTuWThFSaSu"}},{"type":"Feature","geometry":{"type":"LineString","coordinates":[[-122.419206043142,37.760235354983],[-122.419052606406,37.758632566983]]},"properties":{":id":"row-h87q.mhnp-ccyd",":version":"rv-54s9.ubi6-cfp8",":created_at":"2026-03-10T12:37:08.575Z",":updated_at":"2026-03-10T12:37:08.575Z","cnn":"9121000","corridor":"Mission St","limits":"19th St  -  20th St","cnnrightleft":"R","blockside":"West","fullname":"Sunday","weekday":"Sun","fromhour":"4","tohour":"6","week1":"1","week2":"1","week3":"1","week4":"1","week5":"1","holidays":"0","blocksweepid":"1619073","cleaning_days_abbr":"MTuWThFSaSu"}},{"type":"Feature","geometry":{"type":"LineString","coordinates":[[-122.397383445616,37.792405521236],[-122.397490300593,37.792387025402],[-122.398235498252,37.791800086215],[-122.398264448474,37.791716058294]]},"properties":{":id":"row-6rr5~nyvr-wmfz",":version":"rv-i6f8.hcb3~s4si",":created_at":"2026-03-10T12:37:08.575Z",":updated_at":"2026-03-10T12:37:08.575Z","cnn":"8740201","corridor":"Market St","limits":"Pine St  -  Front St","cnnrightleft":"R","blockside":"NorthWest","fullname":"Sunday","weekday":"Sun","fromhour":"5","tohour":"7","week1":"1","week2":"1","week3":"1","week4":"1","week5":"1","holidays":"1","blocksweepid":"1617975","cleaning_days_abbr":"MTuWThFSaSu"}},{"type":"Feature","geometry":{"type":"LineString","coordinates":[[-122.461207474859,37.783087441726],[-122.462278766115,37.783038338179]]},"properties":{":id":"row-sd55~8tgr~7ufv",":version":"rv-mfxa~n9gi_kshq",":created_at":"2026-03-10T12:37:08.575Z",":updated_at":"2026-03-10T12:37:08.575Z","cnn":"4152000","corridor":"Clement St","limits":"03rd Ave  -  04th Ave","cnnrightleft":"L","blockside":"South","fullname":"Sunday","weekday":"Sun","fromhour":"7","tohour":"8","week1":"1","week2":"1","week3":"1","week4":"1","week5":"1","holidays":"0","blocksweepid":"1602952","cleaning_days_abbr":"TuThSu"}},{"type":"Feature","geometry":{"type":"LineString","coordinates":[[-122.421968761687,37.742375398498],[-122.422083785231,37.742197553341]]},"properties":{":id":"row-f5y6~muww.vkxa",":version":"rv-4yaq_26rv-e6vb",":created_at":"2026-03-10T12:37:08.575Z",":updated_at":"2026-03-10T12:37:08.575Z","cnn":"9137000","corridor":"Mission St","limits":"30th St  -  Eugenia Ave","cnnrightleft":"R","blockside":"NorthWest","fullname":"Sunday","weekday":"Sun","fromhour":"5","tohour":"7","week1":"1","week2":"1","week3":"1","week4":"1","week5":"1","holidays":"0","blocksweepid":"1599889","cleaning_days_abbr":"MTuWThFSaSu"}},{"type":"Feature","geometry":{"type":"LineString","coordinates":[[-122.408912340509,37.79903585636],[-122.409014377479,37.799489820039]]},"properties":{":id":"row-j86u.m5td.tygw",":version":"rv-p4me~muwm~srrs",":created_at":"2026-03-10T12:37:08.575Z",":updated_at":"2026-03-10T12:37:08.575Z","cnn":"12212000","corridor":"Stockton St","limits":"Card Aly  -  Green St","cnnrightleft":"R","blockside":"East","fullname":"Sunday","weekday":"Sun","fromhour":"4","tohour":"6","week1":"1","week2":"1","week3":"1","week4":"1","week5":"1","holidays":"0","blocksweepid":"1624678","cleaning_days_abbr":"MTuWThFSaSu"}},{"type":"Feature","geometry":{"type":"LineString","coordinates":[[-122.506717428299,37.735469757819],[-122.506822941268,37.735316192961],[-122.506820119915,37.734894173849],[-122.507194700566,37.733046359172],[-122.507209111143,37.732627456963],[-122.507150576142,37.732206386809],[-122.506997327224,37.731453359897],[-122.506867103394,37.730917788032],[-122.506802541013,37.730432153083],[-122.506697324742,37.729552367493],[-122.506536522265,37.72836039293],[-122.506464573107,37.727919131754],[-122.506292884584,37.727435320512],[-122.505970021997,37.726909826881],[-122.505617550619,37.7265584358],[-122.505319640444,37.72632184514],[-122.504763047215,37.726031787053],[-122.503612919831,37.725353584745],[-122.503288601223,37.725250176351],[-122.503127839642,37.725218258035],[-122.503040636347,37.725259549916]]},"properties":{":id":"row-7iwq_zfg4-rc25",":version":"rv-5msi_xj73-3sf8",":created_at":"2026-03-10T12:37:08.575Z",":updated_at":"2026-03-10T12:37:08.575Z","cnn":"6437201","corridor":"Great Hwy","limits":"Sloat Blvd  -  Skyline Blvd","cnnrightleft":"R","blockside":"West","fullname":"Sunday","weekday":"Sun","fromhour":"2","tohour":"5","week1":"1","week2":"1","week3":"1","week4":"1","week5":"1","holidays":"0","blocksweepid":"1613595","cleaning_days_abbr":"MTuWThFSaSu"}},{"type":"Feature","geometry":{"type":"LineString","coordinates":[[-122.406757777449,37.748766479134],[-122.406833220396,37.748682235481],[-122.407730817223,37.748380545471],[-122.407882027934,37.748405000246]]},"properties":{":id":"row-pb5w~56v3-guv9",":version":"rv-9ww9_vqsb-ghcj",":created_at":"2026-03-10T12:37:08.575Z",":updated_at":"2026-03-10T12:37:08.575Z","cnn":"2480101","corridor":"Cesar Chavez St","limits":"Hampshire St  -  York St","cnnrightleft":"R","blockside":"North","fullname":"Sunday","weekday":"Sun","fromhour":"6","tohour":"8","week1":"1","week2":"1","week3":"1","week4":"1","week5":"1","holidays":"0","blocksweepid":"1636914","cleaning_days_abbr":"SaSu"}},{"type":"Feature","geometry":{"type":"LineString","coordinates":[[-122.409683072542,37.78620266448],[-122.411325581285,37.785996235681]]},"properties":{":id":"row-rvwj.vpv3_g2qq",":version":"rv-7mnz_qn4x~76dm",":created_at":"2026-03-10T12:37:08.575Z",":updated_at":"2026-03-10T12:37:08.575Z","cnn":"9726000","corridor":"O'Farrell St","limits":"Mason St  -  Taylor St","cnnrightleft":"L","blockside":"South","fullname":"Sunday","weekday":"Sun","fromhour":"2","tohour":"6","week1":"1","week2":"1","week3":"1","week4":"1","week5":"1","holidays":"0","blocksweepid":"1603622","cleaning_days_abbr":"TuThSu"}},{"type":"Feature","geometry":{"type":"LineString","coordinates":[[-122.404796472442,37.794453004766],[-122.405663217532,37.794345222349]]},"properties":{":id":"row-pkj9-5qa2_9aaa",":version":"rv-id92~kqf5-b498",":created_at":"2026-03-10T12:37:08.575Z",":updated_at":"2026-03-10T12:37:08.575Z","cnn":"4087000","corridor":"Clay St","limits":"Kearny St  -  Walter U Lum Pl","cnnrightleft":"L","blockside":"South","fullname":"Sunday","weekday":"Sun","fromhour":"2","tohour":"6","week1":"1","week2":"1","week3":"1","week4":"1","week5":"1","holidays":"1","blocksweepid":"1637065","cleaning_days_abbr":"TuThSu"}},{"type":"Feature","geometry":{"type":"LineString","coordinates":[[-122.397669948657,37.799234483026],[-122.398043583368,37.799025853892],[-122.398117361817,37.798990115146],[-122.398216090368,37.798956442984],[-122.398296531935,37.798937872485],[-122.398695702376,37.798880967338]]},"properties":{":id":"row-2hdb~43kx.s298",":version":"rv-j2x8_j2eu_uyxc",":created_at":"2026-03-10T12:37:08.575Z",":updated_at":"2026-03-10T12:37:08.575Z","cnn":"3142000","corridor":"Broadway","limits":"The Embarcadero  -  Davis St","cnnrightleft":"L","blockside":"South","fullname":"Sunday","weekday":"Sun","fromhour":"4","tohour":"6","week1":"1","week2":"1","week3":"1","week4":"1","week5":"1","holidays":"0","blocksweepid":"1627459","cleaning_days_abbr":"MTuWThFSaSu"}},{"type":"Feature","geometry":{"type":"LineString","coordinates":[[-122.402752244553,37.729357163198],[-122.402209197545,37.728101973655]]},"properties":{":id":"row-vgcq.a8s6~e4bj",":version":"rv-equk_cye7-unrd",":created_at":"2026-03-10T12:37:08.575Z",":updated_at":"2026-03-10T12:37:08.575Z","cnn":"2808000","corridor":"Bay Shore Blvd","limits":"Donner Ave  -  Bacon St","cnnrightleft":"R","blockside":"West","fullname":"Sunday","weekday":"Sun","fromhour":"7","tohour":"8","week1":"1","week2":"1","week3":"1","week4":"1","week5":"1","holidays":"0","blocksweepid":"1628221","cleaning_days_abbr":"MWThFSaSu"}},{"type":"Feature","geometry":{"type":"LineString","coordinates":[[-122.405288396517,37.796909057292],[-122.405318329414,37.797089847723]]},"properties":{":id":"row-zgp5~n2vw~aagm",":version":"rv-tngr_gfgz~9c8a",":created_at":"2026-03-10T12:37:08.575Z",":updated_at":"2026-03-10T12:37:08.575Z","cnn":"7762000","corridor":"Kearny St","limits":"Columbus Ave  -  Pacific Ave","cnnrightleft":"R","blockside":"East","fullname":"Sunday","weekday":"Sun","fromhour":"4","tohour":"6","week1":"1","week2":"1","week3":"1","week4":"1","week5":"1","holidays":"0","blocksweepid":"1616419","cleaning_days_abbr":"MTuWThFSaSu"}},{"type":"Feature","geometry":{"type":"LineString","coordinates":[[-122.392499329227,37.793768814045],[-122.393181332338,37.793230492385]]},"properties":{":id":"row-5wcs-u2gy-qyq6",":version":"rv-2g8c_uk7z_85rc",":created_at":"2026-03-10T12:37:08.575Z",":updated_at":"2026-03-10T12:37:08.575Z","cnn":"9082000","corridor":"Mission St","limits":"The Embarcadero  -  Steuart St","cnnrightleft":"L","blockside":"SouthEast","fullname":"Sunday","weekday":"Sun","fromhour":"2","tohour":"6","week1":"1","week2":"1","week3":"1","week4":"1","week5":"1","holidays":"1","blocksweepid":"1618940","cleaning_days_abbr":"MTuWThFSaSu"}},{"type":"Feature","geometry":{"type":"LineString","coordinates":[[-122.477239888062,37.780439636793],[-122.477353995215,37.780498592217],[-122.478189061736,37.78045009069],[-122.478304879277,37.780381190986]]},"properties":{":id":"row-94ec.cezz.a2bz",":version":"rv-rx3g~mvs8~kawk",":created_at":"2026-03-10T12:37:08.575Z",":updated_at":"2026-03-10T12:37:08.575Z","cnn":"6075201","corridor":"Geary Blvd","limits":"18th Ave  -  19th Ave","cnnrightleft":"R","blockside":"North","fullname":"Sunday","weekday":"Sun","fromhour":"7","tohour":"8","week1":"1","week2":"1","week3":"1","week4":"1","week5":"1","holidays":"0","blocksweepid":"1611383","cleaning_days_abbr":"TuThSu"}},{"type":"Feature","geometry":{"type":"LineString","coordinates":[[-122.415484750383,37.775607257424],[-122.41590817905,37.775272060559]]},"properties":{":id":"row-a54r_wjfc_9w32",":version":"rv-6ypf_jhsc_nz5q",":created_at":"2026-03-10T12:37:08.575Z",":updated_at":"2026-03-10T12:37:08.575Z","cnn":"9107000","corridor":"Mission St","limits":"Grace St  -  10th St","cnnrightleft":"L","blockside":"SouthEast","fullname":"Sunday","weekday":"Sun","fromhour":"2","tohour":"6","week1":"1","week2":"1","week3":"1","week4":"1","week5":"1","holidays":"1","blocksweepid":"1618967","cleaning_days_abbr":"MTuWThFSaSu"}},{"type":"Feature","geometry":{"type":"LineString","coordinates":[[-122.407082925661,37.798152056594],[-122.407869496169,37.798696861567]]},"properties":{":id":"row-vqxw_6we9.64dn",":version":"rv-usbg-bzjn_fhp5",":created_at":"2026-03-10T12:37:08.575Z",":updated_at":"2026-03-10T12:37:08.575Z","cnn":"4293000","corridor":"Columbus Ave","limits":"Grant Ave  -  Vallejo St","cnnrightleft":"L","blockside":"SouthWest","fullname":"Sunday","weekday":"Sun","fromhour":"4","tohour":"6","week1":"1","week2":"1","week3":"1","week4":"1","week5":"1","holidays":"0","blocksweepid":"1637333","cleaning_days_abbr":"MTuWThFSaSu"}},{"type":"Feature","geometry":{"type":"LineString","coordinates":[[-122.411139801283,37.785074596379],[-122.412782128368,37.784866245085]]},"properties":{":id":"row-mit2_h272_8rbv",":version":"rv-8vbw-iycb-f9xd",":created_at":"2026-03-10T12:37:08.575Z",":updated_at":"2026-03-10T12:37:08.575Z","cnn":"5173000","corridor":"Ellis St","limits":"Taylor St  -  Jones St","cnnrightleft":"R","blockside":"North","fullname":"Sunday","weekday":"Sun","fromhour":"6","tohour":"8","week1":"1","week2":"1","week3":"1","week4":"1","week5":"1","holidays":"0","blocksweepid":"1643284","cleaning_days_abbr":"MTuWThFSaSu"}},{"type":"Feature","geometry":{"type":"LineString","coordinates":[[-122.421941247356,37.773036050758],[-122.422051120615,37.773015900968],[-122.422186438845,37.77290912284]]},"properties":{":id":"row-axd9_bwkr~fdju",":version":"rv-n967_mpr4-kymg",":created_at":"2026-03-10T12:37:08.575Z",":updated_at":"2026-03-10T12:37:08.575Z","cnn":"8758201","corridor":"Market St","limits":"Gough St  -  Gough St","cnnrightleft":"R","blockside":"NorthWest","fullname":"Sunday","weekday":"Sun","fromhour":"5","tohour":"7","week1":"1","week2":"1","week3":"1","week4":"1","week5":"1","holidays":"1","blocksweepid":"1618001","cleaning_days_abbr":"MTuWThFSaSu"}},{"type":"Feature","geometry":{"type":"LineString","coordinates":[[-122.437798747067,37.774991947847],[-122.437769250472,37.775079294668],[-122.437926207199,37.775858710907],[-122.437989848202,37.775925405585]]},"properties":{":id":"row-43by.htf6.p8kn",":version":"rv-98ah_pcwe-a8s4",":created_at":"2026-03-10T12:37:08.575Z",":updated_at":"2026-03-10T12:37:08.575Z","cnn":"4803201","corridor":"Divisadero St","limits":"Hayes St  -  Grove St","cnnrightleft":"R","blockside":"East","fullname":"Sunday","weekday":"Sun","fromhour":"6","tohour":"8","week1":"1","week2":"1","week3":"1","week4":"1","week5":"1","holidays":"0","blocksweepid":"1615257","cleaning_days_abbr":"TuThSu"}},{"type":"Feature","geometry":{"type":"LineString","coordinates":[[-122.388684015952,37.761766444853],[-122.388743363481,37.761672818495],[-122.388632793045,37.760578449851],[-122.38855639912,37.760491008984]]},"properties":{":id":"row-32xj.yjpc_vafp",":version":"rv-brrs.f2vw-xydm",":created_at":"2026-03-10T12:37:08.575Z",":updated_at":"2026-03-10T12:37:08.575Z","cnn":"189201","corridor":"03rd St","limits":"19th St  -  20th St","cnnrightleft":"R","blockside":"West","fullname":"Sunday","weekday":"Sun","fromhour":"2","tohour":"6","week1":"1","week2":"1","week3":"1","week4":"1","week5":"1","holidays":"1","blocksweepid":"1613798","cleaning_days_abbr":"MWFSaSu"}},{"type":"Feature","geometry":{"type":"LineString","coordinates":[[-122.40565878456,37.806673631695],[-122.405973778921,37.806626787698],[-122.406542359509,37.806913084012],[-122.407215721402,37.807250326874],[-122.407303656422,37.807379458587]]},"properties":{":id":"row-x6ja_r9fh.znbw",":version":"rv-sbdr.6nfy-datk",":created_at":"2026-03-10T12:37:08.575Z",":updated_at":"2026-03-10T12:37:08.575Z","cnn":"12560101","corridor":"The Embarcadero","limits":"Bay St  -  Kearny St","cnnrightleft":"L","blockside":"SouthWest","fullname":"Sunday","weekday":"Sun","fromhour":"1","tohour":"3","week1":"1","week2":"1","week3":"1","week4":"1","week5":"1","holidays":"1","blocksweepid":"1639581","cleaning_days_abbr":"MTuWThFSaSu"}},{"type":"Feature","geometry":{"type":"LineString","coordinates":[[-122.40148983584,37.785829214079],[-122.400468484099,37.785030285046]]},"properties":{":id":"row-kvud.rtty-eqbh",":version":"rv-cmvw.37qr-xcht",":created_at":"2025-06-19T16:07:35.272Z",":updated_at":"2025-06-19T16:07:35.272Z","cnn":"167000","corridor":"03rd St","limits":"Minna St  -  Howard St","cnnrightleft":"L","blockside":"NorthEast","fullname":"Sunday","weekday":"Sun","fromhour":"2","tohour":"6","week1":"1","week2":"1","week3":"1","week4":"1","week5":"1","holidays":"1","blocksweepid":"1628660","cleaning_days_abbr":"MTuWThFSaSu"}},{"type":"Feature","geometry":{"type":"LineString","coordinates":[[-122.440249956955,37.787112456459],[-122.440216145684,37.787197490783],[-122.440379148063,37.788004775088],[-122.440440114256,37.788067165619]]},"properties":{":id":"row-tznr_bnc7.58ht",":version":"rv-3rha~27gk_xcmr",":created_at":"2026-03-10T12:37:08.575Z",":updated_at":"2026-03-10T12:37:08.575Z","cnn":"4816201","corridor":"Divisadero St","limits":"Pine St  -  California St","cnnrightleft":"R","blockside":"East","fullname":"Sunday","weekday":"Sun","fromhour":"6","tohour":"8","week1":"1","week2":"1","week3":"1","week4":"1","week5":"1","holidays":"0","blocksweepid":"1615300","cleaning_days_abbr":"TuThSu"}},{"type":"Feature","geometry":{"type":"LineString","coordinates":[[-122.423973384504,37.771369005805],[-122.424743351628,37.770763842203],[-122.424852598549,37.77074774518]]},"properties":{":id":"row-ctf2_mnqk_irwd",":version":"rv-9wdy_jbri~dib8",":created_at":"2026-03-10T12:37:08.575Z",":updated_at":"2026-03-10T12:37:08.575Z","cnn":"8760102","corridor":"Market St","limits":"Pearl St  -  Laguna St","cnnrightleft":"R","blockside":"NorthWest","fullname":"Sunday","weekday":"Sun","fromhour":"8","tohour":"9","week1":"1","week2":"1","week3":"1","week4":"1","week5":"1","holidays":"0","blocksweepid":"1618114"}},{"type":"Feature","geometry":{"type":"LineString","coordinates":[[-122.420580608155,37.764996269981],[-122.420901270457,37.764976898832]]},"properties":{":id":"row-rgpf~m8b5_bef5",":version":"rv-u4wr.b78w.cebp",":created_at":"2026-03-10T12:37:08.575Z",":updated_at":"2026-03-10T12:37:08.575Z","cnn":"728000","corridor":"16th St","limits":"Hoff St  -  Julian Ave","cnnrightleft":"R","blockside":"North","fullname":"Sunday","weekday":"Sun","fromhour":"2","tohour":"6","week1":"1","week2":"1","week3":"1","week4":"1","week5":"1","holidays":"1","blocksweepid":"1613667","cleaning_days_abbr":"MTuWThFSaSu"}},{"type":"Feature","geometry":{"type":"LineString","coordinates":[[-122.389483281624,37.770656736146],[-122.389403815005,37.770551353164],[-122.389249190381,37.768933631722],[-122.389307715802,37.768819937334]]},"properties":{":id":"row-9xpy~rhyv.cu6x",":version":"rv-a3re~92rt_axws",":created_at":"2026-03-10T12:37:08.575Z",":updated_at":"2026-03-10T12:37:08.575Z","cnn":"185104","corridor":"03rd St","limits":"Mission Bay South Blvd  -  End:  Block","cnnrightleft":"L","blockside":null,"fullname":"Sunday","weekday":"Sun","fromhour":"2","tohour":"6","week1":"1","week2":"1","week3":"1","week4":"1","week5":"1","holidays":"1","blocksweepid":"1628945","cleaning_days_abbr":"MTuWThFSaSu"}},{"type":"Feature","geometry":{"type":"LineString","coordinates":[[-122.410951618189,37.78414101264],[-122.411139801283,37.785074596379]]},"properties":{":id":"row-sbai-t7cc-pfjj",":version":"rv-hvnx-wiy9_u3ma",":created_at":"2026-03-10T12:37:08.575Z",":updated_at":"2026-03-10T12:37:08.575Z","cnn":"12428000","corridor":"Taylor St","limits":"Eddy St  -  Ellis St","cnnrightleft":"R","blockside":"East","fullname":"Sunday","weekday":"Sun","fromhour":"6","tohour":"8","week1":"1","week2":"1","week3":"1","week4":"1","week5":"1","holidays":"0","blocksweepid":"1617065","cleaning_days_abbr":"TuThSu"}},{"type":"Feature","geometry":{"type":"LineString","coordinates":[[-122.399148598539,37.791016649255],[-122.399254567821,37.790997415021],[-122.399504510859,37.790805376314]]},"properties":{":id":"row-scq7-mjun~hu39",":version":"rv-pdc5-k3px_fxrg",":created_at":"2026-03-10T12:37:08.575Z",":updated_at":"2026-03-10T12:37:08.575Z","cnn":"8742201","corridor":"Market St","limits":"Bush St  -  Battery St","cnnrightleft":"R","blockside":"NorthWest","fullname":"Sunday","weekday":"Sun","fromhour":"5","tohour":"7","week1":"1","week2":"1","week3":"1","week4":"1","week5":"1","holidays":"1","blocksweepid":"1617977","cleaning_days_abbr":"MTuWThFSaSu"}},{"type":"Feature","geometry":{"type":"LineString","coordinates":[[-122.430110918362,37.729930587958],[-122.430081143846,37.729889135852],[-122.430122740895,37.729847277125],[-122.430181237448,37.729859826169]]},"properties":{":id":"row-yt9i.awnu~32i6",":version":"rv-cn2i.7865.xqc6",":created_at":"2026-03-10T12:37:08.575Z",":updated_at":"2026-03-10T12:37:08.575Z","cnn":"9152101","corridor":"Mission St","limits":"Ney St  -  Admiral Ave","cnnrightleft":"L","blockside":"SouthEast","fullname":"Sunday","weekday":"Sun","fromhour":"5","tohour":"7","week1":"1","week2":"1","week3":"1","week4":"1","week5":"1","holidays":"0","blocksweepid":"1641386","cleaning_days_abbr":"MTuWThFSaSu"}},{"type":"Feature","geometry":{"type":"LineString","coordinates":[[-122.396302004798,37.79325635015],[-122.396409582665,37.793238205143],[-122.396480439478,37.793182398772],[-122.396504486404,37.793097082824]]},"properties":{":id":"row-u2qt-vkr7_m6kb",":version":"rv-vbm2-38hm.iad2",":created_at":"2026-03-10T12:37:08.575Z",":updated_at":"2026-03-10T12:37:08.575Z","cnn":"8738201","corridor":"Market St","limits":"Drumm St  -  Main St","cnnrightleft":"R","blockside":"NorthWest","fullname":"Sunday","weekday":"Sun","fromhour":"5","tohour":"7","week1":"1","week2":"1","week3":"1","week4":"1","week5":"1","holidays":"1","blocksweepid":"1617973","cleaning_days_abbr":"MTuWThFSaSu"}},{"type":"Feature","geometry":{"type":"LineString","coordinates":[[-122.406944628746,37.797468973132],[-122.407016163317,37.797822302287]]},"properties":{":id":"row-9sae-f3x2_qie7",":version":"rv-b5ty_2mpy-4vbw",":created_at":"2026-03-10T12:37:08.575Z",":updated_at":"2026-03-10T12:37:08.575Z","cnn":"6399000","corridor":"Grant Ave","limits":"Jack Kerouac Aly  -  Broadway","cnnrightleft":"R","blockside":"East","fullname":"Sunday","weekday":"Sun","fromhour":"2","tohour":"6","week1":"1","week2":"1","week3":"1","week4":"1","week5":"1","holidays":"1","blocksweepid":"1606420","cleaning_days_abbr":"MTuWThFSaSu"}},{"type":"Feature","geometry":{"type":"LineString","coordinates":[[-122.388475894209,37.741107632071],[-122.388449723633,37.740995093851],[-122.388665377903,37.740383438572],[-122.388754589159,37.740317264063]]},"properties":{":id":"row-vtqw.ay76-msqp",":version":"rv-vcqm_thjv_2793",":created_at":"2026-03-10T12:37:08.575Z",":updated_at":"2026-03-10T12:37:08.575Z","cnn":"204101","corridor":"03rd St","limits":"Galvez Ave  -  Hudson Ave","cnnrightleft":"L","blockside":"East","fullname":"Sunday","weekday":"Sun","fromhour":"2","tohour":"6","week1":"1","week2":"1","week3":"1","week4":"1","week5":"1","holidays":"1","blocksweepid":"1629085","cleaning_days_abbr":"MTuWThFSaSu"}},{"type":"Feature","geometry":{"type":"LineString","coordinates":[[-122.4061628586,37.778942761943],[-122.405615266245,37.778505104586]]},"properties":{":id":"row-hegi_uubr~dfbt",":version":"rv-gven~iyi8_67v2",":created_at":"2026-03-10T12:37:08.575Z",":updated_at":"2026-03-10T12:37:08.575Z","cnn":"334000","corridor":"06th St","limits":"Clementina St  -  Folsom St","cnnrightleft":"R","blockside":"SouthWest","fullname":"Sunday","weekday":"Sun","fromhour":"4","tohour":"6","week1":"1","week2":"1","week3":"1","week4":"1","week5":"1","holidays":"0","blocksweepid":"1636402","cleaning_days_abbr":"MTuWThFSaSu"}},{"type":"Feature","geometry":{"type":"LineString","coordinates":[[-122.418352033444,37.772222179964],[-122.41822616606,37.772130900909],[-122.41783138732,37.770810880908],[-122.417758805993,37.770685747519],[-122.41765283126,37.770524072815],[-122.417609443379,37.770407417341]]},"properties":{":id":"row-2435~sre2_rrvu",":version":"rv-58xz~ifmf.kzhm",":created_at":"2026-03-10T12:37:08.575Z",":updated_at":"2026-03-10T12:37:08.575Z","cnn":"12017101","corridor":"South Van Ness Ave","limits":"12th St  -  Howard St","cnnrightleft":"L","blockside":"East","fullname":"Sunday","weekday":"Sun","fromhour":"4","tohour":"6","week1":"1","week2":"1","week3":"1","week4":"1","week5":"1","holidays":"0","blocksweepid":"1611092","cleaning_days_abbr":"MTuWThFSaSu"}},{"type":"Feature","geometry":{"type":"LineString","coordinates":[[-122.469056678361,37.737969881636],[-122.469061311671,37.737924714622],[-122.469906653762,37.737219690543],[-122.470503995124,37.736613916044],[-122.470574087741,37.736589028986]]},"properties":{":id":"row-z2ad_gvdd~m7vy",":version":"rv-gzze~4ejr.kk78",":created_at":"2026-03-10T12:37:08.575Z",":updated_at":"2026-03-10T12:37:08.575Z","cnn":"13579101","corridor":"West Portal Ave","limits":"14th Ave  -  15th Ave","cnnrightleft":"L","blockside":"SouthEast","fullname":"Sunday","weekday":"Sun","fromhour":"5","tohour":"7","week1":"1","week2":"1","week3":"1","week4":"1","week5":"1","holidays":"0","blocksweepid":"1601124","cleaning_days_abbr":"MTuWThFSu"}},{"type":"Feature","geometry":{"type":"LineString","coordinates":[[-122.396302004798,37.79325635015],[-122.396325818345,37.793171168793],[-122.396395373681,37.793116500794],[-122.396504486404,37.793097082824]]},"properties":{":id":"row-hm8z_nkrr~ty6h",":version":"rv-jwva-qgyn_fi74",":created_at":"2026-03-10T12:37:08.575Z",":updated_at":"2026-03-10T12:37:08.575Z","cnn":"8738101","corridor":"Market St","limits":"Drumm St  -  Main St","cnnrightleft":"L","blockside":"SouthEast","fullname":"Sunday","weekday":"Sun","fromhour":"5","tohour":"7","week1":"1","week2":"1","week3":"1","week4":"1","week5":"1","holidays":"1","blocksweepid":"1640590","cleaning_days_abbr":"MTuWThFSaSu"}},{"type":"Feature","geometry":{"type":"LineString","coordinates":[[-122.476169188894,37.780475849877],[-122.476307354307,37.780545722034],[-122.477113735701,37.780504650827],[-122.477239888062,37.780439636793]]},"properties":{":id":"row-7z7c-hmt8.g85k",":version":"rv-j2tf_awv3.4qde",":created_at":"2026-03-10T12:37:08.575Z",":updated_at":"2026-03-10T12:37:08.575Z","cnn":"6074201","corridor":"Geary Blvd","limits":"17th Ave  -  18th Ave","cnnrightleft":"R","blockside":"North","fullname":"Sunday","weekday":"Sun","fromhour":"7","tohour":"8","week1":"1","week2":"1","week3":"1","week4":"1","week5":"1","holidays":"0","blocksweepid":"1611382","cleaning_days_abbr":"TuThSu"}},{"type":"Feature","geometry":{"type":"LineString","coordinates":[[-122.422514943906,37.791288891217],[-122.422636339427,37.79136917603],[-122.422777819191,37.792068403537],[-122.422694163657,37.792174644917]]},"properties":{":id":"row-ujfp~cbrm_vccs",":version":"rv-76qs-az69-yh7q",":created_at":"2026-03-10T12:37:08.575Z",":updated_at":"2026-03-10T12:37:08.575Z","cnn":"13159101","corridor":"Van Ness Ave","limits":"Sacramento St  -  Clay St","cnnrightleft":"L","blockside":"West","fullname":"Sunday","weekday":"Sun","fromhour":"4","tohour":"6","week1":"1","week2":"1","week3":"1","week4":"1","week5":"1","holidays":"0","blocksweepid":"1599001","cleaning_days_abbr":"MTuWThFSaSu"}},{"type":"Feature","geometry":{"type":"LineString","coordinates":[[-122.439500375127,37.718467225658],[-122.439556963013,37.718445718046],[-122.440106115464,37.717719306152],[-122.440106607185,37.717665309709]]},"properties":{":id":"row-ekb6~j86k.r77c",":version":"rv-yrp4-taj6~fuqi",":created_at":"2026-03-10T12:37:08.575Z",":updated_at":"2026-03-10T12:37:08.575Z","cnn":"9175201","corridor":"Mission St","limits":"Italy Ave  -  Seneca Ave","cnnrightleft":"R","blockside":"NorthWest","fullname":"Sunday","weekday":"Sun","fromhour":"5","tohour":"7","week1":"1","week2":"1","week3":"1","week4":"1","week5":"1","holidays":"0","blocksweepid":"1626449","cleaning_days_abbr":"MTuWThFSaSu"}},{"type":"Feature","geometry":{"type":"LineString","coordinates":[[-122.430181237448,37.729859826169],[-122.430185909059,37.729783711423],[-122.43072257046,37.729243665369],[-122.430809255803,37.729227846343]]},"properties":{":id":"row-tkr4~rabk_rjmu",":version":"rv-g3mv-znec_e8fq",":created_at":"2026-03-10T12:37:08.575Z",":updated_at":"2026-03-10T12:37:08.575Z","cnn":"9153101","corridor":"Mission St","limits":"Admiral Ave  -  Maynard St","cnnrightleft":"L","blockside":"SouthEast","fullname":"Sunday","weekday":"Sun","fromhour":"5","tohour":"7","week1":"1","week2":"1","week3":"1","week4":"1","week5":"1","holidays":"0","blocksweepid":"1641387","cleaning_days_abbr":"MTuWThFSaSu"}},{"type":"Feature","geometry":{"type":"LineString","coordinates":[[-122.441554284708,37.71575344485],[-122.441691159313,37.715572699572]]},"properties":{":id":"row-zwuj~y2z5_vizs",":version":"rv-gi93.fvnr~ph5v",":created_at":"2026-03-10T12:37:08.575Z",":updated_at":"2026-03-10T12:37:08.575Z","cnn":"9179000","corridor":"Mission St","limits":"Rolph St  -  Niagara Ave","cnnrightleft":"R","blockside":"NorthWest","fullname":"Sunday","weekday":"Sun","fromhour":"5","tohour":"7","week1":"1","week2":"1","week3":"1","week4":"1","week5":"1","holidays":"0","blocksweepid":"1626453","cleaning_days_abbr":"MTuWThFSaSu"}},{"type":"Feature","geometry":{"type":"LineString","coordinates":[[-122.447672442697,37.71074852298],[-122.448376961959,37.710372707695]]},"properties":{":id":"row-etx5-5mg5_67ga",":version":"rv-56ye.kxp9-wv5r",":created_at":"2026-03-10T12:37:08.575Z",":updated_at":"2026-03-10T12:37:08.575Z","cnn":"9191000","corridor":"Mission St","limits":"Whipple Ave  -  Morse St","cnnrightleft":"L","blockside":"SouthEast","fullname":"Sunday","weekday":"Sun","fromhour":"5","tohour":"7","week1":"1","week2":"1","week3":"1","week4":"1","week5":"1","holidays":"0","blocksweepid":"1626601","cleaning_days_abbr":"MTuWThFSaSu"}},{"type":"Feature","geometry":{"type":"LineString","coordinates":[[-122.396504486404,37.793097082824],[-122.39652684289,37.793013169526],[-122.397277131389,37.79242345485],[-122.397383445616,37.792405521236]]},"properties":{":id":"row-aw6p.ay62-bpya",":version":"rv-3sit_pgdj.epbd",":created_at":"2026-03-10T12:37:08.575Z",":updated_at":"2026-03-10T12:37:08.575Z","cnn":"8739101","corridor":"Market St","limits":"Main St  -  Pine St","cnnrightleft":"L","blockside":"SouthEast","fullname":"Sunday","weekday":"Sun","fromhour":"5","tohour":"7","week1":"1","week2":"1","week3":"1","week4":"1","week5":"1","holidays":"1","blocksweepid":"1640591","cleaning_days_abbr":"MTuWThFSaSu"}},{"type":"Feature","geometry":{"type":"LineString","coordinates":[[-122.422694163657,37.792174644917],[-122.422610507892,37.792280886586],[-122.422749895775,37.792969767728],[-122.422871202196,37.793050003145]]},"properties":{":id":"row-gx68~i5fr-y6g4",":version":"rv-vpwc~u2gp~wjwa",":created_at":"2026-03-10T12:37:08.575Z",":updated_at":"2026-03-10T12:37:08.575Z","cnn":"13160201","corridor":"Van Ness Ave","limits":"Clay St  -  Washington St","cnnrightleft":"R","blockside":"East","fullname":"Sunday","weekday":"Sun","fromhour":"4","tohour":"6","week1":"1","week2":"1","week3":"1","week4":"1","week5":"1","holidays":"0","blocksweepid":"1639896","cleaning_days_abbr":"MTuWThFSaSu"}},{"type":"Feature","geometry":{"type":"LineString","coordinates":[[-122.410968053917,37.735183548785],[-122.410845459378,37.735228872301],[-122.41071803763,37.735228049611],[-122.41054739991,37.735245261783],[-122.410453616003,37.73527856179],[-122.410005753357,37.735519341565],[-122.409709955409,37.73568968163],[-122.409476795378,37.735923605129],[-122.409260263224,37.736209716312],[-122.409164044658,37.73645308385],[-122.409138477982,37.736822770996]]},"properties":{":id":"row-cntp~byt4_4thy",":version":"rv-jnic~8b9z.rus8",":created_at":"2026-03-10T12:37:08.575Z",":updated_at":"2026-03-10T12:37:08.575Z","cnn":"4502000","corridor":"Crescent Ave","limits":"Alemany Blvd Off Ramp  -  Peralta Ave","cnnrightleft":"R","blockside":"SouthEast","fullname":"Sunday","weekday":"Sun","fromhour":"1","tohour":"2","week1":"1","week2":"1","week3":"1","week4":"1","week5":"1","holidays":"0","blocksweepid":"1603379"}},{"type":"Feature","geometry":{"type":"LineString","coordinates":[[-122.393181332338,37.793230492385],[-122.394059623992,37.792537217256]]},"properties":{":id":"row-8uct~thvf-nvez",":version":"rv-s5fq-bcip.vup3",":created_at":"2026-03-10T12:37:08.575Z",":updated_at":"2026-03-10T12:37:08.575Z","cnn":"9083000","corridor":"Mission St","limits":"Steuart St  -  Spear St","cnnrightleft":"L","blockside":"SouthEast","fullname":"Sunday","weekday":"Sun","fromhour":"2","tohour":"6","week1":"1","week2":"1","week3":"1","week4":"1","week5":"1","holidays":"1","blocksweepid":"1618941","cleaning_days_abbr":"MTuWThFSaSu"}},{"type":"Feature","geometry":{"type":"LineString","coordinates":[[-122.510341319396,37.764000833634],[-122.510406841337,37.763868537312],[-122.510173739086,37.762100947908],[-122.509691140123,37.758430997502],[-122.509195894343,37.754588218589],[-122.508711797707,37.750869183417],[-122.50682375967,37.736220979422],[-122.506795851345,37.735626083924],[-122.506717428299,37.735469757819]]},"properties":{":id":"row-pccu.u4tp-6s8m",":version":"rv-8n9j.i5dv-im44",":created_at":"2026-03-10T12:37:08.575Z",":updated_at":"2026-03-10T12:37:08.575Z","cnn":"6436201","corridor":"Great Hwy","limits":"Lincoln Way  -  Sloat Blvd","cnnrightleft":"L","blockside":"East","fullname":"Sunday","weekday":"Sun","fromhour":"5","tohour":"7","week1":"1","week2":"1","week3":"1","week4":"1","week5":"1","holidays":"0","blocksweepid":"1613578","cleaning_days_abbr":"MTuWThFSaSu"}},{"type":"Feature","geometry":{"type":"LineString","coordinates":[[-122.390416264113,37.735590520553],[-122.390515009788,37.735511015505],[-122.390712490519,37.734946583863],[-122.390693772313,37.734797359098]]},"properties":{":id":"row-qfp2-hknd_te4k",":version":"rv-msb3-tw2z~nbpy",":created_at":"2026-03-10T12:37:08.575Z",":updated_at":"2026-03-10T12:37:08.575Z","cnn":"211201","corridor":"03rd St","limits":"Newcomb Ave  -  Oakdale Ave","cnnrightleft":"R","blockside":"West","fullname":"Sunday","weekday":"Sun","fromhour":"2","tohour":"6","week1":"1","week2":"1","week3":"1","week4":"1","week5":"1","holidays":"1","blocksweepid":"1613821","cleaning_days_abbr":"MTuWThFSaSu"}},{"type":"Feature","geometry":{"type":"LineString","coordinates":[[-122.417338880528,37.782378943181],[-122.417528773794,37.783310889584]]},"properties":{":id":"row-r353~ga5p-hgyg",":version":"rv-53a7_jxa4-7cn4",":created_at":"2026-03-10T12:37:08.575Z",":updated_at":"2026-03-10T12:37:08.575Z","cnn":"8125000","corridor":"Larkin St","limits":"Turk St  -  Eddy St","cnnrightleft":"R","blockside":"East","fullname":"Sunday","weekday":"Sun","fromhour":"6","tohour":"8","week1":"1","week2":"1","week3":"1","week4":"1","week5":"1","holidays":"0","blocksweepid":"1616650","cleaning_days_abbr":"TuThSu"}},{"type":"Feature","geometry":{"type":"LineString","coordinates":[[-122.396841427359,37.782119122026],[-122.396379518889,37.781750284029]]},"properties":{":id":"row-572r-gehx.dmfw",":version":"rv-iwrw_jwy5-wbyw",":created_at":"2026-03-10T12:37:08.575Z",":updated_at":"2026-03-10T12:37:08.575Z","cnn":"173000","corridor":"03rd St","limits":"Perry St  -  Stillman St","cnnrightleft":"R","blockside":"SouthWest","fullname":"Sunday","weekday":"Sun","fromhour":"2","tohour":"6","week1":"1","week2":"1","week3":"1","week4":"1","week5":"1","holidays":"1","blocksweepid":"1628684","cleaning_days_abbr":"MTuWThFSaSu"}},{"type":"Feature","geometry":{"type":"LineString","coordinates":[[-122.404583316994,37.786730565979],[-122.40486893408,37.78690492751],[-122.40504139842,37.787765496043]]},"properties":{":id":"row-jv8e_thxe-5i2a",":version":"rv-qwaj~xpx7~dqcr",":created_at":"2026-03-10T12:37:08.575Z",":updated_at":"2026-03-10T12:37:08.575Z","cnn":"6381000","corridor":"Grant Ave","limits":"Market St  -  Geary St","cnnrightleft":"R","blockside":"East","fullname":"Sunday","weekday":"Sun","fromhour":"2","tohour":"6","week1":"1","week2":"1","week3":"1","week4":"1","week5":"1","holidays":"0","blocksweepid":"1606392","cleaning_days_abbr":"TuThSu"}},{"type":"Feature","geometry":{"type":"LineString","coordinates":[[-122.412523835628,37.80862485022],[-122.414164433951,37.808421059353]]},"properties":{":id":"row-friw~k8m6~xvei",":version":"rv-fsy9~7igd.rm9f",":created_at":"2026-03-10T12:37:08.575Z",":updated_at":"2026-03-10T12:37:08.575Z","cnn":"7455000","corridor":"Jefferson St","limits":"Powell St  -  Mason St","cnnrightleft":"R","blockside":"North","fullname":"Sunday","weekday":"Sun","fromhour":"1","tohour":"3","week1":"1","week2":"1","week3":"1","week4":"1","week5":"1","holidays":"1","blocksweepid":"1597396","cleaning_days_abbr":"MTuWThFSaSu"}},{"type":"Feature","geometry":{"type":"LineString","coordinates":[[-122.44232816259,37.71783344576],[-122.44225104836,37.717689140743],[-122.441734644486,37.717273573619],[-122.441622840547,37.717258173255]]},"properties":{":id":"row-vmj3.tn6q~cf75",":version":"rv-ijmn~s6i6-7yja",":created_at":"2026-03-10T12:37:08.575Z",":updated_at":"2026-03-10T12:37:08.575Z","cnn":"6136201","corridor":"Geneva Ave","limits":"Alemany Blvd  -  Gloria Ct","cnnrightleft":"R","blockside":"SouthWest","fullname":"Sunday","weekday":"Sun","fromhour":"5","tohour":"7","week1":"1","week2":"1","week3":"1","week4":"1","week5":"1","holidays":"0","blocksweepid":"1606199","cleaning_days_abbr":"MWThFSaSu"}},{"type":"Feature","geometry":{"type":"LineString","coordinates":[[-122.405068509169,37.778068981832],[-122.40460550599,37.777699659847]]},"properties":{":id":"row-w5zy~kz7n~26eg",":version":"rv-rbq9_kwyh_gwm8",":created_at":"2026-03-10T12:37:08.575Z",":updated_at":"2026-03-10T12:37:08.575Z","cnn":"336000","corridor":"06th St","limits":"Shipley St  -  Clara St","cnnrightleft":"L","blockside":"NorthEast","fullname":"Sunday","weekday":"Sun","fromhour":"4","tohour":"6","week1":"1","week2":"1","week3":"1","week4":"1","week5":"1","holidays":"0","blocksweepid":"1614302","cleaning_days_abbr":"MTuWThFSaSu"}},{"type":"Feature","geometry":{"type":"LineString","coordinates":[[-122.420439517797,37.781030842108],[-122.420552025357,37.781125672257],[-122.420692782737,37.781851534699],[-122.420638249635,37.781960765928]]},"properties":{":id":"row-bacn.3gen.buge",":version":"rv-twxr~tj6z-yzez",":created_at":"2026-03-10T12:37:08.575Z",":updated_at":"2026-03-10T12:37:08.575Z","cnn":"13148101","corridor":"Van Ness Ave","limits":"Golden Gate Ave  -  Turk St","cnnrightleft":"L","blockside":"West","fullname":"Sunday","weekday":"Sun","fromhour":"4","tohour":"6","week1":"1","week2":"1","week3":"1","week4":"1","week5":"1","holidays":"0","blocksweepid":"1598983","cleaning_days_abbr":"MTuWThFSaSu"}},{"type":"Feature","geometry":{"type":"LineString","coordinates":[[-122.413676360884,37.780926855234],[-122.415315614941,37.780719176738]]},"properties":{":id":"row-2bqr~t9sb-r8cx",":version":"rv-keq3~u74a~byd2",":created_at":"2026-03-10T12:37:08.575Z",":updated_at":"2026-03-10T12:37:08.575Z","cnn":"8890000","corridor":"McAllister St","limits":"Leavenworth St  -  Hyde St","cnnrightleft":"R","blockside":"North","fullname":"Sunday","weekday":"Sun","fromhour":"2","tohour":"6","week1":"1","week2":"1","week3":"1","week4":"1","week5":"1","holidays":"0","blocksweepid":"1599640","cleaning_days_abbr":"MWFSaSu"}},{"type":"Feature","geometry":{"type":"LineString","coordinates":[[-122.447672442697,37.71074852298],[-122.448376961959,37.710372707695]]},"properties":{":id":"row-3guc-6x2s.frae",":version":"rv-xuid_85xk-pfc4",":created_at":"2026-03-10T12:37:08.575Z",":updated_at":"2026-03-10T12:37:08.575Z","cnn":"9191000","corridor":"Mission St","limits":"Whipple Ave  -  Morse St","cnnrightleft":"R","blockside":"NorthWest","fullname":"Sunday","weekday":"Sun","fromhour":"5","tohour":"7","week1":"1","week2":"1","week3":"1","week4":"1","week5":"1","holidays":"0","blocksweepid":"1600113","cleaning_days_abbr":"MTuWThFSaSu"}},{"type":"Feature","geometry":{"type":"LineString","coordinates":[[-122.413865603598,37.781863339516],[-122.414683132079,37.781759091655]]},"properties":{":id":"row-peje.cnrd.wsrr",":version":"rv-wezg-ebd7.nmku",":created_at":"2026-03-10T12:37:08.575Z",":updated_at":"2026-03-10T12:37:08.575Z","cnn":"6261000","corridor":"Golden Gate Ave","limits":"Leavenworth St  -  Dale Pl","cnnrightleft":"L","blockside":"South","fullname":"Sunday","weekday":"Sun","fromhour":"6","tohour":"8","week1":"1","week2":"1","week3":"1","week4":"1","week5":"1","holidays":"0","blocksweepid":"1622239","cleaning_days_abbr":"TuThSu"}},{"type":"Feature","geometry":{"type":"LineString","coordinates":[[-122.408079101008,37.794940686929],[-122.408253202381,37.795823706119]]},"properties":{":id":"row-wgv9_h2sf.8px2",":version":"rv-4ps7.vtnm.vann",":created_at":"2026-03-10T12:37:08.575Z",":updated_at":"2026-03-10T12:37:08.575Z","cnn":"12206000","corridor":"Stockton St","limits":"Washington St  -  Jackson St","cnnrightleft":"R","blockside":"East","fullname":"Sunday","weekday":"Sun","fromhour":"2","tohour":"6","week1":"1","week2":"1","week3":"1","week4":"1","week5":"1","holidays":"1","blocksweepid":"1617176","cleaning_days_abbr":"MTuWThFSaSu"}},{"type":"Feature","geometry":{"type":"LineString","coordinates":[[-122.394926152382,37.723972563668],[-122.395063728567,37.723870061576],[-122.395296524638,37.723360499297],[-122.395264646671,37.723222334711]]},"properties":{":id":"row-mn5s_zwbb-dqrt",":version":"rv-rrnc_ztdz_xf4m",":created_at":"2026-03-10T12:37:08.575Z",":updated_at":"2026-03-10T12:37:08.575Z","cnn":"226201","corridor":"03rd St","limits":"Egbert Ave  -  Fitzgerald Ave","cnnrightleft":"R","blockside":"West","fullname":"Sunday","weekday":"Sun","fromhour":"2","tohour":"6","week1":"1","week2":"1","week3":"1","week4":"1","week5":"1","holidays":"1","blocksweepid":"1613836","cleaning_days_abbr":"MTuWThFSaSu"}},{"type":"Feature","geometry":{"type":"LineString","coordinates":[[-122.39661702614,37.720230912546],[-122.39661314457,37.720061515712],[-122.396854466855,37.719528280764],[-122.396954352132,37.719476578525]]},"properties":{":id":"row-w5i9-skfy_gwtk",":version":"rv-c92m.c5wh-sdjg",":created_at":"2026-03-10T12:37:08.575Z",":updated_at":"2026-03-10T12:37:08.575Z","cnn":"231101","corridor":"03rd St","limits":"Jamestown Ave  -  Key Ave","cnnrightleft":"L","blockside":"East","fullname":"Sunday","weekday":"Sun","fromhour":"2","tohour":"6","week1":"1","week2":"1","week3":"1","week4":"1","week5":"1","holidays":"1","blocksweepid":"1629116","cleaning_days_abbr":"TuWThSaSu"}},{"type":"Feature","geometry":{"type":"LineString","coordinates":[[-122.505257352258,37.735475288106],[-122.505376115589,37.735569694881],[-122.506135124963,37.735571117801]]},"properties":{":id":"row-z5im-ain4_4qy5",":version":"rv-yrmq.6at5_mhk4",":created_at":"2026-03-10T12:37:08.575Z",":updated_at":"2026-03-10T12:37:08.575Z","cnn":"11964201","corridor":"Sloat Blvd","limits":"47th Ave  -  Lower Great Hwy","cnnrightleft":"L","blockside":"South","fullname":"Sunday","weekday":"Sun","fromhour":"5","tohour":"7","week1":"1","week2":"1","week3":"1","week4":"1","week5":"1","holidays":"0","blocksweepid":"1605699","cleaning_days_abbr":"MTuWThFSaSu"}},{"type":"Feature","geometry":{"type":"LineString","coordinates":[[-122.398315825613,37.789177330318],[-122.398564293259,37.788981173596]]},"properties":{":id":"row-mtc4~tqxz_zykh",":version":"rv-xjb8-u36v-a8ij",":created_at":"2026-03-10T12:37:08.575Z",":updated_at":"2026-03-10T12:37:08.575Z","cnn":"9089000","corridor":"Mission St","limits":"Ecker St  -  Shaw Aly","cnnrightleft":"L","blockside":"SouthEast","fullname":"Sunday","weekday":"Sun","fromhour":"2","tohour":"6","week1":"1","week2":"1","week3":"1","week4":"1","week5":"1","holidays":"1","blocksweepid":"1618947","cleaning_days_abbr":"MTuWThFSaSu"}},{"type":"Feature","geometry":{"type":"LineString","coordinates":[[-122.444743290829,37.712622217509],[-122.445528472041,37.711886570412],[-122.446091130186,37.711592021277]]},"properties":{":id":"row-srhg~b5cy_j42b",":version":"rv-ybsz_j9sb~srs4",":created_at":"2026-03-10T12:37:08.575Z",":updated_at":"2026-03-10T12:37:08.575Z","cnn":"9188000","corridor":"Mission St","limits":"Foote Ave  -  Naglee Ave","cnnrightleft":"L","blockside":"SouthEast","fullname":"Sunday","weekday":"Sun","fromhour":"5","tohour":"7","week1":"1","week2":"1","week3":"1","week4":"1","week5":"1","holidays":"0","blocksweepid":"1626598","cleaning_days_abbr":"MTuWThFSaSu"}},{"type":"Feature","geometry":{"type":"LineString","coordinates":[[-122.463627289534,37.754788065242],[-122.463608173841,37.754736474514],[-122.463655363839,37.75458966359],[-122.463769766997,37.75414178619],[-122.463772886686,37.753815081159],[-122.463711492247,37.753617943113],[-122.463577677991,37.753334468885],[-122.463341379983,37.753012033635],[-122.463114319871,37.752780367224],[-122.462723792833,37.752488143726],[-122.462413876497,37.752222244856],[-122.462124638705,37.751902921869],[-122.461810148565,37.75166848478],[-122.461586786305,37.751564729435],[-122.461523603206,37.751503561269]]},"properties":{":id":"row-7bqq_ajhm.gvzz",":version":"rv-cxi8~xx9m.fzcf",":created_at":"2026-03-10T12:37:08.575Z",":updated_at":"2026-03-10T12:37:08.575Z","cnn":"7988101","corridor":"Laguna Honda Blvd","limits":"Noriega St  -  Clarendon Ave","cnnrightleft":"L","blockside":"NorthEast","fullname":"Sunday","weekday":"Sun","fromhour":"5","tohour":"7","week1":"1","week2":"1","week3":"1","week4":"1","week5":"1","holidays":"0","blocksweepid":"1624192","cleaning_days_abbr":"FSu"}},{"type":"Feature","geometry":{"type":"LineString","coordinates":[[-122.437149524136,37.721575001258],[-122.437209107783,37.721549603882],[-122.437457087217,37.721222175385],[-122.437461139482,37.721163548823]]},"properties":{":id":"row-pxkc-etnt-rscc",":version":"rv-ihfv.mq24.ywim",":created_at":"2026-03-10T12:37:08.575Z",":updated_at":"2026-03-10T12:37:08.575Z","cnn":"9171201","corridor":"Mission St","limits":"Russia Ave  -  Onondaga Ave","cnnrightleft":"R","blockside":"NorthWest","fullname":"Sunday","weekday":"Sun","fromhour":"5","tohour":"7","week1":"1","week2":"1","week3":"1","week4":"1","week5":"1","holidays":"0","blocksweepid":"1626445","cleaning_days_abbr":"MTuWThFSaSu"}},{"type":"Feature","geometry":{"type":"LineString","coordinates":[[-122.40222863939,37.798429702041],[-122.403075017383,37.798323274712]]},"properties":{":id":"row-6c7h~sdu8~cnga",":version":"rv-iftf.etfd.pg6j",":created_at":"2026-03-10T12:37:08.575Z",":updated_at":"2026-03-10T12:37:08.575Z","cnn":"3146000","corridor":"Broadway","limits":"Sansome St  -  Osgood Pl","cnnrightleft":"L","blockside":"South","fullname":"Sunday","weekday":"Sun","fromhour":"4","tohour":"6","week1":"1","week2":"1","week3":"1","week4":"1","week5":"1","holidays":"0","blocksweepid":"1627463","cleaning_days_abbr":"MTuWThFSaSu"}},{"type":"Feature","geometry":{"type":"LineString","coordinates":[[-122.412523835628,37.80862485022],[-122.414164433951,37.808421059353]]},"properties":{":id":"row-xv2p~qn2e~kcvs",":version":"rv-pv2v_fziq~85sy",":created_at":"2026-03-10T12:37:08.575Z",":updated_at":"2026-03-10T12:37:08.575Z","cnn":"7455000","corridor":"Jefferson St","limits":"Powell St  -  Mason St","cnnrightleft":"L","blockside":"South","fullname":"Sunday","weekday":"Sun","fromhour":"1","tohour":"3","week1":"1","week2":"1","week3":"1","week4":"1","week5":"1","holidays":"1","blocksweepid":"1597401","cleaning_days_abbr":"MTuWThFSaSu"}},{"type":"Feature","geometry":{"type":"LineString","coordinates":[[-122.496635997254,37.733770843107],[-122.496770432638,37.733699938215],[-122.497251243498,37.733729647813],[-122.497707486594,37.733793125062],[-122.498050147765,37.733858526817],[-122.498483756471,37.733969859843],[-122.498948533095,37.734128137408],[-122.499154340355,37.734219595274],[-122.499196335499,37.734311616301]]},"properties":{":id":"row-q3nd_gcr4~gwt5",":version":"rv-4rkg.hx97~p5p4",":created_at":"2026-03-10T12:37:08.575Z",":updated_at":"2026-03-10T12:37:08.575Z","cnn":"11960101","corridor":"Sloat Blvd","limits":"39th Ave  -  41st Ave","cnnrightleft":"L","blockside":"South","fullname":"Sunday","weekday":"Sun","fromhour":"5","tohour":"7","week1":"1","week2":"1","week3":"1","week4":"1","week5":"1","holidays":"0","blocksweepid":"1621592","cleaning_days_abbr":"MTuWThFSaSu"}},{"type":"Feature","geometry":{"type":"LineString","coordinates":[[-122.505257352258,37.735475288106],[-122.505376115589,37.735569694881],[-122.506135124963,37.735571117801]]},"properties":{":id":"row-v4dp~tyzn~wiyf",":version":"rv-jcqj-htns.6rcm",":created_at":"2026-03-10T12:37:08.575Z",":updated_at":"2026-03-10T12:37:08.575Z","cnn":"11964201","corridor":"Sloat Blvd","limits":"47th Ave  -  Lower Great Hwy","cnnrightleft":"R","blockside":"North","fullname":"Sunday","weekday":"Sun","fromhour":"5","tohour":"7","week1":"1","week2":"1","week3":"1","week4":"1","week5":"1","holidays":"0","blocksweepid":"1605657","cleaning_days_abbr":"MTuWThFSaSu"}},{"type":"Feature","geometry":{"type":"LineString","coordinates":[[-122.48355355804,37.763278628629],[-122.484626652777,37.763231349017]]},"properties":{":id":"row-zzwr_i7eg~fp5u",":version":"rv-2gfb~x7kt_xkkc",":created_at":"2026-03-10T12:37:08.575Z",":updated_at":"2026-03-10T12:37:08.575Z","cnn":"7302000","corridor":"Irving St","limits":"25th Ave  -  26th Ave","cnnrightleft":"R","blockside":"North","fullname":"Sunday","weekday":"Sun","fromhour":"2","tohour":"4","week1":"1","week2":"1","week3":"1","week4":"1","week5":"1","holidays":"1","blocksweepid":"1638418","cleaning_days_abbr":"TuThSu"}},{"type":"Feature","geometry":{"type":"LineString","coordinates":[[-122.413157691449,37.777457419935],[-122.414106895841,37.776707688168]]},"properties":{":id":"row-wnmn~4yg5-dsai",":version":"rv-kss3~ysg3.2mtu",":created_at":"2026-03-10T12:37:08.575Z",":updated_at":"2026-03-10T12:37:08.575Z","cnn":"9103000","corridor":"Mission St","limits":"08th St  -  Laskie St","cnnrightleft":"R","blockside":"NorthWest","fullname":"Sunday","weekday":"Sun","fromhour":"2","tohour":"6","week1":"1","week2":"1","week3":"1","week4":"1","week5":"1","holidays":"1","blocksweepid":"1618514","cleaning_days_abbr":"MTuWThFSaSu"}},{"type":"Feature","geometry":{"type":"LineString","coordinates":[[-122.431293843553,37.728729547962],[-122.431800801752,37.728249466321]]},"properties":{":id":"row-ssnc-794q-jgfj",":version":"rv-k5kd.hbsp_ubve",":created_at":"2026-03-10T12:37:08.575Z",":updated_at":"2026-03-10T12:37:08.575Z","cnn":"9155000","corridor":"Mission St","limits":"Silver Ave  -  Tingley St","cnnrightleft":"L","blockside":"SouthEast","fullname":"Sunday","weekday":"Sun","fromhour":"5","tohour":"7","week1":"1","week2":"1","week3":"1","week4":"1","week5":"1","holidays":"0","blocksweepid":"1641389","cleaning_days_abbr":"MTuWThFSaSu"}},{"type":"Feature","geometry":{"type":"LineString","coordinates":[[-122.419181703701,37.783101400225],[-122.419273432237,37.783567785618]]},"properties":{":id":"row-k53q.uexk-bdy5",":version":"rv-cxjm.rr27.n73t",":created_at":"2026-03-10T12:37:08.575Z",":updated_at":"2026-03-10T12:37:08.575Z","cnn":"10555000","corridor":"Polk St","limits":"Eddy St  -  Willow St","cnnrightleft":"R","blockside":"East","fullname":"Sunday","weekday":"Sun","fromhour":"6","tohour":"8","week1":"1","week2":"1","week3":"1","week4":"1","week5":"1","holidays":"0","blocksweepid":"1619912","cleaning_days_abbr":"TuThSu"}},{"type":"Feature","geometry":{"type":"LineString","coordinates":[[-122.416947604956,37.780470341035],[-122.418598509318,37.780260133266]]},"properties":{":id":"row-dyam_niwj_su8d",":version":"rv-ftgr_s7nn-h7xd",":created_at":"2026-03-10T12:37:08.575Z",":updated_at":"2026-03-10T12:37:08.575Z","cnn":"8893000","corridor":"McAllister St","limits":"Larkin St  -  Polk St","cnnrightleft":"L","blockside":"South","fullname":"Sunday","weekday":"Sun","fromhour":"2","tohour":"6","week1":"1","week2":"1","week3":"1","week4":"1","week5":"1","holidays":"0","blocksweepid":"1599631","cleaning_days_abbr":"MTuWThFSaSu"}},{"type":"Feature","geometry":{"type":"LineString","coordinates":[[-122.450883666773,37.709412742176],[-122.452664721847,37.708806337672]]},"properties":{":id":"row-3693_fyze~emye",":version":"rv-d9r2_hrxd.4urv",":created_at":"2026-03-10T12:37:08.575Z",":updated_at":"2026-03-10T12:37:08.575Z","cnn":"9196000","corridor":"Mission St","limits":"Lawrence Ave  -  Sickles Ave","cnnrightleft":"L","blockside":"South","fullname":"Sunday","weekday":"Sun","fromhour":"5","tohour":"7","week1":"1","week2":"1","week3":"1","week4":"1","week5":"1","holidays":"0","blocksweepid":"1626606","cleaning_days_abbr":"MTuWThFSaSu"}},{"type":"Feature","geometry":{"type":"LineString","coordinates":[[-122.425791803963,37.734277998066],[-122.425790582474,37.734234996662],[-122.426056193664,37.733968737739],[-122.426114538813,37.733954475206]]},"properties":{":id":"row-geha~8ssd~vk8m",":version":"rv-aajv-bgf9_eqhf",":created_at":"2026-03-10T12:37:08.575Z",":updated_at":"2026-03-10T12:37:08.575Z","cnn":"9148101","corridor":"Mission St","limits":"College Ter  -  Saint Mary's Ave","cnnrightleft":"L","blockside":"SouthEast","fullname":"Sunday","weekday":"Sun","fromhour":"5","tohour":"7","week1":"1","week2":"1","week3":"1","week4":"1","week5":"1","holidays":"0","blocksweepid":"1641382","cleaning_days_abbr":"TuThSu"}},{"type":"Feature","geometry":{"type":"LineString","coordinates":[[-122.394926152382,37.723972563668],[-122.394923304891,37.723829988422],[-122.395156488343,37.723316889015],[-122.395264646671,37.723222334711]]},"properties":{":id":"row-z8nk-7urb.fksi",":version":"rv-cr63_qrrr_i29d",":created_at":"2026-03-10T12:37:08.575Z",":updated_at":"2026-03-10T12:37:08.575Z","cnn":"226101","corridor":"03rd St","limits":"Egbert Ave  -  Fitzgerald Ave","cnnrightleft":"L","blockside":"East","fullname":"Sunday","weekday":"Sun","fromhour":"2","tohour":"6","week1":"1","week2":"1","week3":"1","week4":"1","week5":"1","holidays":"1","blocksweepid":"1629110","cleaning_days_abbr":"MTuWThFSaSu"}},{"type":"Feature","geometry":{"type":"LineString","coordinates":[[-122.466426902298,37.780924587549],[-122.466555156503,37.780991430335],[-122.467373697304,37.780954779581],[-122.467487652492,37.780879714821]]},"properties":{":id":"row-kkcb~6u8b_gkq8",":version":"rv-xcfa.2fnh_9kcn",":created_at":"2026-03-10T12:37:08.575Z",":updated_at":"2026-03-10T12:37:08.575Z","cnn":"6064201","corridor":"Geary Blvd","limits":"08th Ave  -  09th Ave","cnnrightleft":"R","blockside":"North","fullname":"Sunday","weekday":"Sun","fromhour":"7","tohour":"8","week1":"1","week2":"1","week3":"1","week4":"1","week5":"1","holidays":"0","blocksweepid":"1611372","cleaning_days_abbr":"TuThSu"}},{"type":"Feature","geometry":{"type":"LineString","coordinates":[[-122.382522057226,37.715064587549],[-122.384402010628,37.71609096802]]},"properties":{":id":"row-m425-bejn.m3sc",":version":"rv-qcsz_ae73.dwz7",":created_at":"2026-03-10T12:37:08.575Z",":updated_at":"2026-03-10T12:37:08.575Z","cnn":"6184000","corridor":"Gilman Ave","limits":"Donahue St  -  Earl St","cnnrightleft":"L","blockside":"SouthWest","fullname":"Sunday","weekday":"Sun","fromhour":"7","tohour":"8","week1":"1","week2":"1","week3":"1","week4":"1","week5":"1","holidays":"0","blocksweepid":"1633119","cleaning_days_abbr":"WFSaSu"}},{"type":"Feature","geometry":{"type":"LineString","coordinates":[[-122.420255458708,37.780576218265],[-122.420336116046,37.780930891138],[-122.420439517797,37.781030842108]]},"properties":{":id":"row-vgef-5i5d~68d6",":version":"rv-tcdx_zeby~3hgc",":created_at":"2026-03-10T12:37:08.575Z",":updated_at":"2026-03-10T12:37:08.575Z","cnn":"13147202","corridor":"Van Ness Ave","limits":"Redwood St  -  Golden Gate Ave","cnnrightleft":"R","blockside":"East","fullname":"Sunday","weekday":"Sun","fromhour":"4","tohour":"6","week1":"1","week2":"1","week3":"1","week4":"1","week5":"1","holidays":"0","blocksweepid":"1639875","cleaning_days_abbr":"MTuWThFSaSu"}},{"type":"Feature","geometry":{"type":"LineString","coordinates":[[-122.39738553825,37.782553592904],[-122.396841427359,37.782119122026]]},"properties":{":id":"row-wmdx.4eqh-cujp",":version":"rv-m5v8~rpgx-r6vd",":created_at":"2025-06-19T16:07:35.272Z",":updated_at":"2025-06-19T16:07:35.272Z","cnn":"172000","corridor":"03rd St","limits":"Harrison St  -  Perry St","cnnrightleft":"R","blockside":"SouthWest","fullname":"Sunday","weekday":"Sun","fromhour":"2","tohour":"6","week1":"1","week2":"1","week3":"1","week4":"1","week5":"1","holidays":"1","blocksweepid":"1628683","cleaning_days_abbr":"MTuWThFSaSu"}},{"type":"Feature","geometry":{"type":"LineString","coordinates":[[-122.408066547135,37.7839914871],[-122.40809237983,37.78390630087],[-122.408854777185,37.78330570051],[-122.40895215881,37.783287852635]]},"properties":{":id":"row-kmk4~sk4k~jrmm",":version":"rv-f399-sbg7_bcfu",":created_at":"2026-03-10T12:37:08.575Z",":updated_at":"2026-03-10T12:37:08.575Z","cnn":"8748101","corridor":"Market St","limits":"05th St  -  Mason St","cnnrightleft":"L","blockside":"SouthEast","fullname":"Sunday","weekday":"Sun","fromhour":"5","tohour":"7","week1":"1","week2":"1","week3":"1","week4":"1","week5":"1","holidays":"1","blocksweepid":"1618096","cleaning_days_abbr":"MTuWThFSaSu"}},{"type":"Feature","geometry":{"type":"LineString","coordinates":[[-122.504185330568,37.735557882752],[-122.50515321079,37.735564869154],[-122.505257352258,37.735475288106]]},"properties":{":id":"row-hp3k~gvi7~ybgh",":version":"rv-k7br_ukqf_34de",":created_at":"2026-03-10T12:37:08.575Z",":updated_at":"2026-03-10T12:37:08.575Z","cnn":"11963202","corridor":"Sloat Blvd","limits":"46th Ave  -  47th Ave","cnnrightleft":"R","blockside":"North","fullname":"Sunday","weekday":"Sun","fromhour":"5","tohour":"7","week1":"1","week2":"1","week3":"1","week4":"1","week5":"1","holidays":"0","blocksweepid":"1605656","cleaning_days_abbr":"MTuWThFSaSu"}},{"type":"Feature","geometry":{"type":"LineString","coordinates":[[-122.419885764063,37.745595096744],[-122.420019126612,37.745389020592]]},"properties":{":id":"row-9wnb-m8fn~nb3h",":version":"rv-z2s4~jf3j-eydh",":created_at":"2026-03-10T12:37:08.575Z",":updated_at":"2026-03-10T12:37:08.575Z","cnn":"9132000","corridor":"Mission St","limits":"Fair Ave  -  Valencia St","cnnrightleft":"R","blockside":"NorthWest","fullname":"Sunday","weekday":"Sun","fromhour":"5","tohour":"7","week1":"1","week2":"1","week3":"1","week4":"1","week5":"1","holidays":"0","blocksweepid":"1599884","cleaning_days_abbr":"MTuWThFSaSu"}},{"type":"Feature","geometry":{"type":"LineString","coordinates":[[-122.405512936056,37.797064590557],[-122.406226437742,37.797558810251]]},"properties":{":id":"row-hawh.779b-dtk2",":version":"rv-avy3~7ig3~n7qi",":created_at":"2026-03-10T12:37:08.575Z",":updated_at":"2026-03-10T12:37:08.575Z","cnn":"4290000","corridor":"Columbus Ave","limits":"Pacific Ave  -  Jack Kerouac Aly","cnnrightleft":"L","blockside":"SouthWest","fullname":"Sunday","weekday":"Sun","fromhour":"4","tohour":"6","week1":"1","week2":"1","week3":"1","week4":"1","week5":"1","holidays":"0","blocksweepid":"1629892","cleaning_days_abbr":"MTuWThFSaSu"}},{"type":"Feature","geometry":{"type":"LineString","coordinates":[[-122.424852598549,37.77074774518],[-122.424879423409,37.770656894152],[-122.426200328497,37.769618675796],[-122.426309438393,37.769602597207]]},"properties":{":id":"row-prd8.aahb.6cwu",":version":"rv-q2vc~kfea-de95",":created_at":"2026-03-10T12:37:08.575Z",":updated_at":"2026-03-10T12:37:08.575Z","cnn":"8761101","corridor":"Market St","limits":"Laguna St  -  Buchanan St","cnnrightleft":"R","blockside":"NorthWest","fullname":"Sunday","weekday":"Sun","fromhour":"8","tohour":"9","week1":"1","week2":"1","week3":"1","week4":"1","week5":"1","holidays":"0","blocksweepid":"1618115"}},{"type":"Feature","geometry":{"type":"LineString","coordinates":[[-122.414241572962,37.78372378285],[-122.41443019869,37.784657140749]]},"properties":{":id":"row-ngyj-nawa~mwkm",":version":"rv-qmwi~b3bw~b758",":created_at":"2026-03-10T12:37:08.575Z",":updated_at":"2026-03-10T12:37:08.575Z","cnn":"8241000","corridor":"Leavenworth St","limits":"Eddy St  -  Ellis St","cnnrightleft":"R","blockside":"East","fullname":"Sunday","weekday":"Sun","fromhour":"6","tohour":"8","week1":"1","week2":"1","week3":"1","week4":"1","week5":"1","holidays":"0","blocksweepid":"1616831","cleaning_days_abbr":"TuThSu"}},{"type":"Feature","geometry":{"type":"LineString","coordinates":[[-122.434870379142,37.724587706064],[-122.435312570521,37.724004909119]]},"properties":{":id":"row-jqt9.iq6s~rvsv",":version":"rv-vmxv~vayq~jcw7",":created_at":"2026-03-10T12:37:08.575Z",":updated_at":"2026-03-10T12:37:08.575Z","cnn":"9165000","corridor":"Mission St","limits":"Norton St  -  San Juan Ave","cnnrightleft":"L","blockside":"SouthEast","fullname":"Sunday","weekday":"Sun","fromhour":"5","tohour":"7","week1":"1","week2":"1","week3":"1","week4":"1","week5":"1","holidays":"0","blocksweepid":"1641399","cleaning_days_abbr":"MTuWThFSaSu"}},{"type":"Feature","geometry":{"type":"LineString","coordinates":[[-122.417901410401,37.785167214987],[-122.419547853966,37.784960259485]]},"properties":{":id":"row-y9qa~xk4e-tg43",":version":"rv-ypeb-vupz-5a8t",":created_at":"2026-03-10T12:37:08.575Z",":updated_at":"2026-03-10T12:37:08.575Z","cnn":"9734000","corridor":"O'Farrell St","limits":"Larkin St  -  Polk St","cnnrightleft":"L","blockside":"South","fullname":"Sunday","weekday":"Sun","fromhour":"6","tohour":"8","week1":"1","week2":"1","week3":"1","week4":"1","week5":"1","holidays":"0","blocksweepid":"1603712","cleaning_days_abbr":"TuThSu"}},{"type":"Feature","geometry":{"type":"LineString","coordinates":[[-122.395405270407,37.796682895937],[-122.395559619891,37.796686086591],[-122.396040211807,37.797200808826],[-122.396683997695,37.797941399352],[-122.397697326951,37.799068911502],[-122.397669948657,37.799234483026]]},"properties":{":id":"row-dvxt~px23~xpq2",":version":"rv-4fec~fkvb-mdcd",":created_at":"2026-03-10T12:37:08.575Z",":updated_at":"2026-03-10T12:37:08.575Z","cnn":"12554101","corridor":"The Embarcadero","limits":"Washington St  -  Broadway","cnnrightleft":"L","blockside":"SouthWest","fullname":"Sunday","weekday":"Sun","fromhour":"1","tohour":"3","week1":"1","week2":"1","week3":"1","week4":"1","week5":"1","holidays":"1","blocksweepid":"1639576","cleaning_days_abbr":"MTuWThFSaSu"}},{"type":"Feature","geometry":{"type":"LineString","coordinates":[[-122.473982470231,37.780575382328],[-122.474104513994,37.780644352594],[-122.474975753131,37.780609471084],[-122.475083580853,37.78052853468]]},"properties":{":id":"row-xh7j_5w75~gdvk",":version":"rv-nhhz.6m4b_czxs",":created_at":"2026-03-10T12:37:08.575Z",":updated_at":"2026-03-10T12:37:08.575Z","cnn":"6072201","corridor":"Geary Blvd","limits":"15th Ave  -  16th Ave","cnnrightleft":"R","blockside":"North","fullname":"Sunday","weekday":"Sun","fromhour":"7","tohour":"8","week1":"1","week2":"1","week3":"1","week4":"1","week5":"1","holidays":"0","blocksweepid":"1611380","cleaning_days_abbr":"TuThSu"}},{"type":"Feature","geometry":{"type":"LineString","coordinates":[[-122.411985369438,37.780951763547],[-122.41249188888,37.780551682075],[-122.4125122556,37.780478512272]]},"properties":{":id":"row-wfuc_prwn~xw6f",":version":"rv-yn7f-b8h8~puuv",":created_at":"2026-03-10T12:37:08.575Z",":updated_at":"2026-03-10T12:37:08.575Z","cnn":"8750203","corridor":"Market St","limits":"Jones St  -  07th St","cnnrightleft":"R","blockside":"NorthWest","fullname":"Sunday","weekday":"Sun","fromhour":"5","tohour":"7","week1":"1","week2":"1","week3":"1","week4":"1","week5":"1","holidays":"1","blocksweepid":"1617991","cleaning_days_abbr":"MTuWThFSaSu"}},{"type":"Feature","geometry":{"type":"LineString","coordinates":[[-122.426309438393,37.769602597207],[-122.426555125847,37.769485328619],[-122.427462057785,37.768770498752]]},"properties":{":id":"row-2yq6-6j2i_crd6",":version":"rv-5c2r~3d5q-823k",":created_at":"2026-03-10T12:37:08.575Z",":updated_at":"2026-03-10T12:37:08.575Z","cnn":"8762201","corridor":"Market St","limits":"Buchanan St  -  Reservoir St","cnnrightleft":"L","blockside":"SouthEast","fullname":"Sunday","weekday":"Sun","fromhour":"8","tohour":"9","week1":"1","week2":"1","week3":"1","week4":"1","week5":"1","holidays":"0","blocksweepid":"1625965"}},{"type":"Feature","geometry":{"type":"LineString","coordinates":[[-122.395813421117,37.791152808467],[-122.396689694956,37.790461067931]]},"properties":{":id":"row-9ikn.65wy.mjfi",":version":"rv-j93s_r4x8~w5t7",":created_at":"2026-03-10T12:37:08.575Z",":updated_at":"2026-03-10T12:37:08.575Z","cnn":"9086000","corridor":"Mission St","limits":"Beale St  -  Fremont St","cnnrightleft":"R","blockside":"NorthWest","fullname":"Sunday","weekday":"Sun","fromhour":"2","tohour":"6","week1":"1","week2":"1","week3":"1","week4":"1","week5":"1","holidays":"1","blocksweepid":"1618494","cleaning_days_abbr":"MTuWThFSaSu"}},{"type":"Feature","geometry":{"type":"LineString","coordinates":[[-122.389286735733,37.767874420193],[-122.389205760911,37.767027205529],[-122.389099104328,37.76690347969]]},"properties":{":id":"row-64he-ebiz~wqxx",":version":"rv-npk5~etxk-x37b",":created_at":"2026-03-10T12:37:08.575Z",":updated_at":"2026-03-10T12:37:08.575Z","cnn":"185206","corridor":"03rd St","limits":"Start:  Block  -  16th St","cnnrightleft":"R","blockside":null,"fullname":"Sunday","weekday":"Sun","fromhour":"2","tohour":"6","week1":"1","week2":"1","week3":"1","week4":"1","week5":"1","holidays":"1","blocksweepid":"1613792","cleaning_days_abbr":"MFSaSu"}},{"type":"Feature","geometry":{"type":"LineString","coordinates":[[-122.412872037823,37.78530844888],[-122.412881239572,37.785353823175]]},"properties":{":id":"row-gfu8.p5e9~6tgm",":version":"rv-txzu.katj-4wi8",":created_at":"2026-03-10T12:37:08.575Z",":updated_at":"2026-03-10T12:37:08.575Z","cnn":"7568000","corridor":"Jones St","limits":"Antonio St  -  Steveloe Pl","cnnrightleft":"L","blockside":"West","fullname":"Sunday","weekday":"Sun","fromhour":"6","tohour":"8","week1":"1","week2":"1","week3":"1","week4":"1","week5":"1","holidays":"0","blocksweepid":"1597537","cleaning_days_abbr":"MTuWThFSaSu"}},{"type":"Feature","geometry":{"type":"LineString","coordinates":[[-122.402836569586,37.788049513231],[-122.403328529166,37.787660586789],[-122.403430800691,37.787641848946]]},"properties":{":id":"row-86m5_k8wx-bywb",":version":"rv-8qew-jz4s.58ce",":created_at":"2026-03-10T12:37:08.575Z",":updated_at":"2026-03-10T12:37:08.575Z","cnn":"8744102","corridor":"Market St","limits":"Annie St  -  03rd St","cnnrightleft":"L","blockside":"SouthEast","fullname":"Sunday","weekday":"Sun","fromhour":"5","tohour":"7","week1":"1","week2":"1","week3":"1","week4":"1","week5":"1","holidays":"1","blocksweepid":"1640597","cleaning_days_abbr":"MTuWThFSaSu"}},{"type":"Feature","geometry":{"type":"LineString","coordinates":[[-122.402575227493,37.786678208423],[-122.402025419687,37.786248152145]]},"properties":{":id":"row-wdxw_piqx_grqb",":version":"rv-ea7x.e6pz.akk5",":created_at":"2026-03-10T12:37:08.575Z",":updated_at":"2026-03-10T12:37:08.575Z","cnn":"165000","corridor":"03rd St","limits":"Jessie St  -  Mission St","cnnrightleft":"R","blockside":"SouthWest","fullname":"Sunday","weekday":"Sun","fromhour":"2","tohour":"6","week1":"1","week2":"1","week3":"1","week4":"1","week5":"1","holidays":"1","blocksweepid":"1628676","cleaning_days_abbr":"MTuWThFSaSu"}},{"type":"Feature","geometry":{"type":"LineString","coordinates":[[-122.412411746542,37.783004078716],[-122.412595276786,37.783932576959]]},"properties":{":id":"row-nrbv-twue_x9q2",":version":"rv-696k.tint.nq4v",":created_at":"2026-03-10T12:37:08.575Z",":updated_at":"2026-03-10T12:37:08.575Z","cnn":"7565000","corridor":"Jones St","limits":"Turk St  -  Eddy St","cnnrightleft":"L","blockside":"West","fullname":"Sunday","weekday":"Sun","fromhour":"6","tohour":"8","week1":"1","week2":"1","week3":"1","week4":"1","week5":"1","holidays":"0","blocksweepid":"1597534","cleaning_days_abbr":"MTuWThFSaSu"}},{"type":"Feature","geometry":{"type":"LineString","coordinates":[[-122.411165809462,37.735071655611],[-122.410968053917,37.735183548785]]},"properties":{":id":"row-hsc8~fpfc-a3u7",":version":"rv-tm6m.wz9v~8erd",":created_at":"2026-03-10T12:37:08.575Z",":updated_at":"2026-03-10T12:37:08.575Z","cnn":"4501000","corridor":"Crescent Ave","limits":"Putnam St  -  Alemany Blvd Off Ramp","cnnrightleft":"R","blockside":"SouthEast","fullname":"Sunday","weekday":"Sun","fromhour":"1","tohour":"2","week1":"1","week2":"1","week3":"1","week4":"1","week5":"1","holidays":"0","blocksweepid":"1603378","cleaning_days_abbr":"MSu"}},{"type":"Feature","geometry":{"type":"LineString","coordinates":[[-122.419443735953,37.762712867057],[-122.419359267521,37.761835855191]]},"properties":{":id":"row-6j5f-jixr.ep65",":version":"rv-cg25.qpnz~77ab",":created_at":"2026-03-10T12:37:08.575Z",":updated_at":"2026-03-10T12:37:08.575Z","cnn":"9119000","corridor":"Mission St","limits":"Sycamore St  -  18th St","cnnrightleft":"L","blockside":"East","fullname":"Sunday","weekday":"Sun","fromhour":"4","tohour":"6","week1":"1","week2":"1","week3":"1","week4":"1","week5":"1","holidays":"0","blocksweepid":"1641247","cleaning_days_abbr":"MTuWThFSaSu"}},{"type":"Feature","geometry":{"type":"LineString","coordinates":[[-122.407016163317,37.797822302287],[-122.40861884556,37.797627561973]]},"properties":{":id":"row-une2_86i4.nunb",":version":"rv-986x_q86s~csm4",":created_at":"2026-03-10T12:37:08.575Z",":updated_at":"2026-03-10T12:37:08.575Z","cnn":"3154000","corridor":"Broadway","limits":"Grant Ave  -  Stockton St","cnnrightleft":"R","blockside":"North","fullname":"Sunday","weekday":"Sun","fromhour":"4","tohour":"6","week1":"1","week2":"1","week3":"1","week4":"1","week5":"1","holidays":"0","blocksweepid":"1627493","cleaning_days_abbr":"MTuWThFSaSu"}},{"type":"Feature","geometry":{"type":"LineString","coordinates":[[-122.40861884556,37.797627561973],[-122.409689043756,37.797493152091]]},"properties":{":id":"row-yamg_a9ut-53q5",":version":"rv-sre6-wb4u~nc95",":created_at":"2026-03-10T12:37:08.575Z",":updated_at":"2026-03-10T12:37:08.575Z","cnn":"3155000","corridor":"Broadway","limits":"Stockton St  -  Turk Murphy Ln","cnnrightleft":"R","blockside":"North","fullname":"Sunday","weekday":"Sun","fromhour":"4","tohour":"6","week1":"1","week2":"1","week3":"1","week4":"1","week5":"1","holidays":"0","blocksweepid":"1627494","cleaning_days_abbr":"MTuWThFSaSu"}},{"type":"Feature","geometry":{"type":"LineString","coordinates":[[-122.412881239572,37.785353823175],[-122.412969666673,37.785789584224]]},"properties":{":id":"row-bj6y~jep8.a2t6",":version":"rv-hcpa_b2mm.itj4",":created_at":"2026-03-10T12:37:08.575Z",":updated_at":"2026-03-10T12:37:08.575Z","cnn":"7569000","corridor":"Jones St","limits":"Steveloe Pl  -  O'Farrell St","cnnrightleft":"L","blockside":"West","fullname":"Sunday","weekday":"Sun","fromhour":"6","tohour":"8","week1":"1","week2":"1","week3":"1","week4":"1","week5":"1","holidays":"0","blocksweepid":"1597538","cleaning_days_abbr":"MTuWThFSaSu"}},{"type":"Feature","geometry":{"type":"LineString","coordinates":[[-122.478615694782,37.754145767294],[-122.47968723318,37.754098621586]]},"properties":{":id":"row-kcmf.9wtb-f3kz",":version":"rv-wxx7~mcmi.hnkw",":created_at":"2026-03-10T12:37:08.575Z",":updated_at":"2026-03-10T12:37:08.575Z","cnn":"9655000","corridor":"Noriega St","limits":"21st Ave  -  22nd Ave","cnnrightleft":"R","blockside":"North","fullname":"Sunday","weekday":"Sun","fromhour":"2","tohour":"4","week1":"1","week2":"1","week3":"1","week4":"1","week5":"1","holidays":"1","blocksweepid":"1615540","cleaning_days_abbr":"TuThSu"}},{"type":"Feature","geometry":{"type":"LineString","coordinates":[[-122.405318329414,37.797089847723],[-122.405409100325,37.797544592985]]},"properties":{":id":"row-966m-vuf7.46jr",":version":"rv-h3iz-6fse~h2u5",":created_at":"2026-03-10T12:37:08.575Z",":updated_at":"2026-03-10T12:37:08.575Z","cnn":"7763000","corridor":"Kearny St","limits":"Pacific Ave  -  Nottingham Pl","cnnrightleft":"L","blockside":"West","fullname":"Sunday","weekday":"Sun","fromhour":"4","tohour":"6","week1":"1","week2":"1","week3":"1","week4":"1","week5":"1","holidays":"0","blocksweepid":"1624124","cleaning_days_abbr":"MTuWThFSaSu"}},{"type":"Feature","geometry":{"type":"LineString","coordinates":[[-122.396273544043,37.749745600425],[-122.397285415892,37.749684622769]]},"properties":{":id":"row-7mhm-g9r4~jw3q",":version":"rv-ve6b.ihp6_yjcr",":created_at":"2026-03-10T12:37:08.575Z",":updated_at":"2026-03-10T12:37:08.575Z","cnn":"2476000","corridor":"Cesar Chavez St","limits":"Connecticut St  -  Evans Ave","cnnrightleft":"L","blockside":"South","fullname":"Sunday","weekday":"Sun","fromhour":"0","tohour":"2","week1":"1","week2":"1","week3":"1","week4":"1","week5":"1","holidays":"0","blocksweepid":"1602629","cleaning_days_abbr":"TuThSu"}},{"type":"Feature","geometry":{"type":"LineString","coordinates":[[-122.411139801283,37.785074596379],[-122.412782128368,37.784866245085]]},"properties":{":id":"row-wsay-79p7~vyy3",":version":"rv-h9ta_6edx.3vy5",":created_at":"2026-03-10T12:37:08.575Z",":updated_at":"2026-03-10T12:37:08.575Z","cnn":"5173000","corridor":"Ellis St","limits":"Taylor St  -  Jones St","cnnrightleft":"L","blockside":"South","fullname":"Sunday","weekday":"Sun","fromhour":"6","tohour":"8","week1":"1","week2":"1","week3":"1","week4":"1","week5":"1","holidays":"0","blocksweepid":"1610172","cleaning_days_abbr":"MTuWThFSaSu"}},{"type":"Feature","geometry":{"type":"LineString","coordinates":[[-122.387746247092,37.721813259223],[-122.387886282457,37.72186745875],[-122.389619541306,37.722851441563]]},"properties":{":id":"row-sp6b~6fuu-s3rb",":version":"rv-sutp_rkcc-cwd5",":created_at":"2026-03-10T12:37:08.575Z",":updated_at":"2026-03-10T12:37:08.575Z","cnn":"3735000","corridor":"Carroll Ave","limits":"Hawes St  -  Ingalls St","cnnrightleft":"L","blockside":"SouthWest","fullname":"Sunday","weekday":"Sun","fromhour":"7","tohour":"8","week1":"1","week2":"1","week3":"1","week4":"1","week5":"1","holidays":"0","blocksweepid":"1636804","cleaning_days_abbr":"MSaSu"}},{"type":"Feature","geometry":{"type":"LineString","coordinates":[[-122.40849315801,37.784452729643],[-122.408667084512,37.78538824897]]},"properties":{":id":"row-zb3c~ijrj~iqhs",":version":"rv-3zqh-zrbd-5khs",":created_at":"2026-03-10T12:37:08.575Z",":updated_at":"2026-03-10T12:37:08.575Z","cnn":"4570000","corridor":"Cyril Magnin St","limits":"Eddy St  -  Ellis St","cnnrightleft":"R","blockside":"East","fullname":"Sunday","weekday":"Sun","fromhour":"2","tohour":"6","week1":"1","week2":"1","week3":"1","week4":"1","week5":"1","holidays":"0","blocksweepid":"1630609","cleaning_days_abbr":"TuThSu"}},{"type":"Feature","geometry":{"type":"LineString","coordinates":[[-122.474623829359,37.743096614561],[-122.475644467962,37.743051812571]]},"properties":{":id":"row-umgg.cpdg-vwvj",":version":"rv-b2h3-jvng.n67w",":created_at":"2026-03-10T12:37:08.575Z",":updated_at":"2026-03-10T12:37:08.575Z","cnn":"12394000","corridor":"Taraval St","limits":"18th Ave  -  19th Ave","cnnrightleft":"R","blockside":"North","fullname":"Sunday","weekday":"Sun","fromhour":"2","tohour":"4","week1":"1","week2":"1","week3":"1","week4":"1","week5":"1","holidays":"1","blocksweepid":"1598182","cleaning_days_abbr":"MTuThSu"}},{"type":"Feature","geometry":{"type":"LineString","coordinates":[[-122.390967889603,37.734013872547],[-122.390952920047,37.733866039059],[-122.391149955223,37.733302858594],[-122.391244493388,37.733223261805]]},"properties":{":id":"row-mivi_tc2p_zau2",":version":"rv-xbdq.iu9s-3tt6",":created_at":"2026-03-10T12:37:08.575Z",":updated_at":"2026-03-10T12:37:08.575Z","cnn":"213101","corridor":"03rd St","limits":"Palou Ave  -  Quesada Ave","cnnrightleft":"L","blockside":"East","fullname":"Sunday","weekday":"Sun","fromhour":"2","tohour":"6","week1":"1","week2":"1","week3":"1","week4":"1","week5":"1","holidays":"1","blocksweepid":"1629095","cleaning_days_abbr":"MTuWThFSaSu"}},{"type":"Feature","geometry":{"type":"LineString","coordinates":[[-122.391418367465,37.75014060612],[-122.391929933966,37.750086860229],[-122.392381992602,37.75002150592]]},"properties":{":id":"row-b48d.w8hn-6cyz",":version":"rv-ihyy.48pz-mr4x",":created_at":"2026-03-10T12:37:08.575Z",":updated_at":"2026-03-10T12:37:08.575Z","cnn":"2472000","corridor":"Cesar Chavez St","limits":"Iowa St  -  Pennsylvania Ave","cnnrightleft":"L","blockside":"South","fullname":"Sunday","weekday":"Sun","fromhour":"0","tohour":"2","week1":"1","week2":"1","week3":"1","week4":"1","week5":"1","holidays":"0","blocksweepid":"1602625","cleaning_days_abbr":"TuThSu"}},{"type":"Feature","geometry":{"type":"LineString","coordinates":[[-122.422871202196,37.793050003145],[-122.422787456626,37.793156210161],[-122.422927595746,37.793854861824],[-122.423048803504,37.793935005154]]},"properties":{":id":"row-9e85.kywr.yvwc",":version":"rv-j67e-vb6x-ithb",":created_at":"2026-03-10T12:37:08.575Z",":updated_at":"2026-03-10T12:37:08.575Z","cnn":"13161201","corridor":"Van Ness Ave","limits":"Washington St  -  Jackson St","cnnrightleft":"R","blockside":"East","fullname":"Sunday","weekday":"Sun","fromhour":"4","tohour":"6","week1":"1","week2":"1","week3":"1","week4":"1","week5":"1","holidays":"0","blocksweepid":"1639897","cleaning_days_abbr":"MTuWThFSaSu"}},{"type":"Feature","geometry":{"type":"LineString","coordinates":[[-122.407164382555,37.782190721716],[-122.407254674597,37.782119419193]]},"properties":{":id":"row-7ny3_pz64.zs95",":version":"rv-3npj_mi33_vrcy",":created_at":"2026-03-10T12:37:08.575Z",":updated_at":"2026-03-10T12:37:08.575Z","cnn":"9098000","corridor":"Mission St","limits":"Mint St  -  Mary St","cnnrightleft":"R","blockside":"NorthWest","fullname":"Sunday","weekday":"Sun","fromhour":"2","tohour":"6","week1":"1","week2":"1","week3":"1","week4":"1","week5":"1","holidays":"1","blocksweepid":"1618509","cleaning_days_abbr":"MTuWThFSaSu"}},{"type":"Feature","geometry":{"type":"LineString","coordinates":[[-122.406220480026,37.793831753392],[-122.406304985895,37.794263626856]]},"properties":{":id":"row-9bek-kjc9~aqp5",":version":"rv-kh9g.j8t5~rsni",":created_at":"2026-03-10T12:37:08.575Z",":updated_at":"2026-03-10T12:37:08.575Z","cnn":"6394000","corridor":"Grant Ave","limits":"Commercial St  -  Clay St","cnnrightleft":"L","blockside":"West","fullname":"Sunday","weekday":"Sun","fromhour":"2","tohour":"6","week1":"1","week2":"1","week3":"1","week4":"1","week5":"1","holidays":"1","blocksweepid":"1606422","cleaning_days_abbr":"MTuWThFSaSu"}},{"type":"Feature","geometry":{"type":"LineString","coordinates":[[-122.41890102877,37.757035402008],[-122.418747573844,37.75543693624]]},"properties":{":id":"row-58rk.56wd-yfb4",":version":"rv-m6pp~ut7u_hwg4",":created_at":"2026-03-10T12:37:08.575Z",":updated_at":"2026-03-10T12:37:08.575Z","cnn":"9123000","corridor":"Mission St","limits":"21st St  -  22nd St","cnnrightleft":"R","blockside":"West","fullname":"Sunday","weekday":"Sun","fromhour":"4","tohour":"6","week1":"1","week2":"1","week3":"1","week4":"1","week5":"1","holidays":"0","blocksweepid":"1619076","cleaning_days_abbr":"MTuWThFSaSu"}},{"type":"Feature","geometry":{"type":"LineString","coordinates":[[-122.41607173455,37.78444884161],[-122.417706749819,37.784235738923]]},"properties":{":id":"row-kve4~xmau-veez",":version":"rv-9duv~655c_veiz",":created_at":"2026-03-10T12:37:08.575Z",":updated_at":"2026-03-10T12:37:08.575Z","cnn":"5177000","corridor":"Ellis St","limits":"Hyde St  -  Larkin St","cnnrightleft":"L","blockside":"South","fullname":"Sunday","weekday":"Sun","fromhour":"6","tohour":"8","week1":"1","week2":"1","week3":"1","week4":"1","week5":"1","holidays":"0","blocksweepid":"1610213","cleaning_days_abbr":"TuThSu"}},{"type":"Feature","geometry":{"type":"LineString","coordinates":[[-122.405142977293,37.796210954662],[-122.405288396517,37.796909057292]]},"properties":{":id":"row-4d7s_qdem.4zxv",":version":"rv-9jrw_2e3r.dnpe",":created_at":"2026-03-10T12:37:08.575Z",":updated_at":"2026-03-10T12:37:08.575Z","cnn":"7761000","corridor":"Kearny St","limits":"Jackson St  -  Columbus Ave","cnnrightleft":"L","blockside":"West","fullname":"Sunday","weekday":"Sun","fromhour":"2","tohour":"6","week1":"1","week2":"1","week3":"1","week4":"1","week5":"1","holidays":"1","blocksweepid":"1623928","cleaning_days_abbr":"MTuWThFSaSu"}},{"type":"Feature","geometry":{"type":"LineString","coordinates":[[-122.396689694956,37.790461067931],[-122.397574468067,37.789762598234]]},"properties":{":id":"row-7k97-2v3r_e3fc",":version":"rv-z7jy_wufx~7w2y",":created_at":"2026-03-10T12:37:08.575Z",":updated_at":"2026-03-10T12:37:08.575Z","cnn":"9087000","corridor":"Mission St","limits":"Fremont St  -  01st St","cnnrightleft":"L","blockside":"SouthEast","fullname":"Sunday","weekday":"Sun","fromhour":"2","tohour":"6","week1":"1","week2":"1","week3":"1","week4":"1","week5":"1","holidays":"1","blocksweepid":"1618945","cleaning_days_abbr":"MTuWThFSaSu"}},{"type":"Feature","geometry":{"type":"LineString","coordinates":[[-122.387128522238,37.745070439904],[-122.387097654253,37.744897312599],[-122.387117867459,37.744796947545],[-122.387266415827,37.744370824832],[-122.387372607331,37.744259406508]]},"properties":{":id":"row-nbwz-r84x~g5qi",":version":"rv-9k6f-y38b-6jgq",":created_at":"2026-03-10T12:37:08.575Z",":updated_at":"2026-03-10T12:37:08.575Z","cnn":"199101","corridor":"03rd St","limits":"Burke Ave  -  Custer Ave","cnnrightleft":"L","blockside":"East","fullname":"Sunday","weekday":"Sun","fromhour":"2","tohour":"6","week1":"1","week2":"1","week3":"1","week4":"1","week5":"1","holidays":"1","blocksweepid":"1629080","cleaning_days_abbr":"MTuWThFSaSu"}},{"type":"Feature","geometry":{"type":"LineString","coordinates":[[-122.419506293804,37.776368870039],[-122.419603359393,37.776456622557],[-122.419749665534,37.777192321896],[-122.419693565872,37.777299856161]]},"properties":{":id":"row-2w3e.esjk~tvjm",":version":"rv-twsg~gg5g-6sbb",":created_at":"2026-03-10T12:37:08.575Z",":updated_at":"2026-03-10T12:37:08.575Z","cnn":"13144101","corridor":"Van Ness Ave","limits":"Fell St  -  Hayes St","cnnrightleft":"L","blockside":"West","fullname":"Sunday","weekday":"Sun","fromhour":"4","tohour":"6","week1":"1","week2":"1","week3":"1","week4":"1","week5":"1","holidays":"0","blocksweepid":"1598979","cleaning_days_abbr":"MTuWThFSaSu"}},{"type":"Feature","geometry":{"type":"LineString","coordinates":[[-122.444571083206,37.712783427274],[-122.444743290829,37.712622217509]]},"properties":{":id":"row-pqjk_sk2m~mv2n",":version":"rv-qzt8.qh8r-xyt4",":created_at":"2026-03-10T12:37:08.575Z",":updated_at":"2026-03-10T12:37:08.575Z","cnn":"9187000","corridor":"Mission St","limits":"Guttenberg St  -  Foote Ave","cnnrightleft":"L","blockside":"SouthEast","fullname":"Sunday","weekday":"Sun","fromhour":"5","tohour":"7","week1":"1","week2":"1","week3":"1","week4":"1","week5":"1","holidays":"0","blocksweepid":"1626597","cleaning_days_abbr":"MTuWThFSaSu"}},{"type":"Feature","geometry":{"type":"LineString","coordinates":[[-122.430824395339,37.766013730949],[-122.430839699776,37.765928259934],[-122.430912083354,37.765875794476],[-122.431025470892,37.765867986364]]},"properties":{":id":"row-w255_zm8t.f68z",":version":"rv-x59s-gw9x_kr69",":created_at":"2026-03-10T12:37:08.575Z",":updated_at":"2026-03-10T12:37:08.575Z","cnn":"8765101","corridor":"Market St","limits":"15th St  -  Sanchez St","cnnrightleft":"L","blockside":"SouthEast","fullname":"Sunday","weekday":"Sun","fromhour":"2","tohour":"6","week1":"1","week2":"1","week3":"1","week4":"1","week5":"1","holidays":"1","blocksweepid":"1618131","cleaning_days_abbr":"MTuWThFSaSu"}},{"type":"Feature","geometry":{"type":"LineString","coordinates":[[-122.428657163625,37.767734888173],[-122.428682873255,37.767617648042],[-122.428808226378,37.767518524712],[-122.428948566763,37.767504459571]]},"properties":{":id":"row-6b3e_q7f2.biee",":version":"rv-w6e2-chxu.r8b7",":created_at":"2026-03-10T12:37:08.575Z",":updated_at":"2026-03-10T12:37:08.575Z","cnn":"8763101","corridor":"Market St","limits":"14th St  -  Church St","cnnrightleft":"L","blockside":"SouthEast","fullname":"Sunday","weekday":"Sun","fromhour":"2","tohour":"6","week1":"1","week2":"1","week3":"1","week4":"1","week5":"1","holidays":"1","blocksweepid":"1618129","cleaning_days_abbr":"MTuWThFSaSu"}},{"type":"Feature","geometry":{"type":"LineString","coordinates":[[-122.412782128368,37.784866245085],[-122.412904373759,37.784842292141],[-122.414303023582,37.784664214294],[-122.41443019869,37.784657140749]]},"properties":{":id":"row-hmmk.e4th_q4yk",":version":"rv-q3xr~yq7x.kiq2",":created_at":"2026-03-10T12:37:08.575Z",":updated_at":"2026-03-10T12:37:08.575Z","cnn":"5174000","corridor":"Ellis St","limits":"Jones St  -  Leavenworth St","cnnrightleft":"R","blockside":"North","fullname":"Sunday","weekday":"Sun","fromhour":"6","tohour":"8","week1":"1","week2":"1","week3":"1","week4":"1","week5":"1","holidays":"0","blocksweepid":"1643285","cleaning_days_abbr":"MTuWThFSaSu"}},{"type":"Feature","geometry":{"type":"LineString","coordinates":[[-122.424040148497,37.737406246878],[-122.424063399557,37.73723972967],[-122.424235083638,37.736737479973]]},"properties":{":id":"row-zndq_896r_jmc9",":version":"rv-mev9_gy5f_y5md",":created_at":"2026-03-10T12:37:08.575Z",":updated_at":"2026-03-10T12:37:08.575Z","cnn":"9144000","corridor":"Mission St","limits":"Highland Ave  -  Park St","cnnrightleft":"R","blockside":"West","fullname":"Sunday","weekday":"Sun","fromhour":"5","tohour":"7","week1":"1","week2":"1","week3":"1","week4":"1","week5":"1","holidays":"0","blocksweepid":"1626251","cleaning_days_abbr":"MTuWThFSaSu"}},{"type":"Feature","geometry":{"type":"LineString","coordinates":[[-122.406643294309,37.793314880656],[-122.406821216386,37.794197957191]]},"properties":{":id":"row-jwx4-zm8g.vy58",":version":"rv-z4qr-mrj7~ke4s",":created_at":"2026-03-10T12:37:08.575Z",":updated_at":"2026-03-10T12:37:08.575Z","cnn":"13464000","corridor":"Waverly Pl","limits":"Sacramento St  -  Clay St","cnnrightleft":"R","blockside":"East","fullname":"Sunday","weekday":"Sun","fromhour":"2","tohour":"6","week1":"1","week2":"1","week3":"1","week4":"1","week5":"1","holidays":"1","blocksweepid":"1625595","cleaning_days_abbr":"TuThSu"}},{"type":"Feature","geometry":{"type":"LineString","coordinates":[[-122.44370603206,37.713591510834],[-122.443951627671,37.713362090755]]},"properties":{":id":"row-ebya.k8xs-rhb5",":version":"rv-4tqe.kqzw.bxm6",":created_at":"2026-03-10T12:37:08.575Z",":updated_at":"2026-03-10T12:37:08.575Z","cnn":"9185000","corridor":"Mission St","limits":"Ottawa Ave  -  Florentine Ave","cnnrightleft":"L","blockside":"SouthEast","fullname":"Sunday","weekday":"Sun","fromhour":"5","tohour":"7","week1":"1","week2":"1","week3":"1","week4":"1","week5":"1","holidays":"0","blocksweepid":"1626595","cleaning_days_abbr":"MTuWThFSaSu"}},{"type":"Feature","geometry":{"type":"LineString","coordinates":[[-122.409689043756,37.797493152091],[-122.410263524646,37.797420186013]]},"properties":{":id":"row-amrh-gduz~ydbd",":version":"rv-4tx8-xt7j_pe83",":created_at":"2026-03-10T12:37:08.575Z",":updated_at":"2026-03-10T12:37:08.575Z","cnn":"3156000","corridor":"Broadway","limits":"Turk Murphy Ln  -  Powell St","cnnrightleft":"L","blockside":"South","fullname":"Sunday","weekday":"Sun","fromhour":"4","tohour":"6","week1":"1","week2":"1","week3":"1","week4":"1","week5":"1","holidays":"0","blocksweepid":"1612691","cleaning_days_abbr":"MTuWThFSaSu"}},{"type":"Feature","geometry":{"type":"LineString","coordinates":[[-122.419255606289,37.775147074542],[-122.419357088629,37.775128466495],[-122.42023068393,37.774438277599],[-122.4202542788,37.774358674821]]},"properties":{":id":"row-eeje.vz4t.ik4v",":version":"rv-n79y-hmqk~fhbn",":created_at":"2026-03-10T12:37:08.575Z",":updated_at":"2026-03-10T12:37:08.575Z","cnn":"8755201","corridor":"Market St","limits":"Van Ness Ave  -  Page St","cnnrightleft":"R","blockside":"NorthWest","fullname":"Sunday","weekday":"Sun","fromhour":"5","tohour":"7","week1":"1","week2":"1","week3":"1","week4":"1","week5":"1","holidays":"1","blocksweepid":"1617997","cleaning_days_abbr":"MTuWThFSaSu"}},{"type":"Feature","geometry":{"type":"LineString","coordinates":[[-122.407852519844,37.785491560352],[-122.40803623664,37.78640961353]]},"properties":{":id":"row-bwgc.y6e3~sfzd",":version":"rv-gsf8.whpi_e7zn",":created_at":"2026-03-10T12:37:08.575Z",":updated_at":"2026-03-10T12:37:08.575Z","cnn":"10676000","corridor":"Powell St","limits":"Ellis St  -  O'Farrell St","cnnrightleft":"R","blockside":"East","fullname":"Sunday","weekday":"Sun","fromhour":"2","tohour":"6","week1":"1","week2":"1","week3":"1","week4":"1","week5":"1","holidays":"0","blocksweepid":"1619829","cleaning_days_abbr":"MTuWThFSaSu"}},{"type":"Feature","geometry":{"type":"LineString","coordinates":[[-122.388306067817,37.781798235203],[-122.388108860049,37.781692538924],[-122.388145777731,37.781395813004],[-122.388231910074,37.781084688658],[-122.388344094115,37.780847180722],[-122.388521504053,37.780584521276],[-122.388802627673,37.780282700505],[-122.389356818505,37.779831531456],[-122.389590696096,37.77986128594]]},"properties":{":id":"row-fvs5.593e.tifq",":version":"rv-cyet~5a3k-85b9",":created_at":"2026-03-10T12:37:08.575Z",":updated_at":"2026-03-10T12:37:08.575Z","cnn":"7831101","corridor":"King St","limits":"The Embarcadero  -  02nd St","cnnrightleft":"L","blockside":"SouthEast","fullname":"Sunday","weekday":"Sun","fromhour":"1","tohour":"3","week1":"1","week2":"1","week3":"1","week4":"1","week5":"1","holidays":"1","blocksweepid":"1601470","cleaning_days_abbr":"MTuWThFSaSu"}},{"type":"Feature","geometry":{"type":"LineString","coordinates":[[-122.428657163625,37.767734888173],[-122.428682873255,37.767617648042],[-122.428808226378,37.767518524712],[-122.428948566763,37.767504459571]]},"properties":{":id":"row-8stn_ebkm-h74u",":version":"rv-s434_pzpy.ukve",":created_at":"2026-03-10T12:37:08.575Z",":updated_at":"2026-03-10T12:37:08.575Z","cnn":"8763101","corridor":"Market St","limits":"14th St  -  Church St","cnnrightleft":"R","blockside":"NorthWest","fullname":"Sunday","weekday":"Sun","fromhour":"8","tohour":"9","week1":"1","week2":"1","week3":"1","week4":"1","week5":"1","holidays":"0","blocksweepid":"1618118"}},{"type":"Feature","geometry":{"type":"LineString","coordinates":[[-122.405581425365,37.742456752219],[-122.405958120492,37.741951101594],[-122.406377730008,37.741376262799],[-122.406694502345,37.740808768069],[-122.406803973843,37.74027743736],[-122.406865114035,37.739696420822],[-122.406978585293,37.739566272703]]},"properties":{":id":"row-4tud~2fcw~ykre",":version":"rv-ygkg_qw6v-ahy4",":created_at":"2026-03-10T12:37:08.575Z",":updated_at":"2026-03-10T12:37:08.575Z","cnn":"2800102","corridor":"Bay Shore Blvd","limits":"Flower St  -  Cortland Ave","cnnrightleft":"L","blockside":"East","fullname":"Sunday","weekday":"Sun","fromhour":"0","tohour":"2","week1":"1","week2":"1","week3":"1","week4":"1","week5":"1","holidays":"0","blocksweepid":"1628241","cleaning_days_abbr":"TuThSu"}},{"type":"Feature","geometry":{"type":"LineString","coordinates":[[-122.404219835075,37.791690583859],[-122.404418427807,37.792638656361]]},"properties":{":id":"row-eau9.6tib~7fzr",":version":"rv-c6im_v774_9sh6",":created_at":"2026-03-10T12:37:08.575Z",":updated_at":"2026-03-10T12:37:08.575Z","cnn":"7754000","corridor":"Kearny St","limits":"Pine St  -  California St","cnnrightleft":"L","blockside":"West","fullname":"Sunday","weekday":"Sun","fromhour":"2","tohour":"6","week1":"1","week2":"1","week3":"1","week4":"1","week5":"1","holidays":"1","blocksweepid":"1623921","cleaning_days_abbr":"MTuWThFSaSu"}},{"type":"Feature","geometry":{"type":"LineString","coordinates":[[-122.421381475782,37.764947887772],[-122.421886446144,37.764917378514]]},"properties":{":id":"row-64s2-pxvk_7hsg",":version":"rv-r792_dcdz_j3et",":created_at":"2026-03-10T12:37:08.575Z",":updated_at":"2026-03-10T12:37:08.575Z","cnn":"731000","corridor":"16th St","limits":"Caledonia St  -  Valencia St","cnnrightleft":"R","blockside":"North","fullname":"Sunday","weekday":"Sun","fromhour":"2","tohour":"6","week1":"1","week2":"1","week3":"1","week4":"1","week5":"1","holidays":"1","blocksweepid":"1613670","cleaning_days_abbr":"MTuWThFSaSu"}},{"type":"Feature","geometry":{"type":"LineString","coordinates":[[-122.384085870296,37.719667249141],[-122.384216604908,37.719808302772],[-122.385869068336,37.720746312725]]},"properties":{":id":"row-n788_uvmw_9c86",":version":"rv-f9fp~bfzp-u636",":created_at":"2026-03-10T12:37:08.575Z",":updated_at":"2026-03-10T12:37:08.575Z","cnn":"3733000","corridor":"Carroll Ave","limits":"Fitch St  -  Griffith St","cnnrightleft":"L","blockside":"SouthWest","fullname":"Sunday","weekday":"Sun","fromhour":"7","tohour":"8","week1":"1","week2":"1","week3":"1","week4":"1","week5":"1","holidays":"0","blocksweepid":"1636802","cleaning_days_abbr":"SaSu"}},{"type":"Feature","geometry":{"type":"LineString","coordinates":[[-122.435385086008,37.723909403464],[-122.435976889062,37.72312996338]]},"properties":{":id":"row-27nx-h8g7_xyag",":version":"rv-7pv4~kyzy-hwep",":created_at":"2026-03-10T12:37:08.575Z",":updated_at":"2026-03-10T12:37:08.575Z","cnn":"9167000","corridor":"Mission St","limits":"Ocean Ave  -  Persia Ave","cnnrightleft":"R","blockside":"NorthWest","fullname":"Sunday","weekday":"Sun","fromhour":"5","tohour":"7","week1":"1","week2":"1","week3":"1","week4":"1","week5":"1","holidays":"0","blocksweepid":"1626441","cleaning_days_abbr":"MTuWThFSaSu"}},{"type":"Feature","geometry":{"type":"LineString","coordinates":[[-122.405288396517,37.796909057292],[-122.405318329414,37.797089847723]]},"properties":{":id":"row-gjyx.tac9_abfm",":version":"rv-8pti-fugx-inpu",":created_at":"2026-03-10T12:37:08.575Z",":updated_at":"2026-03-10T12:37:08.575Z","cnn":"7762000","corridor":"Kearny St","limits":"Columbus Ave  -  Pacific Ave","cnnrightleft":"L","blockside":"West","fullname":"Sunday","weekday":"Sun","fromhour":"4","tohour":"6","week1":"1","week2":"1","week3":"1","week4":"1","week5":"1","holidays":"0","blocksweepid":"1624123","cleaning_days_abbr":"MTuWThFSaSu"}},{"type":"Feature","geometry":{"type":"LineString","coordinates":[[-122.408808128619,37.798571324139],[-122.408912340509,37.79903585636]]},"properties":{":id":"row-rpdz.rtcx_avdt",":version":"rv-j37a~atgt_j279",":created_at":"2026-03-10T12:37:08.575Z",":updated_at":"2026-03-10T12:37:08.575Z","cnn":"12211000","corridor":"Stockton St","limits":"Vallejo St  -  Card Aly","cnnrightleft":"R","blockside":"East","fullname":"Sunday","weekday":"Sun","fromhour":"4","tohour":"6","week1":"1","week2":"1","week3":"1","week4":"1","week5":"1","holidays":"0","blocksweepid":"1624677","cleaning_days_abbr":"MTuWThFSaSu"}},{"type":"Feature","geometry":{"type":"LineString","coordinates":[[-122.396379518889,37.781750284029],[-122.395843498787,37.781321257064]]},"properties":{":id":"row-r7qs.cn2i~aa6v",":version":"rv-9xpp~tij8.m8xy",":created_at":"2026-03-10T12:37:08.575Z",":updated_at":"2026-03-10T12:37:08.575Z","cnn":"174000","corridor":"03rd St","limits":"Stillman St  -  Bryant St","cnnrightleft":"R","blockside":"SouthWest","fullname":"Sunday","weekday":"Sun","fromhour":"2","tohour":"6","week1":"1","week2":"1","week3":"1","week4":"1","week5":"1","holidays":"1","blocksweepid":"1628685","cleaning_days_abbr":"MTuWThFSaSu"}},{"type":"Feature","geometry":{"type":"LineString","coordinates":[[-122.440061199955,37.78617958357],[-122.440029360602,37.786259079963],[-122.440183311007,37.787039737693],[-122.440249956955,37.787112456459]]},"properties":{":id":"row-nhft.kezh~3xgz",":version":"rv-6qv9_iqr6-5bg6",":created_at":"2026-03-10T12:37:08.575Z",":updated_at":"2026-03-10T12:37:08.575Z","cnn":"4815201","corridor":"Divisadero St","limits":"Bush St  -  Pine St","cnnrightleft":"R","blockside":"East","fullname":"Sunday","weekday":"Sun","fromhour":"6","tohour":"8","week1":"1","week2":"1","week3":"1","week4":"1","week5":"1","holidays":"0","blocksweepid":"1615299","cleaning_days_abbr":"TuThSu"}},{"type":"Feature","geometry":{"type":"LineString","coordinates":[[-122.414617207257,37.785582474549],[-122.415020022761,37.785531833664]]},"properties":{":id":"row-g2au~7quk_atfh",":version":"rv-r9mz.iqv5-c7mm",":created_at":"2026-03-10T12:37:08.575Z",":updated_at":"2026-03-10T12:37:08.575Z","cnn":"9730000","corridor":"O'Farrell St","limits":"Leavenworth St  -  Harlem Aly","cnnrightleft":"L","blockside":"South","fullname":"Sunday","weekday":"Sun","fromhour":"6","tohour":"8","week1":"1","week2":"1","week3":"1","week4":"1","week5":"1","holidays":"0","blocksweepid":"1603708","cleaning_days_abbr":"TuThSu"}},{"type":"Feature","geometry":{"type":"LineString","coordinates":[[-122.475083580853,37.78052853468],[-122.475203015294,37.780595518755],[-122.476040964408,37.780559157957],[-122.476169188894,37.780475849877]]},"properties":{":id":"row-3smf.kk2e_26w7",":version":"rv-x8jp-pk83_9fp8",":created_at":"2026-03-10T12:37:08.575Z",":updated_at":"2026-03-10T12:37:08.575Z","cnn":"6073201","corridor":"Geary Blvd","limits":"16th Ave  -  17th Ave","cnnrightleft":"R","blockside":"North","fullname":"Sunday","weekday":"Sun","fromhour":"7","tohour":"8","week1":"1","week2":"1","week3":"1","week4":"1","week5":"1","holidays":"0","blocksweepid":"1611381","cleaning_days_abbr":"TuThSu"}},{"type":"Feature","geometry":{"type":"LineString","coordinates":[[-122.432363263447,37.72771681463],[-122.432447324391,37.727637208054]]},"properties":{":id":"row-svvt~e74g~uvfd",":version":"rv-ujnn-nzc3.kzqe",":created_at":"2026-03-10T12:37:08.575Z",":updated_at":"2026-03-10T12:37:08.575Z","cnn":"9157000","corridor":"Mission St","limits":"Theresa St  -  Avalon Ave","cnnrightleft":"L","blockside":"SouthEast","fullname":"Sunday","weekday":"Sun","fromhour":"5","tohour":"7","week1":"1","week2":"1","week3":"1","week4":"1","week5":"1","holidays":"0","blocksweepid":"1641391","cleaning_days_abbr":"MTuWThFSaSu"}},{"type":"Feature","geometry":{"type":"LineString","coordinates":[[-122.392613258163,37.717958654686],[-122.393544809626,37.718487362478]]},"properties":{":id":"row-46iu.xunc~cyqc",":version":"rv-r8qu~a6ec~cyqu",":created_at":"2026-03-10T12:37:08.575Z",":updated_at":"2026-03-10T12:37:08.575Z","cnn":"7431000","corridor":"Jamestown Ave","limits":"Redondo St  -  Ingalls St","cnnrightleft":"R","blockside":"NorthEast","fullname":"Sunday","weekday":"Sun","fromhour":"7","tohour":"8","week1":"1","week2":"1","week3":"1","week4":"1","week5":"1","holidays":"0","blocksweepid":"1597374","cleaning_days_abbr":"WSaSu"}},{"type":"Feature","geometry":{"type":"LineString","coordinates":[[-122.420580608155,37.764996269981],[-122.420432817511,37.763375551968]]},"properties":{":id":"row-hj32_96cu_2c4i",":version":"rv-r9ke.hxki_ce8q",":created_at":"2026-03-10T12:37:08.575Z",":updated_at":"2026-03-10T12:37:08.575Z","cnn":"6935000","corridor":"Hoff St","limits":"16th St  -  17th St","cnnrightleft":"L","blockside":"East","fullname":"Sunday","weekday":"Sun","fromhour":"4","tohour":"6","week1":"1","week2":"1","week3":"1","week4":"1","week5":"1","holidays":"0","blocksweepid":"1633278","cleaning_days_abbr":"MWFSu"}},{"type":"Feature","geometry":{"type":"LineString","coordinates":[[-122.450095486223,37.709679912839],[-122.450498930495,37.70954336882]]},"properties":{":id":"row-asvu~fs7r_6vqm",":version":"rv-wkxq~29fx_hjni",":created_at":"2026-03-10T12:37:08.575Z",":updated_at":"2026-03-10T12:37:08.575Z","cnn":"9194000","corridor":"Mission St","limits":"Laura St  -  Oliver St","cnnrightleft":"R","blockside":"North","fullname":"Sunday","weekday":"Sun","fromhour":"5","tohour":"7","week1":"1","week2":"1","week3":"1","week4":"1","week5":"1","holidays":"0","blocksweepid":"1600116","cleaning_days_abbr":"MTuWThFSaSu"}},{"type":"Feature","geometry":{"type":"LineString","coordinates":[[-122.402914480509,37.788111582733],[-122.40302022796,37.788076195251],[-122.403103913897,37.788015806494],[-122.403491775033,37.787963091336]]},"properties":{":id":"row-hype~88sp_auv9",":version":"rv-xqhy.aehq~8v2a",":created_at":"2026-03-10T12:37:08.575Z",":updated_at":"2026-03-10T12:37:08.575Z","cnn":"6106000","corridor":"Geary St","limits":"Market St  -  Kearny St","cnnrightleft":"L","blockside":"South","fullname":"Sunday","weekday":"Sun","fromhour":"2","tohour":"6","week1":"1","week2":"1","week3":"1","week4":"1","week5":"1","holidays":"0","blocksweepid":"1606096","cleaning_days_abbr":"TuThSu"}},{"type":"Feature","geometry":{"type":"LineString","coordinates":[[-122.433074470809,37.764195713209],[-122.433411270709,37.764068728938],[-122.434560226783,37.763138332919],[-122.435151904373,37.762743011133],[-122.435187962327,37.762670707774]]},"properties":{":id":"row-ygmq-vx37.qh59",":version":"rv-5p9d~gdz6~pusw",":created_at":"2026-03-10T12:37:08.575Z",":updated_at":"2026-03-10T12:37:08.575Z","cnn":"8767201","corridor":"Market St","limits":"16th St  -  17th St","cnnrightleft":"R","blockside":"NorthWest","fullname":"Sunday","weekday":"Sun","fromhour":"2","tohour":"6","week1":"1","week2":"1","week3":"1","week4":"1","week5":"1","holidays":"1","blocksweepid":"1625960","cleaning_days_abbr":"MTuWThFSaSu"}},{"type":"Feature","geometry":{"type":"LineString","coordinates":[[-122.426114538813,37.733954475206],[-122.426117728138,37.733906816369],[-122.426296346392,37.733726369887],[-122.426391165486,37.73367501675]]},"properties":{":id":"row-nm5e.stej~vsrr",":version":"rv-hj65-3g25.hhiu",":created_at":"2026-03-10T12:37:08.575Z",":updated_at":"2026-03-10T12:37:08.575Z","cnn":"9149101","corridor":"Mission St","limits":"Saint Mary's Ave  -  Bosworth St","cnnrightleft":"L","blockside":"SouthEast","fullname":"Sunday","weekday":"Sun","fromhour":"5","tohour":"7","week1":"1","week2":"1","week3":"1","week4":"1","week5":"1","holidays":"0","blocksweepid":"1641383","cleaning_days_abbr":"TuThSu"}},{"type":"Feature","geometry":{"type":"LineString","coordinates":[[-122.506717428299,37.735469757819],[-122.506655890993,37.735322441466],[-122.506662500896,37.735090876535],[-122.50673409842,37.734725450905],[-122.506984884606,37.733533272852],[-122.507029203425,37.733110450575],[-122.507002964752,37.732773931863],[-122.506927288547,37.732353153627],[-122.506953996653,37.732094827964],[-122.506949586487,37.731516097441],[-122.5067790371,37.730674223202],[-122.506552890505,37.729125969294],[-122.506484932471,37.728514444182],[-122.50639608628,37.727923701452],[-122.506224765483,37.727453496275],[-122.505880279693,37.726921572167],[-122.50555015254,37.726603831837],[-122.505265359016,37.726377227233],[-122.504973648345,37.726212004008],[-122.504189577848,37.72591220177],[-122.503515812277,37.725569673517],[-122.503040636347,37.725259549916]]},"properties":{":id":"row-si9g~vk2f-8i6k",":version":"rv-eqdd-fv7p-xnfq",":created_at":"2026-03-10T12:37:08.575Z",":updated_at":"2026-03-10T12:37:08.575Z","cnn":"6437101","corridor":"Great Hwy","limits":"Sloat Blvd  -  Skyline Blvd","cnnrightleft":"L","blockside":"East","fullname":"Sunday","weekday":"Sun","fromhour":"5","tohour":"7","week1":"1","week2":"1","week3":"1","week4":"1","week5":"1","holidays":"0","blocksweepid":"1636093","cleaning_days_abbr":"MTuWThFSaSu"}},{"type":"Feature","geometry":{"type":"LineString","coordinates":[[-122.418598509318,37.780260133266],[-122.418708904118,37.780773161722]]},"properties":{":id":"row-q93w_985u-unnc",":version":"rv-dmxz-s59c-adgi",":created_at":"2026-03-10T12:37:08.575Z",":updated_at":"2026-03-10T12:37:08.575Z","cnn":"10550000","corridor":"Polk St","limits":"McAllister St  -  Redwood St","cnnrightleft":"R","blockside":"East","fullname":"Sunday","weekday":"Sun","fromhour":"6","tohour":"8","week1":"1","week2":"1","week3":"1","week4":"1","week5":"1","holidays":"0","blocksweepid":"1619907","cleaning_days_abbr":"TuThSu"}},{"type":"Feature","geometry":{"type":"LineString","coordinates":[[-122.418226581079,37.778489116769],[-122.418598509318,37.780260133266]]},"properties":{":id":"row-3hs7.iizp_dk63",":version":"rv-m6ug-cyyv-t8sa",":created_at":"2026-03-10T12:37:08.575Z",":updated_at":"2026-03-10T12:37:08.575Z","cnn":"10549000","corridor":"Dr Carlton B Goodlett Pl","limits":"Polk St  -  Polk St","cnnrightleft":"L","blockside":"West","fullname":"Sunday","weekday":"Sun","fromhour":"2","tohour":"6","week1":"1","week2":"1","week3":"1","week4":"1","week5":"1","holidays":"0","blocksweepid":"1630824","cleaning_days_abbr":"MTuWThFSaSu"}},{"type":"Feature","geometry":{"type":"LineString","coordinates":[[-122.428948566763,37.767504459571],[-122.429053687195,37.767311144355],[-122.430591175744,37.766095296193],[-122.430824395339,37.766013730949]]},"properties":{":id":"row-2qvg~9kzh_43u2",":version":"rv-8ua6_gg2a.miru",":created_at":"2026-03-10T12:37:08.575Z",":updated_at":"2026-03-10T12:37:08.575Z","cnn":"8764101","corridor":"Market St","limits":"Church St  -  15th St","cnnrightleft":"R","blockside":"NorthWest","fullname":"Sunday","weekday":"Sun","fromhour":"8","tohour":"9","week1":"1","week2":"1","week3":"1","week4":"1","week5":"1","holidays":"0","blocksweepid":"1618119"}},{"type":"Feature","geometry":{"type":"LineString","coordinates":[[-122.510341319396,37.764000833634],[-122.510250238363,37.763876233587],[-122.510191568136,37.763232236207],[-122.510055733218,37.762104521613],[-122.509081958701,37.754595345865],[-122.508598807634,37.750882002306],[-122.506691990028,37.736223158689],[-122.506672003204,37.735641799033],[-122.506717428299,37.735469757819]]},"properties":{":id":"row-wmrz~effh_s79t",":version":"rv-utaj~mry8~888m",":created_at":"2026-03-10T12:37:08.575Z",":updated_at":"2026-03-10T12:37:08.575Z","cnn":"6436101","corridor":"Great Hwy","limits":"Lincoln Way  -  Sloat Blvd","cnnrightleft":"R","blockside":"West","fullname":"Sunday","weekday":"Sun","fromhour":"5","tohour":"7","week1":"1","week2":"1","week3":"1","week4":"1","week5":"1","holidays":"0","blocksweepid":"1636094","cleaning_days_abbr":"MTuWThFSaSu"}},{"type":"Feature","geometry":{"type":"LineString","coordinates":[[-122.422135208482,37.789412061535],[-122.42225658323,37.789492260553],[-122.422408152121,37.790241388759],[-122.422328954916,37.79036965946]]},"properties":{":id":"row-z2ba.9s54.fi7y",":version":"rv-68cz~rgdc_9qf6",":created_at":"2026-03-10T12:37:08.575Z",":updated_at":"2026-03-10T12:37:08.575Z","cnn":"13157101","corridor":"Van Ness Ave","limits":"Pine St  -  California St","cnnrightleft":"L","blockside":"West","fullname":"Sunday","weekday":"Sun","fromhour":"4","tohour":"6","week1":"1","week2":"1","week3":"1","week4":"1","week5":"1","holidays":"0","blocksweepid":"1598999","cleaning_days_abbr":"MTuWThFSaSu"}},{"type":"Feature","geometry":{"type":"LineString","coordinates":[[-122.404957208412,37.795326691803],[-122.405142977293,37.796210954662]]},"properties":{":id":"row-2zfz.59x7-memt",":version":"rv-mujs-6e4q-fxsm",":created_at":"2026-03-10T12:37:08.575Z",":updated_at":"2026-03-10T12:37:08.575Z","cnn":"7760000","corridor":"Kearny St","limits":"Washington St  -  Jackson St","cnnrightleft":"L","blockside":"West","fullname":"Sunday","weekday":"Sun","fromhour":"2","tohour":"6","week1":"1","week2":"1","week3":"1","week4":"1","week5":"1","holidays":"1","blocksweepid":"1623927","cleaning_days_abbr":"MTuWThFSaSu"}},{"type":"Feature","geometry":{"type":"LineString","coordinates":[[-122.406045235905,37.795198283594],[-122.406475551112,37.795144464814]]},"properties":{":id":"row-kyqg-p4fb-j2p8",":version":"rv-upmm_8tw3_kaz7",":created_at":"2026-03-10T12:37:08.575Z",":updated_at":"2026-03-10T12:37:08.575Z","cnn":"13413000","corridor":"Washington St","limits":"Wentworth Pl  -  Grant Ave","cnnrightleft":"L","blockside":"South","fullname":"Sunday","weekday":"Sun","fromhour":"2","tohour":"6","week1":"1","week2":"1","week3":"1","week4":"1","week5":"1","holidays":"1","blocksweepid":"1625548","cleaning_days_abbr":"TuSu"}},{"type":"Feature","geometry":{"type":"LineString","coordinates":[[-122.404412160717,37.796302098069],[-122.405288396517,37.796909057292]]},"properties":{":id":"row-cr9t-mrvw_kxth",":version":"rv-5muc.vnmv~3ysv",":created_at":"2026-03-10T12:37:08.575Z",":updated_at":"2026-03-10T12:37:08.575Z","cnn":"4288000","corridor":"Columbus Ave","limits":"Jackson St  -  Kearny St","cnnrightleft":"L","blockside":"SouthWest","fullname":"Sunday","weekday":"Sun","fromhour":"4","tohour":"6","week1":"1","week2":"1","week3":"1","week4":"1","week5":"1","holidays":"0","blocksweepid":"1629890","cleaning_days_abbr":"MTuWThFSaSu"}},{"type":"Feature","geometry":{"type":"LineString","coordinates":[[-122.414241572962,37.78372378285],[-122.415882538495,37.783515640808]]},"properties":{":id":"row-hz3r~mkka~b33y",":version":"rv-qt29_577s_qj79",":created_at":"2026-03-10T12:37:08.575Z",":updated_at":"2026-03-10T12:37:08.575Z","cnn":"5062000","corridor":"Eddy St","limits":"Leavenworth St  -  Hyde St","cnnrightleft":"L","blockside":"South","fullname":"Sunday","weekday":"Sun","fromhour":"6","tohour":"8","week1":"1","week2":"1","week3":"1","week4":"1","week5":"1","holidays":"0","blocksweepid":"1630988","cleaning_days_abbr":"TuThSu"}},{"type":"Feature","geometry":{"type":"LineString","coordinates":[[-122.40822672566,37.787359262241],[-122.409874016327,37.787149143318]]},"properties":{":id":"row-28vi.mjjy_snrp",":version":"rv-dbxn.af3y-34pb",":created_at":"2026-03-10T12:37:08.575Z",":updated_at":"2026-03-10T12:37:08.575Z","cnn":"6110000","corridor":"Geary St","limits":"Powell St  -  Mason St","cnnrightleft":"L","blockside":"South","fullname":"Sunday","weekday":"Sun","fromhour":"2","tohour":"6","week1":"1","week2":"1","week3":"1","week4":"1","week5":"1","holidays":"0","blocksweepid":"1606100","cleaning_days_abbr":"TuThSu"}},{"type":"Feature","geometry":{"type":"LineString","coordinates":[[-122.412610837863,37.767538342222],[-122.412537956094,37.766770393357]]},"properties":{":id":"row-shyp~6f56_isxg",":version":"rv-szer.c4wf~8tj9",":created_at":"2026-03-10T12:37:08.575Z",":updated_at":"2026-03-10T12:37:08.575Z","cnn":"2107000","corridor":"Alabama St","limits":"Treat Ave  -  15th St","cnnrightleft":"R","blockside":"West","fullname":"Sunday","weekday":"Sun","fromhour":"2","tohour":"6","week1":"1","week2":"1","week3":"1","week4":"1","week5":"1","holidays":"1","blocksweepid":"1627151"}},{"type":"Feature","geometry":{"type":"LineString","coordinates":[[-122.415315614941,37.780719176738],[-122.416138098276,37.78061496672]]},"properties":{":id":"row-xxzc_k86n.yhwv",":version":"rv-adnp-cjrf_s4nx",":created_at":"2026-03-10T12:37:08.575Z",":updated_at":"2026-03-10T12:37:08.575Z","cnn":"8891000","corridor":"McAllister St","limits":"Hyde St  -  Breen Pl","cnnrightleft":"L","blockside":"South","fullname":"Sunday","weekday":"Sun","fromhour":"2","tohour":"6","week1":"1","week2":"1","week3":"1","week4":"1","week5":"1","holidays":"0","blocksweepid":"1618221","cleaning_days_abbr":"MTuWThFSaSu"}},{"type":"Feature","geometry":{"type":"LineString","coordinates":[[-122.40753225935,37.794107501563],[-122.407903301695,37.794060297444]]},"properties":{":id":"row-kzjp~4ai3_jixn",":version":"rv-58ch~y458~efph",":created_at":"2026-03-10T12:37:08.575Z",":updated_at":"2026-03-10T12:37:08.575Z","cnn":"4091002","corridor":"Clay St","limits":"Hangah St  -  Stockton St","cnnrightleft":"L","blockside":null,"fullname":"Sunday","weekday":"Sun","fromhour":"2","tohour":"6","week1":"1","week2":"1","week3":"1","week4":"1","week5":"1","holidays":"1","blocksweepid":"1637070","cleaning_days_abbr":"TuThSu"}},{"type":"Feature","geometry":{"type":"LineString","coordinates":[[-122.419758524631,37.770672595078],[-122.419853470682,37.770392811346],[-122.420008320652,37.770111449154]]},"properties":{":id":"row-99js~73tm~3cq7",":version":"rv-86ym-6pea_xtid",":created_at":"2026-03-10T12:37:08.575Z",":updated_at":"2026-03-10T12:37:08.575Z","cnn":"9111001","corridor":"Mission St","limits":"Hwy 101 Northbound  -  Hwy 101 Northbound","cnnrightleft":"L","blockside":"East","fullname":"Sunday","weekday":"Sun","fromhour":"2","tohour":"6","week1":"1","week2":"1","week3":"1","week4":"1","week5":"1","holidays":"1","blocksweepid":"1618973","cleaning_days_abbr":"MTuWThFSaSu"}},{"type":"Feature","geometry":{"type":"LineString","coordinates":[[-122.465352870998,37.780965490787],[-122.465475966784,37.781036602052],[-122.46629708714,37.780997825472],[-122.466426902298,37.780924587549]]},"properties":{":id":"row-hs2x-238q-e9c2",":version":"rv-iip8_ufkr_be7u",":created_at":"2026-03-10T12:37:08.575Z",":updated_at":"2026-03-10T12:37:08.575Z","cnn":"6063201","corridor":"Geary Blvd","limits":"07th Ave  -  08th Ave","cnnrightleft":"R","blockside":"North","fullname":"Sunday","weekday":"Sun","fromhour":"7","tohour":"8","week1":"1","week2":"1","week3":"1","week4":"1","week5":"1","holidays":"0","blocksweepid":"1611371","cleaning_days_abbr":"TuThSu"}},{"type":"Feature","geometry":{"type":"LineString","coordinates":[[-122.463627289534,37.754788065242],[-122.463678897135,37.75473857173],[-122.463722821163,37.754601920816],[-122.463838894253,37.754147505811],[-122.463842129888,37.753808596216],[-122.46377768275,37.75360165731],[-122.46364040719,37.753310851039],[-122.463398832695,37.752981215996],[-122.463165642642,37.752743295402],[-122.462772959301,37.752449458232],[-122.46246754726,37.752187424272],[-122.462176881239,37.751866525367],[-122.461851812166,37.751624202112],[-122.461621806624,37.751517360589],[-122.461523603206,37.751503561269]]},"properties":{":id":"row-ehxw.qmza_6hmn",":version":"rv-5xbu-qgxw-mwuz",":created_at":"2026-03-10T12:37:08.575Z",":updated_at":"2026-03-10T12:37:08.575Z","cnn":"7988201","corridor":"Laguna Honda Blvd","limits":"Noriega St  -  Clarendon Ave","cnnrightleft":"R","blockside":"SouthWest","fullname":"Sunday","weekday":"Sun","fromhour":"5","tohour":"7","week1":"1","week2":"1","week3":"1","week4":"1","week5":"1","holidays":"0","blocksweepid":"1597875","cleaning_days_abbr":"WSu"}},{"type":"Feature","geometry":{"type":"LineString","coordinates":[[-122.402575227493,37.786678208423],[-122.402025419687,37.786248152145]]},"properties":{":id":"row-pcqh_nd95_y6s5",":version":"rv-qnf9-398f_kwhi",":created_at":"2025-06-19T16:07:35.272Z",":updated_at":"2025-06-19T16:07:35.272Z","cnn":"165000","corridor":"03rd St","limits":"Jessie St  -  Mission St","cnnrightleft":"L","blockside":"NorthEast","fullname":"Sunday","weekday":"Sun","fromhour":"2","tohour":"6","week1":"1","week2":"1","week3":"1","week4":"1","week5":"1","holidays":"1","blocksweepid":"1628658","cleaning_days_abbr":"MTuWThFSaSu"}},{"type":"Feature","geometry":{"type":"LineString","coordinates":[[-122.458858661406,37.781257061325],[-122.459048708608,37.781325440231],[-122.459880426527,37.781288622657],[-122.459999657963,37.781213477912]]},"properties":{":id":"row-kczy~uqqh-whix",":version":"rv-sqaa.xvug-kpfe",":created_at":"2026-03-10T12:37:08.575Z",":updated_at":"2026-03-10T12:37:08.575Z","cnn":"6057201","corridor":"Geary Blvd","limits":"Arguello Blvd  -  02nd Ave","cnnrightleft":"R","blockside":"North","fullname":"Sunday","weekday":"Sun","fromhour":"7","tohour":"8","week1":"1","week2":"1","week3":"1","week4":"1","week5":"1","holidays":"0","blocksweepid":"1611365","cleaning_days_abbr":"TuThSu"}},{"type":"Feature","geometry":{"type":"LineString","coordinates":[[-122.413157691449,37.777457419935],[-122.414106895841,37.776707688168]]},"properties":{":id":"row-w94x~8nmv~6fwd",":version":"rv-54nt.ie9v-3kwm",":created_at":"2026-03-10T12:37:08.575Z",":updated_at":"2026-03-10T12:37:08.575Z","cnn":"9103000","corridor":"Mission St","limits":"08th St  -  Laskie St","cnnrightleft":"L","blockside":"SouthEast","fullname":"Sunday","weekday":"Sun","fromhour":"2","tohour":"6","week1":"1","week2":"1","week3":"1","week4":"1","week5":"1","holidays":"1","blocksweepid":"1618963","cleaning_days_abbr":"MTuWThFSaSu"}},{"type":"Feature","geometry":{"type":"LineString","coordinates":[[-122.405862651929,37.796122174098],[-122.40622473616,37.796077505163]]},"properties":{":id":"row-mwgg_gksu~6ek9",":version":"rv-mt5x~ad4z~h83x",":created_at":"2026-03-10T12:37:08.575Z",":updated_at":"2026-03-10T12:37:08.575Z","cnn":"7370000","corridor":"Jackson St","limits":"Cooper Aly  -  Wentworth Pl","cnnrightleft":"L","blockside":"South","fullname":"Sunday","weekday":"Sun","fromhour":"2","tohour":"6","week1":"1","week2":"1","week3":"1","week4":"1","week5":"1","holidays":"1","blocksweepid":"1638528","cleaning_days_abbr":"TuThSu"}},{"type":"Feature","geometry":{"type":"LineString","coordinates":[[-122.382505694144,37.709419118863],[-122.383124217195,37.709396470489],[-122.383697580804,37.709408005602],[-122.384255622173,37.709495016976],[-122.38482573571,37.7097596923],[-122.386451910772,37.711161077982]]},"properties":{":id":"row-xycy_weue.tjcs",":version":"rv-m9vx.spsn-s2a3",":created_at":"2026-03-10T12:37:08.575Z",":updated_at":"2026-03-10T12:37:08.575Z","cnn":"7424000","corridor":"Jamestown Ave","limits":"Hunters Point Expy  -  Harney Way","cnnrightleft":"R","blockside":"NorthEast","fullname":"Sunday","weekday":"Sun","fromhour":"7","tohour":"8","week1":"1","week2":"1","week3":"1","week4":"1","week5":"1","holidays":"0","blocksweepid":"1597367","cleaning_days_abbr":"WFSaSu"}},{"type":"Feature","geometry":{"type":"LineString","coordinates":[[-122.415020022761,37.785531833664],[-122.415673889951,37.78544962804]]},"properties":{":id":"row-vxi8.dc42.as9u",":version":"rv-4asv.fp8u-5vw5",":created_at":"2026-03-10T12:37:08.575Z",":updated_at":"2026-03-10T12:37:08.575Z","cnn":"9731000","corridor":"O'Farrell St","limits":"Harlem Aly  -  Ada Ct","cnnrightleft":"L","blockside":"South","fullname":"Sunday","weekday":"Sun","fromhour":"6","tohour":"8","week1":"1","week2":"1","week3":"1","week4":"1","week5":"1","holidays":"0","blocksweepid":"1603709","cleaning_days_abbr":"TuThSu"}},{"type":"Feature","geometry":{"type":"LineString","coordinates":[[-122.412881239572,37.785353823175],[-122.412969666673,37.785789584224]]},"properties":{":id":"row-a7fw.fhin-25c6",":version":"rv-x8nh.393e~daua",":created_at":"2026-03-10T12:37:08.575Z",":updated_at":"2026-03-10T12:37:08.575Z","cnn":"7569000","corridor":"Jones St","limits":"Steveloe Pl  -  O'Farrell St","cnnrightleft":"R","blockside":"East","fullname":"Sunday","weekday":"Sun","fromhour":"6","tohour":"8","week1":"1","week2":"1","week3":"1","week4":"1","week5":"1","holidays":"0","blocksweepid":"1597547","cleaning_days_abbr":"MTuWThFSaSu"}},{"type":"Feature","geometry":{"type":"LineString","coordinates":[[-122.431025470892,37.765867986364],[-122.431230731606,37.765788289326],[-122.432922797531,37.764468324029],[-122.433074470809,37.764195713209]]},"properties":{":id":"row-xipk_jqux-uhg4",":version":"rv-rnbz.hkp9_x4kz",":created_at":"2026-03-10T12:37:08.575Z",":updated_at":"2026-03-10T12:37:08.575Z","cnn":"8766201","corridor":"Market St","limits":"Sanchez St  -  16th St","cnnrightleft":"R","blockside":"NorthWest","fullname":"Sunday","weekday":"Sun","fromhour":"2","tohour":"6","week1":"1","week2":"1","week3":"1","week4":"1","week5":"1","holidays":"1","blocksweepid":"1625959","cleaning_days_abbr":"MTuWThFSaSu"}},{"type":"Feature","geometry":{"type":"LineString","coordinates":[[-122.418135251879,37.749041287221],[-122.41809362913,37.748605360574],[-122.418096636504,37.748478320412],[-122.418221170888,37.748165688851]]},"properties":{":id":"row-yp9d_kqam_qxiq",":version":"rv-68df_e7wh.pr2m",":created_at":"2026-03-10T12:37:08.575Z",":updated_at":"2026-03-10T12:37:08.575Z","cnn":"9128000","corridor":"Mission St","limits":"26th St  -  Cesar Chavez St","cnnrightleft":"R","blockside":"West","fullname":"Sunday","weekday":"Sun","fromhour":"4","tohour":"6","week1":"1","week2":"1","week3":"1","week4":"1","week5":"1","holidays":"0","blocksweepid":"1619101","cleaning_days_abbr":"MTuWThFSaSu"}},{"type":"Feature","geometry":{"type":"LineString","coordinates":[[-122.4125122556,37.780478512272],[-122.41260902211,37.780459161834],[-122.414721419667,37.778790578786],[-122.414741221821,37.778719429231]]},"properties":{":id":"row-x2nn~6kyb.fd6w",":version":"rv-gq2u.hzph_dijc",":created_at":"2026-03-10T12:37:08.575Z",":updated_at":"2026-03-10T12:37:08.575Z","cnn":"8751201","corridor":"Market St","limits":"07th St  -  Hyde St","cnnrightleft":"R","blockside":"NorthWest","fullname":"Sunday","weekday":"Sun","fromhour":"5","tohour":"7","week1":"1","week2":"1","week3":"1","week4":"1","week5":"1","holidays":"1","blocksweepid":"1617992","cleaning_days_abbr":"MTuWThFSaSu"}},{"type":"Feature","geometry":{"type":"LineString","coordinates":[[-122.421559716288,37.787087251593],[-122.42163673448,37.787467946577],[-122.42175810402,37.787548139832]]},"properties":{":id":"row-z7tv_snrx-7z85",":version":"rv-5ku5-vhs2-y88a",":created_at":"2026-03-10T12:37:08.575Z",":updated_at":"2026-03-10T12:37:08.575Z","cnn":"13154202","corridor":"Van Ness Ave","limits":"Hemlock St  -  Sutter St","cnnrightleft":"R","blockside":"East","fullname":"Sunday","weekday":"Sun","fromhour":"4","tohour":"6","week1":"1","week2":"1","week3":"1","week4":"1","week5":"1","holidays":"0","blocksweepid":"1639888","cleaning_days_abbr":"MTuWThFSaSu"}},{"type":"Feature","geometry":{"type":"LineString","coordinates":[[-122.402065729755,37.788721152431],[-122.402169690636,37.788700375183],[-122.402914480509,37.788111582733]]},"properties":{":id":"row-37vm_pbub-7yh8",":version":"rv-pt37-gn78-er4w",":created_at":"2026-03-10T12:37:08.575Z",":updated_at":"2026-03-10T12:37:08.575Z","cnn":"8744201","corridor":"Market St","limits":"Montgomery St  -  Geary St","cnnrightleft":"R","blockside":"NorthWest","fullname":"Sunday","weekday":"Sun","fromhour":"5","tohour":"7","week1":"1","week2":"1","week3":"1","week4":"1","week5":"1","holidays":"1","blocksweepid":"1617981","cleaning_days_abbr":"MTuWThFSaSu"}},{"type":"Feature","geometry":{"type":"LineString","coordinates":[[-122.404864793932,37.784006613234],[-122.406023808497,37.783091403293]]},"properties":{":id":"row-siai_8a5r-8pts",":version":"rv-qkm8_aw23~h9i7",":created_at":"2026-03-10T12:37:08.575Z",":updated_at":"2026-03-10T12:37:08.575Z","cnn":"9096002","corridor":"Mission St","limits":"Jessie East St  -  Jessie West St","cnnrightleft":"L","blockside":null,"fullname":"Sunday","weekday":"Sun","fromhour":"2","tohour":"6","week1":"1","week2":"1","week3":"1","week4":"1","week5":"1","holidays":"1","blocksweepid":"1618955","cleaning_days_abbr":"MTuWThFSaSu"}},{"type":"Feature","geometry":{"type":"LineString","coordinates":[[-122.388306067817,37.781798235203],[-122.388096381576,37.781911818707],[-122.388075054816,37.782111737148],[-122.388069269869,37.782525077198],[-122.388024209994,37.783043157726],[-122.387966111775,37.78350724255],[-122.387893403703,37.784614723644],[-122.388023343662,37.78477361415]]},"properties":{":id":"row-2bgv_qrt6.xryc",":version":"rv-ag5r.din7.p9bq",":created_at":"2026-03-10T12:37:08.575Z",":updated_at":"2026-03-10T12:37:08.575Z","cnn":"12547201","corridor":"The Embarcadero","limits":"Townsend St  -  Brannan St","cnnrightleft":"R","blockside":"East","fullname":"Sunday","weekday":"Sun","fromhour":"1","tohour":"3","week1":"1","week2":"1","week3":"1","week4":"1","week5":"1","holidays":"1","blocksweepid":"1624893","cleaning_days_abbr":"MTuWThFSaSu"}},{"type":"Feature","geometry":{"type":"LineString","coordinates":[[-122.41314804895,37.780993782209],[-122.413676360884,37.780926855234]]},"properties":{":id":"row-cazm-z22g~w96u",":version":"rv-37qy-e63n.7ebf",":created_at":"2026-03-10T12:37:08.575Z",":updated_at":"2026-03-10T12:37:08.575Z","cnn":"8889000","corridor":"McAllister St","limits":"Charles J Brenham Pl  -  Leavenworth St","cnnrightleft":"R","blockside":"North","fullname":"Sunday","weekday":"Sun","fromhour":"2","tohour":"6","week1":"1","week2":"1","week3":"1","week4":"1","week5":"1","holidays":"0","blocksweepid":"1599639","cleaning_days_abbr":"MWFSaSu"}},{"type":"Feature","geometry":{"type":"LineString","coordinates":[[-122.406652352008,37.796024750166],[-122.407083680472,37.795970583761]]},"properties":{":id":"row-vtdb.ee5a~56n4",":version":"rv-u4j7_hs65_9ejx",":created_at":"2026-03-10T12:37:08.575Z",":updated_at":"2026-03-10T12:37:08.575Z","cnn":"7373000","corridor":"Jackson St","limits":"Grant Ave  -  Saint Louis Aly","cnnrightleft":"L","blockside":"South","fullname":"Sunday","weekday":"Sun","fromhour":"2","tohour":"6","week1":"1","week2":"1","week3":"1","week4":"1","week5":"1","holidays":"1","blocksweepid":"1638531","cleaning_days_abbr":"TuThSu"}},{"type":"Feature","geometry":{"type":"LineString","coordinates":[[-122.478190825242,37.763514758567],[-122.479266518733,37.763467413575]]},"properties":{":id":"row-k3c3-3u62_3ytv",":version":"rv-keyk_ubqz~u9dd",":created_at":"2026-03-10T12:37:08.575Z",":updated_at":"2026-03-10T12:37:08.575Z","cnn":"7297000","corridor":"Irving St","limits":"20th Ave  -  21st Ave","cnnrightleft":"R","blockside":"North","fullname":"Sunday","weekday":"Sun","fromhour":"2","tohour":"4","week1":"1","week2":"1","week3":"1","week4":"1","week5":"1","holidays":"1","blocksweepid":"1638413","cleaning_days_abbr":"TuThSu"}},{"type":"Feature","geometry":{"type":"LineString","coordinates":[[-122.421393307556,37.785685802529],[-122.421297991413,37.785793536199],[-122.421373373705,37.786166158844]]},"properties":{":id":"row-2b25_rgmd.64w4",":version":"rv-grd3.vd28~g4u3",":created_at":"2026-03-10T12:37:08.575Z",":updated_at":"2026-03-10T12:37:08.575Z","cnn":"13153201","corridor":"Van Ness Ave","limits":"Geary Blvd  -  Cedar St","cnnrightleft":"R","blockside":"East","fullname":"Sunday","weekday":"Sun","fromhour":"4","tohour":"6","week1":"1","week2":"1","week3":"1","week4":"1","week5":"1","holidays":"0","blocksweepid":"1639885","cleaning_days_abbr":"MTuWThFSaSu"}},{"type":"Feature","geometry":{"type":"LineString","coordinates":[[-122.42117098682,37.784283291565],[-122.421242649551,37.784635212004],[-122.421192974629,37.7847534462]]},"properties":{":id":"row-w6ns_jkry_zvm7",":version":"rv-9bv3_27qj-vbqm",":created_at":"2026-03-10T12:37:08.575Z",":updated_at":"2026-03-10T12:37:08.575Z","cnn":"13151102","corridor":"Van Ness Ave","limits":"Olive St  -  O'Farrell St","cnnrightleft":"L","blockside":"West","fullname":"Sunday","weekday":"Sun","fromhour":"4","tohour":"6","week1":"1","week2":"1","week3":"1","week4":"1","week5":"1","holidays":"0","blocksweepid":"1598989","cleaning_days_abbr":"MTuWThFSaSu"}},{"type":"Feature","geometry":{"type":"LineString","coordinates":[[-122.422619690436,37.772502817369],[-122.422646569125,37.772411794471],[-122.42324214393,37.771943717529],[-122.423396761057,37.77188564464]]},"properties":{":id":"row-zr7z.vqrs-if6c",":version":"rv-pu3s-aq8u-qhgp",":created_at":"2026-03-10T12:37:08.575Z",":updated_at":"2026-03-10T12:37:08.575Z","cnn":"8759101","corridor":"Market St","limits":"Valencia St  -  Octavia St","cnnrightleft":"R","blockside":"NorthWest","fullname":"Sunday","weekday":"Sun","fromhour":"8","tohour":"9","week1":"1","week2":"1","week3":"1","week4":"1","week5":"1","holidays":"0","blocksweepid":"1618112"}},{"type":"Feature","geometry":{"type":"LineString","coordinates":[[-122.388851283059,37.764321835521],[-122.388904785336,37.764228299307],[-122.388795203829,37.763129469326],[-122.388737998431,37.763048278835]]},"properties":{":id":"row-yrbm~us38.8krc",":version":"rv-aeex.n3er~sd52",":created_at":"2026-03-10T12:37:08.575Z",":updated_at":"2026-03-10T12:37:08.575Z","cnn":"187201","corridor":"03rd St","limits":"Mariposa St  -  18th St","cnnrightleft":"R","blockside":"West","fullname":"Sunday","weekday":"Sun","fromhour":"2","tohour":"6","week1":"1","week2":"1","week3":"1","week4":"1","week5":"1","holidays":"1","blocksweepid":"1613796","cleaning_days_abbr":"MWFSaSu"}},{"type":"Feature","geometry":{"type":"LineString","coordinates":[[-122.393902507043,37.726237395014],[-122.39401302412,37.726157228722],[-122.394253252707,37.725620568924],[-122.394243492859,37.725475649951]]},"properties":{":id":"row-e55x.3ww8.ux4b",":version":"rv-gtyb.7s2e.if5z",":created_at":"2026-03-10T12:37:08.575Z",":updated_at":"2026-03-10T12:37:08.575Z","cnn":"224201","corridor":"03rd St","limits":"Bancroft Ave  -  Carroll Ave","cnnrightleft":"R","blockside":"West","fullname":"Sunday","weekday":"Sun","fromhour":"2","tohour":"6","week1":"1","week2":"1","week3":"1","week4":"1","week5":"1","holidays":"1","blocksweepid":"1613834","cleaning_days_abbr":"MTuWThFSaSu"}},{"type":"Feature","geometry":{"type":"LineString","coordinates":[[-122.388136867452,37.718235642927],[-122.390019684219,37.719298465706]]},"properties":{":id":"row-2ah3_4n4i~46us",":version":"rv-hisa_8m6i_v4eq",":created_at":"2026-03-10T12:37:08.575Z",":updated_at":"2026-03-10T12:37:08.575Z","cnn":"6188000","corridor":"Gilman Ave","limits":"Griffith St  -  Hawes St","cnnrightleft":"L","blockside":"SouthWest","fullname":"Sunday","weekday":"Sun","fromhour":"7","tohour":"8","week1":"1","week2":"1","week3":"1","week4":"1","week5":"1","holidays":"0","blocksweepid":"1633123","cleaning_days_abbr":"WSaSu"}},{"type":"Feature","geometry":{"type":"LineString","coordinates":[[-122.460137198557,37.783136488403],[-122.461207474859,37.783087441726]]},"properties":{":id":"row-wi5y~n4u2~chpk",":version":"rv-ta7r-wa2d.r3wf",":created_at":"2026-03-10T12:37:08.575Z",":updated_at":"2026-03-10T12:37:08.575Z","cnn":"4151000","corridor":"Clement St","limits":"02nd Ave  -  03rd Ave","cnnrightleft":"L","blockside":"South","fullname":"Sunday","weekday":"Sun","fromhour":"7","tohour":"8","week1":"1","week2":"1","week3":"1","week4":"1","week5":"1","holidays":"0","blocksweepid":"1602951","cleaning_days_abbr":"TuThSu"}},{"type":"Feature","geometry":{"type":"LineString","coordinates":[[-122.390967889603,37.734013872547],[-122.391067130316,37.733932944519],[-122.391264164812,37.73336976422],[-122.391244493388,37.733223261805]]},"properties":{":id":"row-rnp5~eabk.i8kk",":version":"rv-vb73-mhh3-4nh4",":created_at":"2026-03-10T12:37:08.575Z",":updated_at":"2026-03-10T12:37:08.575Z","cnn":"213201","corridor":"03rd St","limits":"Palou Ave  -  Quesada Ave","cnnrightleft":"R","blockside":"West","fullname":"Sunday","weekday":"Sun","fromhour":"2","tohour":"6","week1":"1","week2":"1","week3":"1","week4":"1","week5":"1","holidays":"1","blocksweepid":"1613823","cleaning_days_abbr":"MTuWThFSaSu"}},{"type":"Feature","geometry":{"type":"LineString","coordinates":[[-122.496635997254,37.733770843107],[-122.496770432638,37.733699938215],[-122.497251243498,37.733729647813],[-122.497707486594,37.733793125062],[-122.498050147765,37.733858526817],[-122.498483756471,37.733969859843],[-122.498948533095,37.734128137408],[-122.499154340355,37.734219595274],[-122.499196335499,37.734311616301]]},"properties":{":id":"row-yvy8-jh4w-ppi8",":version":"rv-xwkt-mara_eenf",":created_at":"2026-03-10T12:37:08.575Z",":updated_at":"2026-03-10T12:37:08.575Z","cnn":"11960101","corridor":"Sloat Blvd","limits":"39th Ave  -  41st Ave","cnnrightleft":"R","blockside":"North","fullname":"Sunday","weekday":"Sun","fromhour":"5","tohour":"7","week1":"1","week2":"1","week3":"1","week4":"1","week5":"1","holidays":"0","blocksweepid":"1621652","cleaning_days_abbr":"MTuWThFSaSu"}},{"type":"Feature","geometry":{"type":"LineString","coordinates":[[-122.403591771207,37.74720516643],[-122.403740942181,37.746514150882],[-122.403829085114,37.746015502512]]},"properties":{":id":"row-kd8a~3gw8_6nj3",":version":"rv-f4nc~hvyv-ny5q",":created_at":"2026-03-10T12:37:08.575Z",":updated_at":"2026-03-10T12:37:08.575Z","cnn":"2799104","corridor":"Bay Shore Blvd","limits":"Jerrold Ave  -  Bay Shore Blvd","cnnrightleft":"L","blockside":"East","fullname":"Sunday","weekday":"Sun","fromhour":"0","tohour":"2","week1":"1","week2":"1","week3":"1","week4":"1","week5":"1","holidays":"0","blocksweepid":"1628237","cleaning_days_abbr":"TuThSu"}},{"type":"Feature","geometry":{"type":"LineString","coordinates":[[-122.410292026651,37.782230575213],[-122.41031479345,37.782155489751],[-122.412422437609,37.780494977515],[-122.4125122556,37.780478512272]]},"properties":{":id":"row-v6q7-76hj.8cre",":version":"rv-ccii~hm5b-2ify",":created_at":"2026-03-10T12:37:08.575Z",":updated_at":"2026-03-10T12:37:08.575Z","cnn":"8750101","corridor":"Market St","limits":"Taylor St  -  07th St","cnnrightleft":"L","blockside":"SouthEast","fullname":"Sunday","weekday":"Sun","fromhour":"5","tohour":"7","week1":"1","week2":"1","week3":"1","week4":"1","week5":"1","holidays":"1","blocksweepid":"1618098","cleaning_days_abbr":"MTuWThFSaSu"}},{"type":"Feature","geometry":{"type":"LineString","coordinates":[[-122.419671829395,37.77230320357],[-122.42034436809,37.771770250043]]},"properties":{":id":"row-rg9i-f7ny_xxtv",":version":"rv-b6sa-5jxc.tgum",":created_at":"2026-03-10T12:37:08.575Z",":updated_at":"2026-03-10T12:37:08.575Z","cnn":"10047000","corridor":"Otis St","limits":"Brady St  -  Gough St","cnnrightleft":"R","blockside":"NorthWest","fullname":"Sunday","weekday":"Sun","fromhour":"4","tohour":"6","week1":"1","week2":"1","week3":"1","week4":"1","week5":"1","holidays":"0","blocksweepid":"1630231","cleaning_days_abbr":"MTuWThFSaSu"}},{"type":"Feature","geometry":{"type":"LineString","coordinates":[[-122.394059623992,37.792537217256],[-122.394940237623,37.791842090331]]},"properties":{":id":"row-hksk.nkyw~7tbz",":version":"rv-dk77.gddd-u3rj",":created_at":"2026-03-10T12:37:08.575Z",":updated_at":"2026-03-10T12:37:08.575Z","cnn":"9084000","corridor":"Mission St","limits":"Spear St  -  Main St","cnnrightleft":"R","blockside":"NorthWest","fullname":"Sunday","weekday":"Sun","fromhour":"2","tohour":"6","week1":"1","week2":"1","week3":"1","week4":"1","week5":"1","holidays":"1","blocksweepid":"1618492","cleaning_days_abbr":"MTuWThFSaSu"}},{"type":"Feature","geometry":{"type":"LineString","coordinates":[[-122.405409100325,37.797544592985],[-122.405481090131,37.797902804277],[-122.405473070568,37.798016956507]]},"properties":{":id":"row-kgfb-cjui_zrs2",":version":"rv-hre9~z4ue_g884",":created_at":"2026-03-10T12:37:08.575Z",":updated_at":"2026-03-10T12:37:08.575Z","cnn":"7764000","corridor":"Kearny St","limits":"Nottingham Pl  -  Broadway","cnnrightleft":"L","blockside":"West","fullname":"Sunday","weekday":"Sun","fromhour":"4","tohour":"6","week1":"1","week2":"1","week3":"1","week4":"1","week5":"1","holidays":"0","blocksweepid":"1624125","cleaning_days_abbr":"MTuWThFSaSu"}},{"type":"Feature","geometry":{"type":"LineString","coordinates":[[-122.407287231582,37.793233636255],[-122.407373738877,37.793222721528]]},"properties":{":id":"row-m5ia.dt5e.bmmb",":version":"rv-4kk6_g3wz-uuf5",":created_at":"2026-03-10T12:37:08.575Z",":updated_at":"2026-03-10T12:37:08.575Z","cnn":"11231000","corridor":"Sacramento St","limits":"Pagoda Pl  -  Brooklyn Pl","cnnrightleft":"L","blockside":"South","fullname":"Sunday","weekday":"Sun","fromhour":"2","tohour":"6","week1":"1","week2":"1","week3":"1","week4":"1","week5":"1","holidays":"1","blocksweepid":"1621139","cleaning_days_abbr":"TuSu"}},{"type":"Feature","geometry":{"type":"LineString","coordinates":[[-122.420638249635,37.781960765928],[-122.420738089746,37.782053422963],[-122.420810457853,37.782417054753]]},"properties":{":id":"row-i24a_cyfx.ihf8",":version":"rv-jndc_6krc-ptx7",":created_at":"2026-03-10T12:37:08.575Z",":updated_at":"2026-03-10T12:37:08.575Z","cnn":"13149101","corridor":"Van Ness Ave","limits":"Turk St  -  Larch St","cnnrightleft":"L","blockside":"West","fullname":"Sunday","weekday":"Sun","fromhour":"4","tohour":"6","week1":"1","week2":"1","week3":"1","week4":"1","week5":"1","holidays":"0","blocksweepid":"1598984","cleaning_days_abbr":"MTuWThFSaSu"}},{"type":"Feature","geometry":{"type":"LineString","coordinates":[[-122.511424139012,37.779409663242],[-122.511694997486,37.779264783859],[-122.511846539689,37.779186116335],[-122.512075426072,37.779101959513],[-122.512286919852,37.779054576781],[-122.512508337523,37.779034121609],[-122.512660682828,37.779033605187],[-122.512851438931,37.779044939603],[-122.513020681941,37.779037880779],[-122.513181793445,37.779021580608],[-122.513360324687,37.778969547925],[-122.513491254191,37.778905821129],[-122.513568018935,37.778830512828],[-122.513599201556,37.778769531719],[-122.513616719103,37.778688981898],[-122.513612031511,37.778612980417],[-122.513579900985,37.778493674381],[-122.513349772108,37.778047368239],[-122.513283044201,37.777959919768],[-122.513207577741,37.777889295712],[-122.513109624603,37.777812802526],[-122.513013407608,37.777751912304],[-122.512912716634,37.777671296992],[-122.512796680944,37.777557592447],[-122.512659513831,37.77739109531],[-122.512528106883,37.777243259965],[-122.512426823905,37.777140767539],[-122.512287018199,37.777022257381],[-122.512131572945,37.776908182721],[-122.511938325139,37.776756190994]]},"properties":{":id":"row-re59.b8kq~xecn",":version":"rv-s8a9.zwdf.s6te",":created_at":"2026-03-10T12:37:08.575Z",":updated_at":"2026-03-10T12:37:08.575Z","cnn":"10544000","corridor":"Point Lobos Ave","limits":"Merrie Way  -  Great Hwy","cnnrightleft":"L","blockside":"East","fullname":"Sunday","weekday":"Sun","fromhour":"2","tohour":"4","week1":"1","week2":"1","week3":"1","week4":"1","week5":"1","holidays":"1","blocksweepid":"1619894","cleaning_days_abbr":"MTuWThFSaSu"}},{"type":"Feature","geometry":{"type":"LineString","coordinates":[[-122.398564293259,37.788981173596],[-122.399358490876,37.788354170243]]},"properties":{":id":"row-qpnp_2igs-qhwz",":version":"rv-uz57~iviw_sipc",":created_at":"2026-03-10T12:37:08.575Z",":updated_at":"2026-03-10T12:37:08.575Z","cnn":"9090000","corridor":"Mission St","limits":"Shaw Aly  -  Anthony St","cnnrightleft":"R","blockside":"NorthWest","fullname":"Sunday","weekday":"Sun","fromhour":"2","tohour":"6","week1":"1","week2":"1","week3":"1","week4":"1","week5":"1","holidays":"1","blocksweepid":"1618498","cleaning_days_abbr":"MTuWThFSaSu"}},{"type":"Feature","geometry":{"type":"LineString","coordinates":[[-122.402752244553,37.729357163198],[-122.402209197545,37.728101973655]]},"properties":{":id":"row-45yp_pwxk_c8wd",":version":"rv-jzbu-3ddj_nfey",":created_at":"2026-03-10T12:37:08.575Z",":updated_at":"2026-03-10T12:37:08.575Z","cnn":"2808000","corridor":"Bay Shore Blvd","limits":"Donner Ave  -  Bacon St","cnnrightleft":"L","blockside":"East","fullname":"Sunday","weekday":"Sun","fromhour":"7","tohour":"8","week1":"1","week2":"1","week3":"1","week4":"1","week5":"1","holidays":"0","blocksweepid":"1613354","cleaning_days_abbr":"TuThSaSu"}},{"type":"Feature","geometry":{"type":"LineString","coordinates":[[-122.418579138758,37.765117159294],[-122.418698425757,37.765109955105]]},"properties":{":id":"row-w69b~iyn3~hyzu",":version":"rv-c7mq.7ya2~7hys",":created_at":"2026-03-10T12:37:08.575Z",":updated_at":"2026-03-10T12:37:08.575Z","cnn":"724000","corridor":"16th St","limits":"Capp St  -  Capp St","cnnrightleft":"R","blockside":"North","fullname":"Sunday","weekday":"Sun","fromhour":"2","tohour":"6","week1":"1","week2":"1","week3":"1","week4":"1","week5":"1","holidays":"1","blocksweepid":"1613663","cleaning_days_abbr":"MTuWThFSaSu"}},{"type":"Feature","geometry":{"type":"LineString","coordinates":[[-122.394747579196,37.794479718642],[-122.394774560946,37.794390378977],[-122.395583553898,37.793754558847]]},"properties":{":id":"row-p7fm.rb6z~fwnf",":version":"rv-8c2m~zknc.w986",":created_at":"2026-03-10T12:37:08.575Z",":updated_at":"2026-03-10T12:37:08.575Z","cnn":"8737101","corridor":"Market St","limits":"Steuart St  -  Spear St","cnnrightleft":"L","blockside":"SouthEast","fullname":"Sunday","weekday":"Sun","fromhour":"5","tohour":"7","week1":"1","week2":"1","week3":"1","week4":"1","week5":"1","holidays":"1","blocksweepid":"1640588","cleaning_days_abbr":"MTuWThFSaSu"}},{"type":"Feature","geometry":{"type":"LineString","coordinates":[[-122.40861884556,37.797627561973],[-122.408808128619,37.798571324139]]},"properties":{":id":"row-9xnz-4jks.zd7b",":version":"rv-h6wh.5z9s-qe8y",":created_at":"2026-03-10T12:37:08.575Z",":updated_at":"2026-03-10T12:37:08.575Z","cnn":"12210000","corridor":"Stockton St","limits":"Broadway  -  Vallejo St","cnnrightleft":"R","blockside":"East","fullname":"Sunday","weekday":"Sun","fromhour":"4","tohour":"6","week1":"1","week2":"1","week3":"1","week4":"1","week5":"1","holidays":"0","blocksweepid":"1624676","cleaning_days_abbr":"MTuWThFSaSu"}},{"type":"Feature","geometry":{"type":"LineString","coordinates":[[-122.405473070568,37.798016956507],[-122.406231389855,37.797920272777]]},"properties":{":id":"row-2jaj~d678_ze7u",":version":"rv-qbzf_2n7w_t385",":created_at":"2026-03-10T12:37:08.575Z",":updated_at":"2026-03-10T12:37:08.575Z","cnn":"3151000","corridor":"Broadway","limits":"Kearny St  -  Romolo St","cnnrightleft":"R","blockside":"North","fullname":"Sunday","weekday":"Sun","fromhour":"4","tohour":"6","week1":"1","week2":"1","week3":"1","week4":"1","week5":"1","holidays":"0","blocksweepid":"1635106","cleaning_days_abbr":"MTuWThFSaSu"}},{"type":"Feature","geometry":{"type":"LineString","coordinates":[[-122.409693261412,37.781754327744],[-122.409245442644,37.781398133902]]},"properties":{":id":"row-ija3-ipba~sjtv",":version":"rv-4ca2~yvrc~m58n",":created_at":"2026-03-10T12:37:08.575Z",":updated_at":"2026-03-10T12:37:08.575Z","cnn":"327000","corridor":"06th St","limits":"Stevenson St  -  Jessie St","cnnrightleft":"R","blockside":"SouthWest","fullname":"Sunday","weekday":"Sun","fromhour":"4","tohour":"6","week1":"1","week2":"1","week3":"1","week4":"1","week5":"1","holidays":"0","blocksweepid":"1636395","cleaning_days_abbr":"MTuWThFSaSu"}},{"type":"Feature","geometry":{"type":"LineString","coordinates":[[-122.438863485498,37.7193093603],[-122.438861513937,37.71925863749],[-122.4394406001,37.718492934365],[-122.439500375127,37.718467225658]]},"properties":{":id":"row-htag_6fb4_ih39",":version":"rv-a27t.wszf.im99",":created_at":"2026-03-10T12:37:08.575Z",":updated_at":"2026-03-10T12:37:08.575Z","cnn":"9174101","corridor":"Mission St","limits":"Kenny Aly  -  Italy Ave","cnnrightleft":"L","blockside":"SouthEast","fullname":"Sunday","weekday":"Sun","fromhour":"5","tohour":"7","week1":"1","week2":"1","week3":"1","week4":"1","week5":"1","holidays":"0","blocksweepid":"1641408","cleaning_days_abbr":"MTuWThFSaSu"}},{"type":"Feature","geometry":{"type":"LineString","coordinates":[[-122.439872612567,37.785247526751],[-122.439846500003,37.785341455495],[-122.439993631414,37.786113991819],[-122.440061199955,37.78617958357]]},"properties":{":id":"row-2ewf~s7zc.5n7x",":version":"rv-mu25~r576-sz5k",":created_at":"2026-03-10T12:37:08.575Z",":updated_at":"2026-03-10T12:37:08.575Z","cnn":"4814201","corridor":"Divisadero St","limits":"Sutter St  -  Bush St","cnnrightleft":"R","blockside":"East","fullname":"Sunday","weekday":"Sun","fromhour":"6","tohour":"8","week1":"1","week2":"1","week3":"1","week4":"1","week5":"1","holidays":"0","blocksweepid":"1615298","cleaning_days_abbr":"TuThSu"}},{"type":"Feature","geometry":{"type":"LineString","coordinates":[[-122.406827677878,37.796901905855],[-122.406944628746,37.797468973132]]},"properties":{":id":"row-g8gi~uc8m_88ku",":version":"rv-3zf6_sdm6.7cak",":created_at":"2026-03-10T12:37:08.575Z",":updated_at":"2026-03-10T12:37:08.575Z","cnn":"6398000","corridor":"Grant Ave","limits":"Pacific Ave  -  Jack Kerouac Aly","cnnrightleft":"R","blockside":"East","fullname":"Sunday","weekday":"Sun","fromhour":"2","tohour":"6","week1":"1","week2":"1","week3":"1","week4":"1","week5":"1","holidays":"1","blocksweepid":"1606419","cleaning_days_abbr":"MTuWThFSaSu"}},{"type":"Feature","geometry":{"type":"LineString","coordinates":[[-122.394150515011,37.783503509595],[-122.396379518889,37.781750284029]]},"properties":{":id":"row-2q8g.cib4_pfhe",":version":"rv-qypz_5ckr~89mu",":created_at":"2026-03-10T12:37:08.575Z",":updated_at":"2026-03-10T12:37:08.575Z","cnn":"12193000","corridor":"Stillman St","limits":"02nd St  -  03rd St","cnnrightleft":"R","blockside":"NorthWest","fullname":"Sunday","weekday":"Sun","fromhour":"4","tohour":"6","week1":"1","week2":"1","week3":"1","week4":"1","week5":"1","holidays":"0","blocksweepid":"1639361","cleaning_days_abbr":"TuThSu"}},{"type":"Feature","geometry":{"type":"LineString","coordinates":[[-122.395517753104,37.78106214102],[-122.395064952238,37.780700560209]]},"properties":{":id":"row-bh8n.i8k3_f5tn",":version":"rv-fje8.v6hm_xk6h",":created_at":"2026-03-10T12:37:08.575Z",":updated_at":"2026-03-10T12:37:08.575Z","cnn":"176000","corridor":"03rd St","limits":"Taber Pl  -  South Park","cnnrightleft":"R","blockside":"SouthWest","fullname":"Sunday","weekday":"Sun","fromhour":"2","tohour":"6","week1":"1","week2":"1","week3":"1","week4":"1","week5":"1","holidays":"1","blocksweepid":"1628687","cleaning_days_abbr":"MTuWThFSaSu"}},{"type":"Feature","geometry":{"type":"LineString","coordinates":[[-122.410292026651,37.782230575213],[-122.410391457655,37.782210694042],[-122.411699930273,37.781177218451]]},"properties":{":id":"row-4ajw_mxt9_ttyg",":version":"rv-cmrw~pe5p_d5cr",":created_at":"2026-03-10T12:37:08.575Z",":updated_at":"2026-03-10T12:37:08.575Z","cnn":"8750201","corridor":"Market St","limits":"Taylor St  -  McAllister St","cnnrightleft":"R","blockside":"NorthWest","fullname":"Sunday","weekday":"Sun","fromhour":"5","tohour":"7","week1":"1","week2":"1","week3":"1","week4":"1","week5":"1","holidays":"1","blocksweepid":"1617989","cleaning_days_abbr":"MTuWThFSaSu"}},{"type":"Feature","geometry":{"type":"LineString","coordinates":[[-122.420439517797,37.781030842108],[-122.420378957401,37.781141134815],[-122.420451902657,37.781509971037]]},"properties":{":id":"row-m9nx.g8n9~fb9m",":version":"rv-3rws.5bt9_5msq",":created_at":"2026-03-10T12:37:08.575Z",":updated_at":"2026-03-10T12:37:08.575Z","cnn":"13148201","corridor":"Van Ness Ave","limits":"Golden Gate Ave  -  Elm St","cnnrightleft":"R","blockside":"East","fullname":"Sunday","weekday":"Sun","fromhour":"4","tohour":"6","week1":"1","week2":"1","week3":"1","week4":"1","week5":"1","holidays":"0","blocksweepid":"1639876","cleaning_days_abbr":"MTuWThFSaSu"}},{"type":"Feature","geometry":{"type":"LineString","coordinates":[[-122.406703835142,37.736308604033],[-122.406618861373,37.735896873711],[-122.406454647141,37.735510813295],[-122.405494570919,37.734287050483]]},"properties":{":id":"row-kmfb~6whb~pr48",":version":"rv-77n3_vmt6_k6dw",":created_at":"2026-03-10T12:37:08.575Z",":updated_at":"2026-03-10T12:37:08.575Z","cnn":"2803000","corridor":"Bay Shore Blvd","limits":"Helena St  -  Augusta St","cnnrightleft":"R","blockside":"SouthWest","fullname":"Sunday","weekday":"Sun","fromhour":"7","tohour":"8","week1":"1","week2":"1","week3":"1","week4":"1","week5":"1","holidays":"0","blocksweepid":"1628216","cleaning_days_abbr":"MWThFSaSu"}},{"type":"Feature","geometry":{"type":"LineString","coordinates":[[-122.392749786649,37.778851717265],[-122.391840525275,37.778125697956]]},"properties":{":id":"row-vzgk.d57g_vsz2",":version":"rv-4cnk~2tgx.smi5",":created_at":"2026-03-10T12:37:08.575Z",":updated_at":"2026-03-10T12:37:08.575Z","cnn":"180000","corridor":"03rd St","limits":"Townsend St  -  King St","cnnrightleft":"R","blockside":"SouthWest","fullname":"Sunday","weekday":"Sun","fromhour":"2","tohour":"6","week1":"1","week2":"1","week3":"1","week4":"1","week5":"1","holidays":"1","blocksweepid":"1628691","cleaning_days_abbr":"MTuWThFSaSu"}},{"type":"Feature","geometry":{"type":"LineString","coordinates":[[-122.433074470809,37.764195713209],[-122.433411270709,37.764068728938],[-122.434560226783,37.763138332919],[-122.435151904373,37.762743011133],[-122.435187962327,37.762670707774]]},"properties":{":id":"row-yzfi~rgjc.dwmz",":version":"rv-vdj7_rmh6~7wxe",":created_at":"2026-03-10T12:37:08.575Z",":updated_at":"2026-03-10T12:37:08.575Z","cnn":"8767201","corridor":"Market St","limits":"16th St  -  17th St","cnnrightleft":"L","blockside":"SouthEast","fullname":"Sunday","weekday":"Sun","fromhour":"8","tohour":"9","week1":"1","week2":"1","week3":"1","week4":"1","week5":"1","holidays":"0","blocksweepid":"1625971"}},{"type":"Feature","geometry":{"type":"LineString","coordinates":[[-122.406827677878,37.796901905855],[-122.407619809564,37.796804077267]]},"properties":{":id":"row-2bap~kpje.smk6",":version":"rv-57h9.qgv7~t2q5",":created_at":"2026-03-10T12:37:08.575Z",":updated_at":"2026-03-10T12:37:08.575Z","cnn":"10127000","corridor":"Pacific Ave","limits":"Grant Ave  -  Pelton Aly","cnnrightleft":"L","blockside":"South","fullname":"Sunday","weekday":"Sun","fromhour":"2","tohour":"6","week1":"1","week2":"1","week3":"1","week4":"1","week5":"1","holidays":"1","blocksweepid":"1603947","cleaning_days_abbr":"TuThSu"}},{"type":"Feature","geometry":{"type":"LineString","coordinates":[[-122.395622760624,37.72243160376],[-122.395745973156,37.722326435736],[-122.395976901127,37.72181992958],[-122.395943826939,37.721715880382]]},"properties":{":id":"row-ij58-3g87~62ry",":version":"rv-iuek-iea3.vk3r",":created_at":"2026-03-10T12:37:08.575Z",":updated_at":"2026-03-10T12:37:08.575Z","cnn":"228201","corridor":"03rd St","limits":"Gilman Ave  -  Hollister Ave","cnnrightleft":"R","blockside":"West","fullname":"Sunday","weekday":"Sun","fromhour":"2","tohour":"6","week1":"1","week2":"1","week3":"1","week4":"1","week5":"1","holidays":"1","blocksweepid":"1613838","cleaning_days_abbr":"MWFSaSu"}},{"type":"Feature","geometry":{"type":"LineString","coordinates":[[-122.408667084512,37.78538824897],[-122.409497525934,37.785282917476]]},"properties":{":id":"row-ddjm_ik6b.acbb",":version":"rv-2mx9-3r75.5tcq",":created_at":"2026-03-10T12:37:08.575Z",":updated_at":"2026-03-10T12:37:08.575Z","cnn":"5171000","corridor":"Ellis St","limits":"Cyril Magnin St  -  Mason St","cnnrightleft":"L","blockside":"South","fullname":"Sunday","weekday":"Sun","fromhour":"6","tohour":"8","week1":"1","week2":"1","week3":"1","week4":"1","week5":"1","holidays":"0","blocksweepid":"1610170","cleaning_days_abbr":"MTuWThFSaSu"}},{"type":"Feature","geometry":{"type":"LineString","coordinates":[[-122.446383348638,37.711436150087],[-122.447672442697,37.71074852298]]},"properties":{":id":"row-b64h-wubc.svc7",":version":"rv-mfz8~wh9s~qa3c",":created_at":"2026-03-10T12:37:08.575Z",":updated_at":"2026-03-10T12:37:08.575Z","cnn":"9190000","corridor":"Mission St","limits":"Lowell St  -  Whipple Ave","cnnrightleft":"R","blockside":"NorthWest","fullname":"Sunday","weekday":"Sun","fromhour":"5","tohour":"7","week1":"1","week2":"1","week3":"1","week4":"1","week5":"1","holidays":"0","blocksweepid":"1600112","cleaning_days_abbr":"MTuWThFSaSu"}},{"type":"Feature","geometry":{"type":"LineString","coordinates":[[-122.38958738061,37.737955395853],[-122.389687992773,37.737880760225],[-122.389893990755,37.737296505291],[-122.389864462449,37.737169532209]]},"properties":{":id":"row-ewfj_stwa_haif",":version":"rv-uhgb_r7e7-newe",":created_at":"2026-03-10T12:37:08.575Z",":updated_at":"2026-03-10T12:37:08.575Z","cnn":"208201","corridor":"03rd St","limits":"Kirkwood Ave  -  La Salle Ave","cnnrightleft":"R","blockside":"West","fullname":"Sunday","weekday":"Sun","fromhour":"2","tohour":"6","week1":"1","week2":"1","week3":"1","week4":"1","week5":"1","holidays":"1","blocksweepid":"1613818","cleaning_days_abbr":"MTuWThFSaSu"}},{"type":"Feature","geometry":{"type":"LineString","coordinates":[[-122.392899420136,37.728489580514],[-122.392865708583,37.728386733474],[-122.393125077798,37.727807354297],[-122.393232786724,37.727733468261]]},"properties":{":id":"row-kcum.ysk6_pf6r",":version":"rv-2ujm-4847-x98c",":created_at":"2026-03-10T12:37:08.575Z",":updated_at":"2026-03-10T12:37:08.575Z","cnn":"221101","corridor":"03rd St","limits":"Lane St  -  Yosemite Ave","cnnrightleft":"L","blockside":"East","fullname":"Sunday","weekday":"Sun","fromhour":"2","tohour":"6","week1":"1","week2":"1","week3":"1","week4":"1","week5":"1","holidays":"1","blocksweepid":"1629104","cleaning_days_abbr":"MTuWThFSaSu"}},{"type":"Feature","geometry":{"type":"LineString","coordinates":[[-122.402065729755,37.788721152431],[-122.402090571663,37.788639261705],[-122.402836569586,37.788049513231]]},"properties":{":id":"row-h4ff~qt44_888t",":version":"rv-gek9_nige.545c",":created_at":"2026-03-10T12:37:08.575Z",":updated_at":"2026-03-10T12:37:08.575Z","cnn":"8744101","corridor":"Market St","limits":"Montgomery St  -  Annie St","cnnrightleft":"L","blockside":"SouthEast","fullname":"Sunday","weekday":"Sun","fromhour":"5","tohour":"7","week1":"1","week2":"1","week3":"1","week4":"1","week5":"1","holidays":"1","blocksweepid":"1640596","cleaning_days_abbr":"MTuWThFSaSu"}},{"type":"Feature","geometry":{"type":"LineString","coordinates":[[-122.415308388318,37.765314639454],[-122.416387522994,37.76524949406]]},"properties":{":id":"row-5h4a.vkss.66rv",":version":"rv-99ac-g4p8~garq",":created_at":"2026-03-10T12:37:08.575Z",":updated_at":"2026-03-10T12:37:08.575Z","cnn":"721000","corridor":"16th St","limits":"Folsom St  -  Shotwell St","cnnrightleft":"R","blockside":"North","fullname":"Sunday","weekday":"Sun","fromhour":"2","tohour":"6","week1":"1","week2":"1","week3":"1","week4":"1","week5":"1","holidays":"1","blocksweepid":"1613660","cleaning_days_abbr":"TuThSu"}},{"type":"Feature","geometry":{"type":"LineString","coordinates":[[-122.407337040264,37.78456014194],[-122.407347988535,37.784490828637],[-122.407958734738,37.78401124557],[-122.408066547135,37.7839914871]]},"properties":{":id":"row-tpr6~bvqa.uim8",":version":"rv-b3zi.mmj3~495b",":created_at":"2026-03-10T12:37:08.575Z",":updated_at":"2026-03-10T12:37:08.575Z","cnn":"8747103","corridor":"Market St","limits":"Stockton St  -  Powell St","cnnrightleft":"L","blockside":null,"fullname":"Sunday","weekday":"Sun","fromhour":"5","tohour":"7","week1":"1","week2":"1","week3":"1","week4":"1","week5":"1","holidays":"1","blocksweepid":"1618095","cleaning_days_abbr":"MTuWThFSaSu"}},{"type":"Feature","geometry":{"type":"LineString","coordinates":[[-122.403519546003,37.798268070024],[-122.403863017888,37.798222971678]]},"properties":{":id":"row-t7bb.n6c8~yzkr",":version":"rv-ytr3-xyrp.9viy",":created_at":"2026-03-10T12:37:08.575Z",":updated_at":"2026-03-10T12:37:08.575Z","cnn":"3148000","corridor":"Broadway","limits":"Bartol St  -  Montgomery St","cnnrightleft":"R","blockside":"North","fullname":"Sunday","weekday":"Sun","fromhour":"4","tohour":"6","week1":"1","week2":"1","week3":"1","week4":"1","week5":"1","holidays":"0","blocksweepid":"1635103","cleaning_days_abbr":"MTuWThFSaSu"}},{"type":"Feature","geometry":{"type":"LineString","coordinates":[[-122.388130509241,37.716298216102],[-122.387911767083,37.71632787502],[-122.386849666225,37.717509001666]]},"properties":{":id":"row-npi4-q7v3_dtv5",":version":"rv-s785.wqm5~xwp4",":created_at":"2026-03-10T12:37:08.575Z",":updated_at":"2026-03-10T12:37:08.575Z","cnn":"6171000","corridor":"Giants Dr","limits":"Ingerson Ave  -  Gilman Ave","cnnrightleft":"L","blockside":"NorthWest","fullname":"Sunday","weekday":"Sun","fromhour":"7","tohour":"8","week1":"1","week2":"1","week3":"1","week4":"1","week5":"1","holidays":"0","blocksweepid":"1606225","cleaning_days_abbr":"MWFSaSu"}},{"type":"Feature","geometry":{"type":"LineString","coordinates":[[-122.438329414073,37.720015525127],[-122.438328175394,37.719963833529],[-122.438792932295,37.719351157824],[-122.438863485498,37.7193093603]]},"properties":{":id":"row-x4i2.j2b2_iqey",":version":"rv-6rtf.vj35_ifqh",":created_at":"2026-03-10T12:37:08.575Z",":updated_at":"2026-03-10T12:37:08.575Z","cnn":"9173101","corridor":"Mission St","limits":"France Ave  -  Kenny Aly","cnnrightleft":"L","blockside":"SouthEast","fullname":"Sunday","weekday":"Sun","fromhour":"5","tohour":"7","week1":"1","week2":"1","week3":"1","week4":"1","week5":"1","holidays":"0","blocksweepid":"1641407","cleaning_days_abbr":"MTuWThFSaSu"}},{"type":"Feature","geometry":{"type":"LineString","coordinates":[[-122.387794890027,37.787097239396],[-122.387669648653,37.787174747595],[-122.38766192791,37.787306618242],[-122.387722934456,37.788035178058],[-122.38773793662,37.788260470495],[-122.38786793302,37.788724663624],[-122.387930146328,37.788907396737],[-122.38803176644,37.789129740011],[-122.388291302878,37.789538391272],[-122.388481187069,37.789571918889]]},"properties":{":id":"row-ftyf-fyxn~zv8q",":version":"rv-5fph~bpmv-v9g2",":created_at":"2026-03-10T12:37:08.575Z",":updated_at":"2026-03-10T12:37:08.575Z","cnn":"12549201","corridor":"The Embarcadero","limits":"Bryant St  -  Harrison St","cnnrightleft":"R","blockside":"East","fullname":"Sunday","weekday":"Sun","fromhour":"1","tohour":"3","week1":"1","week2":"1","week3":"1","week4":"1","week5":"1","holidays":"1","blocksweepid":"1624895","cleaning_days_abbr":"MTuWThFSaSu"}},{"type":"Feature","geometry":{"type":"LineString","coordinates":[[-122.42194858465,37.78848964293],[-122.422069944537,37.788569779079],[-122.422145379173,37.788942624271]]},"properties":{":id":"row-ra97.gh56~wuv3",":version":"rv-3bye_cwmd~54aw",":created_at":"2026-03-10T12:37:08.575Z",":updated_at":"2026-03-10T12:37:08.575Z","cnn":"13156101","corridor":"Van Ness Ave","limits":"Bush St  -  Austin St","cnnrightleft":"L","blockside":"West","fullname":"Sunday","weekday":"Sun","fromhour":"4","tohour":"6","week1":"1","week2":"1","week3":"1","week4":"1","week5":"1","holidays":"0","blocksweepid":"1598997","cleaning_days_abbr":"MTuWThFSaSu"}},{"type":"Feature","geometry":{"type":"LineString","coordinates":[[-122.403934377342,37.790286026208],[-122.404030724326,37.7907600962]]},"properties":{":id":"row-j6bf-zgra.kqmz",":version":"rv-nmfe.at7q~mums",":created_at":"2026-03-10T12:37:08.575Z",":updated_at":"2026-03-10T12:37:08.575Z","cnn":"7752000","corridor":"Kearny St","limits":"Hardie Pl  -  Bush St","cnnrightleft":"L","blockside":"West","fullname":"Sunday","weekday":"Sun","fromhour":"2","tohour":"6","week1":"1","week2":"1","week3":"1","week4":"1","week5":"1","holidays":"1","blocksweepid":"1623919","cleaning_days_abbr":"MTuWThFSaSu"}},{"type":"Feature","geometry":{"type":"LineString","coordinates":[[-122.405663217532,37.794345222349],[-122.406304985895,37.794263626856]]},"properties":{":id":"row-2vjn~v6jq-sxag",":version":"rv-xhwn.3bfm.why5",":created_at":"2026-03-10T12:37:08.575Z",":updated_at":"2026-03-10T12:37:08.575Z","cnn":"4088000","corridor":"Clay St","limits":"Walter U Lum Pl  -  Grant Ave","cnnrightleft":"L","blockside":"South","fullname":"Sunday","weekday":"Sun","fromhour":"2","tohour":"6","week1":"1","week2":"1","week3":"1","week4":"1","week5":"1","holidays":"1","blocksweepid":"1637066","cleaning_days_abbr":"TuThSu"}},{"type":"Feature","geometry":{"type":"LineString","coordinates":[[-122.396272841569,37.720981529973],[-122.396384237655,37.720913822428],[-122.396463331941,37.720740037154]]},"properties":{":id":"row-qqck~5ic6.7nxq",":version":"rv-5gpu~qp5c_zhfc",":created_at":"2026-03-10T12:37:08.575Z",":updated_at":"2026-03-10T12:37:08.575Z","cnn":"230201","corridor":"03rd St","limits":"Ingerson Ave  -  Salinas Ave","cnnrightleft":"R","blockside":"NorthWest","fullname":"Sunday","weekday":"Sun","fromhour":"2","tohour":"6","week1":"1","week2":"1","week3":"1","week4":"1","week5":"1","holidays":"1","blocksweepid":"1613840","cleaning_days_abbr":"MWFSaSu"}},{"type":"Feature","geometry":{"type":"LineString","coordinates":[[-122.388759199674,37.714663719907],[-122.389437675822,37.715557620476]]},"properties":{":id":"row-2cv5.2pt7~e2vb",":version":"rv-569z~sd9y~5rgd",":created_at":"2026-03-10T12:37:08.575Z",":updated_at":"2026-03-10T12:37:08.575Z","cnn":"7426000","corridor":"Jamestown Ave","limits":"Ignacio Ave  -  Gilroy St","cnnrightleft":"R","blockside":"NorthEast","fullname":"Sunday","weekday":"Sun","fromhour":"7","tohour":"8","week1":"1","week2":"1","week3":"1","week4":"1","week5":"1","holidays":"0","blocksweepid":"1597369","cleaning_days_abbr":"WFSaSu"}},{"type":"Feature","geometry":{"type":"LineString","coordinates":[[-122.418618215796,37.773053454473],[-122.418474340749,37.772874738664],[-122.41831107516,37.772344172829],[-122.418352033444,37.772222179964]]},"properties":{":id":"row-2pwy-sb9p.pd3q",":version":"rv-yhfj.3uku-f6mj",":created_at":"2026-03-10T12:37:08.575Z",":updated_at":"2026-03-10T12:37:08.575Z","cnn":"12016101","corridor":"South Van Ness Ave","limits":"Mission St  -  12th St","cnnrightleft":"L","blockside":"East","fullname":"Sunday","weekday":"Sun","fromhour":"4","tohour":"6","week1":"1","week2":"1","week3":"1","week4":"1","week5":"1","holidays":"0","blocksweepid":"1611091","cleaning_days_abbr":"MTuWThFSaSu"}},{"type":"Feature","geometry":{"type":"LineString","coordinates":[[-122.404613421188,37.793565084245],[-122.406129483695,37.793379704657]]},"properties":{":id":"row-yttw.qsb2~fiv3",":version":"rv-ir7v~cgax~hfyd",":created_at":"2026-03-10T12:37:08.575Z",":updated_at":"2026-03-10T12:37:08.575Z","cnn":"11228000","corridor":"Sacramento St","limits":"Kearny St  -  Grant Ave","cnnrightleft":"L","blockside":"South","fullname":"Sunday","weekday":"Sun","fromhour":"2","tohour":"6","week1":"1","week2":"1","week3":"1","week4":"1","week5":"1","holidays":"1","blocksweepid":"1621136","cleaning_days_abbr":"TuThSu"}},{"type":"Feature","geometry":{"type":"LineString","coordinates":[[-122.389466688445,37.769757143257],[-122.389387180442,37.768925320764],[-122.389307715802,37.768819937334]]},"properties":{":id":"row-zfg9.7mfb.e6xn",":version":"rv-u5b3~k2tc_qqbw",":created_at":"2026-03-10T12:37:08.575Z",":updated_at":"2026-03-10T12:37:08.575Z","cnn":"185207","corridor":"03rd St","limits":"Start:  Block  -  South Street","cnnrightleft":"R","blockside":null,"fullname":"Sunday","weekday":"Sun","fromhour":"2","tohour":"6","week1":"1","week2":"1","week3":"1","week4":"1","week5":"1","holidays":"1","blocksweepid":"1613793","cleaning_days_abbr":"MFSaSu"}},{"type":"Feature","geometry":{"type":"LineString","coordinates":[[-122.406023808497,37.783091403293],[-122.40647940289,37.782731636192]]},"properties":{":id":"row-i5sq_f56n~g2qc",":version":"rv-s7vc~bvut~c8tb",":created_at":"2026-03-10T12:37:08.575Z",":updated_at":"2026-03-10T12:37:08.575Z","cnn":"9096003","corridor":"Mission St","limits":"Jessie West St  -  05th St","cnnrightleft":"L","blockside":null,"fullname":"Sunday","weekday":"Sun","fromhour":"2","tohour":"6","week1":"1","week2":"1","week3":"1","week4":"1","week5":"1","holidays":"1","blocksweepid":"1618956","cleaning_days_abbr":"MTuWThFSaSu"}},{"type":"Feature","geometry":{"type":"LineString","coordinates":[[-122.393570157018,37.726979832623],[-122.393559133424,37.72683773907],[-122.39379199017,37.726317561194],[-122.393902507043,37.726237395014]]},"properties":{":id":"row-zgaa.5kz4-kabv",":version":"rv-6psx_icme_4fhg",":created_at":"2026-03-10T12:37:08.575Z",":updated_at":"2026-03-10T12:37:08.575Z","cnn":"223101","corridor":"03rd St","limits":"Armstrong Ave  -  Bancroft Ave","cnnrightleft":"L","blockside":"East","fullname":"Sunday","weekday":"Sun","fromhour":"2","tohour":"6","week1":"1","week2":"1","week3":"1","week4":"1","week5":"1","holidays":"1","blocksweepid":"1629106","cleaning_days_abbr":"MTuWThFSaSu"}},{"type":"Feature","geometry":{"type":"LineString","coordinates":[[-122.417145611924,37.781447495006],[-122.41880845049,37.781235767171]]},"properties":{":id":"row-z9ej.8vr4-6w5x",":version":"rv-nkam_u8yn-q2am",":created_at":"2026-03-10T12:37:08.575Z",":updated_at":"2026-03-10T12:37:08.575Z","cnn":"6264000","corridor":"Golden Gate Ave","limits":"Larkin St  -  Polk St","cnnrightleft":"L","blockside":"South","fullname":"Sunday","weekday":"Sun","fromhour":"6","tohour":"8","week1":"1","week2":"1","week3":"1","week4":"1","week5":"1","holidays":"0","blocksweepid":"1622242","cleaning_days_abbr":"TuThSu"}},{"type":"Feature","geometry":{"type":"LineString","coordinates":[[-122.398315825613,37.789177330318],[-122.398564293259,37.788981173596]]},"properties":{":id":"row-pubi~8jxn.zpic",":version":"rv-7f39.vd6t_4fax",":created_at":"2026-03-10T12:37:08.575Z",":updated_at":"2026-03-10T12:37:08.575Z","cnn":"9089000","corridor":"Mission St","limits":"Ecker St  -  Shaw Aly","cnnrightleft":"R","blockside":"NorthWest","fullname":"Sunday","weekday":"Sun","fromhour":"2","tohour":"6","week1":"1","week2":"1","week3":"1","week4":"1","week5":"1","holidays":"1","blocksweepid":"1618497","cleaning_days_abbr":"MTuWThFSaSu"}},{"type":"Feature","geometry":{"type":"LineString","coordinates":[[-122.423396761057,37.77188564464],[-122.423595506749,37.771798002203],[-122.423673410652,37.771736463592]]},"properties":{":id":"row-ba4r_amvs~uync",":version":"rv-yeei-rdcz~deaq",":created_at":"2026-03-10T12:37:08.575Z",":updated_at":"2026-03-10T12:37:08.575Z","cnn":"8760202","corridor":"Market St","limits":"Octavia St  -  Octavia St","cnnrightleft":"L","blockside":null,"fullname":"Sunday","weekday":"Sun","fromhour":"8","tohour":"9","week1":"1","week2":"1","week3":"1","week4":"1","week5":"1","holidays":"0","blocksweepid":"1625962"}},{"type":"Feature","geometry":{"type":"LineString","coordinates":[[-122.416259705784,37.785375974611],[-122.416330777244,37.785726516619]]},"properties":{":id":"row-v97t-y44n.2bqr",":version":"rv-ngvc_6mu2.6ra4",":created_at":"2026-03-10T12:37:08.575Z",":updated_at":"2026-03-10T12:37:08.575Z","cnn":"7119000","corridor":"Hyde St","limits":"O'Farrell St  -  Mabel Aly","cnnrightleft":"R","blockside":"East","fullname":"Sunday","weekday":"Sun","fromhour":"6","tohour":"8","week1":"1","week2":"1","week3":"1","week4":"1","week5":"1","holidays":"0","blocksweepid":"1608268","cleaning_days_abbr":"TuThSu"}},{"type":"Feature","geometry":{"type":"LineString","coordinates":[[-122.441691159313,37.715572699572],[-122.441799464549,37.715429679987]]},"properties":{":id":"row-cwvc.dkin~gkdu",":version":"rv-5e7m.b89t-ezb3",":created_at":"2026-03-10T12:37:08.575Z",":updated_at":"2026-03-10T12:37:08.575Z","cnn":"9180000","corridor":"Mission St","limits":"Niagara Ave  -  Pope St","cnnrightleft":"L","blockside":"SouthEast","fullname":"Sunday","weekday":"Sun","fromhour":"5","tohour":"7","week1":"1","week2":"1","week3":"1","week4":"1","week5":"1","holidays":"0","blocksweepid":"1626590","cleaning_days_abbr":"MTuWThFSaSu"}},{"type":"Feature","geometry":{"type":"LineString","coordinates":[[-122.422514943906,37.791288891217],[-122.422431268032,37.791395029042],[-122.422572787617,37.792094464261],[-122.422694163657,37.792174644917]]},"properties":{":id":"row-dqvw.626d_m79s",":version":"rv-thdj.kdr7~mg38",":created_at":"2026-03-10T12:37:08.575Z",":updated_at":"2026-03-10T12:37:08.575Z","cnn":"13159201","corridor":"Van Ness Ave","limits":"Sacramento St  -  Clay St","cnnrightleft":"R","blockside":"East","fullname":"Sunday","weekday":"Sun","fromhour":"4","tohour":"6","week1":"1","week2":"1","week3":"1","week4":"1","week5":"1","holidays":"0","blocksweepid":"1639895","cleaning_days_abbr":"MTuWThFSaSu"}},{"type":"Feature","geometry":{"type":"LineString","coordinates":[[-122.408544242621,37.765722599629],[-122.410486689606,37.765605838496]]},"properties":{":id":"row-7q3f_nzn7~tnbi",":version":"rv-nuqq_i3zi.6rh2",":created_at":"2026-03-10T12:37:08.575Z",":updated_at":"2026-03-10T12:37:08.575Z","cnn":"716000","corridor":"16th St","limits":"Hampshire St  -  Bryant St","cnnrightleft":"R","blockside":"North","fullname":"Sunday","weekday":"Sun","fromhour":"2","tohour":"6","week1":"1","week2":"1","week3":"1","week4":"1","week5":"1","holidays":"1","blocksweepid":"1636170","cleaning_days_abbr":"TuThSu"}},{"type":"Feature","geometry":{"type":"LineString","coordinates":[[-122.419505113925,37.746182682866],[-122.419885764063,37.745595096744]]},"properties":{":id":"row-xv9f-5fe4~hrce",":version":"rv-atjc_wk4v~kxzr",":created_at":"2026-03-10T12:37:08.575Z",":updated_at":"2026-03-10T12:37:08.575Z","cnn":"9131000","corridor":"Mission St","limits":"Powers Ave  -  Fair Ave","cnnrightleft":"L","blockside":"SouthEast","fullname":"Sunday","weekday":"Sun","fromhour":"5","tohour":"7","week1":"1","week2":"1","week3":"1","week4":"1","week5":"1","holidays":"0","blocksweepid":"1619264","cleaning_days_abbr":"MTuWThFSaSu"}},{"type":"Feature","geometry":{"type":"LineString","coordinates":[[-122.407337040264,37.78456014194],[-122.407424425281,37.784552142708],[-122.408041782093,37.784066139223],[-122.408066547135,37.7839914871]]},"properties":{":id":"row-nznc-3g3v~wvai",":version":"rv-m8st_jgm6-7h8w",":created_at":"2026-03-10T12:37:08.575Z",":updated_at":"2026-03-10T12:37:08.575Z","cnn":"8747203","corridor":"Market St","limits":"Powell St  -  05th St","cnnrightleft":"R","blockside":null,"fullname":"Sunday","weekday":"Sun","fromhour":"5","tohour":"7","week1":"1","week2":"1","week3":"1","week4":"1","week5":"1","holidays":"1","blocksweepid":"1617986","cleaning_days_abbr":"MTuWThFSaSu"}},{"type":"Feature","geometry":{"type":"LineString","coordinates":[[-122.40849315801,37.784452729643],[-122.409309180162,37.784349269064]]},"properties":{":id":"row-2hub~5um4~4tg5",":version":"rv-sbnn~hk3p~vhzf",":created_at":"2026-03-10T12:37:08.575Z",":updated_at":"2026-03-10T12:37:08.575Z","cnn":"5058000","corridor":"Eddy St","limits":"Cyril Magnin St  -  Mason St","cnnrightleft":"L","blockside":"South","fullname":"Sunday","weekday":"Sun","fromhour":"2","tohour":"6","week1":"1","week2":"1","week3":"1","week4":"1","week5":"1","holidays":"0","blocksweepid":"1604692","cleaning_days_abbr":"TuThSu"}},{"type":"Feature","geometry":{"type":"LineString","coordinates":[[-122.414741221821,37.778719429231],[-122.414969893233,37.778861916826],[-122.416580343173,37.778657855353]]},"properties":{":id":"row-ndzu~jzru~kdgy",":version":"rv-6ku4_vggm_mjm2",":created_at":"2026-03-10T12:37:08.575Z",":updated_at":"2026-03-10T12:37:08.575Z","cnn":"6552000","corridor":"Grove St","limits":"Market St  -  Larkin St","cnnrightleft":"R","blockside":"North","fullname":"Sunday","weekday":"Sun","fromhour":"2","tohour":"6","week1":"1","week2":"1","week3":"1","week4":"1","week5":"1","holidays":"0","blocksweepid":"1633261","cleaning_days_abbr":"MTuWThFSaSu"}},{"type":"Feature","geometry":{"type":"LineString","coordinates":[[-122.407869496169,37.798696861567],[-122.409014377479,37.799489820039]]},"properties":{":id":"row-zqnn_tkir.nbb6",":version":"rv-ynzc_6tii~weqy",":created_at":"2026-03-10T12:37:08.575Z",":updated_at":"2026-03-10T12:37:08.575Z","cnn":"4294000","corridor":"Columbus Ave","limits":"Vallejo St  -  Green St","cnnrightleft":"L","blockside":"SouthWest","fullname":"Sunday","weekday":"Sun","fromhour":"4","tohour":"6","week1":"1","week2":"1","week3":"1","week4":"1","week5":"1","holidays":"0","blocksweepid":"1637334","cleaning_days_abbr":"MTuWThFSaSu"}},{"type":"Feature","geometry":{"type":"LineString","coordinates":[[-122.419454542879,37.78450084397],[-122.419547853966,37.784960259485]]},"properties":{":id":"row-tdm3.jfy6.54xr",":version":"rv-a46i_ss9u_v9vn",":created_at":"2026-03-10T12:37:08.575Z",":updated_at":"2026-03-10T12:37:08.575Z","cnn":"10558000","corridor":"Polk St","limits":"Olive St  -  O'Farrell St","cnnrightleft":"R","blockside":"East","fullname":"Sunday","weekday":"Sun","fromhour":"6","tohour":"8","week1":"1","week2":"1","week3":"1","week4":"1","week5":"1","holidays":"0","blocksweepid":"1619915","cleaning_days_abbr":"TuThSu"}},{"type":"Feature","geometry":{"type":"LineString","coordinates":[[-122.431763220093,37.778632037466],[-122.431951802505,37.779564149041]]},"properties":{":id":"row-845k~iq22_mrek",":version":"rv-crkm~hwfm-aq6n",":created_at":"2026-03-10T12:37:08.575Z",":updated_at":"2026-03-10T12:37:08.575Z","cnn":"5541000","corridor":"Fillmore St","limits":"McAllister St  -  Golden Gate Ave","cnnrightleft":"R","blockside":"East","fullname":"Sunday","weekday":"Sun","fromhour":"6","tohour":"8","week1":"1","week2":"1","week3":"1","week4":"1","week5":"1","holidays":"0","blocksweepid":"1631287","cleaning_days_abbr":"TuThSu"}},{"type":"Feature","geometry":{"type":"LineString","coordinates":[[-122.401051293437,37.798580054283],[-122.40222863939,37.798429702041]]},"properties":{":id":"row-u99c-sdfg_97xd",":version":"rv-rc3i~dh2z-akwd",":created_at":"2026-03-10T12:37:08.575Z",":updated_at":"2026-03-10T12:37:08.575Z","cnn":"3145000","corridor":"Broadway","limits":"Battery St  -  Sansome St","cnnrightleft":"L","blockside":"South","fullname":"Sunday","weekday":"Sun","fromhour":"4","tohour":"6","week1":"1","week2":"1","week3":"1","week4":"1","week5":"1","holidays":"0","blocksweepid":"1627462","cleaning_days_abbr":"TuThSaSu"}},{"type":"Feature","geometry":{"type":"LineString","coordinates":[[-122.449308666783,37.709946203641],[-122.450095486223,37.709679912839]]},"properties":{":id":"row-e727-js6g_ngpz",":version":"rv-attw_t84r.aynf",":created_at":"2026-03-10T12:37:08.575Z",":updated_at":"2026-03-10T12:37:08.575Z","cnn":"9193000","corridor":"Mission St","limits":"Farragut Ave  -  Laura St","cnnrightleft":"L","blockside":"South","fullname":"Sunday","weekday":"Sun","fromhour":"5","tohour":"7","week1":"1","week2":"1","week3":"1","week4":"1","week5":"1","holidays":"0","blocksweepid":"1626603","cleaning_days_abbr":"MTuWThFSaSu"}},{"type":"Feature","geometry":{"type":"LineString","coordinates":[[-122.391096119262,37.792436047738],[-122.391271430562,37.792497518671],[-122.391402922494,37.792657646086],[-122.391996097928,37.793167256786],[-122.392521651546,37.79363941047],[-122.392499329227,37.793768814045]]},"properties":{":id":"row-3san_kpty-eq9f",":version":"rv-vq5d-uguu-yqyv",":created_at":"2026-03-10T12:37:08.575Z",":updated_at":"2026-03-10T12:37:08.575Z","cnn":"12552101","corridor":"The Embarcadero","limits":"Howard St  -  Mission St","cnnrightleft":"L","blockside":"SouthWest","fullname":"Sunday","weekday":"Sun","fromhour":"1","tohour":"3","week1":"1","week2":"1","week3":"1","week4":"1","week5":"1","holidays":"1","blocksweepid":"1639573","cleaning_days_abbr":"MTuWThFSaSu"}},{"type":"Feature","geometry":{"type":"LineString","coordinates":[[-122.406304985895,37.794263626856],[-122.406475551112,37.795144464814]]},"properties":{":id":"row-htnf~yriw_6tgi",":version":"rv-4bc2_4k3u_7wkd",":created_at":"2026-03-10T12:37:08.575Z",":updated_at":"2026-03-10T12:37:08.575Z","cnn":"6395000","corridor":"Grant Ave","limits":"Clay St  -  Washington St","cnnrightleft":"L","blockside":"West","fullname":"Sunday","weekday":"Sun","fromhour":"2","tohour":"6","week1":"1","week2":"1","week3":"1","week4":"1","week5":"1","holidays":"1","blocksweepid":"1606423","cleaning_days_abbr":"MTuWThFSaSu"}},{"type":"Feature","geometry":{"type":"LineString","coordinates":[[-122.431800801752,37.728249466321],[-122.432363263447,37.72771681463]]},"properties":{":id":"row-dc59.n6jx~2k6g",":version":"rv-xwvg-4k4d_jpn6",":created_at":"2026-03-10T12:37:08.575Z",":updated_at":"2026-03-10T12:37:08.575Z","cnn":"9156000","corridor":"Mission St","limits":"Tingley St  -  Theresa St","cnnrightleft":"L","blockside":"SouthEast","fullname":"Sunday","weekday":"Sun","fromhour":"5","tohour":"7","week1":"1","week2":"1","week3":"1","week4":"1","week5":"1","holidays":"0","blocksweepid":"1641390","cleaning_days_abbr":"MTuWThFSaSu"}},{"type":"Feature","geometry":{"type":"LineString","coordinates":[[-122.405512936056,37.797064590557],[-122.406226437742,37.797558810251]]},"properties":{":id":"row-6t3b-xan6~bc4p",":version":"rv-mvd9_b5ft-9vzz",":created_at":"2026-03-10T12:37:08.575Z",":updated_at":"2026-03-10T12:37:08.575Z","cnn":"4290000","corridor":"Columbus Ave","limits":"Pacific Ave  -  Jack Kerouac Aly","cnnrightleft":"R","blockside":"NorthEast","fullname":"Sunday","weekday":"Sun","fromhour":"4","tohour":"6","week1":"1","week2":"1","week3":"1","week4":"1","week5":"1","holidays":"0","blocksweepid":"1637285","cleaning_days_abbr":"MTuWThFSaSu"}},{"type":"Feature","geometry":{"type":"LineString","coordinates":[[-122.463210680143,37.781070164904],[-122.463339041744,37.781141190329],[-122.464152207565,37.781100470881],[-122.46427917012,37.781018921641]]},"properties":{":id":"row-yarj~6tsp-ghgf",":version":"rv-eviz_47eb.8urt",":created_at":"2026-03-10T12:37:08.575Z",":updated_at":"2026-03-10T12:37:08.575Z","cnn":"6061201","corridor":"Geary Blvd","limits":"05th Ave  -  06th Ave","cnnrightleft":"R","blockside":"North","fullname":"Sunday","weekday":"Sun","fromhour":"7","tohour":"8","week1":"1","week2":"1","week3":"1","week4":"1","week5":"1","holidays":"0","blocksweepid":"1611369","cleaning_days_abbr":"TuThSu"}},{"type":"Feature","geometry":{"type":"LineString","coordinates":[[-122.421570115351,37.786618960963],[-122.421484286441,37.786714404495],[-122.421559716288,37.787087251593]]},"properties":{":id":"row-tu3s-ey9q.u3bt",":version":"rv-eift_a4x3_gq4f",":created_at":"2026-03-10T12:37:08.575Z",":updated_at":"2026-03-10T12:37:08.575Z","cnn":"13154201","corridor":"Van Ness Ave","limits":"Post St  -  Hemlock St","cnnrightleft":"R","blockside":"East","fullname":"Sunday","weekday":"Sun","fromhour":"4","tohour":"6","week1":"1","week2":"1","week3":"1","week4":"1","week5":"1","holidays":"0","blocksweepid":"1639887","cleaning_days_abbr":"MTuWThFSaSu"}},{"type":"Feature","geometry":{"type":"LineString","coordinates":[[-122.406667930917,37.797864612499],[-122.407016163317,37.797822302287]]},"properties":{":id":"row-e8db-ac3i_xh3q",":version":"rv-ekik-h3xn-8f9h",":created_at":"2026-03-10T12:37:08.575Z",":updated_at":"2026-03-10T12:37:08.575Z","cnn":"3153000","corridor":"Broadway","limits":"Columbus Ave  -  Grant Ave","cnnrightleft":"R","blockside":"North","fullname":"Sunday","weekday":"Sun","fromhour":"4","tohour":"6","week1":"1","week2":"1","week3":"1","week4":"1","week5":"1","holidays":"0","blocksweepid":"1627492","cleaning_days_abbr":"MTuWThFSaSu"}},{"type":"Feature","geometry":{"type":"LineString","coordinates":[[-122.394852049217,37.720175221605],[-122.396272841569,37.720981529973]]},"properties":{":id":"row-cqaz-a43t~t746",":version":"rv-p5n2~umv4.x5jt",":created_at":"2026-03-10T12:37:08.575Z",":updated_at":"2026-03-10T12:37:08.575Z","cnn":"7252000","corridor":"Ingerson Ave","limits":"Jennings St  -  03rd St","cnnrightleft":"R","blockside":"NorthEast","fullname":"Sunday","weekday":"Sun","fromhour":"7","tohour":"8","week1":"1","week2":"1","week3":"1","week4":"1","week5":"1","holidays":"0","blocksweepid":"1623577","cleaning_days_abbr":"MSaSu"}},{"type":"Feature","geometry":{"type":"LineString","coordinates":[[-122.422840576823,37.741027407651],[-122.423089906388,37.740641886647]]},"properties":{":id":"row-qpz2~firu_et9u",":version":"rv-7ahc~kha7_ka4n",":created_at":"2026-03-10T12:37:08.575Z",":updated_at":"2026-03-10T12:37:08.575Z","cnn":"9140000","corridor":"Mission St","limits":"Cortland Ave  -  Santa Marina St","cnnrightleft":"L","blockside":"SouthEast","fullname":"Sunday","weekday":"Sun","fromhour":"5","tohour":"7","week1":"1","week2":"1","week3":"1","week4":"1","week5":"1","holidays":"0","blocksweepid":"1619273","cleaning_days_abbr":"MTuWThFSaSu"}},{"type":"Feature","geometry":{"type":"LineString","coordinates":[[-122.423973384504,37.771369005805],[-122.424743351628,37.770763842203],[-122.424852598549,37.77074774518]]},"properties":{":id":"row-23q2_mkvt~kxvu",":version":"rv-ndwh-dhaf-6jiy",":created_at":"2026-03-10T12:37:08.575Z",":updated_at":"2026-03-10T12:37:08.575Z","cnn":"8760102","corridor":"Market St","limits":"Pearl St  -  Laguna St","cnnrightleft":"L","blockside":"SouthEast","fullname":"Sunday","weekday":"Sun","fromhour":"2","tohour":"6","week1":"1","week2":"1","week3":"1","week4":"1","week5":"1","holidays":"1","blocksweepid":"1618125","cleaning_days_abbr":"MTuWThFSaSu"}},{"type":"Feature","geometry":{"type":"LineString","coordinates":[[-122.431025470892,37.765867986364],[-122.431124557748,37.765673219841],[-122.432764829839,37.764373962337],[-122.433074470809,37.764195713209]]},"properties":{":id":"row-4e8a~2qgf_6gwd",":version":"rv-9yu6-5gcr.td48",":created_at":"2026-03-10T12:37:08.575Z",":updated_at":"2026-03-10T12:37:08.575Z","cnn":"8766101","corridor":"Market St","limits":"Sanchez St  -  16th St","cnnrightleft":"L","blockside":"SouthEast","fullname":"Sunday","weekday":"Sun","fromhour":"2","tohour":"6","week1":"1","week2":"1","week3":"1","week4":"1","week5":"1","holidays":"1","blocksweepid":"1618132","cleaning_days_abbr":"MTuWThFSaSu"}},{"type":"Feature","geometry":{"type":"LineString","coordinates":[[-122.419011533299,37.758199785454],[-122.41890102877,37.757035402008]]},"properties":{":id":"row-jpjk_byvm~sg7t",":version":"rv-4cpq_sagx_shbp",":created_at":"2026-03-10T12:37:08.575Z",":updated_at":"2026-03-10T12:37:08.575Z","cnn":"9122002","corridor":"Mission St","limits":"Catherine Ct  -  21st St","cnnrightleft":"R","blockside":null,"fullname":"Sunday","weekday":"Sun","fromhour":"4","tohour":"6","week1":"1","week2":"1","week3":"1","week4":"1","week5":"1","holidays":"0","blocksweepid":"1619075","cleaning_days_abbr":"MTuWThFSaSu"}},{"type":"Feature","geometry":{"type":"LineString","coordinates":[[-122.386265013791,37.717178948313],[-122.386849666225,37.717509001666]]},"properties":{":id":"row-mfir_fc3t-ajqm",":version":"rv-9qrb.jtvh_f8td",":created_at":"2026-03-10T12:37:08.575Z",":updated_at":"2026-03-10T12:37:08.575Z","cnn":"6186000","corridor":"Gilman Ave","limits":"Arelious Walker Dr  -  Giants Dr","cnnrightleft":"L","blockside":"SouthWest","fullname":"Sunday","weekday":"Sun","fromhour":"7","tohour":"8","week1":"1","week2":"1","week3":"1","week4":"1","week5":"1","holidays":"0","blocksweepid":"1633121","cleaning_days_abbr":"WFSaSu"}},{"type":"Feature","geometry":{"type":"LineString","coordinates":[[-122.417104135557,37.774325287386],[-122.417233136498,37.774268590436],[-122.418471567966,37.773274561095],[-122.418618215796,37.773053454473]]},"properties":{":id":"row-5sth.uw8b_vc3f",":version":"rv-4z2s_im55~z6fk",":created_at":"2026-03-10T12:37:08.575Z",":updated_at":"2026-03-10T12:37:08.575Z","cnn":"9109201","corridor":"Mission St","limits":"11th St  -  South Van Ness Ave","cnnrightleft":"R","blockside":"NorthWest","fullname":"Sunday","weekday":"Sun","fromhour":"2","tohour":"6","week1":"1","week2":"1","week3":"1","week4":"1","week5":"1","holidays":"1","blocksweepid":"1618520","cleaning_days_abbr":"MTuWThFSaSu"}},{"type":"Feature","geometry":{"type":"LineString","coordinates":[[-122.406226437742,37.797558810251],[-122.406667930917,37.797864612499]]},"properties":{":id":"row-57u9~c3wa-fd2z",":version":"rv-p86i.amib_86vv",":created_at":"2026-03-10T12:37:08.575Z",":updated_at":"2026-03-10T12:37:08.575Z","cnn":"4291000","corridor":"Columbus Ave","limits":"Jack Kerouac Aly  -  Broadway","cnnrightleft":"L","blockside":"SouthWest","fullname":"Sunday","weekday":"Sun","fromhour":"4","tohour":"6","week1":"1","week2":"1","week3":"1","week4":"1","week5":"1","holidays":"0","blocksweepid":"1629893","cleaning_days_abbr":"MTuWThFSaSu"}},{"type":"Feature","geometry":{"type":"LineString","coordinates":[[-122.442564962803,37.714660619233],[-122.442661526889,37.714567198279]]},"properties":{":id":"row-cis5.892t~gbrh",":version":"rv-eetx-njg5_9yk2",":created_at":"2026-03-10T12:37:08.575Z",":updated_at":"2026-03-10T12:37:08.575Z","cnn":"9182000","corridor":"Mission St","limits":"Allison St  -  Mount Vernon Ave","cnnrightleft":"L","blockside":"SouthEast","fullname":"Sunday","weekday":"Sun","fromhour":"5","tohour":"7","week1":"1","week2":"1","week3":"1","week4":"1","week5":"1","holidays":"0","blocksweepid":"1626592","cleaning_days_abbr":"MTuWThFSaSu"}},{"type":"Feature","geometry":{"type":"LineString","coordinates":[[-122.418598509318,37.780260133266],[-122.420033641199,37.780080160641],[-122.420247184087,37.78007469645]]},"properties":{":id":"row-v6nf.q8tv.fjjx",":version":"rv-zipn-sxxg_e3jk",":created_at":"2026-03-10T12:37:08.575Z",":updated_at":"2026-03-10T12:37:08.575Z","cnn":"8894000","corridor":"McAllister St","limits":"Polk St  -  Van Ness Ave","cnnrightleft":"L","blockside":"South","fullname":"Sunday","weekday":"Sun","fromhour":"2","tohour":"6","week1":"1","week2":"1","week3":"1","week4":"1","week5":"1","holidays":"0","blocksweepid":"1618249","cleaning_days_abbr":"MTuWThFSaSu"}},{"type":"Feature","geometry":{"type":"LineString","coordinates":[[-122.403430800691,37.787641848946],[-122.403534997705,37.787621023048],[-122.404555578309,37.786814165432],[-122.404583316994,37.786730565979]]},"properties":{":id":"row-dsk5_uya3.67yn",":version":"rv-b79m.wtkk.n7tg",":created_at":"2026-03-10T12:37:08.575Z",":updated_at":"2026-03-10T12:37:08.575Z","cnn":"8745201","corridor":"Market St","limits":"03rd St  -  Grant Ave","cnnrightleft":"R","blockside":"NorthWest","fullname":"Sunday","weekday":"Sun","fromhour":"5","tohour":"7","week1":"1","week2":"1","week3":"1","week4":"1","week5":"1","holidays":"1","blocksweepid":"1617983","cleaning_days_abbr":"MTuWThFSaSu"}},{"type":"Feature","geometry":{"type":"LineString","coordinates":[[-122.406944628746,37.797468973132],[-122.407016163317,37.797822302287]]},"properties":{":id":"row-jd2d.6wnw~bhjc",":version":"rv-55bc-gwzy-eh3j",":created_at":"2026-03-10T12:37:08.575Z",":updated_at":"2026-03-10T12:37:08.575Z","cnn":"6399000","corridor":"Grant Ave","limits":"Jack Kerouac Aly  -  Broadway","cnnrightleft":"L","blockside":"West","fullname":"Sunday","weekday":"Sun","fromhour":"2","tohour":"6","week1":"1","week2":"1","week3":"1","week4":"1","week5":"1","holidays":"1","blocksweepid":"1606427","cleaning_days_abbr":"MTuWThFSaSu"}},{"type":"Feature","geometry":{"type":"LineString","coordinates":[[-122.419255606289,37.775147074542],[-122.419355051962,37.775234232616],[-122.419396888626,37.775422221042]]},"properties":{":id":"row-2pqp_42u5~8dyf",":version":"rv-5bwg~upat~zqb2",":created_at":"2026-03-10T12:37:08.575Z",":updated_at":"2026-03-10T12:37:08.575Z","cnn":"13143101","corridor":"Van Ness Ave","limits":"Market St  -  Oak St","cnnrightleft":"L","blockside":"West","fullname":"Sunday","weekday":"Sun","fromhour":"4","tohour":"6","week1":"1","week2":"1","week3":"1","week4":"1","week5":"1","holidays":"0","blocksweepid":"1598976","cleaning_days_abbr":"MTuWThFSaSu"}},{"type":"Feature","geometry":{"type":"LineString","coordinates":[[-122.407485197343,37.795015975068],[-122.408079101008,37.794940686929]]},"properties":{":id":"row-8gx9~ckbr.if5g",":version":"rv-ri8g_spa9~9c23",":created_at":"2026-03-10T12:37:08.575Z",":updated_at":"2026-03-10T12:37:08.575Z","cnn":"13417000","corridor":"Washington St","limits":"Spofford Ln  -  Stockton St","cnnrightleft":"L","blockside":"South","fullname":"Sunday","weekday":"Sun","fromhour":"2","tohour":"6","week1":"1","week2":"1","week3":"1","week4":"1","week5":"1","holidays":"1","blocksweepid":"1625552","cleaning_days_abbr":"TuSu"}},{"type":"Feature","geometry":{"type":"LineString","coordinates":[[-122.409328905494,37.786247172766],[-122.409683072542,37.78620266448]]},"properties":{":id":"row-g54n-qnac~xaw3",":version":"rv-qnvb~xcmq-fn24",":created_at":"2026-03-10T12:37:08.575Z",":updated_at":"2026-03-10T12:37:08.575Z","cnn":"9725000","corridor":"O'Farrell St","limits":"Elwood St  -  Mason St","cnnrightleft":"L","blockside":"South","fullname":"Sunday","weekday":"Sun","fromhour":"2","tohour":"6","week1":"1","week2":"1","week3":"1","week4":"1","week5":"1","holidays":"0","blocksweepid":"1603621","cleaning_days_abbr":"TuThSu"}},{"type":"Feature","geometry":{"type":"LineString","coordinates":[[-122.412969666673,37.785789584224],[-122.414617207257,37.785582474549]]},"properties":{":id":"row-9cy2_dwmw-47qq",":version":"rv-bw6n-gpi8~5fku",":created_at":"2026-03-10T12:37:08.575Z",":updated_at":"2026-03-10T12:37:08.575Z","cnn":"9729000","corridor":"O'Farrell St","limits":"Jones St  -  Leavenworth St","cnnrightleft":"L","blockside":"South","fullname":"Sunday","weekday":"Sun","fromhour":"6","tohour":"8","week1":"1","week2":"1","week3":"1","week4":"1","week5":"1","holidays":"0","blocksweepid":"1603707","cleaning_days_abbr":"TuThSu"}},{"type":"Feature","geometry":{"type":"LineString","coordinates":[[-122.392348747989,37.730066818506],[-122.392325227002,37.729943424713],[-122.392533494429,37.729348072773],[-122.392624535039,37.729278453928]]},"properties":{":id":"row-zwzb~p3tv~mgbb",":version":"rv-2cnu-wk5x.j5wt",":created_at":"2026-03-10T12:37:08.575Z",":updated_at":"2026-03-10T12:37:08.575Z","cnn":"219101","corridor":"03rd St","limits":"Underwood Ave  -  Williams Ave","cnnrightleft":"L","blockside":"East","fullname":"Sunday","weekday":"Sun","fromhour":"2","tohour":"6","week1":"1","week2":"1","week3":"1","week4":"1","week5":"1","holidays":"1","blocksweepid":"1629101","cleaning_days_abbr":"MTuWThFSaSu"}},{"type":"Feature","geometry":{"type":"LineString","coordinates":[[-122.424235083638,37.736737479973],[-122.424466262427,37.736061172157]]},"properties":{":id":"row-8kab.qqp4~erwi",":version":"rv-zqyw.zrye.dw2x",":created_at":"2026-03-10T12:37:08.575Z",":updated_at":"2026-03-10T12:37:08.575Z","cnn":"9145000","corridor":"Mission St","limits":"Park St  -  Richland Ave","cnnrightleft":"R","blockside":"West","fullname":"Sunday","weekday":"Sun","fromhour":"5","tohour":"7","week1":"1","week2":"1","week3":"1","week4":"1","week5":"1","holidays":"0","blocksweepid":"1626252","cleaning_days_abbr":"MTuWThFSaSu"}},{"type":"Feature","geometry":{"type":"LineString","coordinates":[[-122.391491914499,37.723914104564],[-122.393358761315,37.724973571081]]},"properties":{":id":"row-bhc6_miwc.34nx",":version":"rv-4xtw_555c.ccuy",":created_at":"2026-03-10T12:37:08.575Z",":updated_at":"2026-03-10T12:37:08.575Z","cnn":"3737000","corridor":"Carroll Ave","limits":"Jennings St  -  Keith St","cnnrightleft":"L","blockside":"SouthWest","fullname":"Sunday","weekday":"Sun","fromhour":"7","tohour":"8","week1":"1","week2":"1","week3":"1","week4":"1","week5":"1","holidays":"0","blocksweepid":"1636806","cleaning_days_abbr":"MSaSu"}},{"type":"Feature","geometry":{"type":"LineString","coordinates":[[-122.418135251879,37.749041287221],[-122.41809362913,37.748605360574],[-122.418096636504,37.748478320412],[-122.418221170888,37.748165688851]]},"properties":{":id":"row-vsau_aee6.fcd3",":version":"rv-xtmp_rs27-s6ai",":created_at":"2026-03-10T12:37:08.575Z",":updated_at":"2026-03-10T12:37:08.575Z","cnn":"9128000","corridor":"Mission St","limits":"26th St  -  Cesar Chavez St","cnnrightleft":"L","blockside":"East","fullname":"Sunday","weekday":"Sun","fromhour":"4","tohour":"6","week1":"1","week2":"1","week3":"1","week4":"1","week5":"1","holidays":"0","blocksweepid":"1641257","cleaning_days_abbr":"MTuWThFSaSu"}},{"type":"Feature","geometry":{"type":"LineString","coordinates":[[-122.391521350863,37.732431908124],[-122.391640027526,37.732295416195],[-122.391820155407,37.731780536167],[-122.391797155906,37.73164354578]]},"properties":{":id":"row-52dd-2y3u-c9tg",":version":"rv-hjuh~8chn.hxrv",":created_at":"2026-03-10T12:37:08.575Z",":updated_at":"2026-03-10T12:37:08.575Z","cnn":"215201","corridor":"03rd St","limits":"Revere Ave  -  Shafter Ave","cnnrightleft":"R","blockside":"West","fullname":"Sunday","weekday":"Sun","fromhour":"2","tohour":"6","week1":"1","week2":"1","week3":"1","week4":"1","week5":"1","holidays":"1","blocksweepid":"1613825","cleaning_days_abbr":"MTuWThFSaSu"}},{"type":"Feature","geometry":{"type":"LineString","coordinates":[[-122.414617207257,37.785582474549],[-122.414806648356,37.7865198197]]},"properties":{":id":"row-yd8u.3qy8_xmrf",":version":"rv-xvyh_6qge-x5zr",":created_at":"2026-03-10T12:37:08.575Z",":updated_at":"2026-03-10T12:37:08.575Z","cnn":"8243000","corridor":"Leavenworth St","limits":"O'Farrell St  -  Geary St","cnnrightleft":"R","blockside":"East","fullname":"Sunday","weekday":"Sun","fromhour":"6","tohour":"8","week1":"1","week2":"1","week3":"1","week4":"1","week5":"1","holidays":"0","blocksweepid":"1616833","cleaning_days_abbr":"TuThSu"}},{"type":"Feature","geometry":{"type":"LineString","coordinates":[[-122.415127952624,37.775889703335],[-122.415484750383,37.775607257424]]},"properties":{":id":"row-9qti~ex9n.fkm5",":version":"rv-hsfp~yxv3~3xhk",":created_at":"2026-03-10T12:37:08.575Z",":updated_at":"2026-03-10T12:37:08.575Z","cnn":"9106000","corridor":"Mission St","limits":"Washburn St  -  Grace St","cnnrightleft":"L","blockside":"SouthEast","fullname":"Sunday","weekday":"Sun","fromhour":"2","tohour":"6","week1":"1","week2":"1","week3":"1","week4":"1","week5":"1","holidays":"1","blocksweepid":"1618966","cleaning_days_abbr":"MTuWThFSaSu"}},{"type":"Feature","geometry":{"type":"LineString","coordinates":[[-122.414778472775,37.784612949291],[-122.41607173455,37.78444884161]]},"properties":{":id":"row-hq2z-y8ah_ybqa",":version":"rv-ti9j-dqy9~mrnr",":created_at":"2026-03-10T12:37:08.575Z",":updated_at":"2026-03-10T12:37:08.575Z","cnn":"5176000","corridor":"Ellis St","limits":"Cohen Pl  -  Hyde St","cnnrightleft":"R","blockside":"North","fullname":"Sunday","weekday":"Sun","fromhour":"6","tohour":"8","week1":"1","week2":"1","week3":"1","week4":"1","week5":"1","holidays":"0","blocksweepid":"1643287","cleaning_days_abbr":"MTuWThFSaSu"}},{"type":"Feature","geometry":{"type":"LineString","coordinates":[[-122.430824395339,37.766013730949],[-122.430839699776,37.765928259934],[-122.430912083354,37.765875794476],[-122.431025470892,37.765867986364]]},"properties":{":id":"row-8wmb_txc7.azen",":version":"rv-5j84~vnzu-5sps",":created_at":"2026-03-10T12:37:08.575Z",":updated_at":"2026-03-10T12:37:08.575Z","cnn":"8765101","corridor":"Market St","limits":"15th St  -  Sanchez St","cnnrightleft":"R","blockside":"NorthWest","fullname":"Sunday","weekday":"Sun","fromhour":"8","tohour":"9","week1":"1","week2":"1","week3":"1","week4":"1","week5":"1","holidays":"0","blocksweepid":"1618120"}},{"type":"Feature","geometry":{"type":"LineString","coordinates":[[-122.39738553825,37.782553592904],[-122.396841427359,37.782119122026]]},"properties":{":id":"row-8uh7_ezqp.csja",":version":"rv-t863_k44j_e9p6",":created_at":"2026-03-10T12:37:08.575Z",":updated_at":"2026-03-10T12:37:08.575Z","cnn":"172000","corridor":"03rd St","limits":"Harrison St  -  Perry St","cnnrightleft":"L","blockside":"NorthEast","fullname":"Sunday","weekday":"Sun","fromhour":"2","tohour":"6","week1":"1","week2":"1","week3":"1","week4":"1","week5":"1","holidays":"1","blocksweepid":"1628665","cleaning_days_abbr":"MTuWThFSaSu"}},{"type":"Feature","geometry":{"type":"LineString","coordinates":[[-122.387633975006,37.751559603325],[-122.38756157798,37.751464725036],[-122.387514735622,37.750378450645],[-122.387585270171,37.750263377895]]},"properties":{":id":"row-tmsf.4izi~fdbs",":version":"rv-a6yq.x6ea.76by",":created_at":"2026-03-10T12:37:08.575Z",":updated_at":"2026-03-10T12:37:08.575Z","cnn":"195101","corridor":"03rd St","limits":"26th St  -  Cesar Chavez St","cnnrightleft":"L","blockside":"East","fullname":"Sunday","weekday":"Sun","fromhour":"2","tohour":"6","week1":"1","week2":"1","week3":"1","week4":"1","week5":"1","holidays":"1","blocksweepid":"1629076","cleaning_days_abbr":"TuThSaSu"}},{"type":"Feature","geometry":{"type":"LineString","coordinates":[[-122.38971674082,37.772930795071],[-122.389622743952,37.772841725727],[-122.389552955155,37.772111633011],[-122.389611482614,37.771997938535]]},"properties":{":id":"row-7idg_5rb8_i7g8",":version":"rv-zsvt_2itb.hv37",":created_at":"2026-03-10T12:37:08.575Z",":updated_at":"2026-03-10T12:37:08.575Z","cnn":"185101","corridor":"03rd St","limits":"Mission Rock St  -  End:  Block","cnnrightleft":"L","blockside":null,"fullname":"Sunday","weekday":"Sun","fromhour":"2","tohour":"6","week1":"1","week2":"1","week3":"1","week4":"1","week5":"1","holidays":"1","blocksweepid":"1628942","cleaning_days_abbr":"MTuWThFSaSu"}},{"type":"Feature","geometry":{"type":"LineString","coordinates":[[-122.432447324391,37.727637208054],[-122.432807823412,37.727315042891],[-122.432911793243,37.727177551268]]},"properties":{":id":"row-zd2n.xcvs-qfzy",":version":"rv-n68p_xyu4.9qtj",":created_at":"2026-03-10T12:37:08.575Z",":updated_at":"2026-03-10T12:37:08.575Z","cnn":"9158000","corridor":"Mission St","limits":"Avalon Ave  -  Cotter St","cnnrightleft":"L","blockside":"SouthEast","fullname":"Sunday","weekday":"Sun","fromhour":"5","tohour":"7","week1":"1","week2":"1","week3":"1","week4":"1","week5":"1","holidays":"0","blocksweepid":"1641392","cleaning_days_abbr":"MTuWThFSaSu"}},{"type":"Feature","geometry":{"type":"LineString","coordinates":[[-122.406643294309,37.793314880656],[-122.407287231582,37.793233636255]]},"properties":{":id":"row-cd5v~6ebg~7i2g",":version":"rv-qriz~g486_ctgv",":created_at":"2026-03-10T12:37:08.575Z",":updated_at":"2026-03-10T12:37:08.575Z","cnn":"11230000","corridor":"Sacramento St","limits":"Waverly Pl  -  Pagoda Pl","cnnrightleft":"L","blockside":"South","fullname":"Sunday","weekday":"Sun","fromhour":"2","tohour":"6","week1":"1","week2":"1","week3":"1","week4":"1","week5":"1","holidays":"1","blocksweepid":"1621138","cleaning_days_abbr":"TuSu"}},{"type":"Feature","geometry":{"type":"LineString","coordinates":[[-122.408912340509,37.79903585636],[-122.409014377479,37.799489820039]]},"properties":{":id":"row-635x-kjtk_wbp9",":version":"rv-bsjs-bxfk.q6sv",":created_at":"2026-03-10T12:37:08.575Z",":updated_at":"2026-03-10T12:37:08.575Z","cnn":"12212000","corridor":"Stockton St","limits":"Card Aly  -  Green St","cnnrightleft":"L","blockside":"West","fullname":"Sunday","weekday":"Sun","fromhour":"4","tohour":"6","week1":"1","week2":"1","week3":"1","week4":"1","week5":"1","holidays":"0","blocksweepid":"1617223","cleaning_days_abbr":"MTuWThFSaSu"}},{"type":"Feature","geometry":{"type":"LineString","coordinates":[[-122.437610623863,37.774061646375],[-122.437581110494,37.774151859387],[-122.437736035741,37.774917163494],[-122.437798747067,37.774991947847]]},"properties":{":id":"row-iqrz.53es~mf35",":version":"rv-kh7u_j7ja~dumb",":created_at":"2026-03-10T12:37:08.575Z",":updated_at":"2026-03-10T12:37:08.575Z","cnn":"4802201","corridor":"Divisadero St","limits":"Fell St  -  Hayes St","cnnrightleft":"R","blockside":"East","fullname":"Sunday","weekday":"Sun","fromhour":"6","tohour":"8","week1":"1","week2":"1","week3":"1","week4":"1","week5":"1","holidays":"0","blocksweepid":"1615256","cleaning_days_abbr":"TuThSu"}},{"type":"Feature","geometry":{"type":"LineString","coordinates":[[-122.420810457853,37.782417054753],[-122.420881919718,37.78277612652],[-122.420817003141,37.78289412161]]},"properties":{":id":"row-ve55_3cdk.agmp",":version":"rv-uqgf_twkn-hh8j",":created_at":"2026-03-10T12:37:08.575Z",":updated_at":"2026-03-10T12:37:08.575Z","cnn":"13149102","corridor":"Van Ness Ave","limits":"Larch St  -  Eddy St","cnnrightleft":"L","blockside":"West","fullname":"Sunday","weekday":"Sun","fromhour":"4","tohour":"6","week1":"1","week2":"1","week3":"1","week4":"1","week5":"1","holidays":"0","blocksweepid":"1598985","cleaning_days_abbr":"MTuWThFSaSu"}},{"type":"Feature","geometry":{"type":"LineString","coordinates":[[-122.406915744118,37.738455724989],[-122.406867742202,37.738143654],[-122.40691050416,37.737965866897]]},"properties":{":id":"row-ng3u~jk4u_jehp",":version":"rv-ueck.6gke.ahad",":created_at":"2026-03-10T12:37:08.575Z",":updated_at":"2026-03-10T12:37:08.575Z","cnn":"2801103","corridor":"Bay Shore Blvd","limits":"Marengo St  -  Industrial St","cnnrightleft":"L","blockside":"East","fullname":"Sunday","weekday":"Sun","fromhour":"0","tohour":"2","week1":"1","week2":"1","week3":"1","week4":"1","week5":"1","holidays":"0","blocksweepid":"1628244","cleaning_days_abbr":"TuThSu"}},{"type":"Feature","geometry":{"type":"LineString","coordinates":[[-122.511282101517,37.77295994379],[-122.51119546082,37.772830691049],[-122.510989939207,37.771433706995],[-122.511053755672,37.771342499596]]},"properties":{":id":"row-jzvu~cgx7_7nru",":version":"rv-45gw.afy8_igvm",":created_at":"2026-03-10T12:37:08.575Z",":updated_at":"2026-03-10T12:37:08.575Z","cnn":"6433101","corridor":"Great Hwy","limits":"Cabrillo St  -  Fulton St","cnnrightleft":"L","blockside":"East","fullname":"Sunday","weekday":"Sun","fromhour":"2","tohour":"4","week1":"1","week2":"1","week3":"1","week4":"1","week5":"1","holidays":"1","blocksweepid":"1601816","cleaning_days_abbr":"MTuWThFSaSu"}},{"type":"Feature","geometry":{"type":"LineString","coordinates":[[-122.418226581079,37.778489116769],[-122.419672474569,37.778304992668],[-122.419883230931,37.778251017767]]},"properties":{":id":"row-4j3z~9bmv_qtci",":version":"rv-7wu4_bcnk.gs3s",":created_at":"2026-03-10T12:37:08.575Z",":updated_at":"2026-03-10T12:37:08.575Z","cnn":"6554000","corridor":"Grove St","limits":"Polk St  -  Van Ness Ave","cnnrightleft":"R","blockside":"North","fullname":"Sunday","weekday":"Sun","fromhour":"2","tohour":"6","week1":"1","week2":"1","week3":"1","week4":"1","week5":"1","holidays":"0","blocksweepid":"1633263","cleaning_days_abbr":"MTuWThFSaSu"}},{"type":"Feature","geometry":{"type":"LineString","coordinates":[[-122.416138098276,37.78061496672],[-122.416807391784,37.780530161603],[-122.416947604956,37.780470341035]]},"properties":{":id":"row-mxuz-22s2-mb2y",":version":"rv-ish3.3uyz-342i",":created_at":"2026-03-10T12:37:08.575Z",":updated_at":"2026-03-10T12:37:08.575Z","cnn":"8892000","corridor":"McAllister St","limits":"Breen Pl  -  Larkin St","cnnrightleft":"L","blockside":"South","fullname":"Sunday","weekday":"Sun","fromhour":"2","tohour":"6","week1":"1","week2":"1","week3":"1","week4":"1","week5":"1","holidays":"0","blocksweepid":"1618222","cleaning_days_abbr":"MTuWThFSaSu"}},{"type":"Feature","geometry":{"type":"LineString","coordinates":[[-122.419981511883,37.768273653256],[-122.419825234384,37.766673601906]]},"properties":{":id":"row-jj7k~qrik.444x",":version":"rv-k4pk-mzd2_ra2h",":created_at":"2026-03-10T12:37:08.575Z",":updated_at":"2026-03-10T12:37:08.575Z","cnn":"9114000","corridor":"Mission St","limits":"14th St  -  15th St","cnnrightleft":"L","blockside":"East","fullname":"Sunday","weekday":"Sun","fromhour":"4","tohour":"6","week1":"1","week2":"1","week3":"1","week4":"1","week5":"1","holidays":"0","blocksweepid":"1641242","cleaning_days_abbr":"MTuWThFSaSu"}},{"type":"Feature","geometry":{"type":"LineString","coordinates":[[-122.499196335499,37.734311616301],[-122.499385454218,37.734310557586],[-122.500161803059,37.734742688316],[-122.500595283916,37.734941576551],[-122.500988823622,37.735082548251],[-122.501097483198,37.735206481117]]},"properties":{":id":"row-m2ms-8vhj_rth7",":version":"rv-gqut_7srb.xujq",":created_at":"2026-03-10T12:37:08.575Z",":updated_at":"2026-03-10T12:37:08.575Z","cnn":"11961101","corridor":"Sloat Blvd","limits":"41st Ave  -  43rd Ave","cnnrightleft":"R","blockside":"NorthEast","fullname":"Sunday","weekday":"Sun","fromhour":"5","tohour":"7","week1":"1","week2":"1","week3":"1","week4":"1","week5":"1","holidays":"0","blocksweepid":"1621653","cleaning_days_abbr":"MTuWThFSaSu"}},{"type":"Feature","geometry":{"type":"LineString","coordinates":[[-122.387508746113,37.744062079357],[-122.387653341643,37.743647285127],[-122.387629453835,37.743527928107]]},"properties":{":id":"row-3um6.vggm.f4rh",":version":"rv-v7v5~xdr3_i2dd",":created_at":"2026-03-10T12:37:08.575Z",":updated_at":"2026-03-10T12:37:08.575Z","cnn":"200202","corridor":"03rd St","limits":"Phelps St  -  Davidson Ave","cnnrightleft":"R","blockside":"West","fullname":"Sunday","weekday":"Sun","fromhour":"2","tohour":"6","week1":"1","week2":"1","week3":"1","week4":"1","week5":"1","holidays":"1","blocksweepid":"1613810","cleaning_days_abbr":"MTuWThFSaSu"}},{"type":"Feature","geometry":{"type":"LineString","coordinates":[[-122.406385113353,37.748833103782],[-122.40646389606,37.748813508148],[-122.406681388536,37.748742585137],[-122.406757777449,37.748766479134]]},"properties":{":id":"row-dwfy~wrt2~w5sp",":version":"rv-dsxa_ime3.vmf4",":created_at":"2026-03-10T12:37:08.575Z",":updated_at":"2026-03-10T12:37:08.575Z","cnn":"2479103","corridor":"Cesar Chavez St","limits":"Hwy 101 S On Ramp  -  Hampshire St","cnnrightleft":"R","blockside":"North","fullname":"Sunday","weekday":"Sun","fromhour":"6","tohour":"8","week1":"1","week2":"1","week3":"1","week4":"1","week5":"1","holidays":"0","blocksweepid":"1636913","cleaning_days_abbr":"SaSu"}},{"type":"Feature","geometry":{"type":"LineString","coordinates":[[-122.506717428299,37.735469757819],[-122.506822941268,37.735316192961],[-122.506820119915,37.734894173849],[-122.507194700566,37.733046359172],[-122.507209111143,37.732627456963],[-122.507150576142,37.732206386809],[-122.506997327224,37.731453359897],[-122.506867103394,37.730917788032],[-122.506802541013,37.730432153083],[-122.506697324742,37.729552367493],[-122.506536522265,37.72836039293],[-122.506464573107,37.727919131754],[-122.506292884584,37.727435320512],[-122.505970021997,37.726909826881],[-122.505617550619,37.7265584358],[-122.505319640444,37.72632184514],[-122.504763047215,37.726031787053],[-122.503612919831,37.725353584745],[-122.503288601223,37.725250176351],[-122.503127839642,37.725218258035],[-122.503040636347,37.725259549916]]},"properties":{":id":"row-x5iv-cjyb~7rbi",":version":"rv-gucq~eh9z_jgnt",":created_at":"2026-03-10T12:37:08.575Z",":updated_at":"2026-03-10T12:37:08.575Z","cnn":"6437201","corridor":"Great Hwy","limits":"Sloat Blvd  -  Skyline Blvd","cnnrightleft":"L","blockside":"East","fullname":"Sunday","weekday":"Sun","fromhour":"5","tohour":"7","week1":"1","week2":"1","week3":"1","week4":"1","week5":"1","holidays":"0","blocksweepid":"1613579","cleaning_days_abbr":"MTuWThFSaSu"}},{"type":"Feature","geometry":{"type":"LineString","coordinates":[[-122.469769991545,37.782701905109],[-122.470845996213,37.782652401122]]},"properties":{":id":"row-4brj-mk4q-38a4",":version":"rv-kwvw.i758-jqtp",":created_at":"2026-03-10T12:37:08.575Z",":updated_at":"2026-03-10T12:37:08.575Z","cnn":"4160000","corridor":"Clement St","limits":"11th Ave  -  12th Ave","cnnrightleft":"L","blockside":"South","fullname":"Sunday","weekday":"Sun","fromhour":"7","tohour":"8","week1":"1","week2":"1","week3":"1","week4":"1","week5":"1","holidays":"0","blocksweepid":"1602960","cleaning_days_abbr":"TuThSu"}},{"type":"Feature","geometry":{"type":"LineString","coordinates":[[-122.394035065718,37.776332976564],[-122.394246213317,37.776327050705],[-122.396258774885,37.774735375032],[-122.396261346424,37.774578067059]]},"properties":{":id":"row-udt2_8s4b-g5pq",":version":"rv-a6he-undr~bse9",":created_at":"2026-03-10T12:37:08.575Z",":updated_at":"2026-03-10T12:37:08.575Z","cnn":"7834201","corridor":"King St","limits":"04th St  -  05th St","cnnrightleft":"R","blockside":"NorthWest","fullname":"Sunday","weekday":"Sun","fromhour":"1","tohour":"3","week1":"1","week2":"1","week3":"1","week4":"1","week5":"1","holidays":"1","blocksweepid":"1627911","cleaning_days_abbr":"MTuWThFSaSu"}},{"type":"Feature","geometry":{"type":"LineString","coordinates":[[-122.43345991669,37.787020667721],[-122.43355325616,37.787484162118]]},"properties":{":id":"row-w8nj.rfdw-kup5",":version":"rv-7wt4~zbst_fhe2",":created_at":"2026-03-10T12:37:08.575Z",":updated_at":"2026-03-10T12:37:08.575Z","cnn":"5550000","corridor":"Fillmore St","limits":"Bush St  -  Wilmot St","cnnrightleft":"R","blockside":"East","fullname":"Sunday","weekday":"Sun","fromhour":"6","tohour":"8","week1":"1","week2":"1","week3":"1","week4":"1","week5":"1","holidays":"0","blocksweepid":"1631296","cleaning_days_abbr":"TuThSu"}},{"type":"Feature","geometry":{"type":"LineString","coordinates":[[-122.436468165125,37.722465217898],[-122.437149524136,37.721575001258]]},"properties":{":id":"row-cm5s-i5ex~epvj",":version":"rv-ibax~7vrx~7aw2",":created_at":"2026-03-10T12:37:08.575Z",":updated_at":"2026-03-10T12:37:08.575Z","cnn":"9170000","corridor":"Mission St","limits":"Leo St  -  Russia Ave","cnnrightleft":"L","blockside":"SouthEast","fullname":"Sunday","weekday":"Sun","fromhour":"5","tohour":"7","week1":"1","week2":"1","week3":"1","week4":"1","week5":"1","holidays":"0","blocksweepid":"1641404","cleaning_days_abbr":"MTuWThFSaSu"}},{"type":"Feature","geometry":{"type":"LineString","coordinates":[[-122.421089416929,37.773774753562],[-122.421915502451,37.773122914475],[-122.421941247356,37.773036050758]]},"properties":{":id":"row-webc-pqra~qdyc",":version":"rv-6mat_xy5h-gh8q",":created_at":"2026-03-10T12:37:08.575Z",":updated_at":"2026-03-10T12:37:08.575Z","cnn":"8757202","corridor":"Market St","limits":"Rose St  -  Gough St","cnnrightleft":"R","blockside":"NorthWest","fullname":"Sunday","weekday":"Sun","fromhour":"5","tohour":"7","week1":"1","week2":"1","week3":"1","week4":"1","week5":"1","holidays":"1","blocksweepid":"1618000","cleaning_days_abbr":"MTuWThFSaSu"}},{"type":"Feature","geometry":{"type":"LineString","coordinates":[[-122.384085870296,37.719667249141],[-122.384156395359,37.719520963472],[-122.38515706168,37.718407364049]]},"properties":{":id":"row-gpsh-bei3.d7wx",":version":"rv-eawb.psdk-7xza",":created_at":"2026-03-10T12:37:08.575Z",":updated_at":"2026-03-10T12:37:08.575Z","cnn":"5587000","corridor":"Arelious Walker Dr","limits":"Carroll Ave  -  Egbert Ave","cnnrightleft":"R","blockside":"NorthWest","fullname":"Sunday","weekday":"Sun","fromhour":"7","tohour":"8","week1":"1","week2":"1","week3":"1","week4":"1","week5":"1","holidays":"0","blocksweepid":"1627260","cleaning_days_abbr":"SaSu"}},{"type":"Feature","geometry":{"type":"LineString","coordinates":[[-122.418226581079,37.778489116769],[-122.419672474569,37.778304992668],[-122.419883230931,37.778251017767]]},"properties":{":id":"row-gija.mpva.42h5",":version":"rv-c5jx-tcqp~xiay",":created_at":"2026-03-10T12:37:08.575Z",":updated_at":"2026-03-10T12:37:08.575Z","cnn":"6554000","corridor":"Grove St","limits":"Polk St  -  Van Ness Ave","cnnrightleft":"L","blockside":"South","fullname":"Sunday","weekday":"Sun","fromhour":"2","tohour":"6","week1":"1","week2":"1","week3":"1","week4":"1","week5":"1","holidays":"0","blocksweepid":"1611826","cleaning_days_abbr":"MTuWThFSaSu"}},{"type":"Feature","geometry":{"type":"LineString","coordinates":[[-122.418708904118,37.780773161722],[-122.41880845049,37.781235767171]]},"properties":{":id":"row-3h24-3dvi_7rm8",":version":"rv-pu24-kskh_qmwf",":created_at":"2026-03-10T12:37:08.575Z",":updated_at":"2026-03-10T12:37:08.575Z","cnn":"10551000","corridor":"Polk St","limits":"Redwood St  -  Golden Gate Ave","cnnrightleft":"R","blockside":"East","fullname":"Sunday","weekday":"Sun","fromhour":"6","tohour":"8","week1":"1","week2":"1","week3":"1","week4":"1","week5":"1","holidays":"0","blocksweepid":"1619908","cleaning_days_abbr":"TuThSu"}},{"type":"Feature","geometry":{"type":"LineString","coordinates":[[-122.424466262427,37.736061172157],[-122.424702562024,37.735369870856]]},"properties":{":id":"row-5ew2.ms9x~kp9t",":version":"rv-876w.2zs2_xpx3",":created_at":"2026-03-10T12:37:08.575Z",":updated_at":"2026-03-10T12:37:08.575Z","cnn":"9146000","corridor":"Mission St","limits":"Richland Ave  -  Crescent Ave","cnnrightleft":"L","blockside":"East","fullname":"Sunday","weekday":"Sun","fromhour":"5","tohour":"7","week1":"1","week2":"1","week3":"1","week4":"1","week5":"1","holidays":"0","blocksweepid":"1641380","cleaning_days_abbr":"MTuWThFSaSu"}},{"type":"Feature","geometry":{"type":"LineString","coordinates":[[-122.390012346887,37.790826949171],[-122.390014423152,37.791034622996],[-122.390164383343,37.791214774446],[-122.390378017199,37.791561519896],[-122.390561464248,37.791960588811],[-122.390753347665,37.792291523055],[-122.390885532477,37.792424771904],[-122.391096119262,37.792436047738]]},"properties":{":id":"row-wqsd_s9tp~sdi9",":version":"rv-auu4.f3uh_y6db",":created_at":"2026-03-10T12:37:08.575Z",":updated_at":"2026-03-10T12:37:08.575Z","cnn":"12551202","corridor":"The Embarcadero","limits":"Folsom St  -  Howard St","cnnrightleft":"R","blockside":"NorthEast","fullname":"Sunday","weekday":"Sun","fromhour":"1","tohour":"3","week1":"1","week2":"1","week3":"1","week4":"1","week5":"1","holidays":"1","blocksweepid":"1624897","cleaning_days_abbr":"MTuWThFSaSu"}},{"type":"Feature","geometry":{"type":"LineString","coordinates":[[-122.436040073001,37.723044469769],[-122.436468165125,37.722465217898]]},"properties":{":id":"row-tc7q.s6eh-qpc3",":version":"rv-9emc~25de~iwrc",":created_at":"2026-03-10T12:37:08.575Z",":updated_at":"2026-03-10T12:37:08.575Z","cnn":"9169000","corridor":"Mission St","limits":"Ruth St  -  Leo St","cnnrightleft":"L","blockside":"SouthEast","fullname":"Sunday","weekday":"Sun","fromhour":"5","tohour":"7","week1":"1","week2":"1","week3":"1","week4":"1","week5":"1","holidays":"0","blocksweepid":"1641403","cleaning_days_abbr":"MTuWThFSaSu"}},{"type":"Feature","geometry":{"type":"LineString","coordinates":[[-122.393736928775,37.721408460388],[-122.395457739353,37.722385034895],[-122.395622760624,37.72243160376]]},"properties":{":id":"row-kkiv-qdkc.ycyg",":version":"rv-s9ag_g58s_b798",":created_at":"2026-03-10T12:37:08.575Z",":updated_at":"2026-03-10T12:37:08.575Z","cnn":"6191000","corridor":"Gilman Ave","limits":"Jennings St  -  03rd St","cnnrightleft":"L","blockside":"SouthWest","fullname":"Sunday","weekday":"Sun","fromhour":"7","tohour":"8","week1":"1","week2":"1","week3":"1","week4":"1","week5":"1","holidays":"0","blocksweepid":"1633126","cleaning_days_abbr":"WSaSu"}},{"type":"Feature","geometry":{"type":"LineString","coordinates":[[-122.39298153841,37.719113641918],[-122.394852049217,37.720175221605]]},"properties":{":id":"row-em9r_7dsq-28uu",":version":"rv-pugt-4mrb-xw6i",":created_at":"2026-03-10T12:37:08.575Z",":updated_at":"2026-03-10T12:37:08.575Z","cnn":"7251000","corridor":"Ingerson Ave","limits":"Ingalls St  -  Jennings St","cnnrightleft":"R","blockside":"NorthEast","fullname":"Sunday","weekday":"Sun","fromhour":"7","tohour":"8","week1":"1","week2":"1","week3":"1","week4":"1","week5":"1","holidays":"0","blocksweepid":"1623576","cleaning_days_abbr":"MSaSu"}},{"type":"Feature","geometry":{"type":"LineString","coordinates":[[-122.407852519844,37.785491560352],[-122.408667084512,37.78538824897]]},"properties":{":id":"row-bq92~bfd5.kzhv",":version":"rv-zvrt-saz6-cwak",":created_at":"2026-03-10T12:37:08.575Z",":updated_at":"2026-03-10T12:37:08.575Z","cnn":"5170000","corridor":"Ellis St","limits":"Powell St  -  Cyril Magnin St","cnnrightleft":"L","blockside":"South","fullname":"Sunday","weekday":"Sun","fromhour":"6","tohour":"8","week1":"1","week2":"1","week3":"1","week4":"1","week5":"1","holidays":"0","blocksweepid":"1604751","cleaning_days_abbr":"MTuWThFSaSu"}},{"type":"Feature","geometry":{"type":"LineString","coordinates":[[-122.389113409364,37.739112661356],[-122.389220760494,37.738808169162],[-122.389310055837,37.738741929892]]},"properties":{":id":"row-mcwy.eeke_j4uv",":version":"rv-ntn2_yeuf~f7f2",":created_at":"2026-03-10T12:37:08.575Z",":updated_at":"2026-03-10T12:37:08.575Z","cnn":"206102","corridor":"03rd St","limits":"Newhall St  -  Newhall St","cnnrightleft":"L","blockside":"SouthEast","fullname":"Sunday","weekday":"Sun","fromhour":"2","tohour":"6","week1":"1","week2":"1","week3":"1","week4":"1","week5":"1","holidays":"1","blocksweepid":"1629088","cleaning_days_abbr":"MTuWThFSaSu"}},{"type":"Feature","geometry":{"type":"LineString","coordinates":[[-122.391870342606,37.72034909944],[-122.393736928775,37.721408460388]]},"properties":{":id":"row-um4j.77hb-jed9",":version":"rv-yz5k_we2h~d65c",":created_at":"2026-03-10T12:37:08.575Z",":updated_at":"2026-03-10T12:37:08.575Z","cnn":"6190000","corridor":"Gilman Ave","limits":"Ingalls St  -  Jennings St","cnnrightleft":"L","blockside":"SouthWest","fullname":"Sunday","weekday":"Sun","fromhour":"7","tohour":"8","week1":"1","week2":"1","week3":"1","week4":"1","week5":"1","holidays":"0","blocksweepid":"1633125","cleaning_days_abbr":"WSaSu"}},{"type":"Feature","geometry":{"type":"LineString","coordinates":[[-122.419121300714,37.746775140348],[-122.419505113925,37.746182682866]]},"properties":{":id":"row-izfh_sj4m-4hc8",":version":"rv-88sc.9gie~ai83",":created_at":"2026-03-10T12:37:08.575Z",":updated_at":"2026-03-10T12:37:08.575Z","cnn":"9130000","corridor":"Mission St","limits":"Precita Ave  -  Powers Ave","cnnrightleft":"L","blockside":"SouthEast","fullname":"Sunday","weekday":"Sun","fromhour":"5","tohour":"7","week1":"1","week2":"1","week3":"1","week4":"1","week5":"1","holidays":"0","blocksweepid":"1619263","cleaning_days_abbr":"MTuWThFSaSu"}},{"type":"Feature","geometry":{"type":"LineString","coordinates":[[-122.392072954656,37.730855182696],[-122.392027499755,37.730799967978],[-122.392072355356,37.730670241699],[-122.392146619092,37.730642139226]]},"properties":{":id":"row-9kbc~qhze.hepd",":version":"rv-7zg7_vxee~g5uy",":created_at":"2026-03-10T12:37:08.575Z",":updated_at":"2026-03-10T12:37:08.575Z","cnn":"217101","corridor":"03rd St","limits":"Thomas Ave  -  Thornton Ave","cnnrightleft":"L","blockside":"East","fullname":"Sunday","weekday":"Sun","fromhour":"2","tohour":"6","week1":"1","week2":"1","week3":"1","week4":"1","week5":"1","holidays":"1","blocksweepid":"1629099","cleaning_days_abbr":"MTuWThFSaSu"}},{"type":"Feature","geometry":{"type":"LineString","coordinates":[[-122.433623590741,37.726236244239],[-122.43398235555,37.72576179005]]},"properties":{":id":"row-yazs_j7zu_88s4",":version":"rv-3dz3.jz89-dk26",":created_at":"2026-03-10T12:37:08.575Z",":updated_at":"2026-03-10T12:37:08.575Z","cnn":"9161000","corridor":"Mission St","limits":"Excelsior Ave  -  Santa Rosa Ave","cnnrightleft":"L","blockside":"SouthEast","fullname":"Sunday","weekday":"Sun","fromhour":"5","tohour":"7","week1":"1","week2":"1","week3":"1","week4":"1","week5":"1","holidays":"0","blocksweepid":"1641395","cleaning_days_abbr":"MTuWThFSaSu"}},{"type":"Feature","geometry":{"type":"LineString","coordinates":[[-122.409497525934,37.785282917476],[-122.411139801283,37.785074596379]]},"properties":{":id":"row-jjrs~ppa6.zc25",":version":"rv-9p67~nwxh-yy7n",":created_at":"2026-03-10T12:37:08.575Z",":updated_at":"2026-03-10T12:37:08.575Z","cnn":"5172000","corridor":"Ellis St","limits":"Mason St  -  Taylor St","cnnrightleft":"R","blockside":"North","fullname":"Sunday","weekday":"Sun","fromhour":"6","tohour":"8","week1":"1","week2":"1","week3":"1","week4":"1","week5":"1","holidays":"0","blocksweepid":"1643283","cleaning_days_abbr":"MTuWThFSaSu"}},{"type":"Feature","geometry":{"type":"LineString","coordinates":[[-122.388754589159,37.740317264063],[-122.388728405981,37.740204671239],[-122.388941714486,37.739599655341],[-122.389030967576,37.739533448632]]},"properties":{":id":"row-kzya_nsnw-7snw",":version":"rv-zpew~a2ey-mxzt",":created_at":"2026-03-10T12:37:08.575Z",":updated_at":"2026-03-10T12:37:08.575Z","cnn":"205101","corridor":"03rd St","limits":"Hudson Ave  -  Innes Ave","cnnrightleft":"L","blockside":"East","fullname":"Sunday","weekday":"Sun","fromhour":"2","tohour":"6","week1":"1","week2":"1","week3":"1","week4":"1","week5":"1","holidays":"1","blocksweepid":"1629086","cleaning_days_abbr":"MTuWThFSaSu"}},{"type":"Feature","geometry":{"type":"LineString","coordinates":[[-122.403435725006,37.805184901498],[-122.403512427043,37.805371092036],[-122.404534061117,37.806110373852],[-122.405490116546,37.806592280099],[-122.40565878456,37.806673631695]]},"properties":{":id":"row-vhjg-nkq2.nff2",":version":"rv-ut36.ciig.2rdb",":created_at":"2026-03-10T12:37:08.575Z",":updated_at":"2026-03-10T12:37:08.575Z","cnn":"12559201","corridor":"The Embarcadero","limits":"Chestnut St  -  Bay St","cnnrightleft":"R","blockside":"NorthEast","fullname":"Sunday","weekday":"Sun","fromhour":"1","tohour":"3","week1":"1","week2":"1","week3":"1","week4":"1","week5":"1","holidays":"1","blocksweepid":"1624904","cleaning_days_abbr":"MTuWThFSaSu"}},{"type":"Feature","geometry":{"type":"LineString","coordinates":[[-122.418352033444,37.772222179964],[-122.418398930402,37.772102423687],[-122.418028919748,37.770876470189]]},"properties":{":id":"row-jkt6_ma7u~ajpb",":version":"rv-pekj.bb9h_9kbe",":created_at":"2026-03-10T12:37:08.575Z",":updated_at":"2026-03-10T12:37:08.575Z","cnn":"12017201","corridor":"South Van Ness Ave","limits":"12th St  -  Plum St","cnnrightleft":"R","blockside":"West","fullname":"Sunday","weekday":"Sun","fromhour":"4","tohour":"6","week1":"1","week2":"1","week3":"1","week4":"1","week5":"1","holidays":"0","blocksweepid":"1632473","cleaning_days_abbr":"MTuWThFSaSu"}},{"type":"Feature","geometry":{"type":"LineString","coordinates":[[-122.410486689606,37.765605838496],[-122.411455262539,37.765547605077]]},"properties":{":id":"row-viq4~re64-ik2s",":version":"rv-kyg2.kc6r-cc5e",":created_at":"2026-03-10T12:37:08.575Z",":updated_at":"2026-03-10T12:37:08.575Z","cnn":"717000","corridor":"16th St","limits":"Bryant St  -  Florida St","cnnrightleft":"R","blockside":"North","fullname":"Sunday","weekday":"Sun","fromhour":"2","tohour":"6","week1":"1","week2":"1","week3":"1","week4":"1","week5":"1","holidays":"1","blocksweepid":"1636171","cleaning_days_abbr":"TuThSu"}},{"type":"Feature","geometry":{"type":"LineString","coordinates":[[-122.394940237623,37.791842090331],[-122.395813421117,37.791152808467]]},"properties":{":id":"row-t8za.k9wz_mkp8",":version":"rv-6uax-aebt.99rr",":created_at":"2026-03-10T12:37:08.575Z",":updated_at":"2026-03-10T12:37:08.575Z","cnn":"9085000","corridor":"Mission St","limits":"Main St  -  Beale St","cnnrightleft":"L","blockside":"SouthEast","fullname":"Sunday","weekday":"Sun","fromhour":"2","tohour":"6","week1":"1","week2":"1","week3":"1","week4":"1","week5":"1","holidays":"1","blocksweepid":"1618943","cleaning_days_abbr":"MTuWThFSaSu"}},{"type":"Feature","geometry":{"type":"LineString","coordinates":[[-122.419638988981,37.78543303615],[-122.419738733972,37.78589290085]]},"properties":{":id":"row-zste.bnhq.nz42",":version":"rv-3edz~cmpy-ttei",":created_at":"2026-03-10T12:37:08.575Z",":updated_at":"2026-03-10T12:37:08.575Z","cnn":"10560000","corridor":"Polk St","limits":"Myrtle St  -  Geary St","cnnrightleft":"R","blockside":"East","fullname":"Sunday","weekday":"Sun","fromhour":"6","tohour":"8","week1":"1","week2":"1","week3":"1","week4":"1","week5":"1","holidays":"0","blocksweepid":"1619917","cleaning_days_abbr":"TuThSu"}},{"type":"Feature","geometry":{"type":"LineString","coordinates":[[-122.40861884556,37.797627561973],[-122.408808128619,37.798571324139]]},"properties":{":id":"row-zcut.m878_z8gm",":version":"rv-cmhp-vs2b.banz",":created_at":"2026-03-10T12:37:08.575Z",":updated_at":"2026-03-10T12:37:08.575Z","cnn":"12210000","corridor":"Stockton St","limits":"Broadway  -  Vallejo St","cnnrightleft":"L","blockside":"West","fullname":"Sunday","weekday":"Sun","fromhour":"4","tohour":"6","week1":"1","week2":"1","week3":"1","week4":"1","week5":"1","holidays":"0","blocksweepid":"1617221","cleaning_days_abbr":"MTuWThFSaSu"}},{"type":"Feature","geometry":{"type":"LineString","coordinates":[[-122.404875610531,37.794859533302],[-122.404957208412,37.795326691803]]},"properties":{":id":"row-r3xy_8h6x.6p2p",":version":"rv-75wg_gr8x-g944",":created_at":"2026-03-10T12:37:08.575Z",":updated_at":"2026-03-10T12:37:08.575Z","cnn":"7759000","corridor":"Kearny St","limits":"Merchant St  -  Washington St","cnnrightleft":"R","blockside":"East","fullname":"Sunday","weekday":"Sun","fromhour":"2","tohour":"6","week1":"1","week2":"1","week3":"1","week4":"1","week5":"1","holidays":"1","blocksweepid":"1623942","cleaning_days_abbr":"MTuWThFSaSu"}},{"type":"Feature","geometry":{"type":"LineString","coordinates":[[-122.402105120585,37.727789703729],[-122.401875118287,37.726964759406]]},"properties":{":id":"row-2w37~2b8g~nytv",":version":"rv-4en3_7mkk_5jkc",":created_at":"2026-03-10T12:37:08.575Z",":updated_at":"2026-03-10T12:37:08.575Z","cnn":"2810000","corridor":"Bay Shore Blvd","limits":"Phelps St  -  Fitzgerald Ave","cnnrightleft":"L","blockside":"East","fullname":"Sunday","weekday":"Sun","fromhour":"7","tohour":"8","week1":"1","week2":"1","week3":"1","week4":"1","week5":"1","holidays":"0","blocksweepid":"1613356","cleaning_days_abbr":"TuThSaSu"}},{"type":"Feature","geometry":{"type":"LineString","coordinates":[[-122.432914248247,37.78435505664],[-122.433083398237,37.785150940561]]},"properties":{":id":"row-qhuv_h3fx-j7s7",":version":"rv-gd3f~43gk_37ts",":created_at":"2026-03-10T12:37:08.575Z",":updated_at":"2026-03-10T12:37:08.575Z","cnn":"5547000","corridor":"Fillmore St","limits":"Geary Blvd  -  Post St","cnnrightleft":"R","blockside":"East","fullname":"Sunday","weekday":"Sun","fromhour":"6","tohour":"8","week1":"1","week2":"1","week3":"1","week4":"1","week5":"1","holidays":"0","blocksweepid":"1631293","cleaning_days_abbr":"TuThSu"}},{"type":"Feature","geometry":{"type":"LineString","coordinates":[[-122.418747573844,37.75543693624],[-122.418593944952,37.753836587811]]},"properties":{":id":"row-2c46_3mny-szvb",":version":"rv-6y2v~ktmh.i6rg",":created_at":"2026-03-10T12:37:08.575Z",":updated_at":"2026-03-10T12:37:08.575Z","cnn":"9124000","corridor":"Mission St","limits":"22nd St  -  23rd St","cnnrightleft":"L","blockside":"East","fullname":"Sunday","weekday":"Sun","fromhour":"4","tohour":"6","week1":"1","week2":"1","week3":"1","week4":"1","week5":"1","holidays":"0","blocksweepid":"1641253","cleaning_days_abbr":"MTuWThFSaSu"}},{"type":"Feature","geometry":{"type":"LineString","coordinates":[[-122.392049983556,37.718584930069],[-122.39298153841,37.719113641918]]},"properties":{":id":"row-ajfr-gvvh~rkkb",":version":"rv-caec~9xew~b8uu",":created_at":"2026-03-10T12:37:08.575Z",":updated_at":"2026-03-10T12:37:08.575Z","cnn":"7250000","corridor":"Ingerson Ave","limits":"Redondo St  -  Ingalls St","cnnrightleft":"R","blockside":"NorthEast","fullname":"Sunday","weekday":"Sun","fromhour":"7","tohour":"8","week1":"1","week2":"1","week3":"1","week4":"1","week5":"1","holidays":"0","blocksweepid":"1623575","cleaning_days_abbr":"MSaSu"}},{"type":"Feature","geometry":{"type":"LineString","coordinates":[[-122.390693772313,37.734797359098],[-122.390790617779,37.734723282127],[-122.39098825856,37.734158379679],[-122.390967889603,37.734013872547]]},"properties":{":id":"row-fxm7-972j_37hp",":version":"rv-52ti~jw4s-e8rc",":created_at":"2026-03-10T12:37:08.575Z",":updated_at":"2026-03-10T12:37:08.575Z","cnn":"212201","corridor":"03rd St","limits":"Oakdale Ave  -  Palou Ave","cnnrightleft":"R","blockside":"West","fullname":"Sunday","weekday":"Sun","fromhour":"2","tohour":"6","week1":"1","week2":"1","week3":"1","week4":"1","week5":"1","holidays":"1","blocksweepid":"1613822","cleaning_days_abbr":"MTuWThFSaSu"}},{"type":"Feature","geometry":{"type":"LineString","coordinates":[[-122.417528773794,37.783310889584],[-122.419181703701,37.783101400225]]},"properties":{":id":"row-z6p7-7vtq~aixv",":version":"rv-7u2u.xa9s.9zbp",":created_at":"2026-03-10T12:37:08.575Z",":updated_at":"2026-03-10T12:37:08.575Z","cnn":"5064000","corridor":"Eddy St","limits":"Larkin St  -  Polk St","cnnrightleft":"L","blockside":"South","fullname":"Sunday","weekday":"Sun","fromhour":"6","tohour":"8","week1":"1","week2":"1","week3":"1","week4":"1","week5":"1","holidays":"0","blocksweepid":"1630990","cleaning_days_abbr":"TuThSu"}},{"type":"Feature","geometry":{"type":"LineString","coordinates":[[-122.430809255803,37.729227846343],[-122.430817222326,37.729147256775],[-122.431179363436,37.728774869739],[-122.431293843553,37.728729547962]]},"properties":{":id":"row-rxrj~5jw6~u7zs",":version":"rv-9may_f238-veau",":created_at":"2026-03-10T12:37:08.575Z",":updated_at":"2026-03-10T12:37:08.575Z","cnn":"9154101","corridor":"Mission St","limits":"Maynard St  -  Silver Ave","cnnrightleft":"L","blockside":"SouthEast","fullname":"Sunday","weekday":"Sun","fromhour":"5","tohour":"7","week1":"1","week2":"1","week3":"1","week4":"1","week5":"1","holidays":"0","blocksweepid":"1641388","cleaning_days_abbr":"MTuWThFSaSu"}},{"type":"Feature","geometry":{"type":"LineString","coordinates":[[-122.499196335499,37.734311616301],[-122.499385454218,37.734310557586],[-122.500161803059,37.734742688316],[-122.500595283916,37.734941576551],[-122.500988823622,37.735082548251],[-122.501097483198,37.735206481117]]},"properties":{":id":"row-t9f4~u7yr.m9jf",":version":"rv-28e4_8dvu_bmh4",":created_at":"2026-03-10T12:37:08.575Z",":updated_at":"2026-03-10T12:37:08.575Z","cnn":"11961101","corridor":"Sloat Blvd","limits":"41st Ave  -  43rd Ave","cnnrightleft":"L","blockside":"SouthWest","fullname":"Sunday","weekday":"Sun","fromhour":"5","tohour":"7","week1":"1","week2":"1","week3":"1","week4":"1","week5":"1","holidays":"0","blocksweepid":"1621593","cleaning_days_abbr":"MTuWThFSaSu"}},{"type":"Feature","geometry":{"type":"LineString","coordinates":[[-122.40822672566,37.787359262241],[-122.408401550082,37.788293193917]]},"properties":{":id":"row-c932~q7a8-y9t4",":version":"rv-m6si-pbha-yjyb",":created_at":"2026-03-10T12:37:08.575Z",":updated_at":"2026-03-10T12:37:08.575Z","cnn":"10678000","corridor":"Powell St","limits":"Geary St  -  Post St","cnnrightleft":"R","blockside":"East","fullname":"Sunday","weekday":"Sun","fromhour":"2","tohour":"6","week1":"1","week2":"1","week3":"1","week4":"1","week5":"1","holidays":"0","blocksweepid":"1619831","cleaning_days_abbr":"MTuWThFSaSu"}},{"type":"Feature","geometry":{"type":"LineString","coordinates":[[-122.404266873046,37.784478744544],[-122.404864793932,37.784006613234]]},"properties":{":id":"row-fqvd~xr93-5bqx",":version":"rv-hrre-dye6_ynz7",":created_at":"2026-03-10T12:37:08.575Z",":updated_at":"2026-03-10T12:37:08.575Z","cnn":"9096001","corridor":"Mission St","limits":"04th St  -  Jessie East St","cnnrightleft":"R","blockside":null,"fullname":"Sunday","weekday":"Sun","fromhour":"2","tohour":"6","week1":"1","week2":"1","week3":"1","week4":"1","week5":"1","holidays":"1","blocksweepid":"1618505","cleaning_days_abbr":"MTuWThFSaSu"}},{"type":"Feature","geometry":{"type":"LineString","coordinates":[[-122.463781528317,37.758538181406],[-122.463657670978,37.75676410851]]},"properties":{":id":"row-vqrq.tqzc_meiw",":version":"rv-egqf-5rrt-ktkz",":created_at":"2026-03-10T12:37:08.575Z",":updated_at":"2026-03-10T12:37:08.575Z","cnn":"363000","corridor":"07th Ave","limits":"Lawton St  -  Moraga St","cnnrightleft":"L","blockside":"East","fullname":"Sunday","weekday":"Sun","fromhour":"5","tohour":"7","week1":"1","week2":"1","week3":"1","week4":"1","week5":"1","holidays":"0","blocksweepid":"1602180","cleaning_days_abbr":"FSu"}},{"type":"Feature","geometry":{"type":"LineString","coordinates":[[-122.388481187069,37.789571918889],[-122.388696925826,37.789585715756],[-122.389054953751,37.789880946635],[-122.38967777124,37.790379219044],[-122.390021829906,37.790654051596],[-122.390012346887,37.790826949171]]},"properties":{":id":"row-j8kn_xmdu~b92h",":version":"rv-ud2r_2aup.hipd",":created_at":"2026-03-10T12:37:08.575Z",":updated_at":"2026-03-10T12:37:08.575Z","cnn":"12550102","corridor":"The Embarcadero","limits":"Harrison St  -  Folsom St","cnnrightleft":"L","blockside":"SouthWest","fullname":"Sunday","weekday":"Sun","fromhour":"1","tohour":"3","week1":"1","week2":"1","week3":"1","week4":"1","week5":"1","holidays":"1","blocksweepid":"1639571","cleaning_days_abbr":"MTuWThFSaSu"}},{"type":"Feature","geometry":{"type":"LineString","coordinates":[[-122.406628200105,37.779314675085],[-122.4061628586,37.778942761943]]},"properties":{":id":"row-cqg2~72jb~pz6b",":version":"rv-5ryv~qfuy_zgsq",":created_at":"2026-03-10T12:37:08.575Z",":updated_at":"2026-03-10T12:37:08.575Z","cnn":"333000","corridor":"06th St","limits":"Tehama St  -  Clementina St","cnnrightleft":"R","blockside":"SouthWest","fullname":"Sunday","weekday":"Sun","fromhour":"4","tohour":"6","week1":"1","week2":"1","week3":"1","week4":"1","week5":"1","holidays":"0","blocksweepid":"1636401","cleaning_days_abbr":"MTuWThFSaSu"}},{"type":"Feature","geometry":{"type":"LineString","coordinates":[[-122.437461139482,37.721163548823],[-122.437469806419,37.721098761052],[-122.438250784645,37.720066160357],[-122.438329414073,37.720015525127]]},"properties":{":id":"row-apr8-pv7k_mtbp",":version":"rv-4cey~ahgy-zi76",":created_at":"2026-03-10T12:37:08.575Z",":updated_at":"2026-03-10T12:37:08.575Z","cnn":"9172101","corridor":"Mission St","limits":"Onondaga Ave  -  France Ave","cnnrightleft":"L","blockside":"SouthEast","fullname":"Sunday","weekday":"Sun","fromhour":"5","tohour":"7","week1":"1","week2":"1","week3":"1","week4":"1","week5":"1","holidays":"0","blocksweepid":"1641406","cleaning_days_abbr":"MTuWThFSaSu"}},{"type":"Feature","geometry":{"type":"LineString","coordinates":[[-122.41443019869,37.784657140749],[-122.414778472775,37.784612949291]]},"properties":{":id":"row-i4ux.vpe7_mem9",":version":"rv-4jbn~8f5s.bg27",":created_at":"2026-03-10T12:37:08.575Z",":updated_at":"2026-03-10T12:37:08.575Z","cnn":"5175000","corridor":"Ellis St","limits":"Leavenworth St  -  Cohen Pl","cnnrightleft":"L","blockside":"South","fullname":"Sunday","weekday":"Sun","fromhour":"6","tohour":"8","week1":"1","week2":"1","week3":"1","week4":"1","week5":"1","holidays":"0","blocksweepid":"1610211","cleaning_days_abbr":"MTuWThFSaSu"}},{"type":"Feature","geometry":{"type":"LineString","coordinates":[[-122.397574468067,37.789762598234],[-122.398315825613,37.789177330318]]},"properties":{":id":"row-pjgb~qj4h.tvr4",":version":"rv-tp6d_qerq.67rk",":created_at":"2026-03-10T12:37:08.575Z",":updated_at":"2026-03-10T12:37:08.575Z","cnn":"9088000","corridor":"Mission St","limits":"01st St  -  Ecker St","cnnrightleft":"L","blockside":"SouthEast","fullname":"Sunday","weekday":"Sun","fromhour":"2","tohour":"6","week1":"1","week2":"1","week3":"1","week4":"1","week5":"1","holidays":"1","blocksweepid":"1618946","cleaning_days_abbr":"MTuWThFSaSu"}},{"type":"Feature","geometry":{"type":"LineString","coordinates":[[-122.404583316994,37.786730565979],[-122.404849900901,37.786809954012],[-122.405346079026,37.786747618663]]},"properties":{":id":"row-pvjx.u3q6_eu7b",":version":"rv-h7it~zuhq.g39u",":created_at":"2026-03-10T12:37:08.575Z",":updated_at":"2026-03-10T12:37:08.575Z","cnn":"9720000","corridor":"O'Farrell St","limits":"Market St  -  Security Pacific Pl","cnnrightleft":"L","blockside":"South","fullname":"Sunday","weekday":"Sun","fromhour":"2","tohour":"6","week1":"1","week2":"1","week3":"1","week4":"1","week5":"1","holidays":"0","blocksweepid":"1603616","cleaning_days_abbr":"TuThSu"}},{"type":"Feature","geometry":{"type":"LineString","coordinates":[[-122.410936574036,37.779211685706],[-122.412413343787,37.778045328617]]},"properties":{":id":"row-icw6.zdc2~3dh3",":version":"rv-9bt7-cdjj_6btf",":created_at":"2026-03-10T12:37:08.575Z",":updated_at":"2026-03-10T12:37:08.575Z","cnn":"9101000","corridor":"Mission St","limits":"07th St  -  Julia St","cnnrightleft":"L","blockside":"SouthEast","fullname":"Sunday","weekday":"Sun","fromhour":"2","tohour":"6","week1":"1","week2":"1","week3":"1","week4":"1","week5":"1","holidays":"1","blocksweepid":"1618961","cleaning_days_abbr":"MTuWThFSaSu"}},{"type":"Feature","geometry":{"type":"LineString","coordinates":[[-122.395943826939,37.721715880382],[-122.396047643573,37.721634704524],[-122.396297142805,37.721081141695],[-122.396272841569,37.720981529973]]},"properties":{":id":"row-vr79-nkhq_kjnc",":version":"rv-xd6g_pr3z_52pp",":created_at":"2026-03-10T12:37:08.575Z",":updated_at":"2026-03-10T12:37:08.575Z","cnn":"229201","corridor":"03rd St","limits":"Hollister Ave  -  Ingerson Ave","cnnrightleft":"R","blockside":"West","fullname":"Sunday","weekday":"Sun","fromhour":"2","tohour":"6","week1":"1","week2":"1","week3":"1","week4":"1","week5":"1","holidays":"1","blocksweepid":"1613839","cleaning_days_abbr":"MWFSaSu"}},{"type":"Feature","geometry":{"type":"LineString","coordinates":[[-122.418618215796,37.773053454473],[-122.41881748819,37.772980210619],[-122.419671829395,37.77230320357]]},"properties":{":id":"row-2b94_g89a.stxz",":version":"rv-5jjm~88pn.9vfu",":created_at":"2026-03-10T12:37:08.575Z",":updated_at":"2026-03-10T12:37:08.575Z","cnn":"10046000","corridor":"Otis St","limits":"Mission St  -  Brady St","cnnrightleft":"R","blockside":"NorthWest","fullname":"Sunday","weekday":"Sun","fromhour":"4","tohour":"6","week1":"1","week2":"1","week3":"1","week4":"1","week5":"1","holidays":"0","blocksweepid":"1630230","cleaning_days_abbr":"MTuWThFSaSu"}},{"type":"Feature","geometry":{"type":"LineString","coordinates":[[-122.394243492859,37.725475649951],[-122.394351592045,37.725408097736],[-122.394950810175,37.724095690229],[-122.394926152382,37.723972563668]]},"properties":{":id":"row-psc3_6jnt-u4uu",":version":"rv-3s26.nfcn~24er",":created_at":"2026-03-10T12:37:08.575Z",":updated_at":"2026-03-10T12:37:08.575Z","cnn":"225201","corridor":"03rd St","limits":"Carroll Ave  -  Egbert Ave","cnnrightleft":"R","blockside":"West","fullname":"Sunday","weekday":"Sun","fromhour":"2","tohour":"6","week1":"1","week2":"1","week3":"1","week4":"1","week5":"1","holidays":"1","blocksweepid":"1613835","cleaning_days_abbr":"MTuWThFSaSu"}},{"type":"Feature","geometry":{"type":"LineString","coordinates":[[-122.435976889062,37.72312996338],[-122.436040073001,37.723044469769]]},"properties":{":id":"row-zbxk~savw_wrna",":version":"rv-qgag-d3bv-rmsj",":created_at":"2026-03-10T12:37:08.575Z",":updated_at":"2026-03-10T12:37:08.575Z","cnn":"9168000","corridor":"Mission St","limits":"Persia Ave  -  Ruth St","cnnrightleft":"R","blockside":"NorthWest","fullname":"Sunday","weekday":"Sun","fromhour":"5","tohour":"7","week1":"1","week2":"1","week3":"1","week4":"1","week5":"1","holidays":"0","blocksweepid":"1626442","cleaning_days_abbr":"MTuWThFSaSu"}},{"type":"Feature","geometry":{"type":"LineString","coordinates":[[-122.38855639912,37.760491008984],[-122.388620179078,37.760398187476],[-122.38839598492,37.758023525465],[-122.388315530569,37.757939705629]]},"properties":{":id":"row-b8ix~y78k~sdu9",":version":"rv-wqxz_sryu.bd5c",":created_at":"2026-03-10T12:37:08.575Z",":updated_at":"2026-03-10T12:37:08.575Z","cnn":"190201","corridor":"03rd St","limits":"20th St  -  22nd St","cnnrightleft":"R","blockside":"West","fullname":"Sunday","weekday":"Sun","fromhour":"2","tohour":"6","week1":"1","week2":"1","week3":"1","week4":"1","week5":"1","holidays":"1","blocksweepid":"1613799","cleaning_days_abbr":"MWFSaSu"}},{"type":"Feature","geometry":{"type":"LineString","coordinates":[[-122.405845727265,37.795223235249],[-122.406045235905,37.795198283594]]},"properties":{":id":"row-sjjh-257a~wct4",":version":"rv-b8q4.7fct_567z",":created_at":"2026-03-10T12:37:08.575Z",":updated_at":"2026-03-10T12:37:08.575Z","cnn":"13412000","corridor":"Washington St","limits":"Walter U Lum Pl  -  Wentworth Pl","cnnrightleft":"L","blockside":"South","fullname":"Sunday","weekday":"Sun","fromhour":"2","tohour":"6","week1":"1","week2":"1","week3":"1","week4":"1","week5":"1","holidays":"1","blocksweepid":"1625547","cleaning_days_abbr":"TuSu"}},{"type":"Feature","geometry":{"type":"LineString","coordinates":[[-122.387585270171,37.750263377895],[-122.387456310816,37.749004758693]]},"properties":{":id":"row-9uh7_3h5q~j6ri",":version":"rv-3e99_z7ke-3gxp",":created_at":"2026-03-10T12:37:08.575Z",":updated_at":"2026-03-10T12:37:08.575Z","cnn":"196000","corridor":"03rd St","limits":"Cesar Chavez St  -  Marin St","cnnrightleft":"L","blockside":"East","fullname":"Sunday","weekday":"Sun","fromhour":"2","tohour":"6","week1":"1","week2":"1","week3":"1","week4":"1","week5":"1","holidays":"1","blocksweepid":"1629077","cleaning_days_abbr":"MTuWThFSaSu"}},{"type":"Feature","geometry":{"type":"LineString","coordinates":[[-122.388507729452,37.750205975381],[-122.389478017801,37.75014510759]]},"properties":{":id":"row-wcbv-stca-8jwt",":version":"rv-q3eg.gbe5_uhtr",":created_at":"2026-03-10T12:37:08.575Z",":updated_at":"2026-03-10T12:37:08.575Z","cnn":"2469000","corridor":"Cesar Chavez St","limits":"Tennessee St  -  Minnesota St","cnnrightleft":"L","blockside":"South","fullname":"Sunday","weekday":"Sun","fromhour":"0","tohour":"2","week1":"1","week2":"1","week3":"1","week4":"1","week5":"1","holidays":"0","blocksweepid":"1602622","cleaning_days_abbr":"TuThSu"}},{"type":"Feature","geometry":{"type":"LineString","coordinates":[[-122.408066547135,37.7839914871],[-122.408160458438,37.783972712273],[-122.408930886611,37.783364257772],[-122.40895215881,37.783287852635]]},"properties":{":id":"row-9aid~ib2z~a549",":version":"rv-9cbu-tizy.pbbp",":created_at":"2026-03-10T12:37:08.575Z",":updated_at":"2026-03-10T12:37:08.575Z","cnn":"8748201","corridor":"Market St","limits":"05th St  -  Mason St","cnnrightleft":"R","blockside":"NorthWest","fullname":"Sunday","weekday":"Sun","fromhour":"5","tohour":"7","week1":"1","week2":"1","week3":"1","week4":"1","week5":"1","holidays":"1","blocksweepid":"1617987","cleaning_days_abbr":"MTuWThFSaSu"}},{"type":"Feature","geometry":{"type":"LineString","coordinates":[[-122.412969666673,37.785789584224],[-122.413161444271,37.786729744902]]},"properties":{":id":"row-pqub-gywu.h35a",":version":"rv-etx5.2c3f~ipff",":created_at":"2026-03-10T12:37:08.575Z",":updated_at":"2026-03-10T12:37:08.575Z","cnn":"7570000","corridor":"Jones St","limits":"O'Farrell St  -  Geary St","cnnrightleft":"L","blockside":"West","fullname":"Sunday","weekday":"Sun","fromhour":"6","tohour":"8","week1":"1","week2":"1","week3":"1","week4":"1","week5":"1","holidays":"0","blocksweepid":"1597539","cleaning_days_abbr":"MTuWThFSaSu"}},{"type":"Feature","geometry":{"type":"LineString","coordinates":[[-122.420247184087,37.78007469645],[-122.420172889334,37.780213134785],[-122.420255458708,37.780576218265]]},"properties":{":id":"row-5gq8-6ent_kqw5",":version":"rv-iah5-fhv6~wfhz",":created_at":"2026-03-10T12:37:08.575Z",":updated_at":"2026-03-10T12:37:08.575Z","cnn":"13147201","corridor":"Van Ness Ave","limits":"McAllister St  -  Redwood St","cnnrightleft":"R","blockside":"East","fullname":"Sunday","weekday":"Sun","fromhour":"4","tohour":"6","week1":"1","week2":"1","week3":"1","week4":"1","week5":"1","holidays":"0","blocksweepid":"1639874","cleaning_days_abbr":"MTuWThFSaSu"}},{"type":"Feature","geometry":{"type":"LineString","coordinates":[[-122.403660676944,37.788894429573],[-122.403746846512,37.789363277615]]},"properties":{":id":"row-t6gc_u4r9_uq8d",":version":"rv-urc6-kir5.stzq",":created_at":"2026-03-10T12:37:08.575Z",":updated_at":"2026-03-10T12:37:08.575Z","cnn":"7749000","corridor":"Kearny St","limits":"Post St  -  Ver Mehr Pl","cnnrightleft":"L","blockside":"West","fullname":"Sunday","weekday":"Sun","fromhour":"2","tohour":"6","week1":"1","week2":"1","week3":"1","week4":"1","week5":"1","holidays":"1","blocksweepid":"1623916","cleaning_days_abbr":"MTuWThFSaSu"}},{"type":"Feature","geometry":{"type":"LineString","coordinates":[[-122.430181237448,37.729859826169],[-122.430260367924,37.729831712163],[-122.43080481405,37.729283831977],[-122.430809255803,37.729227846343]]},"properties":{":id":"row-gskg.arg8-fhhf",":version":"rv-6ikb.a2vw.cjhd",":created_at":"2026-03-10T12:37:08.575Z",":updated_at":"2026-03-10T12:37:08.575Z","cnn":"9153201","corridor":"Mission St","limits":"Admiral Ave  -  Maynard St","cnnrightleft":"R","blockside":"NorthWest","fullname":"Sunday","weekday":"Sun","fromhour":"5","tohour":"7","week1":"1","week2":"1","week3":"1","week4":"1","week5":"1","holidays":"0","blocksweepid":"1626427","cleaning_days_abbr":"MTuWThFSaSu"}},{"type":"Feature","geometry":{"type":"LineString","coordinates":[[-122.504185330568,37.735557882752],[-122.50515321079,37.735564869154],[-122.505257352258,37.735475288106]]},"properties":{":id":"row-5h6u~pjjn.wahg",":version":"rv-i796_yihp-n3pd",":created_at":"2026-03-10T12:37:08.575Z",":updated_at":"2026-03-10T12:37:08.575Z","cnn":"11963202","corridor":"Sloat Blvd","limits":"46th Ave  -  47th Ave","cnnrightleft":"L","blockside":"South","fullname":"Sunday","weekday":"Sun","fromhour":"5","tohour":"7","week1":"1","week2":"1","week3":"1","week4":"1","week5":"1","holidays":"0","blocksweepid":"1605698","cleaning_days_abbr":"MTuWThFSaSu"}},{"type":"Feature","geometry":{"type":"LineString","coordinates":[[-122.392899420136,37.728489580514],[-122.392984736986,37.728454279704],[-122.393244105952,37.727874900265],[-122.393232786724,37.727733468261]]},"properties":{":id":"row-rx3r_ka4j_fquw",":version":"rv-rrur~d7p2.pvvx",":created_at":"2026-03-10T12:37:08.575Z",":updated_at":"2026-03-10T12:37:08.575Z","cnn":"221201","corridor":"03rd St","limits":"Lane St  -  Yosemite Ave","cnnrightleft":"R","blockside":"West","fullname":"Sunday","weekday":"Sun","fromhour":"2","tohour":"6","week1":"1","week2":"1","week3":"1","week4":"1","week5":"1","holidays":"1","blocksweepid":"1613831","cleaning_days_abbr":"MTuWThFSaSu"}},{"type":"Feature","geometry":{"type":"LineString","coordinates":[[-122.446383348638,37.711436150087],[-122.447672442697,37.71074852298]]},"properties":{":id":"row-d449_6yft~67sa",":version":"rv-k9mi~r7i9~4tjj",":created_at":"2026-03-10T12:37:08.575Z",":updated_at":"2026-03-10T12:37:08.575Z","cnn":"9190000","corridor":"Mission St","limits":"Lowell St  -  Whipple Ave","cnnrightleft":"L","blockside":"SouthEast","fullname":"Sunday","weekday":"Sun","fromhour":"5","tohour":"7","week1":"1","week2":"1","week3":"1","week4":"1","week5":"1","holidays":"0","blocksweepid":"1626600","cleaning_days_abbr":"MTuWThFSaSu"}},{"type":"Feature","geometry":{"type":"LineString","coordinates":[[-122.408079101008,37.794940686929],[-122.408253202381,37.795823706119]]},"properties":{":id":"row-2cbh-au8c.jy5b",":version":"rv-i22y-aunj.f42m",":created_at":"2026-03-10T12:37:08.575Z",":updated_at":"2026-03-10T12:37:08.575Z","cnn":"12206000","corridor":"Stockton St","limits":"Washington St  -  Jackson St","cnnrightleft":"L","blockside":"West","fullname":"Sunday","weekday":"Sun","fromhour":"2","tohour":"6","week1":"1","week2":"1","week3":"1","week4":"1","week5":"1","holidays":"1","blocksweepid":"1624672","cleaning_days_abbr":"MTuWThFSaSu"}},{"type":"Feature","geometry":{"type":"LineString","coordinates":[[-122.409014377479,37.799489820039],[-122.410206544063,37.800315499308]]},"properties":{":id":"row-tdrw_wwcs.x86e",":version":"rv-88iw.72tx_bb4r",":created_at":"2026-03-10T12:37:08.575Z",":updated_at":"2026-03-10T12:37:08.575Z","cnn":"4295000","corridor":"Columbus Ave","limits":"Green St  -  Union St","cnnrightleft":"R","blockside":"NorthEast","fullname":"Sunday","weekday":"Sun","fromhour":"4","tohour":"6","week1":"1","week2":"1","week3":"1","week4":"1","week5":"1","holidays":"0","blocksweepid":"1637290","cleaning_days_abbr":"MTuWThFSaSu"}},{"type":"Feature","geometry":{"type":"LineString","coordinates":[[-122.511282101517,37.77295994379],[-122.511337488905,37.772828267783],[-122.51114225727,37.771419821605],[-122.511053755672,37.771342499596]]},"properties":{":id":"row-u5mz~mwez.tyzc",":version":"rv-dgbz~3z7t.u8zz",":created_at":"2026-03-10T12:37:08.575Z",":updated_at":"2026-03-10T12:37:08.575Z","cnn":"6433201","corridor":"Great Hwy","limits":"Cabrillo St  -  Fulton St","cnnrightleft":"R","blockside":"West","fullname":"Sunday","weekday":"Sun","fromhour":"2","tohour":"5","week1":"1","week2":"1","week3":"1","week4":"1","week5":"1","holidays":"0","blocksweepid":"1636056","cleaning_days_abbr":"MTuWThFSaSu"}},{"type":"Feature","geometry":{"type":"LineString","coordinates":[[-122.406667930917,37.797864612499],[-122.407082925661,37.798152056594]]},"properties":{":id":"row-dn8m-2yv5~5p2v",":version":"rv-yt66~yhqy-5k2m",":created_at":"2026-03-10T12:37:08.575Z",":updated_at":"2026-03-10T12:37:08.575Z","cnn":"4292000","corridor":"Columbus Ave","limits":"Broadway  -  Grant Ave","cnnrightleft":"L","blockside":"SouthWest","fullname":"Sunday","weekday":"Sun","fromhour":"4","tohour":"6","week1":"1","week2":"1","week3":"1","week4":"1","week5":"1","holidays":"0","blocksweepid":"1637332","cleaning_days_abbr":"MTuWThFSaSu"}},{"type":"Feature","geometry":{"type":"LineString","coordinates":[[-122.430809255803,37.729227846343],[-122.430877934534,37.72920943918],[-122.431268967579,37.728807342414],[-122.431293843553,37.728729547962]]},"properties":{":id":"row-bcup.hfr8.vdvv",":version":"rv-mrjq-rfwe~p7bk",":created_at":"2026-03-10T12:37:08.575Z",":updated_at":"2026-03-10T12:37:08.575Z","cnn":"9154201","corridor":"Mission St","limits":"Maynard St  -  Silver Ave","cnnrightleft":"R","blockside":"NorthWest","fullname":"Sunday","weekday":"Sun","fromhour":"5","tohour":"7","week1":"1","week2":"1","week3":"1","week4":"1","week5":"1","holidays":"0","blocksweepid":"1626428","cleaning_days_abbr":"MTuWThFSaSu"}},{"type":"Feature","geometry":{"type":"LineString","coordinates":[[-122.422083785231,37.742197553341],[-122.422366459744,37.741760488778]]},"properties":{":id":"row-tsms-tccv.srmh",":version":"rv-us34.7dbs-drk6",":created_at":"2026-03-10T12:37:08.575Z",":updated_at":"2026-03-10T12:37:08.575Z","cnn":"9138000","corridor":"Mission St","limits":"Eugenia Ave  -  Kingston St","cnnrightleft":"R","blockside":"NorthWest","fullname":"Sunday","weekday":"Sun","fromhour":"5","tohour":"7","week1":"1","week2":"1","week3":"1","week4":"1","week5":"1","holidays":"0","blocksweepid":"1599890","cleaning_days_abbr":"MTuWThFSaSu"}},{"type":"Feature","geometry":{"type":"LineString","coordinates":[[-122.408808128619,37.798571324139],[-122.408912340509,37.79903585636]]},"properties":{":id":"row-4bt9~e9ha.cym3",":version":"rv-qsa5~ak5f-teqt",":created_at":"2026-03-10T12:37:08.575Z",":updated_at":"2026-03-10T12:37:08.575Z","cnn":"12211000","corridor":"Stockton St","limits":"Vallejo St  -  Card Aly","cnnrightleft":"L","blockside":"West","fullname":"Sunday","weekday":"Sun","fromhour":"4","tohour":"6","week1":"1","week2":"1","week3":"1","week4":"1","week5":"1","holidays":"0","blocksweepid":"1617222","cleaning_days_abbr":"MTuWThFSaSu"}},{"type":"Feature","geometry":{"type":"LineString","coordinates":[[-122.419693565872,37.777299856161],[-122.419788466528,37.777387429662],[-122.419934164872,37.778120055734],[-122.419883230931,37.778251017767]]},"properties":{":id":"row-3t33_rfyb_xqic",":version":"rv-u57z-vpjt.uiys",":created_at":"2026-03-10T12:37:08.575Z",":updated_at":"2026-03-10T12:37:08.575Z","cnn":"13145101","corridor":"Van Ness Ave","limits":"Hayes St  -  Grove St","cnnrightleft":"L","blockside":"West","fullname":"Sunday","weekday":"Sun","fromhour":"4","tohour":"6","week1":"1","week2":"1","week3":"1","week4":"1","week5":"1","holidays":"0","blocksweepid":"1598980","cleaning_days_abbr":"MTuWThFSaSu"}},{"type":"Feature","geometry":{"type":"LineString","coordinates":[[-122.441554284708,37.71575344485],[-122.441691159313,37.715572699572]]},"properties":{":id":"row-dnk6-ktvs_563p",":version":"rv-erw9_3fzz~xxz7",":created_at":"2026-03-10T12:37:08.575Z",":updated_at":"2026-03-10T12:37:08.575Z","cnn":"9179000","corridor":"Mission St","limits":"Rolph St  -  Niagara Ave","cnnrightleft":"L","blockside":"SouthEast","fullname":"Sunday","weekday":"Sun","fromhour":"5","tohour":"7","week1":"1","week2":"1","week3":"1","week4":"1","week5":"1","holidays":"0","blocksweepid":"1626589","cleaning_days_abbr":"MTuWThFSaSu"}},{"type":"Feature","geometry":{"type":"LineString","coordinates":[[-122.470716749947,37.780723353374],[-122.470850375231,37.780789393978],[-122.471676769216,37.780755380452],[-122.4717754593,37.78068110402]]},"properties":{":id":"row-y2ee_eykr_h59c",":version":"rv-zwhu.zteq.ppxp",":created_at":"2026-03-10T12:37:08.575Z",":updated_at":"2026-03-10T12:37:08.575Z","cnn":"6068201","corridor":"Geary Blvd","limits":"12th Ave  -  Funston Ave","cnnrightleft":"R","blockside":"North","fullname":"Sunday","weekday":"Sun","fromhour":"7","tohour":"8","week1":"1","week2":"1","week3":"1","week4":"1","week5":"1","holidays":"0","blocksweepid":"1611376","cleaning_days_abbr":"TuThSu"}},{"type":"Feature","geometry":{"type":"LineString","coordinates":[[-122.390145051507,37.73639019456],[-122.390243839401,37.736286048944],[-122.390436201151,37.735736261062],[-122.390416264113,37.735590520553]]},"properties":{":id":"row-mg2f~7746.bzn4",":version":"rv-jguc~qhab.ux3a",":created_at":"2026-03-10T12:37:08.575Z",":updated_at":"2026-03-10T12:37:08.575Z","cnn":"210201","corridor":"03rd St","limits":"McKinnon Ave  -  Newcomb Ave","cnnrightleft":"R","blockside":"West","fullname":"Sunday","weekday":"Sun","fromhour":"2","tohour":"6","week1":"1","week2":"1","week3":"1","week4":"1","week5":"1","holidays":"1","blocksweepid":"1613820","cleaning_days_abbr":"MTuWThFSaSu"}},{"type":"Feature","geometry":{"type":"LineString","coordinates":[[-122.406652352008,37.796024750166],[-122.406827677878,37.796901905855]]},"properties":{":id":"row-y5xe.4xin_5hae",":version":"rv-netr_a4mt_zf2c",":created_at":"2026-03-10T12:37:08.575Z",":updated_at":"2026-03-10T12:37:08.575Z","cnn":"6397000","corridor":"Grant Ave","limits":"Jackson St  -  Pacific Ave","cnnrightleft":"L","blockside":"West","fullname":"Sunday","weekday":"Sun","fromhour":"2","tohour":"6","week1":"1","week2":"1","week3":"1","week4":"1","week5":"1","holidays":"1","blocksweepid":"1606425","cleaning_days_abbr":"MTuWThFSaSu"}},{"type":"Feature","geometry":{"type":"LineString","coordinates":[[-122.440255134802,37.716038820045],[-122.440096783584,37.716018185809],[-122.439509928752,37.715754986965],[-122.439438471855,37.715672554478]]},"properties":{":id":"row-a7dx.9gvp~tr4p",":version":"rv-g9n5-zah6-sm59",":created_at":"2026-03-10T12:37:08.575Z",":updated_at":"2026-03-10T12:37:08.575Z","cnn":"6139101","corridor":"Geneva Ave","limits":"London St  -  Paris St","cnnrightleft":"L","blockside":"NorthEast","fullname":"Sunday","weekday":"Sun","fromhour":"5","tohour":"7","week1":"1","week2":"1","week3":"1","week4":"1","week5":"1","holidays":"0","blocksweepid":"1633057","cleaning_days_abbr":"MTuWThFSaSu"}},{"type":"Feature","geometry":{"type":"LineString","coordinates":[[-122.472843993683,37.780630787456],[-122.472944654712,37.780694203011],[-122.473856584293,37.78065053299],[-122.473982470231,37.780575382328]]},"properties":{":id":"row-pcgz_7uyv-74ur",":version":"rv-ragj-gr2s_k9bx",":created_at":"2026-03-10T12:37:08.575Z",":updated_at":"2026-03-10T12:37:08.575Z","cnn":"6071201","corridor":"Geary Blvd","limits":"14th Ave  -  15th Ave","cnnrightleft":"R","blockside":"North","fullname":"Sunday","weekday":"Sun","fromhour":"7","tohour":"8","week1":"1","week2":"1","week3":"1","week4":"1","week5":"1","holidays":"0","blocksweepid":"1611379","cleaning_days_abbr":"TuThSu"}},{"type":"Feature","geometry":{"type":"LineString","coordinates":[[-122.509432940123,37.779851069753],[-122.510468097621,37.779793271388],[-122.51063546516,37.779765403735],[-122.510801097041,37.779721932419],[-122.510931056544,37.779670731924],[-122.511359655316,37.779443512937],[-122.511424139012,37.779409663242]]},"properties":{":id":"row-bd97.4jcy_e47g",":version":"rv-krzb-ukrz-xfse",":created_at":"2026-03-10T12:37:08.575Z",":updated_at":"2026-03-10T12:37:08.575Z","cnn":"10543000","corridor":"Point Lobos Ave","limits":"48th Ave  -  Merrie Way","cnnrightleft":"R","blockside":"North","fullname":"Sunday","weekday":"Sun","fromhour":"2","tohour":"5","week1":"1","week2":"1","week3":"1","week4":"1","week5":"1","holidays":"0","blocksweepid":"1609647","cleaning_days_abbr":"MTuWThFSaSu"}},{"type":"Feature","geometry":{"type":"LineString","coordinates":[[-122.421239593381,37.764956459787],[-122.421381475782,37.764947887772]]},"properties":{":id":"row-b9tn_p6v8-qkx6",":version":"rv-28zh~exkp~c5vf",":created_at":"2026-03-10T12:37:08.575Z",":updated_at":"2026-03-10T12:37:08.575Z","cnn":"730000","corridor":"16th St","limits":"Rondel Pl  -  Caledonia St","cnnrightleft":"R","blockside":"North","fullname":"Sunday","weekday":"Sun","fromhour":"2","tohour":"6","week1":"1","week2":"1","week3":"1","week4":"1","week5":"1","holidays":"1","blocksweepid":"1613669","cleaning_days_abbr":"MTuWThFSaSu"}},{"type":"Feature","geometry":{"type":"LineString","coordinates":[[-122.433839653842,37.788906284116],[-122.434027089313,37.789836971894]]},"properties":{":id":"row-phqs_d55j_4b9m",":version":"rv-h7bf-j3vx~fzks",":created_at":"2026-03-10T12:37:08.575Z",":updated_at":"2026-03-10T12:37:08.575Z","cnn":"5553000","corridor":"Fillmore St","limits":"California St  -  Sacramento St","cnnrightleft":"R","blockside":"East","fullname":"Sunday","weekday":"Sun","fromhour":"6","tohour":"8","week1":"1","week2":"1","week3":"1","week4":"1","week5":"1","holidays":"0","blocksweepid":"1631299","cleaning_days_abbr":"TuThSu"}},{"type":"Feature","geometry":{"type":"LineString","coordinates":[[-122.410951618189,37.78414101264],[-122.412595276786,37.783932576959]]},"properties":{":id":"row-s3uc~vnbw.ibgf",":version":"rv-p795~ezrt-6nyt",":created_at":"2026-03-10T12:37:08.575Z",":updated_at":"2026-03-10T12:37:08.575Z","cnn":"5060000","corridor":"Eddy St","limits":"Taylor St  -  Jones St","cnnrightleft":"L","blockside":"South","fullname":"Sunday","weekday":"Sun","fromhour":"6","tohour":"8","week1":"1","week2":"1","week3":"1","week4":"1","week5":"1","holidays":"0","blocksweepid":"1630985","cleaning_days_abbr":"TuThSu"}},{"type":"Feature","geometry":{"type":"LineString","coordinates":[[-122.393340265607,37.749915158777],[-122.395307861683,37.749803786148]]},"properties":{":id":"row-97bh_j5mq.afc9",":version":"rv-jj55_hpaf.chha",":created_at":"2026-03-10T12:37:08.575Z",":updated_at":"2026-03-10T12:37:08.575Z","cnn":"2474000","corridor":"Cesar Chavez St","limits":"Mississippi St  -  Missouri St","cnnrightleft":"L","blockside":"South","fullname":"Sunday","weekday":"Sun","fromhour":"0","tohour":"2","week1":"1","week2":"1","week3":"1","week4":"1","week5":"1","holidays":"0","blocksweepid":"1602627","cleaning_days_abbr":"TuThSu"}},{"type":"Feature","geometry":{"type":"LineString","coordinates":[[-122.496635997254,37.733770843107],[-122.496855695719,37.733866555054],[-122.497025042741,37.733880654324],[-122.497486754483,37.733925049785],[-122.498030765052,37.734027391438],[-122.498606199229,37.73418616745],[-122.499032502695,37.734359339806],[-122.499196335499,37.734311616301]]},"properties":{":id":"row-mfuj~wpn9.esvn",":version":"rv-8d7y~evar.2nug",":created_at":"2026-03-10T12:37:08.575Z",":updated_at":"2026-03-10T12:37:08.575Z","cnn":"11960201","corridor":"Sloat Blvd","limits":"39th Ave  -  41st Ave","cnnrightleft":"L","blockside":"South","fullname":"Sunday","weekday":"Sun","fromhour":"5","tohour":"7","week1":"1","week2":"1","week3":"1","week4":"1","week5":"1","holidays":"0","blocksweepid":"1605692","cleaning_days_abbr":"MTuWThFSaSu"}},{"type":"Feature","geometry":{"type":"LineString","coordinates":[[-122.404657096806,37.732948782317],[-122.403961731165,37.731610333891],[-122.403400462148,37.730658352623]]},"properties":{":id":"row-ar92~g9au~m473",":version":"rv-jy2p-km3c.deuc",":created_at":"2026-03-10T12:37:08.575Z",":updated_at":"2026-03-10T12:37:08.575Z","cnn":"2805000","corridor":"Bay Shore Blvd","limits":"Silver Ave  -  Thornton Ave","cnnrightleft":"R","blockside":"SouthWest","fullname":"Sunday","weekday":"Sun","fromhour":"7","tohour":"8","week1":"1","week2":"1","week3":"1","week4":"1","week5":"1","holidays":"0","blocksweepid":"1628218","cleaning_days_abbr":"MWThFSaSu"}},{"type":"Feature","geometry":{"type":"LineString","coordinates":[[-122.419491511634,37.775894187088],[-122.41956455985,37.776261516097],[-122.419506293804,37.776368870039]]},"properties":{":id":"row-cvpv_m82j-mqvz",":version":"rv-vhi2-j46p.24sw",":created_at":"2026-03-10T12:37:08.575Z",":updated_at":"2026-03-10T12:37:08.575Z","cnn":"13143103","corridor":"Van Ness Ave","limits":"Hickory St  -  Fell St","cnnrightleft":"L","blockside":"West","fullname":"Sunday","weekday":"Sun","fromhour":"4","tohour":"6","week1":"1","week2":"1","week3":"1","week4":"1","week5":"1","holidays":"0","blocksweepid":"1598978","cleaning_days_abbr":"MTuWThFSaSu"}},{"type":"Feature","geometry":{"type":"LineString","coordinates":[[-122.511294925013,37.775075961311],[-122.51121138876,37.774981401613],[-122.511132247489,37.774192163082],[-122.511182672469,37.773569063586],[-122.511205840766,37.773016623205],[-122.511282101517,37.77295994379]]},"properties":{":id":"row-sey8-7euz_c7ue",":version":"rv-kfp7~smyk-584c",":created_at":"2026-03-10T12:37:08.575Z",":updated_at":"2026-03-10T12:37:08.575Z","cnn":"6432101","corridor":"Great Hwy","limits":"Balboa St  -  Cabrillo St","cnnrightleft":"L","blockside":"East","fullname":"Sunday","weekday":"Sun","fromhour":"2","tohour":"4","week1":"1","week2":"1","week3":"1","week4":"1","week5":"1","holidays":"1","blocksweepid":"1601815","cleaning_days_abbr":"MTuWThFSaSu"}},{"type":"Feature","geometry":{"type":"LineString","coordinates":[[-122.412969666673,37.785789584224],[-122.413161444271,37.786729744902]]},"properties":{":id":"row-fmpt~5r7v_u8f9",":version":"rv-ip9n~uidr~5rui",":created_at":"2026-03-10T12:37:08.575Z",":updated_at":"2026-03-10T12:37:08.575Z","cnn":"7570000","corridor":"Jones St","limits":"O'Farrell St  -  Geary St","cnnrightleft":"R","blockside":"East","fullname":"Sunday","weekday":"Sun","fromhour":"6","tohour":"8","week1":"1","week2":"1","week3":"1","week4":"1","week5":"1","holidays":"0","blocksweepid":"1597548","cleaning_days_abbr":"MTuWThFSaSu"}},{"type":"Feature","geometry":{"type":"LineString","coordinates":[[-122.394035065718,37.776332976564],[-122.394047051012,37.776163850266],[-122.396054665272,37.774570957286],[-122.396261346424,37.774578067059]]},"properties":{":id":"row-nmv6-p7u8~36xv",":version":"rv-exs9.gedy-m9xu",":created_at":"2026-03-10T12:37:08.575Z",":updated_at":"2026-03-10T12:37:08.575Z","cnn":"7834101","corridor":"King St","limits":"04th St  -  05th St","cnnrightleft":"L","blockside":"SouthEast","fullname":"Sunday","weekday":"Sun","fromhour":"1","tohour":"3","week1":"1","week2":"1","week3":"1","week4":"1","week5":"1","holidays":"1","blocksweepid":"1601473","cleaning_days_abbr":"MTuWThFSaSu"}},{"type":"Feature","geometry":{"type":"LineString","coordinates":[[-122.427462057785,37.768770498752],[-122.4286352489,37.767845697206],[-122.428657163625,37.767734888173]]},"properties":{":id":"row-5t75.d9fu-qdm8",":version":"rv-r32a~migd~re49",":created_at":"2026-03-10T12:37:08.575Z",":updated_at":"2026-03-10T12:37:08.575Z","cnn":"8762202","corridor":"Market St","limits":"Reservoir St  -  14th St","cnnrightleft":"L","blockside":"SouthEast","fullname":"Sunday","weekday":"Sun","fromhour":"8","tohour":"9","week1":"1","week2":"1","week3":"1","week4":"1","week5":"1","holidays":"0","blocksweepid":"1625966"}},{"type":"Feature","geometry":{"type":"LineString","coordinates":[[-122.42034436809,37.771770250043],[-122.420305735343,37.771676766198],[-122.420174963126,37.770252992189],[-122.420008320652,37.770111449154]]},"properties":{":id":"row-6e2h.6zq6_8vkj",":version":"rv-c5zc~ttbz_ucy8",":created_at":"2026-03-10T12:37:08.575Z",":updated_at":"2026-03-10T12:37:08.575Z","cnn":"10048000","corridor":"Otis St","limits":"Gough St  -  Mission St","cnnrightleft":"R","blockside":"West","fullname":"Sunday","weekday":"Sun","fromhour":"4","tohour":"6","week1":"1","week2":"1","week3":"1","week4":"1","week5":"1","holidays":"0","blocksweepid":"1630232","cleaning_days_abbr":"MTuWThFSaSu"}},{"type":"Feature","geometry":{"type":"LineString","coordinates":[[-122.403400462148,37.730658352623],[-122.403021621879,37.729901901319]]},"properties":{":id":"row-xzb6_ga56~kwi4",":version":"rv-27zb~wimr_ztsx",":created_at":"2026-03-10T12:37:08.575Z",":updated_at":"2026-03-10T12:37:08.575Z","cnn":"2806000","corridor":"Bay Shore Blvd","limits":"Thornton Ave  -  Quint St","cnnrightleft":"L","blockside":"East","fullname":"Sunday","weekday":"Sun","fromhour":"7","tohour":"8","week1":"1","week2":"1","week3":"1","week4":"1","week5":"1","holidays":"0","blocksweepid":"1613352","cleaning_days_abbr":"TuThSaSu"}},{"type":"Feature","geometry":{"type":"LineString","coordinates":[[-122.407373738877,37.793222721528],[-122.407727186607,37.793178302038]]},"properties":{":id":"row-ftbf~ivsa.kewq",":version":"rv-verh-fpmq~dp8s",":created_at":"2026-03-10T12:37:08.575Z",":updated_at":"2026-03-10T12:37:08.575Z","cnn":"11232000","corridor":"Sacramento St","limits":"Brooklyn Pl  -  Stockton St","cnnrightleft":"L","blockside":"South","fullname":"Sunday","weekday":"Sun","fromhour":"2","tohour":"6","week1":"1","week2":"1","week3":"1","week4":"1","week5":"1","holidays":"1","blocksweepid":"1621140","cleaning_days_abbr":"TuSu"}},{"type":"Feature","geometry":{"type":"LineString","coordinates":[[-122.440417738126,37.717244618779],[-122.441019561727,37.716459545953]]},"properties":{":id":"row-jn3v~dfm4_b8mj",":version":"rv-r97w-85n2.mnyp",":created_at":"2026-03-10T12:37:08.575Z",":updated_at":"2026-03-10T12:37:08.575Z","cnn":"9177000","corridor":"Mission St","limits":"Amazon Ave  -  Geneva Ave","cnnrightleft":"L","blockside":"SouthEast","fullname":"Sunday","weekday":"Sun","fromhour":"5","tohour":"7","week1":"1","week2":"1","week3":"1","week4":"1","week5":"1","holidays":"0","blocksweepid":"1641411","cleaning_days_abbr":"MTuWThFSaSu"}},{"type":"Feature","geometry":{"type":"LineString","coordinates":[[-122.389526602327,37.771109952689],[-122.389447135162,37.771004569744],[-122.389424755025,37.770770430585],[-122.389483281624,37.770656736146]]},"properties":{":id":"row-b4x2_xj8z~9mhv",":version":"rv-dcnr_zrtj-nt9i",":created_at":"2026-03-10T12:37:08.575Z",":updated_at":"2026-03-10T12:37:08.575Z","cnn":"185103","corridor":"03rd St","limits":"Start:  Block  -  Mission Bay South Blvd","cnnrightleft":"L","blockside":null,"fullname":"Sunday","weekday":"Sun","fromhour":"2","tohour":"6","week1":"1","week2":"1","week3":"1","week4":"1","week5":"1","holidays":"1","blocksweepid":"1628944","cleaning_days_abbr":"MTuWThFSaSu"}},{"type":"Feature","geometry":{"type":"LineString","coordinates":[[-122.392072954656,37.730855182696],[-122.392148947906,37.730822077931],[-122.392192207166,37.73069696851],[-122.392146619092,37.730642139226]]},"properties":{":id":"row-3cww~itrm_ndv7",":version":"rv-qcrd_nsw3-pfir",":created_at":"2026-03-10T12:37:08.575Z",":updated_at":"2026-03-10T12:37:08.575Z","cnn":"217201","corridor":"03rd St","limits":"Thomas Ave  -  Thornton Ave","cnnrightleft":"R","blockside":"West","fullname":"Sunday","weekday":"Sun","fromhour":"2","tohour":"6","week1":"1","week2":"1","week3":"1","week4":"1","week5":"1","holidays":"1","blocksweepid":"1613827","cleaning_days_abbr":"MTuWThFSaSu"}},{"type":"Feature","geometry":{"type":"LineString","coordinates":[[-122.407797303581,37.795880962708],[-122.408253202381,37.795823706119]]},"properties":{":id":"row-r67k_mskc-wqt5",":version":"rv-i9fw.2p8d~njfm",":created_at":"2026-03-10T12:37:08.575Z",":updated_at":"2026-03-10T12:37:08.575Z","cnn":"7378000","corridor":"Jackson St","limits":"Pontiac St  -  Stockton St","cnnrightleft":"L","blockside":"South","fullname":"Sunday","weekday":"Sun","fromhour":"2","tohour":"6","week1":"1","week2":"1","week3":"1","week4":"1","week5":"1","holidays":"1","blocksweepid":"1638536","cleaning_days_abbr":"TuThSu"}},{"type":"Feature","geometry":{"type":"LineString","coordinates":[[-122.403660676944,37.788894429573],[-122.403746846512,37.789363277615]]},"properties":{":id":"row-dvkt~sk8s_dpx3",":version":"rv-ycje_xqru_fsfq",":created_at":"2026-03-10T12:37:08.575Z",":updated_at":"2026-03-10T12:37:08.575Z","cnn":"7749000","corridor":"Kearny St","limits":"Post St  -  Ver Mehr Pl","cnnrightleft":"R","blockside":"East","fullname":"Sunday","weekday":"Sun","fromhour":"2","tohour":"6","week1":"1","week2":"1","week3":"1","week4":"1","week5":"1","holidays":"1","blocksweepid":"1623932","cleaning_days_abbr":"MTuWThFSaSu"}},{"type":"Feature","geometry":{"type":"LineString","coordinates":[[-122.389611482614,37.771997938535],[-122.389670009895,37.771884244029],[-122.389606070169,37.771215335922],[-122.389526602327,37.771109952689]]},"properties":{":id":"row-df7n.2tzb~qx6d",":version":"rv-xswi~nmhv~kt4e",":created_at":"2026-03-10T12:37:08.575Z",":updated_at":"2026-03-10T12:37:08.575Z","cnn":"185202","corridor":"03rd St","limits":"Start:  Block  -  End:  Block","cnnrightleft":"R","blockside":null,"fullname":"Sunday","weekday":"Sun","fromhour":"2","tohour":"6","week1":"1","week2":"1","week3":"1","week4":"1","week5":"1","holidays":"1","blocksweepid":"1613789","cleaning_days_abbr":"MFSaSu"}},{"type":"Feature","geometry":{"type":"LineString","coordinates":[[-122.438177047864,37.7768558892],[-122.438141453416,37.776940369829],[-122.438297676992,37.777721894831],[-122.438365501671,37.77779418913]]},"properties":{":id":"row-nzjf~jbvd-hm4p",":version":"rv-bq9p-2cuy.q4qg",":created_at":"2026-03-10T12:37:08.575Z",":updated_at":"2026-03-10T12:37:08.575Z","cnn":"4805201","corridor":"Divisadero St","limits":"Fulton St  -  McAllister St","cnnrightleft":"R","blockside":"East","fullname":"Sunday","weekday":"Sun","fromhour":"6","tohour":"8","week1":"1","week2":"1","week3":"1","week4":"1","week5":"1","holidays":"0","blocksweepid":"1615259","cleaning_days_abbr":"TuThSu"}},{"type":"Feature","geometry":{"type":"LineString","coordinates":[[-122.450883666773,37.709412742176],[-122.452664721847,37.708806337672]]},"properties":{":id":"row-t884~kmn2.hxgq",":version":"rv-3ie6-mfts-mzws",":created_at":"2026-03-10T12:37:08.575Z",":updated_at":"2026-03-10T12:37:08.575Z","cnn":"9196000","corridor":"Mission St","limits":"Lawrence Ave  -  Sickles Ave","cnnrightleft":"R","blockside":"North","fullname":"Sunday","weekday":"Sun","fromhour":"5","tohour":"7","week1":"1","week2":"1","week3":"1","week4":"1","week5":"1","holidays":"0","blocksweepid":"1600118","cleaning_days_abbr":"MTuWThFSaSu"}},{"type":"Feature","geometry":{"type":"LineString","coordinates":[[-122.405646736963,37.738321361879],[-122.405754816185,37.73824504867],[-122.406765835603,37.737942716308],[-122.40691050416,37.737965866897]]},"properties":{":id":"row-b87j.nsem-nnnd",":version":"rv-rnct_c86w.bb88",":created_at":"2026-03-10T12:37:08.575Z",":updated_at":"2026-03-10T12:37:08.575Z","cnn":"7208101","corridor":"Industrial St","limits":"Loomis St  -  Bay Shore Blvd","cnnrightleft":"L","blockside":"South","fullname":"Sunday","weekday":"Sun","fromhour":"2","tohour":"3","week1":"1","week2":"1","week3":"1","week4":"1","week5":"1","holidays":"0","blocksweepid":"1597145","cleaning_days_abbr":"WSu"}},{"type":"Feature","geometry":{"type":"LineString","coordinates":[[-122.413676360884,37.780926855234],[-122.413865603598,37.781863339516]]},"properties":{":id":"row-q3a5~qehb~ahxi",":version":"rv-ej6n~xh6j~e85c",":created_at":"2026-03-10T12:37:08.575Z",":updated_at":"2026-03-10T12:37:08.575Z","cnn":"8238000","corridor":"Leavenworth St","limits":"McAllister St  -  Golden Gate Ave","cnnrightleft":"R","blockside":"East","fullname":"Sunday","weekday":"Sun","fromhour":"6","tohour":"8","week1":"1","week2":"1","week3":"1","week4":"1","week5":"1","holidays":"0","blocksweepid":"1616828","cleaning_days_abbr":"TuThSu"}},{"type":"Feature","geometry":{"type":"LineString","coordinates":[[-122.419512737159,37.763429273393],[-122.41947628774,37.763050839627]]},"properties":{":id":"row-k8u3.2enr~rpkt",":version":"rv-bsga-maaz-7fm6",":created_at":"2026-03-10T12:37:08.575Z",":updated_at":"2026-03-10T12:37:08.575Z","cnn":"9117000","corridor":"Mission St","limits":"17th St  -  Clarion Aly","cnnrightleft":"L","blockside":"East","fullname":"Sunday","weekday":"Sun","fromhour":"4","tohour":"6","week1":"1","week2":"1","week3":"1","week4":"1","week5":"1","holidays":"0","blocksweepid":"1641245","cleaning_days_abbr":"MTuWThFSaSu"}},{"type":"Feature","geometry":{"type":"LineString","coordinates":[[-122.393570157018,37.726979832623],[-122.393678160428,37.726905284961],[-122.393911016544,37.726385106504],[-122.393902507043,37.726237395014]]},"properties":{":id":"row-fgrm.m9q6-fbch",":version":"rv-n9t3-u4ps~cshs",":created_at":"2026-03-10T12:37:08.575Z",":updated_at":"2026-03-10T12:37:08.575Z","cnn":"223201","corridor":"03rd St","limits":"Armstrong Ave  -  Bancroft Ave","cnnrightleft":"R","blockside":"West","fullname":"Sunday","weekday":"Sun","fromhour":"2","tohour":"6","week1":"1","week2":"1","week3":"1","week4":"1","week5":"1","holidays":"1","blocksweepid":"1613833","cleaning_days_abbr":"MTuWThFSaSu"}},{"type":"Feature","geometry":{"type":"LineString","coordinates":[[-122.444743290829,37.712622217509],[-122.445528472041,37.711886570412],[-122.446091130186,37.711592021277]]},"properties":{":id":"row-azh5-f5hx-fk95",":version":"rv-4fwp~z3pa~v8yi",":created_at":"2026-03-10T12:37:08.575Z",":updated_at":"2026-03-10T12:37:08.575Z","cnn":"9188000","corridor":"Mission St","limits":"Foote Ave  -  Naglee Ave","cnnrightleft":"R","blockside":"NorthWest","fullname":"Sunday","weekday":"Sun","fromhour":"5","tohour":"7","week1":"1","week2":"1","week3":"1","week4":"1","week5":"1","holidays":"0","blocksweepid":"1600110","cleaning_days_abbr":"MTuWThFSaSu"}},{"type":"Feature","geometry":{"type":"LineString","coordinates":[[-122.399130242841,37.800896476996],[-122.399099938755,37.801050660099],[-122.401733864157,37.803972940152],[-122.401973426877,37.804072250218]]},"properties":{":id":"row-c6qx.kxgg_amqf",":version":"rv-35q4~dvbv.7uat",":created_at":"2026-03-10T12:37:08.575Z",":updated_at":"2026-03-10T12:37:08.575Z","cnn":"12556202","corridor":"The Embarcadero","limits":"Green St  -  Lombard St","cnnrightleft":"R","blockside":"NorthEast","fullname":"Sunday","weekday":"Sun","fromhour":"1","tohour":"3","week1":"1","week2":"1","week3":"1","week4":"1","week5":"1","holidays":"1","blocksweepid":"1624902","cleaning_days_abbr":"MTuWThFSaSu"}},{"type":"Feature","geometry":{"type":"LineString","coordinates":[[-122.40803623664,37.78640961353],[-122.40822672566,37.787359262241]]},"properties":{":id":"row-ye4v.wwdt.dhnh",":version":"rv-c9a8.bmzb-vm8j",":created_at":"2026-03-10T12:37:08.575Z",":updated_at":"2026-03-10T12:37:08.575Z","cnn":"10677000","corridor":"Powell St","limits":"O'Farrell St  -  Geary St","cnnrightleft":"R","blockside":"East","fullname":"Sunday","weekday":"Sun","fromhour":"2","tohour":"6","week1":"1","week2":"1","week3":"1","week4":"1","week5":"1","holidays":"0","blocksweepid":"1619830","cleaning_days_abbr":"MTuWThFSaSu"}},{"type":"Feature","geometry":{"type":"LineString","coordinates":[[-122.389864462449,37.737169532209],[-122.389838228441,37.73705672168],[-122.390046248072,37.736466654231],[-122.390145051507,37.73639019456]]},"properties":{":id":"row-mvy9_gswd_5x8f",":version":"rv-sacq_2s8v_it9m",":created_at":"2026-03-10T12:37:08.575Z",":updated_at":"2026-03-10T12:37:08.575Z","cnn":"209101","corridor":"03rd St","limits":"La Salle Ave  -  McKinnon Ave","cnnrightleft":"L","blockside":"East","fullname":"Sunday","weekday":"Sun","fromhour":"2","tohour":"6","week1":"1","week2":"1","week3":"1","week4":"1","week5":"1","holidays":"1","blocksweepid":"1629091","cleaning_days_abbr":"MTuWThFSaSu"}},{"type":"Feature","geometry":{"type":"LineString","coordinates":[[-122.399358490876,37.788354170243],[-122.399798024477,37.788007160065]]},"properties":{":id":"row-p899~8cya.fzc9",":version":"rv-9gpm_v5iv_6pxc",":created_at":"2026-03-10T12:37:08.575Z",":updated_at":"2026-03-10T12:37:08.575Z","cnn":"9091000","corridor":"Mission St","limits":"Anthony St  -  02nd St","cnnrightleft":"L","blockside":"SouthEast","fullname":"Sunday","weekday":"Sun","fromhour":"2","tohour":"6","week1":"1","week2":"1","week3":"1","week4":"1","week5":"1","holidays":"1","blocksweepid":"1618949","cleaning_days_abbr":"MTuWThFSaSu"}},{"type":"Feature","geometry":{"type":"LineString","coordinates":[[-122.405068509169,37.778068981832],[-122.40460550599,37.777699659847]]},"properties":{":id":"row-ydmz~z373-gkn2",":version":"rv-wpdw_fnxt-scnd",":created_at":"2026-03-10T12:37:08.575Z",":updated_at":"2026-03-10T12:37:08.575Z","cnn":"336000","corridor":"06th St","limits":"Shipley St  -  Clara St","cnnrightleft":"R","blockside":"SouthWest","fullname":"Sunday","weekday":"Sun","fromhour":"4","tohour":"6","week1":"1","week2":"1","week3":"1","week4":"1","week5":"1","holidays":"0","blocksweepid":"1636404","cleaning_days_abbr":"MTuWThFSaSu"}},{"type":"Feature","geometry":{"type":"LineString","coordinates":[[-122.407254674597,37.782119419193],[-122.408708673446,37.780971182971]]},"properties":{":id":"row-6fnq.fm36_9x5p",":version":"rv-z92d.qv9p.4dja",":created_at":"2026-03-10T12:37:08.575Z",":updated_at":"2026-03-10T12:37:08.575Z","cnn":"9099000","corridor":"Mission St","limits":"Mary St  -  06th St","cnnrightleft":"L","blockside":"SouthEast","fullname":"Sunday","weekday":"Sun","fromhour":"2","tohour":"6","week1":"1","week2":"1","week3":"1","week4":"1","week5":"1","holidays":"1","blocksweepid":"1618959","cleaning_days_abbr":"MTuWThFSaSu"}},{"type":"Feature","geometry":{"type":"LineString","coordinates":[[-122.401875118287,37.726964759406],[-122.401822426216,37.726775260692]]},"properties":{":id":"row-ebxw_73kc.73ub",":version":"rv-cdby_w37y_fvdd",":created_at":"2026-03-10T12:37:08.575Z",":updated_at":"2026-03-10T12:37:08.575Z","cnn":"2811000","corridor":"Bay Shore Blvd","limits":"Fitzgerald Ave  -  Wayland St","cnnrightleft":"L","blockside":"East","fullname":"Sunday","weekday":"Sun","fromhour":"7","tohour":"8","week1":"1","week2":"1","week3":"1","week4":"1","week5":"1","holidays":"0","blocksweepid":"1613357","cleaning_days_abbr":"TuThSaSu"}},{"type":"Feature","geometry":{"type":"LineString","coordinates":[[-122.446091130186,37.711592021277],[-122.446383348638,37.711436150087]]},"properties":{":id":"row-jarj.wjmk_yz9c",":version":"rv-p34w_jtga.pede",":created_at":"2026-03-10T12:37:08.575Z",":updated_at":"2026-03-10T12:37:08.575Z","cnn":"9189000","corridor":"Mission St","limits":"Naglee Ave  -  Lowell St","cnnrightleft":"R","blockside":"NorthWest","fullname":"Sunday","weekday":"Sun","fromhour":"5","tohour":"7","week1":"1","week2":"1","week3":"1","week4":"1","week5":"1","holidays":"0","blocksweepid":"1600111","cleaning_days_abbr":"MTuWThFSaSu"}},{"type":"Feature","geometry":{"type":"LineString","coordinates":[[-122.41865858298,37.7755581618],[-122.419154193548,37.775165737975],[-122.419255606289,37.775147074542]]},"properties":{":id":"row-2rkz~9k6n.n5ie",":version":"rv-57r3~r67h.97q4",":created_at":"2026-03-10T12:37:08.575Z",":updated_at":"2026-03-10T12:37:08.575Z","cnn":"8754102","corridor":"Market St","limits":"11th St  -  Van Ness Ave","cnnrightleft":"L","blockside":"SouthEast","fullname":"Sunday","weekday":"Sun","fromhour":"5","tohour":"7","week1":"1","week2":"1","week3":"1","week4":"1","week5":"1","holidays":"1","blocksweepid":"1618103","cleaning_days_abbr":"MTuWThFSaSu"}},{"type":"Feature","geometry":{"type":"LineString","coordinates":[[-122.414106895841,37.776707688168],[-122.414711003922,37.776230519995]]},"properties":{":id":"row-hmkx~tv6n.b4p3",":version":"rv-29ce~gw3w-g82f",":created_at":"2026-03-10T12:37:08.575Z",":updated_at":"2026-03-10T12:37:08.575Z","cnn":"9104000","corridor":"Mission St","limits":"Laskie St  -  09th St","cnnrightleft":"L","blockside":"SouthEast","fullname":"Sunday","weekday":"Sun","fromhour":"2","tohour":"6","week1":"1","week2":"1","week3":"1","week4":"1","week5":"1","holidays":"1","blocksweepid":"1618964","cleaning_days_abbr":"MTuWThFSaSu"}},{"type":"Feature","geometry":{"type":"LineString","coordinates":[[-122.419255606289,37.775147074542],[-122.419280025749,37.774944848903],[-122.418729918404,37.773182894158],[-122.418618215796,37.773053454473]]},"properties":{":id":"row-wcpv~shpi_4gq3",":version":"rv-qcks.tvi9_w83u",":created_at":"2026-03-10T12:37:08.575Z",":updated_at":"2026-03-10T12:37:08.575Z","cnn":"12015201","corridor":"South Van Ness Ave","limits":"Market St  -  Mission St","cnnrightleft":"R","blockside":"West","fullname":"Sunday","weekday":"Sun","fromhour":"4","tohour":"6","week1":"1","week2":"1","week3":"1","week4":"1","week5":"1","holidays":"0","blocksweepid":"1632471","cleaning_days_abbr":"MTuWThFSaSu"}},{"type":"Feature","geometry":{"type":"LineString","coordinates":[[-122.387629453835,37.743527928107],[-122.387926350852,37.742703154167]]},"properties":{":id":"row-7pb2-8kiz_vgh4",":version":"rv-crpf.iu3t~x5jx",":created_at":"2026-03-10T12:37:08.575Z",":updated_at":"2026-03-10T12:37:08.575Z","cnn":"201000","corridor":"03rd St","limits":"Davidson Ave  -  Evans Ave","cnnrightleft":"R","blockside":"West","fullname":"Sunday","weekday":"Sun","fromhour":"2","tohour":"6","week1":"1","week2":"1","week3":"1","week4":"1","week5":"1","holidays":"1","blocksweepid":"1613811","cleaning_days_abbr":"MTuWThFSaSu"}},{"type":"Feature","geometry":{"type":"LineString","coordinates":[[-122.420019126612,37.745389020592],[-122.42089365932,37.744037632601]]},"properties":{":id":"row-87vu~v7nv.jf7g",":version":"rv-45n8.4ess.f8yd",":created_at":"2026-03-10T12:37:08.575Z",":updated_at":"2026-03-10T12:37:08.575Z","cnn":"9133000","corridor":"Mission St","limits":"Valencia St  -  29th St","cnnrightleft":"R","blockside":"NorthWest","fullname":"Sunday","weekday":"Sun","fromhour":"5","tohour":"7","week1":"1","week2":"1","week3":"1","week4":"1","week5":"1","holidays":"0","blocksweepid":"1599885","cleaning_days_abbr":"MTuWThFSaSu"}},{"type":"Feature","geometry":{"type":"LineString","coordinates":[[-122.389437675822,37.715557620476],[-122.390001720653,37.716156275131]]},"properties":{":id":"row-2mqb~i355-nw2y",":version":"rv-n6uv-epct.dkd4",":created_at":"2026-03-10T12:37:08.575Z",":updated_at":"2026-03-10T12:37:08.575Z","cnn":"7427000","corridor":"Jamestown Ave","limits":"Gilroy St  -  Griffith St","cnnrightleft":"R","blockside":"NorthEast","fullname":"Sunday","weekday":"Sun","fromhour":"7","tohour":"8","week1":"1","week2":"1","week3":"1","week4":"1","week5":"1","holidays":"0","blocksweepid":"1597370","cleaning_days_abbr":"WSaSu"}},{"type":"Feature","geometry":{"type":"LineString","coordinates":[[-122.40895215881,37.783287852635],[-122.409141710472,37.783519086248],[-122.409309180162,37.784349269064]]},"properties":{":id":"row-stq2_4d74-2d7q",":version":"rv-pvsr.p5vq.brmk",":created_at":"2026-03-10T12:37:08.575Z",":updated_at":"2026-03-10T12:37:08.575Z","cnn":"8799000","corridor":"Mason St","limits":"Market St  -  Eddy St","cnnrightleft":"R","blockside":"East","fullname":"Sunday","weekday":"Sun","fromhour":"2","tohour":"6","week1":"1","week2":"1","week3":"1","week4":"1","week5":"1","holidays":"0","blocksweepid":"1628013","cleaning_days_abbr":"TuThSu"}},{"type":"Feature","geometry":{"type":"LineString","coordinates":[[-122.465829024177,37.740891974907],[-122.465857736235,37.740798348526],[-122.466173070111,37.740411074481],[-122.466501175266,37.740107886161],[-122.466906616925,37.739750542249],[-122.46699101446,37.739723499871]]},"properties":{":id":"row-9iyj~pr64.6a3e",":version":"rv-fbb5~uemp_5c6j",":created_at":"2026-03-10T12:37:08.575Z",":updated_at":"2026-03-10T12:37:08.575Z","cnn":"13577101","corridor":"West Portal Ave","limits":"Ulloa St  -  Vicente St","cnnrightleft":"L","blockside":"SouthEast","fullname":"Sunday","weekday":"Sun","fromhour":"5","tohour":"7","week1":"1","week2":"1","week3":"1","week4":"1","week5":"1","holidays":"0","blocksweepid":"1601122","cleaning_days_abbr":"MTuWThFSu"}},{"type":"Feature","geometry":{"type":"LineString","coordinates":[[-122.391244493388,37.733223261805],[-122.391228802878,37.733077488002],[-122.391425797135,37.732514411668],[-122.391521350863,37.732431908124]]},"properties":{":id":"row-eq6c_bwbm~4fbx",":version":"rv-kd7g_kpm3~f7u2",":created_at":"2026-03-10T12:37:08.575Z",":updated_at":"2026-03-10T12:37:08.575Z","cnn":"214101","corridor":"03rd St","limits":"Quesada Ave  -  Revere Ave","cnnrightleft":"L","blockside":"East","fullname":"Sunday","weekday":"Sun","fromhour":"2","tohour":"6","week1":"1","week2":"1","week3":"1","week4":"1","week5":"1","holidays":"1","blocksweepid":"1629096","cleaning_days_abbr":"MTuWThFSaSu"}},{"type":"Feature","geometry":{"type":"LineString","coordinates":[[-122.391599410583,37.717526158823],[-122.392389136026,37.717885959295],[-122.392613258163,37.717958654686]]},"properties":{":id":"row-pgb3-ppts.64dg",":version":"rv-j8qp.6mbe~r2hi",":created_at":"2026-03-10T12:37:08.575Z",":updated_at":"2026-03-10T12:37:08.575Z","cnn":"7430000","corridor":"Jamestown Ave","limits":"Hawes St  -  Redondo St","cnnrightleft":"R","blockside":"NorthEast","fullname":"Sunday","weekday":"Sun","fromhour":"7","tohour":"8","week1":"1","week2":"1","week3":"1","week4":"1","week5":"1","holidays":"0","blocksweepid":"1597373","cleaning_days_abbr":"WSaSu"}},{"type":"Feature","geometry":{"type":"LineString","coordinates":[[-122.393263730659,37.794229821433],[-122.393548400737,37.794415131376],[-122.393870295438,37.794615117439],[-122.394204730276,37.794866811729],[-122.394407266378,37.79508701629],[-122.394615147434,37.795365294888],[-122.394897405856,37.795834612847],[-122.39545885833,37.79652560895],[-122.395405270407,37.796682895937]]},"properties":{":id":"row-m2i7-m2b5.txnu",":version":"rv-9u5g_fcdj.7gys",":created_at":"2026-03-10T12:37:08.575Z",":updated_at":"2026-03-10T12:37:08.575Z","cnn":"12553103","corridor":"The Embarcadero","limits":"Don Chee Way  -  Washington St","cnnrightleft":"L","blockside":null,"fullname":"Sunday","weekday":"Sun","fromhour":"1","tohour":"3","week1":"1","week2":"1","week3":"1","week4":"1","week5":"1","holidays":"1","blocksweepid":"1639575","cleaning_days_abbr":"MTuWThFSaSu"}},{"type":"Feature","geometry":{"type":"LineString","coordinates":[[-122.416947604956,37.780470341035],[-122.417145611924,37.781447495006]]},"properties":{":id":"row-5cmq_6cmy-63t6",":version":"rv-57g8-nd6u.hju9",":created_at":"2026-03-10T12:37:08.575Z",":updated_at":"2026-03-10T12:37:08.575Z","cnn":"8123000","corridor":"Larkin St","limits":"McAllister St  -  Golden Gate Ave","cnnrightleft":"R","blockside":"East","fullname":"Sunday","weekday":"Sun","fromhour":"6","tohour":"8","week1":"1","week2":"1","week3":"1","week4":"1","week5":"1","holidays":"0","blocksweepid":"1616648","cleaning_days_abbr":"TuThSu"}},{"type":"Feature","geometry":{"type":"LineString","coordinates":[[-122.420817003141,37.78289412161],[-122.420754719543,37.782995789186],[-122.420831850259,37.783370488144]]},"properties":{":id":"row-fymt_23dc_9txj",":version":"rv-f8fv.xkhp_twgh",":created_at":"2026-03-10T12:37:08.575Z",":updated_at":"2026-03-10T12:37:08.575Z","cnn":"13150201","corridor":"Van Ness Ave","limits":"Eddy St  -  Willow St","cnnrightleft":"R","blockside":"East","fullname":"Sunday","weekday":"Sun","fromhour":"4","tohour":"6","week1":"1","week2":"1","week3":"1","week4":"1","week5":"1","holidays":"0","blocksweepid":"1639879","cleaning_days_abbr":"MTuWThFSaSu"}},{"type":"Feature","geometry":{"type":"LineString","coordinates":[[-122.46656265267,37.78284940803],[-122.467629100629,37.782802249645]]},"properties":{":id":"row-wfit-nkqy.azzh",":version":"rv-vqyb.fn2y-qjy5",":created_at":"2026-03-10T12:37:08.575Z",":updated_at":"2026-03-10T12:37:08.575Z","cnn":"4157000","corridor":"Clement St","limits":"08th Ave  -  09th Ave","cnnrightleft":"L","blockside":"South","fullname":"Sunday","weekday":"Sun","fromhour":"7","tohour":"8","week1":"1","week2":"1","week3":"1","week4":"1","week5":"1","holidays":"0","blocksweepid":"1602957","cleaning_days_abbr":"TuThSu"}},{"type":"Feature","geometry":{"type":"LineString","coordinates":[[-122.403075017383,37.798323274712],[-122.403519546003,37.798268070024]]},"properties":{":id":"row-dj2n-tu25~iyqr",":version":"rv-67kt-6y6j-3dts",":created_at":"2026-03-10T12:37:08.575Z",":updated_at":"2026-03-10T12:37:08.575Z","cnn":"3147000","corridor":"Broadway","limits":"Osgood Pl  -  Bartol St","cnnrightleft":"R","blockside":"North","fullname":"Sunday","weekday":"Sun","fromhour":"4","tohour":"6","week1":"1","week2":"1","week3":"1","week4":"1","week5":"1","holidays":"0","blocksweepid":"1635102","cleaning_days_abbr":"MTuWThFSaSu"}},{"type":"Feature","geometry":{"type":"LineString","coordinates":[[-122.396841427359,37.782119122026],[-122.396379518889,37.781750284029]]},"properties":{":id":"row-gc2s~dmig.pu56",":version":"rv-mmuw_z7cc_7qeq",":created_at":"2026-03-10T12:37:08.575Z",":updated_at":"2026-03-10T12:37:08.575Z","cnn":"173000","corridor":"03rd St","limits":"Perry St  -  Stillman St","cnnrightleft":"L","blockside":"NorthEast","fullname":"Sunday","weekday":"Sun","fromhour":"2","tohour":"6","week1":"1","week2":"1","week3":"1","week4":"1","week5":"1","holidays":"1","blocksweepid":"1628666","cleaning_days_abbr":"MTuWThFSaSu"}},{"type":"Feature","geometry":{"type":"LineString","coordinates":[[-122.399459824575,37.784213640123],[-122.398930331179,37.783784933736]]},"properties":{":id":"row-6hic_taxz.6wwb",":version":"rv-3qu9~6ute.zst4",":created_at":"2026-03-10T12:37:08.575Z",":updated_at":"2026-03-10T12:37:08.575Z","cnn":"169000","corridor":"03rd St","limits":"Clementina St  -  Folsom St","cnnrightleft":"L","blockside":"NorthEast","fullname":"Sunday","weekday":"Sun","fromhour":"2","tohour":"6","week1":"1","week2":"1","week3":"1","week4":"1","week5":"1","holidays":"1","blocksweepid":"1628662","cleaning_days_abbr":"MTuWThFSaSu"}},{"type":"Feature","geometry":{"type":"LineString","coordinates":[[-122.421680447672,37.742821173962],[-122.421968761687,37.742375398498]]},"properties":{":id":"row-vdz7_p2rb~ptwc",":version":"rv-s449~mrhx~d42h",":created_at":"2026-03-10T12:37:08.575Z",":updated_at":"2026-03-10T12:37:08.575Z","cnn":"9136000","corridor":"Mission St","limits":"Godeus St  -  30th St","cnnrightleft":"L","blockside":"SouthEast","fullname":"Sunday","weekday":"Sun","fromhour":"5","tohour":"7","week1":"1","week2":"1","week3":"1","week4":"1","week5":"1","holidays":"0","blocksweepid":"1619269","cleaning_days_abbr":"MTuWThFSaSu"}},{"type":"Feature","geometry":{"type":"LineString","coordinates":[[-122.416947604956,37.780470341035],[-122.418598509318,37.780260133266]]},"properties":{":id":"row-uis4_34rv.vc4y",":version":"rv-iaaa.seu6.nyw4",":created_at":"2026-03-10T12:37:08.575Z",":updated_at":"2026-03-10T12:37:08.575Z","cnn":"8893000","corridor":"McAllister St","limits":"Larkin St  -  Polk St","cnnrightleft":"R","blockside":"North","fullname":"Sunday","weekday":"Sun","fromhour":"2","tohour":"6","week1":"1","week2":"1","week3":"1","week4":"1","week5":"1","holidays":"0","blocksweepid":"1599643","cleaning_days_abbr":"MTuWThFSaSu"}},{"type":"Feature","geometry":{"type":"LineString","coordinates":[[-122.409930542929,37.787429330976],[-122.410056929956,37.788082187331]]},"properties":{":id":"row-9wra~hgv5~9czh",":version":"rv-3g8g.3s9u-zjrq",":created_at":"2026-03-10T12:37:08.575Z",":updated_at":"2026-03-10T12:37:08.575Z","cnn":"8805000","corridor":"Mason St","limits":"Derby St  -  Post St","cnnrightleft":"R","blockside":"East","fullname":"Sunday","weekday":"Sun","fromhour":"2","tohour":"6","week1":"1","week2":"1","week3":"1","week4":"1","week5":"1","holidays":"0","blocksweepid":"1628019","cleaning_days_abbr":"TuThSu"}},{"type":"Feature","geometry":{"type":"LineString","coordinates":[[-122.391797155906,37.73164354578],[-122.391771429977,37.731526455395],[-122.391982908204,37.730921952557],[-122.392072954656,37.730855182696]]},"properties":{":id":"row-6hq9.amwc~htw9",":version":"rv-2hqw-em9v-8433",":created_at":"2026-03-10T12:37:08.575Z",":updated_at":"2026-03-10T12:37:08.575Z","cnn":"216101","corridor":"03rd St","limits":"Shafter Ave  -  Thomas Ave","cnnrightleft":"L","blockside":"East","fullname":"Sunday","weekday":"Sun","fromhour":"2","tohour":"6","week1":"1","week2":"1","week3":"1","week4":"1","week5":"1","holidays":"1","blocksweepid":"1629098","cleaning_days_abbr":"MTuWThFSaSu"}},{"type":"Feature","geometry":{"type":"LineString","coordinates":[[-122.394300037428,37.780089730328],[-122.392749786649,37.778851717265]]},"properties":{":id":"row-62vr-jrjr~azpf",":version":"rv-z7ny-4b3s_ihcx",":created_at":"2026-03-10T12:37:08.575Z",":updated_at":"2026-03-10T12:37:08.575Z","cnn":"179000","corridor":"03rd St","limits":"Brannan St  -  Townsend St","cnnrightleft":"L","blockside":"NorthEast","fullname":"Sunday","weekday":"Sun","fromhour":"2","tohour":"6","week1":"1","week2":"1","week3":"1","week4":"1","week5":"1","holidays":"1","blocksweepid":"1628672","cleaning_days_abbr":"MTuWThFSaSu"}},{"type":"Feature","geometry":{"type":"LineString","coordinates":[[-122.40460550599,37.777699659847],[-122.404070256834,37.777272702501]]},"properties":{":id":"row-n36z_xeb3~wxnq",":version":"rv-av9j_knui-rx66",":created_at":"2026-03-10T12:37:08.575Z",":updated_at":"2026-03-10T12:37:08.575Z","cnn":"337000","corridor":"06th St","limits":"Clara St  -  Harrison St","cnnrightleft":"R","blockside":"SouthWest","fullname":"Sunday","weekday":"Sun","fromhour":"4","tohour":"6","week1":"1","week2":"1","week3":"1","week4":"1","week5":"1","holidays":"0","blocksweepid":"1636405","cleaning_days_abbr":"MTuWThFSaSu"}},{"type":"Feature","geometry":{"type":"LineString","coordinates":[[-122.387794890027,37.787097239396],[-122.387983697501,37.787187285658],[-122.387967060147,37.787549124838],[-122.387993314897,37.78792691464],[-122.388072254117,37.788200855815],[-122.388206454195,37.788755839464],[-122.388379568185,37.789104392676],[-122.388519613985,37.789372246442],[-122.388481187069,37.789571918889]]},"properties":{":id":"row-xpui-9g4f-j6ff",":version":"rv-jtqh~vzqp.y75x",":created_at":"2026-03-10T12:37:08.575Z",":updated_at":"2026-03-10T12:37:08.575Z","cnn":"12549101","corridor":"The Embarcadero","limits":"Bryant St  -  Harrison St","cnnrightleft":"L","blockside":"West","fullname":"Sunday","weekday":"Sun","fromhour":"1","tohour":"3","week1":"1","week2":"1","week3":"1","week4":"1","week5":"1","holidays":"1","blocksweepid":"1639570","cleaning_days_abbr":"MTuWThFSaSu"}},{"type":"Feature","geometry":{"type":"LineString","coordinates":[[-122.406526941444,37.796943879108],[-122.406827677878,37.796901905855]]},"properties":{":id":"row-mg6d-7qy4_aar7",":version":"rv-jdda~p2qb_ysgp",":created_at":"2026-03-10T12:37:08.575Z",":updated_at":"2026-03-10T12:37:08.575Z","cnn":"10126000","corridor":"Pacific Ave","limits":"Beckett St  -  Grant Ave","cnnrightleft":"L","blockside":"South","fullname":"Sunday","weekday":"Sun","fromhour":"2","tohour":"6","week1":"1","week2":"1","week3":"1","week4":"1","week5":"1","holidays":"1","blocksweepid":"1603946","cleaning_days_abbr":"TuThSu"}},{"type":"Feature","geometry":{"type":"LineString","coordinates":[[-122.48687804723,37.779993540402],[-122.487004998028,37.780054298941],[-122.487814759393,37.780016300559],[-122.487945906035,37.77994713275]]},"properties":{":id":"row-ydjm~b5ac.h4qn",":version":"rv-evqk-yqn2~5nci",":created_at":"2026-03-10T12:37:08.575Z",":updated_at":"2026-03-10T12:37:08.575Z","cnn":"6084201","corridor":"Geary Blvd","limits":"27th Ave  -  28th Ave","cnnrightleft":"R","blockside":"North","fullname":"Sunday","weekday":"Sun","fromhour":"7","tohour":"8","week1":"1","week2":"1","week3":"1","week4":"1","week5":"1","holidays":"0","blocksweepid":"1611392","cleaning_days_abbr":"TuThSu"}},{"type":"Feature","geometry":{"type":"LineString","coordinates":[[-122.416768092983,37.779584437842],[-122.416947604956,37.780470341035]]},"properties":{":id":"row-aa2j.gf5w-cmvx",":version":"rv-g3ru-vp3j~8ufy",":created_at":"2026-03-10T12:37:08.575Z",":updated_at":"2026-03-10T12:37:08.575Z","cnn":"8122000","corridor":"Larkin St","limits":"Fulton St  -  McAllister St","cnnrightleft":"L","blockside":"West","fullname":"Sunday","weekday":"Sun","fromhour":"2","tohour":"6","week1":"1","week2":"1","week3":"1","week4":"1","week5":"1","holidays":"0","blocksweepid":"1638881","cleaning_days_abbr":"MTuWThFSaSu"}},{"type":"Feature","geometry":{"type":"LineString","coordinates":[[-122.412595276786,37.783932576959],[-122.413287606897,37.783844774301]]},"properties":{":id":"row-vx2s~dnwt_rrmc",":version":"rv-mpjd-yzbw~42cf",":created_at":"2026-03-10T12:37:08.575Z",":updated_at":"2026-03-10T12:37:08.575Z","cnn":"5061001","corridor":"Eddy St","limits":"Jones St  -  Wagner Aly","cnnrightleft":"L","blockside":null,"fullname":"Sunday","weekday":"Sun","fromhour":"6","tohour":"8","week1":"1","week2":"1","week3":"1","week4":"1","week5":"1","holidays":"0","blocksweepid":"1630986","cleaning_days_abbr":"TuThSu"}},{"type":"Feature","geometry":{"type":"LineString","coordinates":[[-122.422619690436,37.772502817369],[-122.42273203126,37.772480081761],[-122.423331543934,37.772006514867],[-122.423396761057,37.77188564464]]},"properties":{":id":"row-4bff_uiuk.vwh5",":version":"rv-gqfn_szi5_tt66",":created_at":"2026-03-10T12:37:08.575Z",":updated_at":"2026-03-10T12:37:08.575Z","cnn":"8759201","corridor":"Market St","limits":"Valencia St  -  Octavia St","cnnrightleft":"R","blockside":"NorthWest","fullname":"Sunday","weekday":"Sun","fromhour":"2","tohour":"6","week1":"1","week2":"1","week3":"1","week4":"1","week5":"1","holidays":"1","blocksweepid":"1625950","cleaning_days_abbr":"MTuWThFSaSu"}},{"type":"Feature","geometry":{"type":"LineString","coordinates":[[-122.448376961959,37.710372707695],[-122.448930949548,37.710074035593],[-122.449308666783,37.709946203641]]},"properties":{":id":"row-z9q4-kima-hvc9",":version":"rv-8mnu~8pmf_e8b5",":created_at":"2026-03-10T12:37:08.575Z",":updated_at":"2026-03-10T12:37:08.575Z","cnn":"9192000","corridor":"Mission St","limits":"Morse St  -  Farragut Ave","cnnrightleft":"L","blockside":"SouthEast","fullname":"Sunday","weekday":"Sun","fromhour":"5","tohour":"7","week1":"1","week2":"1","week3":"1","week4":"1","week5":"1","holidays":"0","blocksweepid":"1626602","cleaning_days_abbr":"MTuWThFSaSu"}},{"type":"Feature","geometry":{"type":"LineString","coordinates":[[-122.428948566763,37.767504459571],[-122.429053687195,37.767311144355],[-122.430591175744,37.766095296193],[-122.430824395339,37.766013730949]]},"properties":{":id":"row-j8b6_6w9v-955j",":version":"rv-vhay_9qvz.qwat",":created_at":"2026-03-10T12:37:08.575Z",":updated_at":"2026-03-10T12:37:08.575Z","cnn":"8764101","corridor":"Market St","limits":"Church St  -  15th St","cnnrightleft":"L","blockside":"SouthEast","fullname":"Sunday","weekday":"Sun","fromhour":"2","tohour":"6","week1":"1","week2":"1","week3":"1","week4":"1","week5":"1","holidays":"1","blocksweepid":"1618130","cleaning_days_abbr":"MTuWThFSaSu"}},{"type":"Feature","geometry":{"type":"LineString","coordinates":[[-122.437989848202,37.775925405585],[-122.437951819909,37.776009192734],[-122.438110833494,37.776793777221],[-122.438177047864,37.7768558892]]},"properties":{":id":"row-sj7b-xhei_79rg",":version":"rv-jsri.4fqb~tenj",":created_at":"2026-03-10T12:37:08.575Z",":updated_at":"2026-03-10T12:37:08.575Z","cnn":"4804201","corridor":"Divisadero St","limits":"Grove St  -  Fulton St","cnnrightleft":"R","blockside":"East","fullname":"Sunday","weekday":"Sun","fromhour":"6","tohour":"8","week1":"1","week2":"1","week3":"1","week4":"1","week5":"1","holidays":"0","blocksweepid":"1615258","cleaning_days_abbr":"TuThSu"}},{"type":"Feature","geometry":{"type":"LineString","coordinates":[[-122.41148412832,37.74829828695],[-122.411618293056,37.74824047493],[-122.413528882617,37.748202246456],[-122.413668844307,37.748255329538]]},"properties":{":id":"row-e26n-hrdz~8dww",":version":"rv-e943.euuf_f4p3",":created_at":"2026-03-10T12:37:08.575Z",":updated_at":"2026-03-10T12:37:08.575Z","cnn":"2485101","corridor":"Cesar Chavez St","limits":"Harrison St  -  Folsom St","cnnrightleft":"R","blockside":"North","fullname":"Sunday","weekday":"Sun","fromhour":"6","tohour":"8","week1":"1","week2":"1","week3":"1","week4":"1","week5":"1","holidays":"0","blocksweepid":"1636919","cleaning_days_abbr":"SaSu"}},{"type":"Feature","geometry":{"type":"LineString","coordinates":[[-122.386451910772,37.711161077982],[-122.388476152363,37.710551129506],[-122.388987653553,37.710462319981],[-122.390887824731,37.710365233799]]},"properties":{":id":"row-yxxj~iihk.s855",":version":"rv-vri5.k8yg.chgr",":created_at":"2026-03-10T12:37:08.575Z",":updated_at":"2026-03-10T12:37:08.575Z","cnn":"6690000","corridor":"Harney Way","limits":"Jamestown Ave  -  Executive Park Blvd","cnnrightleft":"R","blockside":"North","fullname":"Sunday","weekday":"Sun","fromhour":"7","tohour":"8","week1":"1","week2":"1","week3":"1","week4":"1","week5":"1","holidays":"0","blocksweepid":"1634484","cleaning_days_abbr":"FSaSu"}},{"type":"Feature","geometry":{"type":"LineString","coordinates":[[-122.407852519844,37.785491560352],[-122.408667084512,37.78538824897]]},"properties":{":id":"row-45me_aqdj_i3vt",":version":"rv-gp3x~e393_jskf",":created_at":"2026-03-10T12:37:08.575Z",":updated_at":"2026-03-10T12:37:08.575Z","cnn":"5170000","corridor":"Ellis St","limits":"Powell St  -  Cyril Magnin St","cnnrightleft":"R","blockside":"North","fullname":"Sunday","weekday":"Sun","fromhour":"6","tohour":"8","week1":"1","week2":"1","week3":"1","week4":"1","week5":"1","holidays":"0","blocksweepid":"1643281","cleaning_days_abbr":"MTuWThFSaSu"}},{"type":"Feature","geometry":{"type":"LineString","coordinates":[[-122.408708673446,37.780971182971],[-122.410936574036,37.779211685706]]},"properties":{":id":"row-k39j_3wta_dcqn",":version":"rv-hvqw.idgi_hbax",":created_at":"2026-03-10T12:37:08.575Z",":updated_at":"2026-03-10T12:37:08.575Z","cnn":"9100000","corridor":"Mission St","limits":"06th St  -  07th St","cnnrightleft":"R","blockside":"NorthWest","fullname":"Sunday","weekday":"Sun","fromhour":"2","tohour":"6","week1":"1","week2":"1","week3":"1","week4":"1","week5":"1","holidays":"1","blocksweepid":"1618511","cleaning_days_abbr":"MTuWThFSaSu"}},{"type":"Feature","geometry":{"type":"LineString","coordinates":[[-122.404257984566,37.738712584942],[-122.404399482231,37.738731947515],[-122.404975016376,37.738570909001],[-122.405028365603,37.738498055423]]},"properties":{":id":"row-pwte~mkjt~2brk",":version":"rv-vrur~eqsr-rg5i",":created_at":"2026-03-10T12:37:08.575Z",":updated_at":"2026-03-10T12:37:08.575Z","cnn":"7206201","corridor":"Industrial St","limits":"Barneveld Ave  -  Charter Oak Ave","cnnrightleft":"R","blockside":"North","fullname":"Sunday","weekday":"Sun","fromhour":"2","tohour":"3","week1":"1","week2":"1","week3":"1","week4":"1","week5":"1","holidays":"0","blocksweepid":"1623532","cleaning_days_abbr":"TuSu"}},{"type":"Feature","geometry":{"type":"LineString","coordinates":[[-122.396463331941,37.720740037154],[-122.39663556324,37.720363783378],[-122.39661702614,37.720230912546]]},"properties":{":id":"row-wu4e-f34i_znyc",":version":"rv-tjrd~g93q~hwgn",":created_at":"2026-03-10T12:37:08.575Z",":updated_at":"2026-03-10T12:37:08.575Z","cnn":"230202","corridor":"03rd St","limits":"Salinas Ave  -  Jamestown Ave","cnnrightleft":"R","blockside":"West","fullname":"Sunday","weekday":"Sun","fromhour":"2","tohour":"6","week1":"1","week2":"1","week3":"1","week4":"1","week5":"1","holidays":"1","blocksweepid":"1613841","cleaning_days_abbr":"MWFSaSu"}},{"type":"Feature","geometry":{"type":"LineString","coordinates":[[-122.387174218361,37.746157127786],[-122.387090748912,37.745945173461],[-122.387038483697,37.74521466595],[-122.387128522238,37.745070439904]]},"properties":{":id":"row-zh4t.c6tb_5mmc",":version":"rv-7xnu_gc6x_ft9y",":created_at":"2026-03-10T12:37:08.575Z",":updated_at":"2026-03-10T12:37:08.575Z","cnn":"198101","corridor":"03rd St","limits":"Cargo Way  -  Burke Ave","cnnrightleft":"L","blockside":"East","fullname":"Sunday","weekday":"Sun","fromhour":"2","tohour":"6","week1":"1","week2":"1","week3":"1","week4":"1","week5":"1","holidays":"1","blocksweepid":"1629079","cleaning_days_abbr":"MTuWThFSaSu"}},{"type":"Feature","geometry":{"type":"LineString","coordinates":[[-122.409497525934,37.785282917476],[-122.409683072542,37.78620266448]]},"properties":{":id":"row-fn9m~j2ad-dymt",":version":"rv-tzng.74wg~9g2e",":created_at":"2026-03-10T12:37:08.575Z",":updated_at":"2026-03-10T12:37:08.575Z","cnn":"8801000","corridor":"Mason St","limits":"Ellis St  -  O'Farrell St","cnnrightleft":"R","blockside":"East","fullname":"Sunday","weekday":"Sun","fromhour":"2","tohour":"6","week1":"1","week2":"1","week3":"1","week4":"1","week5":"1","holidays":"0","blocksweepid":"1628015","cleaning_days_abbr":"TuThSu"}},{"type":"Feature","geometry":{"type":"LineString","coordinates":[[-122.401822426216,37.726775260692],[-122.401471240393,37.725516289231]]},"properties":{":id":"row-qnva~m2wn~tvzm",":version":"rv-q8k6~i2v7_c5jm",":created_at":"2026-03-10T12:37:08.575Z",":updated_at":"2026-03-10T12:37:08.575Z","cnn":"2812000","corridor":"Bay Shore Blvd","limits":"Wayland St  -  Woolsey St","cnnrightleft":"R","blockside":"West","fullname":"Sunday","weekday":"Sun","fromhour":"7","tohour":"8","week1":"1","week2":"1","week3":"1","week4":"1","week5":"1","holidays":"0","blocksweepid":"1628225","cleaning_days_abbr":"MWThFSaSu"}},{"type":"Feature","geometry":{"type":"LineString","coordinates":[[-122.405142977293,37.796210954662],[-122.405288396517,37.796909057292]]},"properties":{":id":"row-n4vh_c3bq.vda3",":version":"rv-yh4p~g9up-n3g6",":created_at":"2026-03-10T12:37:08.575Z",":updated_at":"2026-03-10T12:37:08.575Z","cnn":"7761000","corridor":"Kearny St","limits":"Jackson St  -  Columbus Ave","cnnrightleft":"R","blockside":"East","fullname":"Sunday","weekday":"Sun","fromhour":"2","tohour":"6","week1":"1","week2":"1","week3":"1","week4":"1","week5":"1","holidays":"1","blocksweepid":"1623944","cleaning_days_abbr":"MTuWThFSaSu"}},{"type":"Feature","geometry":{"type":"LineString","coordinates":[[-122.431025470892,37.765867986364],[-122.431124557748,37.765673219841],[-122.432764829839,37.764373962337],[-122.433074470809,37.764195713209]]},"properties":{":id":"row-dhts.fiy6_trhi",":version":"rv-6kjp~5j82.bgpd",":created_at":"2026-03-10T12:37:08.575Z",":updated_at":"2026-03-10T12:37:08.575Z","cnn":"8766101","corridor":"Market St","limits":"Sanchez St  -  16th St","cnnrightleft":"R","blockside":"NorthWest","fullname":"Sunday","weekday":"Sun","fromhour":"8","tohour":"9","week1":"1","week2":"1","week3":"1","week4":"1","week5":"1","holidays":"0","blocksweepid":"1618121"}},{"type":"Feature","geometry":{"type":"LineString","coordinates":[[-122.40565878456,37.806673631695],[-122.405751838846,37.806786476463],[-122.406511823525,37.807109539605],[-122.407129108107,37.807384461902],[-122.407303656422,37.807379458587]]},"properties":{":id":"row-9mac~n49a_dg96",":version":"rv-wc9c~nkwj-8sk4",":created_at":"2026-03-10T12:37:08.575Z",":updated_at":"2026-03-10T12:37:08.575Z","cnn":"12560201","corridor":"The Embarcadero","limits":"Bay St  -  Kearny St","cnnrightleft":"R","blockside":"NorthEast","fullname":"Sunday","weekday":"Sun","fromhour":"1","tohour":"3","week1":"1","week2":"1","week3":"1","week4":"1","week5":"1","holidays":"1","blocksweepid":"1624905","cleaning_days_abbr":"MTuWThFSaSu"}},{"type":"Feature","geometry":{"type":"LineString","coordinates":[[-122.418445270656,37.752239454508],[-122.418287869549,37.750639649888]]},"properties":{":id":"row-ax39.hh39_yn26",":version":"rv-u975_2ian.7gv4",":created_at":"2026-03-10T12:37:08.575Z",":updated_at":"2026-03-10T12:37:08.575Z","cnn":"9126000","corridor":"Mission St","limits":"24th St  -  25th St","cnnrightleft":"L","blockside":"East","fullname":"Sunday","weekday":"Sun","fromhour":"4","tohour":"6","week1":"1","week2":"1","week3":"1","week4":"1","week5":"1","holidays":"0","blocksweepid":"1641255","cleaning_days_abbr":"MTuWThFSaSu"}},{"type":"Feature","geometry":{"type":"LineString","coordinates":[[-122.395943826939,37.721715880382],[-122.395940396719,37.721587322114],[-122.396184153632,37.721042083765],[-122.396272841569,37.720981529973]]},"properties":{":id":"row-4dy4.2hh4~9t4a",":version":"rv-cig7_fbsk-hx4k",":created_at":"2026-03-10T12:37:08.575Z",":updated_at":"2026-03-10T12:37:08.575Z","cnn":"229101","corridor":"03rd St","limits":"Hollister Ave  -  Ingerson Ave","cnnrightleft":"L","blockside":"East","fullname":"Sunday","weekday":"Sun","fromhour":"2","tohour":"6","week1":"1","week2":"1","week3":"1","week4":"1","week5":"1","holidays":"1","blocksweepid":"1629114","cleaning_days_abbr":"TuThSaSu"}},{"type":"Feature","geometry":{"type":"LineString","coordinates":[[-122.398564293259,37.788981173596],[-122.399358490876,37.788354170243]]},"properties":{":id":"row-jahp-4f7c~2ebt",":version":"rv-2pku_e59d-v9mh",":created_at":"2026-03-10T12:37:08.575Z",":updated_at":"2026-03-10T12:37:08.575Z","cnn":"9090000","corridor":"Mission St","limits":"Shaw Aly  -  Anthony St","cnnrightleft":"L","blockside":"SouthEast","fullname":"Sunday","weekday":"Sun","fromhour":"2","tohour":"6","week1":"1","week2":"1","week3":"1","week4":"1","week5":"1","holidays":"1","blocksweepid":"1618948","cleaning_days_abbr":"MTuWThFSaSu"}},{"type":"Feature","geometry":{"type":"LineString","coordinates":[[-122.387756280195,37.752835611596],[-122.387816779693,37.752742976117],[-122.387711130617,37.751640757479],[-122.387633975006,37.751559603325]]},"properties":{":id":"row-qfvd~v5hv-u94f",":version":"rv-vxhg-seec-2k87",":created_at":"2026-03-10T12:37:08.575Z",":updated_at":"2026-03-10T12:37:08.575Z","cnn":"194201","corridor":"03rd St","limits":"25th St  -  26th St","cnnrightleft":"R","blockside":"West","fullname":"Sunday","weekday":"Sun","fromhour":"2","tohour":"6","week1":"1","week2":"1","week3":"1","week4":"1","week5":"1","holidays":"1","blocksweepid":"1613803","cleaning_days_abbr":"MWFSaSu"}},{"type":"Feature","geometry":{"type":"LineString","coordinates":[[-122.416580343173,37.778657855353],[-122.416765523752,37.778675152695],[-122.418226581079,37.778489116769]]},"properties":{":id":"row-9cmx.5fyf-9b9c",":version":"rv-ha7i~g7yt-wv6d",":created_at":"2026-03-10T12:37:08.575Z",":updated_at":"2026-03-10T12:37:08.575Z","cnn":"6553000","corridor":"Grove St","limits":"Larkin St  -  Polk St","cnnrightleft":"L","blockside":"South","fullname":"Sunday","weekday":"Sun","fromhour":"2","tohour":"6","week1":"1","week2":"1","week3":"1","week4":"1","week5":"1","holidays":"0","blocksweepid":"1611825","cleaning_days_abbr":"MTuThFSaSu"}},{"type":"Feature","geometry":{"type":"LineString","coordinates":[[-122.402061634111,37.749396678963],[-122.402215286034,37.749358244744],[-122.402746245222,37.749375020214],[-122.402866309241,37.749478459157]]},"properties":{":id":"row-wmtj.6ytr_5hm8",":version":"rv-btzs.tqsi.vukm",":created_at":"2026-03-10T12:37:08.575Z",":updated_at":"2026-03-10T12:37:08.575Z","cnn":"2478101","corridor":"Cesar Chavez St","limits":"Kansas St  -  Bay Shore Blvd","cnnrightleft":"R","blockside":"North","fullname":"Sunday","weekday":"Sun","fromhour":"6","tohour":"8","week1":"1","week2":"1","week3":"1","week4":"1","week5":"1","holidays":"0","blocksweepid":"1636910","cleaning_days_abbr":"SaSu"}},{"type":"Feature","geometry":{"type":"LineString","coordinates":[[-122.429304397483,37.730742172861],[-122.42937775449,37.730719870119],[-122.430104659729,37.729988400739],[-122.430110918362,37.729930587958]]},"properties":{":id":"row-ftqi-gf62-dwnn",":version":"rv-c7gu-rdhx~b9qv",":created_at":"2026-03-10T12:37:08.575Z",":updated_at":"2026-03-10T12:37:08.575Z","cnn":"9151201","corridor":"Mission St","limits":"Trumbull St  -  Ney St","cnnrightleft":"R","blockside":"NorthWest","fullname":"Sunday","weekday":"Sun","fromhour":"5","tohour":"7","week1":"1","week2":"1","week3":"1","week4":"1","week5":"1","holidays":"0","blocksweepid":"1626425","cleaning_days_abbr":"MTuWThFSaSu"}},{"type":"Feature","geometry":{"type":"LineString","coordinates":[[-122.421008360568,37.783824118033],[-122.420954667828,37.783939671228],[-122.421017514089,37.784302729779]]},"properties":{":id":"row-q7ek.uijq-pg9w",":version":"rv-nhsx-u7e9_qpzt",":created_at":"2026-03-10T12:37:08.575Z",":updated_at":"2026-03-10T12:37:08.575Z","cnn":"13151201","corridor":"Van Ness Ave","limits":"Ellis St  -  Olive St","cnnrightleft":"R","blockside":"East","fullname":"Sunday","weekday":"Sun","fromhour":"4","tohour":"6","week1":"1","week2":"1","week3":"1","week4":"1","week5":"1","holidays":"0","blocksweepid":"1639881","cleaning_days_abbr":"MTuWThFSaSu"}},{"type":"Feature","geometry":{"type":"LineString","coordinates":[[-122.422328954916,37.79036965946],[-122.422249757871,37.790497929747],[-122.422393548656,37.79120860663],[-122.422514943906,37.791288891217]]},"properties":{":id":"row-p38m.n22q-zh7t",":version":"rv-tp3m.fnaw_hjgi",":created_at":"2026-03-10T12:37:08.575Z",":updated_at":"2026-03-10T12:37:08.575Z","cnn":"13158201","corridor":"Van Ness Ave","limits":"California St  -  Sacramento St","cnnrightleft":"R","blockside":"East","fullname":"Sunday","weekday":"Sun","fromhour":"4","tohour":"6","week1":"1","week2":"1","week3":"1","week4":"1","week5":"1","holidays":"0","blocksweepid":"1639894","cleaning_days_abbr":"MTuWThFSaSu"}},{"type":"Feature","geometry":{"type":"LineString","coordinates":[[-122.409693261412,37.781754327744],[-122.409245442644,37.781398133902]]},"properties":{":id":"row-vy25_rd4a~rj8p",":version":"rv-zfej.zhhr_ucfw",":created_at":"2026-03-10T12:37:08.575Z",":updated_at":"2026-03-10T12:37:08.575Z","cnn":"327000","corridor":"06th St","limits":"Stevenson St  -  Jessie St","cnnrightleft":"L","blockside":"NorthEast","fullname":"Sunday","weekday":"Sun","fromhour":"4","tohour":"6","week1":"1","week2":"1","week3":"1","week4":"1","week5":"1","holidays":"0","blocksweepid":"1614293","cleaning_days_abbr":"MTuWThFSaSu"}},{"type":"Feature","geometry":{"type":"LineString","coordinates":[[-122.406821216386,37.794197957191],[-122.40729400525,37.794137811566]]},"properties":{":id":"row-m2a7~76mr-rayu",":version":"rv-f9ig-fgu9.gidg",":created_at":"2026-03-10T12:37:08.575Z",":updated_at":"2026-03-10T12:37:08.575Z","cnn":"4090000","corridor":"Clay St","limits":"Waverly Pl  -  Spofford Ln","cnnrightleft":"L","blockside":"South","fullname":"Sunday","weekday":"Sun","fromhour":"2","tohour":"6","week1":"1","week2":"1","week3":"1","week4":"1","week5":"1","holidays":"1","blocksweepid":"1637068","cleaning_days_abbr":"TuThSu"}},{"type":"Feature","geometry":{"type":"LineString","coordinates":[[-122.424466262427,37.736061172157],[-122.424702562024,37.735369870856]]},"properties":{":id":"row-vjtk_zrr7.umjc",":version":"rv-udkj~zbbf_nuva",":created_at":"2026-03-10T12:37:08.575Z",":updated_at":"2026-03-10T12:37:08.575Z","cnn":"9146000","corridor":"Mission St","limits":"Richland Ave  -  Crescent Ave","cnnrightleft":"R","blockside":"West","fullname":"Sunday","weekday":"Sun","fromhour":"5","tohour":"7","week1":"1","week2":"1","week3":"1","week4":"1","week5":"1","holidays":"0","blocksweepid":"1626253","cleaning_days_abbr":"MTuWThFSaSu"}},{"type":"Feature","geometry":{"type":"LineString","coordinates":[[-122.481408837164,37.763373093706],[-122.482482531851,37.763325807399]]},"properties":{":id":"row-ztji~7cn7_af3j",":version":"rv-ms3h.ycf4.qn4w",":created_at":"2026-03-10T12:37:08.575Z",":updated_at":"2026-03-10T12:37:08.575Z","cnn":"7300000","corridor":"Irving St","limits":"23rd Ave  -  24th Ave","cnnrightleft":"R","blockside":"North","fullname":"Sunday","weekday":"Sun","fromhour":"2","tohour":"4","week1":"1","week2":"1","week3":"1","week4":"1","week5":"1","holidays":"1","blocksweepid":"1638416","cleaning_days_abbr":"TuThSu"}},{"type":"Feature","geometry":{"type":"LineString","coordinates":[[-122.428148186725,37.785784488429],[-122.429782592291,37.785563847691]]},"properties":{":id":"row-4u29.gu7c~qzfn",":version":"rv-ekaq_wzqx~v8q4",":created_at":"2026-03-10T12:37:08.575Z",":updated_at":"2026-03-10T12:37:08.575Z","cnn":"10644000","corridor":"Post St","limits":"Laguna St  -  Buchanan St","cnnrightleft":"R","blockside":"North","fullname":"Sunday","weekday":"Sun","fromhour":"6","tohour":"8","week1":"1","week2":"1","week3":"1","week4":"1","week5":"1","holidays":"0","blocksweepid":"1630444","cleaning_days_abbr":"TuThSu"}},{"type":"Feature","geometry":{"type":"LineString","coordinates":[[-122.419121300714,37.746775140348],[-122.419505113925,37.746182682866]]},"properties":{":id":"row-c2b6-nyu4_wp64",":version":"rv-gaym~2it2~fhqb",":created_at":"2026-03-10T12:37:08.575Z",":updated_at":"2026-03-10T12:37:08.575Z","cnn":"9130000","corridor":"Mission St","limits":"Precita Ave  -  Powers Ave","cnnrightleft":"R","blockside":"NorthWest","fullname":"Sunday","weekday":"Sun","fromhour":"5","tohour":"7","week1":"1","week2":"1","week3":"1","week4":"1","week5":"1","holidays":"0","blocksweepid":"1599882","cleaning_days_abbr":"MTuWThFSaSu"}},{"type":"Feature","geometry":{"type":"LineString","coordinates":[[-122.463350525438,37.782989203719],[-122.464425024958,37.78293993367]]},"properties":{":id":"row-cfeq.42q3_q97s",":version":"rv-jzx3.9i32~wuha",":created_at":"2026-03-10T12:37:08.575Z",":updated_at":"2026-03-10T12:37:08.575Z","cnn":"4154000","corridor":"Clement St","limits":"05th Ave  -  06th Ave","cnnrightleft":"L","blockside":"South","fullname":"Sunday","weekday":"Sun","fromhour":"7","tohour":"8","week1":"1","week2":"1","week3":"1","week4":"1","week5":"1","holidays":"0","blocksweepid":"1602954","cleaning_days_abbr":"TuThSu"}},{"type":"Feature","geometry":{"type":"LineString","coordinates":[[-122.401375491232,37.789264322323],[-122.401479452624,37.789243545692],[-122.401938635464,37.788877890714],[-122.402065729755,37.788721152431]]},"properties":{":id":"row-guj8~zi3x_9aqy",":version":"rv-zrda-6gs9.4cdi",":created_at":"2026-03-10T12:37:08.575Z",":updated_at":"2026-03-10T12:37:08.575Z","cnn":"8743201","corridor":"Market St","limits":"02nd St  -  Montgomery St","cnnrightleft":"R","blockside":"NorthWest","fullname":"Sunday","weekday":"Sun","fromhour":"5","tohour":"7","week1":"1","week2":"1","week3":"1","week4":"1","week5":"1","holidays":"1","blocksweepid":"1617980","cleaning_days_abbr":"MTuWThFSaSu"}},{"type":"Feature","geometry":{"type":"LineString","coordinates":[[-122.501097483198,37.735206481117],[-122.501251121468,37.73517418621],[-122.501548266885,37.735244137926],[-122.502017217793,37.735334606885],[-122.502529176407,37.73537746829],[-122.50300766128,37.735383397252],[-122.503104759293,37.735466491501]]},"properties":{":id":"row-ids7.es5w_mkph",":version":"rv-dg7x.aj8g-2iku",":created_at":"2026-03-10T12:37:08.575Z",":updated_at":"2026-03-10T12:37:08.575Z","cnn":"11962101","corridor":"Sloat Blvd","limits":"43rd Ave  -  45th Ave","cnnrightleft":"L","blockside":"South","fullname":"Sunday","weekday":"Sun","fromhour":"5","tohour":"7","week1":"1","week2":"1","week3":"1","week4":"1","week5":"1","holidays":"0","blocksweepid":"1621594","cleaning_days_abbr":"MTuWThFSaSu"}},{"type":"Feature","geometry":{"type":"LineString","coordinates":[[-122.462139278828,37.781110995361],[-122.462270218122,37.781179888721],[-122.463088818343,37.781145357106],[-122.463210680143,37.781070164904]]},"properties":{":id":"row-kp5b_zeam-5tb3",":version":"rv-kpef-7mfq.ec7m",":created_at":"2026-03-10T12:37:08.575Z",":updated_at":"2026-03-10T12:37:08.575Z","cnn":"6060201","corridor":"Geary Blvd","limits":"04th Ave  -  05th Ave","cnnrightleft":"R","blockside":"North","fullname":"Sunday","weekday":"Sun","fromhour":"7","tohour":"8","week1":"1","week2":"1","week3":"1","week4":"1","week5":"1","holidays":"0","blocksweepid":"1611368","cleaning_days_abbr":"TuThSu"}},{"type":"Feature","geometry":{"type":"LineString","coordinates":[[-122.420482492199,37.765002196919],[-122.420580608155,37.764996269981]]},"properties":{":id":"row-i9u6_ta5r_vear",":version":"rv-enrs-7d8f_e3mi",":created_at":"2026-03-10T12:37:08.575Z",":updated_at":"2026-03-10T12:37:08.575Z","cnn":"727000","corridor":"16th St","limits":"Wiese St  -  Hoff St","cnnrightleft":"L","blockside":"South","fullname":"Sunday","weekday":"Sun","fromhour":"2","tohour":"6","week1":"1","week2":"1","week3":"1","week4":"1","week5":"1","holidays":"1","blocksweepid":"1635665","cleaning_days_abbr":"MTuWThFSaSu"}},{"type":"Feature","geometry":{"type":"LineString","coordinates":[[-122.387585270171,37.750263377895],[-122.387456310816,37.749004758693]]},"properties":{":id":"row-6w8s~icy6~svbv",":version":"rv-6kj6~mjr2-ymqm",":created_at":"2026-03-10T12:37:08.575Z",":updated_at":"2026-03-10T12:37:08.575Z","cnn":"196000","corridor":"03rd St","limits":"Cesar Chavez St  -  Marin St","cnnrightleft":"R","blockside":"West","fullname":"Sunday","weekday":"Sun","fromhour":"2","tohour":"6","week1":"1","week2":"1","week3":"1","week4":"1","week5":"1","holidays":"1","blocksweepid":"1613805","cleaning_days_abbr":"MTuWThFSaSu"}},{"type":"Feature","geometry":{"type":"LineString","coordinates":[[-122.511938325139,37.776756190994],[-122.511864803156,37.776600902271],[-122.511735673847,37.776439456722],[-122.511623583858,37.77626004683],[-122.511532255148,37.776061088408],[-122.51147314869,37.775892036784],[-122.51142705288,37.77557554617],[-122.511403013452,37.775368243745],[-122.511375018573,37.775165724978],[-122.511294925013,37.775075961311]]},"properties":{":id":"row-76t6_392b_knd3",":version":"rv-gtsv.x7vw-qss2",":created_at":"2026-03-10T12:37:08.575Z",":updated_at":"2026-03-10T12:37:08.575Z","cnn":"6431201","corridor":"Great Hwy","limits":"Point Lobos Ave  -  Balboa St","cnnrightleft":"R","blockside":"West","fullname":"Sunday","weekday":"Sun","fromhour":"2","tohour":"5","week1":"1","week2":"1","week3":"1","week4":"1","week5":"1","holidays":"0","blocksweepid":"1636054","cleaning_days_abbr":"MTuWThFSaSu"}},{"type":"Feature","geometry":{"type":"LineString","coordinates":[[-122.387372607331,37.744259406508],[-122.387478798516,37.744147988087],[-122.387508746113,37.744062079357]]},"properties":{":id":"row-upmn~4mt3.5pjw",":version":"rv-3ncp~hnqq-63rt",":created_at":"2026-03-10T12:37:08.575Z",":updated_at":"2026-03-10T12:37:08.575Z","cnn":"200201","corridor":"03rd St","limits":"Custer Ave  -  Phelps St","cnnrightleft":"R","blockside":"NorthWest","fullname":"Sunday","weekday":"Sun","fromhour":"2","tohour":"6","week1":"1","week2":"1","week3":"1","week4":"1","week5":"1","holidays":"1","blocksweepid":"1613809","cleaning_days_abbr":"MTuWThFSaSu"}},{"type":"Feature","geometry":{"type":"LineString","coordinates":[[-122.410206544063,37.800315499308],[-122.410953740074,37.800832981544]]},"properties":{":id":"row-b9vz-dq7s~hne6",":version":"rv-5i4p.u2z9_enz5",":created_at":"2026-03-10T12:37:08.575Z",":updated_at":"2026-03-10T12:37:08.575Z","cnn":"4296000","corridor":"Columbus Ave","limits":"Union St  -  Powell St","cnnrightleft":"R","blockside":"NorthEast","fullname":"Sunday","weekday":"Sun","fromhour":"4","tohour":"6","week1":"1","week2":"1","week3":"1","week4":"1","week5":"1","holidays":"0","blocksweepid":"1637291","cleaning_days_abbr":"MTuWThFSaSu"}},{"type":"Feature","geometry":{"type":"LineString","coordinates":[[-122.500062557797,37.734904900013],[-122.500493390484,37.735105023797],[-122.500901876007,37.735252773252],[-122.501097483198,37.735206481117]]},"properties":{":id":"row-x65k.g32w_ahbs",":version":"rv-h5k7~ti9e~unsw",":created_at":"2026-03-10T12:37:08.575Z",":updated_at":"2026-03-10T12:37:08.575Z","cnn":"11961202","corridor":"Sloat Blvd","limits":"42nd Ave  -  43rd Ave","cnnrightleft":"L","blockside":"South","fullname":"Sunday","weekday":"Sun","fromhour":"5","tohour":"7","week1":"1","week2":"1","week3":"1","week4":"1","week5":"1","holidays":"0","blocksweepid":"1605694","cleaning_days_abbr":"MTuWThFSaSu"}},{"type":"Feature","geometry":{"type":"LineString","coordinates":[[-122.387633975006,37.751559603325],[-122.387696178283,37.751460023121],[-122.387652410682,37.75036860827],[-122.387585270171,37.750263377895]]},"properties":{":id":"row-99jc_ih53~ecgp",":version":"rv-3r8g_mbur_cedd",":created_at":"2026-03-10T12:37:08.575Z",":updated_at":"2026-03-10T12:37:08.575Z","cnn":"195201","corridor":"03rd St","limits":"26th St  -  Cesar Chavez St","cnnrightleft":"R","blockside":"West","fullname":"Sunday","weekday":"Sun","fromhour":"2","tohour":"6","week1":"1","week2":"1","week3":"1","week4":"1","week5":"1","holidays":"1","blocksweepid":"1613804","cleaning_days_abbr":"MWFSaSu"}},{"type":"Feature","geometry":{"type":"LineString","coordinates":[[-122.408706313459,37.748352847539],[-122.408842543129,37.748298488982],[-122.409537850785,37.748285604722],[-122.409646387435,37.748334390368]]},"properties":{":id":"row-kzd4_kmi9.z5hg",":version":"rv-7sae.5hbt-tedb",":created_at":"2026-03-10T12:37:08.575Z",":updated_at":"2026-03-10T12:37:08.575Z","cnn":"2482101","corridor":"Cesar Chavez St","limits":"Bryant St  -  Florida St","cnnrightleft":"R","blockside":"North","fullname":"Sunday","weekday":"Sun","fromhour":"6","tohour":"8","week1":"1","week2":"1","week3":"1","week4":"1","week5":"1","holidays":"0","blocksweepid":"1636916","cleaning_days_abbr":"SaSu"}},{"type":"Feature","geometry":{"type":"LineString","coordinates":[[-122.421192974629,37.7847534462],[-122.421277342233,37.7848568113],[-122.421360063587,37.78521438351]]},"properties":{":id":"row-vqfu~c2rt_cjaf",":version":"rv-knbd_vcib_hdam",":created_at":"2026-03-10T12:37:08.575Z",":updated_at":"2026-03-10T12:37:08.575Z","cnn":"13152101","corridor":"Van Ness Ave","limits":"O'Farrell St  -  Myrtle St","cnnrightleft":"L","blockside":"West","fullname":"Sunday","weekday":"Sun","fromhour":"4","tohour":"6","week1":"1","week2":"1","week3":"1","week4":"1","week5":"1","holidays":"0","blocksweepid":"1598990","cleaning_days_abbr":"MTuWThFSaSu"}},{"type":"Feature","geometry":{"type":"LineString","coordinates":[[-122.407727186607,37.793178302038],[-122.407903301695,37.794060297444]]},"properties":{":id":"row-68wz_bttt_jiks",":version":"rv-fs9c_xpck_ukhu",":created_at":"2026-03-10T12:37:08.575Z",":updated_at":"2026-03-10T12:37:08.575Z","cnn":"12204000","corridor":"Stockton St","limits":"Sacramento St  -  Clay St","cnnrightleft":"R","blockside":"East","fullname":"Sunday","weekday":"Sun","fromhour":"2","tohour":"6","week1":"1","week2":"1","week3":"1","week4":"1","week5":"1","holidays":"1","blocksweepid":"1617174","cleaning_days_abbr":"MTuWThFSaSu"}},{"type":"Feature","geometry":{"type":"LineString","coordinates":[[-122.509432940123,37.779851069753],[-122.510468097621,37.779793271388],[-122.51063546516,37.779765403735],[-122.510801097041,37.779721932419],[-122.510931056544,37.779670731924],[-122.511359655316,37.779443512937],[-122.511424139012,37.779409663242]]},"properties":{":id":"row-c5wm~x6ky_gkd2",":version":"rv-k77j~5aaa-c6vb",":created_at":"2026-03-10T12:37:08.575Z",":updated_at":"2026-03-10T12:37:08.575Z","cnn":"10543000","corridor":"Point Lobos Ave","limits":"48th Ave  -  Merrie Way","cnnrightleft":"L","blockside":"South","fullname":"Sunday","weekday":"Sun","fromhour":"2","tohour":"4","week1":"1","week2":"1","week3":"1","week4":"1","week5":"1","holidays":"1","blocksweepid":"1619893","cleaning_days_abbr":"MTuWThFSaSu"}},{"type":"Feature","geometry":{"type":"LineString","coordinates":[[-122.403501281584,37.78512185399],[-122.404180652279,37.784585546054],[-122.404266873046,37.784478744544]]},"properties":{":id":"row-mxaq~89sf~s8zm",":version":"rv-tb7f~d6u8.72pk",":created_at":"2026-03-10T12:37:08.575Z",":updated_at":"2026-03-10T12:37:08.575Z","cnn":"9095202","corridor":"Mission St","limits":"Yerba Buena Ln  -  04th St","cnnrightleft":"R","blockside":null,"fullname":"Sunday","weekday":"Sun","fromhour":"2","tohour":"6","week1":"1","week2":"1","week3":"1","week4":"1","week5":"1","holidays":"1","blocksweepid":"1618504","cleaning_days_abbr":"MTuWThFSaSu"}},{"type":"Feature","geometry":{"type":"LineString","coordinates":[[-122.421886446144,37.764917378514],[-122.422853414265,37.764858950385]]},"properties":{":id":"row-dtpr~33m5~8vnp",":version":"rv-sd2n~h7y2.wghc",":created_at":"2026-03-10T12:37:08.575Z",":updated_at":"2026-03-10T12:37:08.575Z","cnn":"732000","corridor":"16th St","limits":"Valencia St  -  Albion St","cnnrightleft":"R","blockside":"North","fullname":"Sunday","weekday":"Sun","fromhour":"2","tohour":"6","week1":"1","week2":"1","week3":"1","week4":"1","week5":"1","holidays":"1","blocksweepid":"1613671","cleaning_days_abbr":"TuThSu"}},{"type":"Feature","geometry":{"type":"LineString","coordinates":[[-122.414806648356,37.7865198197],[-122.416449123004,37.786310218483]]},"properties":{":id":"row-vaby.9iy5.795i",":version":"rv-jbvz-dwse_y28f",":created_at":"2026-03-10T12:37:08.575Z",":updated_at":"2026-03-10T12:37:08.575Z","cnn":"6115000","corridor":"Geary St","limits":"Leavenworth St  -  Hyde St","cnnrightleft":"L","blockside":"South","fullname":"Sunday","weekday":"Sun","fromhour":"6","tohour":"8","week1":"1","week2":"1","week3":"1","week4":"1","week5":"1","holidays":"0","blocksweepid":"1622103","cleaning_days_abbr":"TuThSu"}},{"type":"Feature","geometry":{"type":"LineString","coordinates":[[-122.419359267521,37.761835855191],[-122.419206043142,37.760235354983]]},"properties":{":id":"row-axib.bx5u-jzdv",":version":"rv-v9qm~hg6j.ggrh",":created_at":"2026-03-10T12:37:08.575Z",":updated_at":"2026-03-10T12:37:08.575Z","cnn":"9120000","corridor":"Mission St","limits":"18th St  -  19th St","cnnrightleft":"R","blockside":"West","fullname":"Sunday","weekday":"Sun","fromhour":"4","tohour":"6","week1":"1","week2":"1","week3":"1","week4":"1","week5":"1","holidays":"0","blocksweepid":"1619072","cleaning_days_abbr":"MTuWThFSaSu"}},{"type":"Feature","geometry":{"type":"LineString","coordinates":[[-122.405028365603,37.738498055423],[-122.405102066573,37.738425394545],[-122.40549975263,37.738315876378],[-122.405646736963,37.738321361879]]},"properties":{":id":"row-fprv.uunn_c9s8",":version":"rv-i3vd~b92y~cz93",":created_at":"2026-03-10T12:37:08.575Z",":updated_at":"2026-03-10T12:37:08.575Z","cnn":"7207101","corridor":"Industrial St","limits":"Charter Oak Ave  -  Loomis St","cnnrightleft":"L","blockside":"South","fullname":"Sunday","weekday":"Sun","fromhour":"2","tohour":"3","week1":"1","week2":"1","week3":"1","week4":"1","week5":"1","holidays":"0","blocksweepid":"1597144","cleaning_days_abbr":"WSu"}},{"type":"Feature","geometry":{"type":"LineString","coordinates":[[-122.393358761315,37.724973571081],[-122.394243492859,37.725475649951]]},"properties":{":id":"row-f2ab~ss4b.swmb",":version":"rv-rfvy-dvux-2gz4",":created_at":"2026-03-10T12:37:08.575Z",":updated_at":"2026-03-10T12:37:08.575Z","cnn":"3738000","corridor":"Carroll Ave","limits":"Keith St  -  03rd St","cnnrightleft":"L","blockside":"SouthWest","fullname":"Sunday","weekday":"Sun","fromhour":"7","tohour":"8","week1":"1","week2":"1","week3":"1","week4":"1","week5":"1","holidays":"0","blocksweepid":"1636807","cleaning_days_abbr":"MSaSu"}},{"type":"Feature","geometry":{"type":"LineString","coordinates":[[-122.413287606897,37.783844774301],[-122.414241572962,37.78372378285]]},"properties":{":id":"row-hv58_wz3g.uibk",":version":"rv-jhwb-ie82_vib8",":created_at":"2026-03-10T12:37:08.575Z",":updated_at":"2026-03-10T12:37:08.575Z","cnn":"5061002","corridor":"Eddy St","limits":"Wagner Aly  -  Leavenworth St","cnnrightleft":"L","blockside":null,"fullname":"Sunday","weekday":"Sun","fromhour":"6","tohour":"8","week1":"1","week2":"1","week3":"1","week4":"1","week5":"1","holidays":"0","blocksweepid":"1630987","cleaning_days_abbr":"TuThSu"}},{"type":"Feature","geometry":{"type":"LineString","coordinates":[[-122.433357449495,37.726588202549],[-122.433623590741,37.726236244239]]},"properties":{":id":"row-9mym-ewr5_5rzq",":version":"rv-u7yg_a39p~4b2g",":created_at":"2026-03-10T12:37:08.575Z",":updated_at":"2026-03-10T12:37:08.575Z","cnn":"9160000","corridor":"Mission St","limits":"Francis St  -  Excelsior Ave","cnnrightleft":"L","blockside":"SouthEast","fullname":"Sunday","weekday":"Sun","fromhour":"5","tohour":"7","week1":"1","week2":"1","week3":"1","week4":"1","week5":"1","holidays":"0","blocksweepid":"1641394","cleaning_days_abbr":"MTuWThFSaSu"}},{"type":"Feature","geometry":{"type":"LineString","coordinates":[[-122.392624535039,37.729278453928],[-122.392736598565,37.729160846222],[-122.392933287321,37.728607207261],[-122.392899420136,37.728489580514]]},"properties":{":id":"row-wuea.9imh-apwb",":version":"rv-h3qd~ur56.2cmn",":created_at":"2026-03-10T12:37:08.575Z",":updated_at":"2026-03-10T12:37:08.575Z","cnn":"220201","corridor":"03rd St","limits":"Williams Ave  -  Lane St","cnnrightleft":"R","blockside":"West","fullname":"Sunday","weekday":"Sun","fromhour":"2","tohour":"6","week1":"1","week2":"1","week3":"1","week4":"1","week5":"1","holidays":"1","blocksweepid":"1613830","cleaning_days_abbr":"MTuWThFSaSu"}},{"type":"Feature","geometry":{"type":"LineString","coordinates":[[-122.418593944952,37.753836587811],[-122.418445270656,37.752239454508]]},"properties":{":id":"row-j328~y6vr-yufz",":version":"rv-i62z~vd8y~if8p",":created_at":"2026-03-10T12:37:08.575Z",":updated_at":"2026-03-10T12:37:08.575Z","cnn":"9125000","corridor":"Mission St","limits":"23rd St  -  24th St","cnnrightleft":"L","blockside":"East","fullname":"Sunday","weekday":"Sun","fromhour":"4","tohour":"6","week1":"1","week2":"1","week3":"1","week4":"1","week5":"1","holidays":"0","blocksweepid":"1641254","cleaning_days_abbr":"MTuWThFSaSu"}},{"type":"Feature","geometry":{"type":"LineString","coordinates":[[-122.416768092983,37.779584437842],[-122.416947604956,37.780470341035]]},"properties":{":id":"row-v2w6_2vif-3wcv",":version":"rv-jgsh.hmq9.89z6",":created_at":"2026-03-10T12:37:08.575Z",":updated_at":"2026-03-10T12:37:08.575Z","cnn":"8122000","corridor":"Larkin St","limits":"Fulton St  -  McAllister St","cnnrightleft":"R","blockside":"East","fullname":"Sunday","weekday":"Sun","fromhour":"2","tohour":"6","week1":"1","week2":"1","week3":"1","week4":"1","week5":"1","holidays":"0","blocksweepid":"1624357","cleaning_days_abbr":"MTuWThFSaSu"}},{"type":"Feature","geometry":{"type":"LineString","coordinates":[[-122.390433038013,37.7501183415],[-122.391418367465,37.75014060612]]},"properties":{":id":"row-auhf_675r-dg99",":version":"rv-5uq9_c5y8.ma75",":created_at":"2026-03-10T12:37:08.575Z",":updated_at":"2026-03-10T12:37:08.575Z","cnn":"2471000","corridor":"Cesar Chavez St","limits":"Indiana St  -  Iowa St","cnnrightleft":"L","blockside":"South","fullname":"Sunday","weekday":"Sun","fromhour":"0","tohour":"2","week1":"1","week2":"1","week3":"1","week4":"1","week5":"1","holidays":"0","blocksweepid":"1602624","cleaning_days_abbr":"TuThSu"}},{"type":"Feature","geometry":{"type":"LineString","coordinates":[[-122.439684678466,37.784318673891],[-122.439654946645,37.784407401773],[-122.439810444483,37.785176041731],[-122.439872612567,37.785247526751]]},"properties":{":id":"row-qiu4~m56r-xkw4",":version":"rv-d68g.5xxm_gx3p",":created_at":"2026-03-10T12:37:08.575Z",":updated_at":"2026-03-10T12:37:08.575Z","cnn":"4813201","corridor":"Divisadero St","limits":"Post St  -  Sutter St","cnnrightleft":"R","blockside":"East","fullname":"Sunday","weekday":"Sun","fromhour":"6","tohour":"8","week1":"1","week2":"1","week3":"1","week4":"1","week5":"1","holidays":"0","blocksweepid":"1615297","cleaning_days_abbr":"TuThSu"}},{"type":"Feature","geometry":{"type":"LineString","coordinates":[[-122.405288396517,37.796909057292],[-122.405512936056,37.797064590557]]},"properties":{":id":"row-7gzb~jb2e-ma7v",":version":"rv-2jx3-389t.yfr3",":created_at":"2026-03-10T12:37:08.575Z",":updated_at":"2026-03-10T12:37:08.575Z","cnn":"4289000","corridor":"Columbus Ave","limits":"Kearny St  -  Pacific Ave","cnnrightleft":"R","blockside":"NorthEast","fullname":"Sunday","weekday":"Sun","fromhour":"4","tohour":"6","week1":"1","week2":"1","week3":"1","week4":"1","week5":"1","holidays":"0","blocksweepid":"1637284","cleaning_days_abbr":"MTuWThFSaSu"}},{"type":"Feature","geometry":{"type":"LineString","coordinates":[[-122.403021621879,37.729901901319],[-122.402752244553,37.729357163198]]},"properties":{":id":"row-dysh~a3xa-jssr",":version":"rv-qqpg-tuqu.2ctx",":created_at":"2026-03-10T12:37:08.575Z",":updated_at":"2026-03-10T12:37:08.575Z","cnn":"2807000","corridor":"Bay Shore Blvd","limits":"Quint St  -  Donner Ave","cnnrightleft":"L","blockside":"East","fullname":"Sunday","weekday":"Sun","fromhour":"7","tohour":"8","week1":"1","week2":"1","week3":"1","week4":"1","week5":"1","holidays":"0","blocksweepid":"1613353","cleaning_days_abbr":"TuThSaSu"}},{"type":"Feature","geometry":{"type":"LineString","coordinates":[[-122.41158013318,37.766841389246],[-122.411455262539,37.765547605077]]},"properties":{":id":"row-rrik~ae35_v97i",":version":"rv-pz8i~7h57-4acm",":created_at":"2026-03-10T12:37:08.575Z",":updated_at":"2026-03-10T12:37:08.575Z","cnn":"5619000","corridor":"Florida St","limits":"15th St  -  16th St","cnnrightleft":"L","blockside":"East","fullname":"Sunday","weekday":"Sun","fromhour":"2","tohour":"6","week1":"1","week2":"1","week3":"1","week4":"1","week5":"1","holidays":"1","blocksweepid":"1610388","cleaning_days_abbr":"WSaSu"}},{"type":"Feature","geometry":{"type":"LineString","coordinates":[[-122.404219835075,37.791690583859],[-122.404418427807,37.792638656361]]},"properties":{":id":"row-iejw-9992_wref",":version":"rv-ge4e.drz6-3x5y",":created_at":"2026-03-10T12:37:08.575Z",":updated_at":"2026-03-10T12:37:08.575Z","cnn":"7754000","corridor":"Kearny St","limits":"Pine St  -  California St","cnnrightleft":"R","blockside":"East","fullname":"Sunday","weekday":"Sun","fromhour":"2","tohour":"6","week1":"1","week2":"1","week3":"1","week4":"1","week5":"1","holidays":"1","blocksweepid":"1623937","cleaning_days_abbr":"MTuWThFSaSu"}},{"type":"Feature","geometry":{"type":"LineString","coordinates":[[-122.40691050416,37.737965866897],[-122.40683339823,37.737845929358],[-122.406658195657,37.736440983743],[-122.406703835142,37.736308604033]]},"properties":{":id":"row-2diq_kszb~nt7d",":version":"rv-teaj~3ris.7765",":created_at":"2026-03-10T12:37:08.575Z",":updated_at":"2026-03-10T12:37:08.575Z","cnn":"2802101","corridor":"Bay Shore Blvd","limits":"Industrial St  -  Helena St","cnnrightleft":"L","blockside":"East","fullname":"Sunday","weekday":"Sun","fromhour":"7","tohour":"8","week1":"1","week2":"1","week3":"1","week4":"1","week5":"1","holidays":"0","blocksweepid":"1613348","cleaning_days_abbr":"TuThSaSu"}},{"type":"Feature","geometry":{"type":"LineString","coordinates":[[-122.450498930495,37.70954336882],[-122.450883666773,37.709412742176]]},"properties":{":id":"row-ufz5-xbne.juj3",":version":"rv-qwr3_mh6f-7nhv",":created_at":"2026-03-10T12:37:08.575Z",":updated_at":"2026-03-10T12:37:08.575Z","cnn":"9195000","corridor":"Mission St","limits":"Oliver St  -  Lawrence Ave","cnnrightleft":"L","blockside":"South","fullname":"Sunday","weekday":"Sun","fromhour":"5","tohour":"7","week1":"1","week2":"1","week3":"1","week4":"1","week5":"1","holidays":"0","blocksweepid":"1626605","cleaning_days_abbr":"MTuWThFSaSu"}},{"type":"Feature","geometry":{"type":"LineString","coordinates":[[-122.412024074642,37.781136160202],[-122.412220735371,37.782073067927]]},"properties":{":id":"row-c32b-2a3t~hjp3",":version":"rv-id4x.bxra.qx9v",":created_at":"2026-03-10T12:37:08.575Z",":updated_at":"2026-03-10T12:37:08.575Z","cnn":"7563000","corridor":"Jones St","limits":"McAllister St  -  Golden Gate Ave","cnnrightleft":"L","blockside":"West","fullname":"Sunday","weekday":"Sun","fromhour":"6","tohour":"8","week1":"1","week2":"1","week3":"1","week4":"1","week5":"1","holidays":"0","blocksweepid":"1597532","cleaning_days_abbr":"MTuWThFSaSu"}},{"type":"Feature","geometry":{"type":"LineString","coordinates":[[-122.421749881333,37.788027214872],[-122.421827224583,37.788409506662],[-122.42194858465,37.78848964293]]},"properties":{":id":"row-nmi8-5xm9_5qg7",":version":"rv-s7ve-m4pf.c8gw",":created_at":"2026-03-10T12:37:08.575Z",":updated_at":"2026-03-10T12:37:08.575Z","cnn":"13155202","corridor":"Van Ness Ave","limits":"Fern St  -  Bush St","cnnrightleft":"R","blockside":"East","fullname":"Sunday","weekday":"Sun","fromhour":"4","tohour":"6","week1":"1","week2":"1","week3":"1","week4":"1","week5":"1","holidays":"0","blocksweepid":"1639890","cleaning_days_abbr":"MTuWThFSaSu"}},{"type":"Feature","geometry":{"type":"LineString","coordinates":[[-122.396272841569,37.720981529973],[-122.39625273633,37.720885323871],[-122.396524504859,37.720289213712],[-122.39661702614,37.720230912546]]},"properties":{":id":"row-qpi4-7qk3_jk56",":version":"rv-sgh3_3irj_en3v",":created_at":"2026-03-10T12:37:08.575Z",":updated_at":"2026-03-10T12:37:08.575Z","cnn":"230101","corridor":"03rd St","limits":"Ingerson Ave  -  Jamestown Ave","cnnrightleft":"L","blockside":"East","fullname":"Sunday","weekday":"Sun","fromhour":"2","tohour":"6","week1":"1","week2":"1","week3":"1","week4":"1","week5":"1","holidays":"1","blocksweepid":"1629115","cleaning_days_abbr":"TuThSaSu"}},{"type":"Feature","geometry":{"type":"LineString","coordinates":[[-122.418901310084,37.781704787033],[-122.418993273036,37.782169269872]]},"properties":{":id":"row-2civ_3dbd.523i",":version":"rv-8i2f-2k5j~2qxq",":created_at":"2026-03-10T12:37:08.575Z",":updated_at":"2026-03-10T12:37:08.575Z","cnn":"10553000","corridor":"Polk St","limits":"Elm St  -  Turk St","cnnrightleft":"R","blockside":"East","fullname":"Sunday","weekday":"Sun","fromhour":"6","tohour":"8","week1":"1","week2":"1","week3":"1","week4":"1","week5":"1","holidays":"0","blocksweepid":"1619910","cleaning_days_abbr":"TuThSu"}},{"type":"Feature","geometry":{"type":"LineString","coordinates":[[-122.39463146327,37.780354395261],[-122.394300037428,37.780089730328]]},"properties":{":id":"row-syij.cgev-ddy4",":version":"rv-ufdd-hbdz-2tmy",":created_at":"2026-03-10T12:37:08.575Z",":updated_at":"2026-03-10T12:37:08.575Z","cnn":"178000","corridor":"03rd St","limits":"Varney Pl  -  Brannan St","cnnrightleft":"L","blockside":"NorthEast","fullname":"Sunday","weekday":"Sun","fromhour":"2","tohour":"6","week1":"1","week2":"1","week3":"1","week4":"1","week5":"1","holidays":"1","blocksweepid":"1628671","cleaning_days_abbr":"MTuWThFSaSu"}},{"type":"Feature","geometry":{"type":"LineString","coordinates":[[-122.417996269533,37.78564170987],[-122.41808809815,37.786101039683]]},"properties":{":id":"row-p2xa-5qck.ttt8",":version":"rv-hwx8~v8mw_334r",":created_at":"2026-03-10T12:37:08.575Z",":updated_at":"2026-03-10T12:37:08.575Z","cnn":"8131000","corridor":"Larkin St","limits":"Myrtle St  -  Geary St","cnnrightleft":"R","blockside":"East","fullname":"Sunday","weekday":"Sun","fromhour":"6","tohour":"8","week1":"1","week2":"1","week3":"1","week4":"1","week5":"1","holidays":"0","blocksweepid":"1616656","cleaning_days_abbr":"TuThSu"}},{"type":"Feature","geometry":{"type":"LineString","coordinates":[[-122.407852519844,37.785491560352],[-122.40803623664,37.78640961353]]},"properties":{":id":"row-hpvb-j89y-v48m",":version":"rv-ewrp.9gwc.ez8d",":created_at":"2026-03-10T12:37:08.575Z",":updated_at":"2026-03-10T12:37:08.575Z","cnn":"10676000","corridor":"Powell St","limits":"Ellis St  -  O'Farrell St","cnnrightleft":"L","blockside":"West","fullname":"Sunday","weekday":"Sun","fromhour":"2","tohour":"6","week1":"1","week2":"1","week3":"1","week4":"1","week5":"1","holidays":"0","blocksweepid":"1604247","cleaning_days_abbr":"MTuWThFSaSu"}},{"type":"Feature","geometry":{"type":"LineString","coordinates":[[-122.418618215796,37.773053454473],[-122.418694666174,37.772793495824],[-122.419173127618,37.772001253512],[-122.419610664044,37.771106738356],[-122.41964545812,37.771005772206]]},"properties":{":id":"row-tqk3.g26h~m3ez",":version":"rv-umxj.3m2m~bmvy",":created_at":"2026-03-10T12:37:08.575Z",":updated_at":"2026-03-10T12:37:08.575Z","cnn":"9110000","corridor":"Mission St","limits":"South Van Ness Ave  -  Plum St","cnnrightleft":"L","blockside":"East","fullname":"Sunday","weekday":"Sun","fromhour":"2","tohour":"6","week1":"1","week2":"1","week3":"1","week4":"1","week5":"1","holidays":"1","blocksweepid":"1618971","cleaning_days_abbr":"MTuWThFSaSu"}},{"type":"Feature","geometry":{"type":"LineString","coordinates":[[-122.388475894209,37.741107632071],[-122.388576511757,37.741032997431],[-122.388784116377,37.740444237364],[-122.388754589159,37.740317264063]]},"properties":{":id":"row-jg99~wree-b4ac",":version":"rv-85a3_5qx8_wwiw",":created_at":"2026-03-10T12:37:08.575Z",":updated_at":"2026-03-10T12:37:08.575Z","cnn":"204201","corridor":"03rd St","limits":"Galvez Ave  -  Hudson Ave","cnnrightleft":"R","blockside":"West","fullname":"Sunday","weekday":"Sun","fromhour":"2","tohour":"6","week1":"1","week2":"1","week3":"1","week4":"1","week5":"1","holidays":"1","blocksweepid":"1613814","cleaning_days_abbr":"MTuWThFSaSu"}},{"type":"Feature","geometry":{"type":"LineString","coordinates":[[-122.408667084512,37.78538824897],[-122.409497525934,37.785282917476]]},"properties":{":id":"row-jh9v.tgsr_z924",":version":"rv-nm6j-xx8n.arm7",":created_at":"2026-03-10T12:37:08.575Z",":updated_at":"2026-03-10T12:37:08.575Z","cnn":"5171000","corridor":"Ellis St","limits":"Cyril Magnin St  -  Mason St","cnnrightleft":"R","blockside":"North","fullname":"Sunday","weekday":"Sun","fromhour":"6","tohour":"8","week1":"1","week2":"1","week3":"1","week4":"1","week5":"1","holidays":"0","blocksweepid":"1643282","cleaning_days_abbr":"MTuWThFSaSu"}},{"type":"Feature","geometry":{"type":"LineString","coordinates":[[-122.403491775033,37.787963091336],[-122.40504139842,37.787765496043]]},"properties":{":id":"row-2unz_sy2j.3ymw",":version":"rv-hv4j.eejt.vg9t",":created_at":"2026-03-10T12:37:08.575Z",":updated_at":"2026-03-10T12:37:08.575Z","cnn":"6107000","corridor":"Geary St","limits":"Kearny St  -  Grant Ave","cnnrightleft":"L","blockside":"South","fullname":"Sunday","weekday":"Sun","fromhour":"2","tohour":"6","week1":"1","week2":"1","week3":"1","week4":"1","week5":"1","holidays":"0","blocksweepid":"1606097","cleaning_days_abbr":"TuThSu"}},{"type":"Feature","geometry":{"type":"LineString","coordinates":[[-122.41443019869,37.784657140749],[-122.414617207257,37.785582474549]]},"properties":{":id":"row-4n8k~bh92-nyvk",":version":"rv-evw3_7dpt.hwdv",":created_at":"2026-03-10T12:37:08.575Z",":updated_at":"2026-03-10T12:37:08.575Z","cnn":"8242000","corridor":"Leavenworth St","limits":"Ellis St  -  O'Farrell St","cnnrightleft":"R","blockside":"East","fullname":"Sunday","weekday":"Sun","fromhour":"6","tohour":"8","week1":"1","week2":"1","week3":"1","week4":"1","week5":"1","holidays":"0","blocksweepid":"1616832","cleaning_days_abbr":"TuThSu"}},{"type":"Feature","geometry":{"type":"LineString","coordinates":[[-122.419693565872,37.777299856161],[-122.419637774155,37.777406799606],[-122.419711625489,37.777770152091]]},"properties":{":id":"row-dukk-i8m8-wkgv",":version":"rv-q94b~4bhy.if9r",":created_at":"2026-03-10T12:37:08.575Z",":updated_at":"2026-03-10T12:37:08.575Z","cnn":"13145201","corridor":"Van Ness Ave","limits":"Hayes St  -  Lech Walesa St","cnnrightleft":"R","blockside":"East","fullname":"Sunday","weekday":"Sun","fromhour":"4","tohour":"6","week1":"1","week2":"1","week3":"1","week4":"1","week5":"1","holidays":"0","blocksweepid":"1639871","cleaning_days_abbr":"MTuWThFSaSu"}},{"type":"Feature","geometry":{"type":"LineString","coordinates":[[-122.408401550082,37.788293193917],[-122.408595045243,37.789225614915]]},"properties":{":id":"row-6gf9~aynp~4rgm",":version":"rv-tq4n_nce6.4cdz",":created_at":"2026-03-10T12:37:08.575Z",":updated_at":"2026-03-10T12:37:08.575Z","cnn":"10679000","corridor":"Powell St","limits":"Post St  -  Sutter St","cnnrightleft":"L","blockside":"West","fullname":"Sunday","weekday":"Sun","fromhour":"2","tohour":"6","week1":"1","week2":"1","week3":"1","week4":"1","week5":"1","holidays":"0","blocksweepid":"1619839","cleaning_days_abbr":"MTuWThFSaSu"}},{"type":"Feature","geometry":{"type":"LineString","coordinates":[[-122.480336926577,37.763420291712],[-122.481408837164,37.763373093706]]},"properties":{":id":"row-6dsq.d7gr~5qg9",":version":"rv-whsd_785v_hh2y",":created_at":"2026-03-10T12:37:08.575Z",":updated_at":"2026-03-10T12:37:08.575Z","cnn":"7299000","corridor":"Irving St","limits":"22nd Ave  -  23rd Ave","cnnrightleft":"R","blockside":"North","fullname":"Sunday","weekday":"Sun","fromhour":"2","tohour":"4","week1":"1","week2":"1","week3":"1","week4":"1","week5":"1","holidays":"1","blocksweepid":"1638415","cleaning_days_abbr":"TuThSu"}},{"type":"Feature","geometry":{"type":"LineString","coordinates":[[-122.386849666225,37.717509001666],[-122.388136867452,37.718235642927]]},"properties":{":id":"row-fwxr-n556_nedz",":version":"rv-hk6n~x8gx_t6i5",":created_at":"2026-03-10T12:37:08.575Z",":updated_at":"2026-03-10T12:37:08.575Z","cnn":"6187000","corridor":"Gilman Ave","limits":"Giants Dr  -  Griffith St","cnnrightleft":"L","blockside":"SouthWest","fullname":"Sunday","weekday":"Sun","fromhour":"7","tohour":"8","week1":"1","week2":"1","week3":"1","week4":"1","week5":"1","holidays":"0","blocksweepid":"1633122","cleaning_days_abbr":"WSaSu"}},{"type":"Feature","geometry":{"type":"LineString","coordinates":[[-122.441691159313,37.715572699572],[-122.441799464549,37.715429679987]]},"properties":{":id":"row-rehc-yj8h~nb4n",":version":"rv-9mr8_473w~xpvr",":created_at":"2026-03-10T12:37:08.575Z",":updated_at":"2026-03-10T12:37:08.575Z","cnn":"9180000","corridor":"Mission St","limits":"Niagara Ave  -  Pope St","cnnrightleft":"R","blockside":"NorthWest","fullname":"Sunday","weekday":"Sun","fromhour":"5","tohour":"7","week1":"1","week2":"1","week3":"1","week4":"1","week5":"1","holidays":"0","blocksweepid":"1600102","cleaning_days_abbr":"MTuWThFSaSu"}},{"type":"Feature","geometry":{"type":"LineString","coordinates":[[-122.405831010893,37.785743989136],[-122.405975568058,37.785692692288],[-122.40732615349,37.784629504524],[-122.407337040264,37.78456014194]]},"properties":{":id":"row-txs4~gfup.spkr",":version":"rv-7cqx.2rbv.huqi",":created_at":"2026-03-10T12:37:08.575Z",":updated_at":"2026-03-10T12:37:08.575Z","cnn":"8747202","corridor":"Market St","limits":"Powell St  -  05th St","cnnrightleft":"R","blockside":null,"fullname":"Sunday","weekday":"Sun","fromhour":"5","tohour":"7","week1":"1","week2":"1","week3":"1","week4":"1","week5":"1","holidays":"1","blocksweepid":"1617985","cleaning_days_abbr":"MTuWThFSaSu"}},{"type":"Feature","geometry":{"type":"LineString","coordinates":[[-122.401051293437,37.798580054283],[-122.40222863939,37.798429702041]]},"properties":{":id":"row-fffu~tbxg.kzdi",":version":"rv-hncx-e5gh_ifeq",":created_at":"2026-03-10T12:37:08.575Z",":updated_at":"2026-03-10T12:37:08.575Z","cnn":"3145000","corridor":"Broadway","limits":"Battery St  -  Sansome St","cnnrightleft":"R","blockside":"North","fullname":"Sunday","weekday":"Sun","fromhour":"4","tohour":"6","week1":"1","week2":"1","week3":"1","week4":"1","week5":"1","holidays":"0","blocksweepid":"1635100","cleaning_days_abbr":"TuThSaSu"}},{"type":"Feature","geometry":{"type":"LineString","coordinates":[[-122.393544809626,37.718487362478],[-122.395431474804,37.719558105472]]},"properties":{":id":"row-nwxk-5xp7~mr6f",":version":"rv-9fny.25zk-2fxn",":created_at":"2026-03-10T12:37:08.575Z",":updated_at":"2026-03-10T12:37:08.575Z","cnn":"7432000","corridor":"Jamestown Ave","limits":"Ingalls St  -  Jennings St","cnnrightleft":"R","blockside":"NorthEast","fullname":"Sunday","weekday":"Sun","fromhour":"7","tohour":"8","week1":"1","week2":"1","week3":"1","week4":"1","week5":"1","holidays":"0","blocksweepid":"1597375","cleaning_days_abbr":"WSaSu"}},{"type":"Feature","geometry":{"type":"LineString","coordinates":[[-122.437149524136,37.721575001258],[-122.437150866321,37.721520807722],[-122.437396179395,37.721196045155],[-122.437461139482,37.721163548823]]},"properties":{":id":"row-2596.zdti-qdae",":version":"rv-kce8_cetr-c6vf",":created_at":"2026-03-10T12:37:08.575Z",":updated_at":"2026-03-10T12:37:08.575Z","cnn":"9171101","corridor":"Mission St","limits":"Russia Ave  -  Onondaga Ave","cnnrightleft":"L","blockside":"SouthEast","fullname":"Sunday","weekday":"Sun","fromhour":"5","tohour":"7","week1":"1","week2":"1","week3":"1","week4":"1","week5":"1","holidays":"0","blocksweepid":"1641405","cleaning_days_abbr":"MTuWThFSaSu"}},{"type":"Feature","geometry":{"type":"LineString","coordinates":[[-122.419273432237,37.783567785618],[-122.41936416784,37.784029116242]]},"properties":{":id":"row-8a3p-fhpa.465z",":version":"rv-845f_ewva~s3tk",":created_at":"2026-03-10T12:37:08.575Z",":updated_at":"2026-03-10T12:37:08.575Z","cnn":"10556000","corridor":"Polk St","limits":"Willow St  -  Ellis St","cnnrightleft":"R","blockside":"East","fullname":"Sunday","weekday":"Sun","fromhour":"6","tohour":"8","week1":"1","week2":"1","week3":"1","week4":"1","week5":"1","holidays":"0","blocksweepid":"1619913","cleaning_days_abbr":"TuThSu"}},{"type":"Feature","geometry":{"type":"LineString","coordinates":[[-122.421373373705,37.786166158844],[-122.421446571801,37.786527980919],[-122.421570115351,37.786618960963]]},"properties":{":id":"row-qzys_wews-s85p",":version":"rv-cg55~h26b-ngng",":created_at":"2026-03-10T12:37:08.575Z",":updated_at":"2026-03-10T12:37:08.575Z","cnn":"13153202","corridor":"Van Ness Ave","limits":"Cedar St  -  Post St","cnnrightleft":"R","blockside":"East","fullname":"Sunday","weekday":"Sun","fromhour":"4","tohour":"6","week1":"1","week2":"1","week3":"1","week4":"1","week5":"1","holidays":"0","blocksweepid":"1639886","cleaning_days_abbr":"MTuWThFSaSu"}},{"type":"Feature","geometry":{"type":"LineString","coordinates":[[-122.415693872616,37.782585033233],[-122.415882538495,37.783515640808]]},"properties":{":id":"row-8zai_q3w8~7t79",":version":"rv-446d~wgrb~38fp",":created_at":"2026-03-10T12:37:08.575Z",":updated_at":"2026-03-10T12:37:08.575Z","cnn":"7116000","corridor":"Hyde St","limits":"Turk St  -  Eddy St","cnnrightleft":"R","blockside":"East","fullname":"Sunday","weekday":"Sun","fromhour":"6","tohour":"8","week1":"1","week2":"1","week3":"1","week4":"1","week5":"1","holidays":"0","blocksweepid":"1608265","cleaning_days_abbr":"TuThSu"}},{"type":"Feature","geometry":{"type":"LineString","coordinates":[[-122.404613421188,37.793565084245],[-122.4047105823,37.794021380221]]},"properties":{":id":"row-ishj.dpx4~ise8",":version":"rv-25k6.9xi8_hguh",":created_at":"2026-03-10T12:37:08.575Z",":updated_at":"2026-03-10T12:37:08.575Z","cnn":"7756000","corridor":"Kearny St","limits":"Sacramento St  -  Commercial St","cnnrightleft":"L","blockside":"West","fullname":"Sunday","weekday":"Sun","fromhour":"2","tohour":"6","week1":"1","week2":"1","week3":"1","week4":"1","week5":"1","holidays":"1","blocksweepid":"1623923","cleaning_days_abbr":"MTuWThFSaSu"}},{"type":"Feature","geometry":{"type":"LineString","coordinates":[[-122.411139801283,37.785074596379],[-122.411325581285,37.785996235681]]},"properties":{":id":"row-tqwk_zeip-85k2",":version":"rv-jwj6_ibe8-gu8u",":created_at":"2026-03-10T12:37:08.575Z",":updated_at":"2026-03-10T12:37:08.575Z","cnn":"12429000","corridor":"Taylor St","limits":"Ellis St  -  O'Farrell St","cnnrightleft":"R","blockside":"East","fullname":"Sunday","weekday":"Sun","fromhour":"6","tohour":"8","week1":"1","week2":"1","week3":"1","week4":"1","week5":"1","holidays":"0","blocksweepid":"1617066","cleaning_days_abbr":"TuThSu"}},{"type":"Feature","geometry":{"type":"LineString","coordinates":[[-122.419052606406,37.758632566983],[-122.419011533299,37.758199785454]]},"properties":{":id":"row-qv7a_f7z7~zhaw",":version":"rv-khfp_kf5w_ie4b",":created_at":"2026-03-10T12:37:08.575Z",":updated_at":"2026-03-10T12:37:08.575Z","cnn":"9122001","corridor":"Mission St","limits":"20th St  -  Catherine Ct","cnnrightleft":"R","blockside":null,"fullname":"Sunday","weekday":"Sun","fromhour":"4","tohour":"6","week1":"1","week2":"1","week3":"1","week4":"1","week5":"1","holidays":"0","blocksweepid":"1619074","cleaning_days_abbr":"MTuWThFSaSu"}},{"type":"Feature","geometry":{"type":"LineString","coordinates":[[-122.40895215881,37.783287852635],[-122.40897561214,37.783210507851],[-122.410197491617,37.782247902736],[-122.410292026651,37.782230575213]]},"properties":{":id":"row-ih5j_b32c-wa4u",":version":"rv-txi9-dars-fec5",":created_at":"2026-03-10T12:37:08.575Z",":updated_at":"2026-03-10T12:37:08.575Z","cnn":"8749101","corridor":"Market St","limits":"Mason St  -  Taylor St","cnnrightleft":"L","blockside":"SouthEast","fullname":"Sunday","weekday":"Sun","fromhour":"5","tohour":"7","week1":"1","week2":"1","week3":"1","week4":"1","week5":"1","holidays":"1","blocksweepid":"1618097","cleaning_days_abbr":"MTuWThFSaSu"}},{"type":"Feature","geometry":{"type":"LineString","coordinates":[[-122.398930331179,37.783784933736],[-122.397942939431,37.782997897616]]},"properties":{":id":"row-69k9~rqbi_kxj3",":version":"rv-f8ws.g96h~it6s",":created_at":"2026-03-10T12:37:08.575Z",":updated_at":"2026-03-10T12:37:08.575Z","cnn":"170000","corridor":"03rd St","limits":"Folsom St  -  Saint Francis Pl","cnnrightleft":"L","blockside":"NorthEast","fullname":"Sunday","weekday":"Sun","fromhour":"2","tohour":"6","week1":"1","week2":"1","week3":"1","week4":"1","week5":"1","holidays":"1","blocksweepid":"1628663","cleaning_days_abbr":"MTuWThFSaSu"}},{"type":"Feature","geometry":{"type":"LineString","coordinates":[[-122.389310055837,37.738741929892],[-122.389410669344,37.73866729451],[-122.389616908311,37.738082368996],[-122.38958738061,37.737955395853]]},"properties":{":id":"row-pcci-s5m8.df8q",":version":"rv-pxgs~ezbr.4ebd",":created_at":"2026-03-10T12:37:08.575Z",":updated_at":"2026-03-10T12:37:08.575Z","cnn":"207201","corridor":"03rd St","limits":"Newhall St  -  Kirkwood Ave","cnnrightleft":"R","blockside":"West","fullname":"Sunday","weekday":"Sun","fromhour":"2","tohour":"6","week1":"1","week2":"1","week3":"1","week4":"1","week5":"1","holidays":"1","blocksweepid":"1613817","cleaning_days_abbr":"MTuWThFSaSu"}},{"type":"Feature","geometry":{"type":"LineString","coordinates":[[-122.404957208412,37.795326691803],[-122.405142977293,37.796210954662]]},"properties":{":id":"row-ams4_m7i3_skqs",":version":"rv-5cwp-te3x.wsy5",":created_at":"2026-03-10T12:37:08.575Z",":updated_at":"2026-03-10T12:37:08.575Z","cnn":"7760000","corridor":"Kearny St","limits":"Washington St  -  Jackson St","cnnrightleft":"R","blockside":"East","fullname":"Sunday","weekday":"Sun","fromhour":"2","tohour":"6","week1":"1","week2":"1","week3":"1","week4":"1","week5":"1","holidays":"1","blocksweepid":"1623943","cleaning_days_abbr":"MTuWThFSaSu"}},{"type":"Feature","geometry":{"type":"LineString","coordinates":[[-122.419883230931,37.778251017767],[-122.419816538558,37.778342449118],[-122.420137246707,37.779935459351],[-122.420247184087,37.78007469645]]},"properties":{":id":"row-k83p.enfb.hwhv",":version":"rv-ctkw_d2rp-47vy",":created_at":"2026-03-10T12:37:08.575Z",":updated_at":"2026-03-10T12:37:08.575Z","cnn":"13146201","corridor":"Van Ness Ave","limits":"Grove St  -  McAllister St","cnnrightleft":"R","blockside":"East","fullname":"Sunday","weekday":"Sun","fromhour":"4","tohour":"6","week1":"1","week2":"1","week3":"1","week4":"1","week5":"1","holidays":"0","blocksweepid":"1639873","cleaning_days_abbr":"MTuWThFSaSu"}},{"type":"Feature","geometry":{"type":"LineString","coordinates":[[-122.40729400525,37.794137811566],[-122.40753225935,37.794107501563]]},"properties":{":id":"row-yfg3-ujxw~7rn6",":version":"rv-4c4j~rbeg-bj32",":created_at":"2026-03-10T12:37:08.575Z",":updated_at":"2026-03-10T12:37:08.575Z","cnn":"4091001","corridor":"Clay St","limits":"Spofford St  -  Hangah St","cnnrightleft":"L","blockside":null,"fullname":"Sunday","weekday":"Sun","fromhour":"2","tohour":"6","week1":"1","week2":"1","week3":"1","week4":"1","week5":"1","holidays":"1","blocksweepid":"1637069","cleaning_days_abbr":"TuThSu"}},{"type":"Feature","geometry":{"type":"LineString","coordinates":[[-122.388200344111,37.741889062717],[-122.388300963435,37.741814428315],[-122.388505421265,37.741234605425],[-122.388475894209,37.741107632071]]},"properties":{":id":"row-58rn~cgcw-su4p",":version":"rv-cx72-rkmw-akdx",":created_at":"2026-03-10T12:37:08.575Z",":updated_at":"2026-03-10T12:37:08.575Z","cnn":"203201","corridor":"03rd St","limits":"Fairfax Ave  -  Galvez Ave","cnnrightleft":"R","blockside":"West","fullname":"Sunday","weekday":"Sun","fromhour":"2","tohour":"6","week1":"1","week2":"1","week3":"1","week4":"1","week5":"1","holidays":"1","blocksweepid":"1613813","cleaning_days_abbr":"MTuWThFSaSu"}},{"type":"Feature","geometry":{"type":"LineString","coordinates":[[-122.409775108526,37.786658874648],[-122.409874016327,37.787149143318]]},"properties":{":id":"row-tw9g.wu3c-3hs3",":version":"rv-ibw7_u6bi.8y34",":created_at":"2026-03-10T12:37:08.575Z",":updated_at":"2026-03-10T12:37:08.575Z","cnn":"8803000","corridor":"Mason St","limits":"Elwood St  -  Geary St","cnnrightleft":"R","blockside":"East","fullname":"Sunday","weekday":"Sun","fromhour":"2","tohour":"6","week1":"1","week2":"1","week3":"1","week4":"1","week5":"1","holidays":"0","blocksweepid":"1628017","cleaning_days_abbr":"TuThSu"}},{"type":"Feature","geometry":{"type":"LineString","coordinates":[[-122.399798024477,37.788007160065],[-122.400503096316,37.787450498776]]},"properties":{":id":"row-buxk-2xz8_kp8a",":version":"rv-gdmh~4izv-xrpd",":created_at":"2026-03-10T12:37:08.575Z",":updated_at":"2026-03-10T12:37:08.575Z","cnn":"9092000","corridor":"Mission St","limits":"02nd St  -  New Montgomery St","cnnrightleft":"R","blockside":"NorthWest","fullname":"Sunday","weekday":"Sun","fromhour":"2","tohour":"6","week1":"1","week2":"1","week3":"1","week4":"1","week5":"1","holidays":"1","blocksweepid":"1618500","cleaning_days_abbr":"MTuWThFSaSu"}},{"type":"Feature","geometry":{"type":"LineString","coordinates":[[-122.46427917012,37.781018921641],[-122.464412579719,37.781081500208],[-122.465239134689,37.781048911396],[-122.465352870998,37.780965490787]]},"properties":{":id":"row-cfdc~d9gj.adrt",":version":"rv-dv4f~yiif_bffh",":created_at":"2026-03-10T12:37:08.575Z",":updated_at":"2026-03-10T12:37:08.575Z","cnn":"6062201","corridor":"Geary Blvd","limits":"06th Ave  -  07th Ave","cnnrightleft":"R","blockside":"North","fullname":"Sunday","weekday":"Sun","fromhour":"7","tohour":"8","week1":"1","week2":"1","week3":"1","week4":"1","week5":"1","holidays":"0","blocksweepid":"1611370","cleaning_days_abbr":"TuThSu"}},{"type":"Feature","geometry":{"type":"LineString","coordinates":[[-122.422186438845,37.77290912284],[-122.422594766565,37.772586914797],[-122.422619690436,37.772502817369]]},"properties":{":id":"row-63ck.bygy_iqec",":version":"rv-hi4e~sf6m_tjqn",":created_at":"2026-03-10T12:37:08.575Z",":updated_at":"2026-03-10T12:37:08.575Z","cnn":"8758202","corridor":"Market St","limits":"Gough St  -  Valencia St","cnnrightleft":"R","blockside":"NorthWest","fullname":"Sunday","weekday":"Sun","fromhour":"5","tohour":"7","week1":"1","week2":"1","week3":"1","week4":"1","week5":"1","holidays":"1","blocksweepid":"1618002","cleaning_days_abbr":"MTuWThFSaSu"}},{"type":"Feature","geometry":{"type":"LineString","coordinates":[[-122.419052606406,37.758632566983],[-122.419011533299,37.758199785454]]},"properties":{":id":"row-5gz8_mzaq.pbpb",":version":"rv-dp8x_hhd8~9r6a",":created_at":"2026-03-10T12:37:08.575Z",":updated_at":"2026-03-10T12:37:08.575Z","cnn":"9122001","corridor":"Mission St","limits":"20th St  -  Catherine Ct","cnnrightleft":"L","blockside":null,"fullname":"Sunday","weekday":"Sun","fromhour":"4","tohour":"6","week1":"1","week2":"1","week3":"1","week4":"1","week5":"1","holidays":"0","blocksweepid":"1641250","cleaning_days_abbr":"MTuWThFSaSu"}},{"type":"Feature","geometry":{"type":"LineString","coordinates":[[-122.442661526889,37.714567198279],[-122.443345610193,37.713928189631]]},"properties":{":id":"row-3e7e-uai4~uh7k",":version":"rv-t3zz.734b~vqrv",":created_at":"2026-03-10T12:37:08.575Z",":updated_at":"2026-03-10T12:37:08.575Z","cnn":"9183000","corridor":"Mission St","limits":"Mount Vernon Ave  -  Concord St","cnnrightleft":"L","blockside":"SouthEast","fullname":"Sunday","weekday":"Sun","fromhour":"5","tohour":"7","week1":"1","week2":"1","week3":"1","week4":"1","week5":"1","holidays":"0","blocksweepid":"1626593","cleaning_days_abbr":"MTuWThFSaSu"}},{"type":"Feature","geometry":{"type":"LineString","coordinates":[[-122.418221170888,37.748165688851],[-122.419121300714,37.746775140348]]},"properties":{":id":"row-9nk5~a2j7-j8g3",":version":"rv-spvu-ifc8~cbk6",":created_at":"2026-03-10T12:37:08.575Z",":updated_at":"2026-03-10T12:37:08.575Z","cnn":"9129000","corridor":"Mission St","limits":"Cesar Chavez St  -  Precita Ave","cnnrightleft":"R","blockside":"NorthWest","fullname":"Sunday","weekday":"Sun","fromhour":"5","tohour":"7","week1":"1","week2":"1","week3":"1","week4":"1","week5":"1","holidays":"0","blocksweepid":"1599881","cleaning_days_abbr":"MTuWThFSaSu"}},{"type":"Feature","geometry":{"type":"LineString","coordinates":[[-122.417104135557,37.774325287386],[-122.41718651098,37.774226333359],[-122.417649272937,37.773841986278],[-122.418030232412,37.773474420272]]},"properties":{":id":"row-rhu3~dc9c_v6qr",":version":"rv-zveu~2jgs.tq35",":created_at":"2026-03-10T12:37:08.575Z",":updated_at":"2026-03-10T12:37:08.575Z","cnn":"9109101","corridor":"Mission St","limits":"11th St  -  Lafayette St","cnnrightleft":"L","blockside":"SouthEast","fullname":"Sunday","weekday":"Sun","fromhour":"2","tohour":"6","week1":"1","week2":"1","week3":"1","week4":"1","week5":"1","holidays":"1","blocksweepid":"1618969","cleaning_days_abbr":"MTuWThFSaSu"}},{"type":"Feature","geometry":{"type":"LineString","coordinates":[[-122.417145611924,37.781447495006],[-122.417338880528,37.782378943181]]},"properties":{":id":"row-2sms_s7du-9eic",":version":"rv-39rn-qyw8.rkxw",":created_at":"2026-03-10T12:37:08.575Z",":updated_at":"2026-03-10T12:37:08.575Z","cnn":"8124000","corridor":"Larkin St","limits":"Golden Gate Ave  -  Turk St","cnnrightleft":"R","blockside":"East","fullname":"Sunday","weekday":"Sun","fromhour":"6","tohour":"8","week1":"1","week2":"1","week3":"1","week4":"1","week5":"1","holidays":"0","blocksweepid":"1616649","cleaning_days_abbr":"TuThSu"}},{"type":"Feature","geometry":{"type":"LineString","coordinates":[[-122.449308666783,37.709946203641],[-122.450095486223,37.709679912839]]},"properties":{":id":"row-sjen-g8m7_7fyd",":version":"rv-jqqq-srz4~2qi4",":created_at":"2026-03-10T12:37:08.575Z",":updated_at":"2026-03-10T12:37:08.575Z","cnn":"9193000","corridor":"Mission St","limits":"Farragut Ave  -  Laura St","cnnrightleft":"R","blockside":"North","fullname":"Sunday","weekday":"Sun","fromhour":"5","tohour":"7","week1":"1","week2":"1","week3":"1","week4":"1","week5":"1","holidays":"0","blocksweepid":"1600115","cleaning_days_abbr":"MTuWThFSaSu"}},{"type":"Feature","geometry":{"type":"LineString","coordinates":[[-122.426309438393,37.769602597207],[-122.426322811779,37.769465101797],[-122.426858290165,37.769042389187]]},"properties":{":id":"row-n5qx~z8gr-bwis",":version":"rv-iysn~eibq_u2ah",":created_at":"2026-03-10T12:37:08.575Z",":updated_at":"2026-03-10T12:37:08.575Z","cnn":"8762101","corridor":"Market St","limits":"Buchanan St  -  Dolores St","cnnrightleft":"R","blockside":"NorthWest","fullname":"Sunday","weekday":"Sun","fromhour":"8","tohour":"9","week1":"1","week2":"1","week3":"1","week4":"1","week5":"1","holidays":"0","blocksweepid":"1618116"}},{"type":"Feature","geometry":{"type":"LineString","coordinates":[[-122.476764599089,37.743002633011],[-122.477836242823,37.742955572382]]},"properties":{":id":"row-h3u9~iz72.cak5",":version":"rv-uvxi.jkck_9iqb",":created_at":"2026-03-10T12:37:08.575Z",":updated_at":"2026-03-10T12:37:08.575Z","cnn":"12396000","corridor":"Taraval St","limits":"20th Ave  -  21st Ave","cnnrightleft":"R","blockside":"North","fullname":"Sunday","weekday":"Sun","fromhour":"2","tohour":"4","week1":"1","week2":"1","week3":"1","week4":"1","week5":"1","holidays":"1","blocksweepid":"1598184","cleaning_days_abbr":"TuThSu"}},{"type":"Feature","geometry":{"type":"LineString","coordinates":[[-122.404266873046,37.784478744544],[-122.404864793932,37.784006613234]]},"properties":{":id":"row-x829_hba2~dupf",":version":"rv-2gec-am8z.gysy",":created_at":"2026-03-10T12:37:08.575Z",":updated_at":"2026-03-10T12:37:08.575Z","cnn":"9096001","corridor":"Mission St","limits":"04th St  -  Jessie East St","cnnrightleft":"L","blockside":null,"fullname":"Sunday","weekday":"Sun","fromhour":"2","tohour":"6","week1":"1","week2":"1","week3":"1","week4":"1","week5":"1","holidays":"1","blocksweepid":"1618954","cleaning_days_abbr":"MTuWThFSaSu"}},{"type":"Feature","geometry":{"type":"LineString","coordinates":[[-122.412340302604,37.786834512357],[-122.413161444271,37.786729744902]]},"properties":{":id":"row-agae-6cbr_zhxt",":version":"rv-55s2-g6is_bua9",":created_at":"2026-03-10T12:37:08.575Z",":updated_at":"2026-03-10T12:37:08.575Z","cnn":"6113000","corridor":"Geary St","limits":"Shannon St  -  Jones St","cnnrightleft":"L","blockside":"South","fullname":"Sunday","weekday":"Sun","fromhour":"6","tohour":"8","week1":"1","week2":"1","week3":"1","week4":"1","week5":"1","holidays":"0","blocksweepid":"1622101","cleaning_days_abbr":"TuThSu"}},{"type":"Feature","geometry":{"type":"LineString","coordinates":[[-122.421968761687,37.742375398498],[-122.422083785231,37.742197553341]]},"properties":{":id":"row-37sf-ksye_d4ak",":version":"rv-rrcb.dqgg-f9m8",":created_at":"2026-03-10T12:37:08.575Z",":updated_at":"2026-03-10T12:37:08.575Z","cnn":"9137000","corridor":"Mission St","limits":"30th St  -  Eugenia Ave","cnnrightleft":"L","blockside":"SouthEast","fullname":"Sunday","weekday":"Sun","fromhour":"5","tohour":"7","week1":"1","week2":"1","week3":"1","week4":"1","week5":"1","holidays":"0","blocksweepid":"1619270","cleaning_days_abbr":"MTuWThFSaSu"}},{"type":"Feature","geometry":{"type":"LineString","coordinates":[[-122.395064952238,37.780700560209],[-122.39463146327,37.780354395261]]},"properties":{":id":"row-nqiw-d9b9_fqm4",":version":"rv-688s~uwsr.8x5m",":created_at":"2026-03-10T12:37:08.575Z",":updated_at":"2026-03-10T12:37:08.575Z","cnn":"177000","corridor":"03rd St","limits":"South Park  -  Varney Pl","cnnrightleft":"L","blockside":"NorthEast","fullname":"Sunday","weekday":"Sun","fromhour":"2","tohour":"6","week1":"1","week2":"1","week3":"1","week4":"1","week5":"1","holidays":"1","blocksweepid":"1628670","cleaning_days_abbr":"MTuWThFSaSu"}},{"type":"Feature","geometry":{"type":"LineString","coordinates":[[-122.427462057785,37.768770498752],[-122.4286352489,37.767845697206],[-122.428657163625,37.767734888173]]},"properties":{":id":"row-jup6-tmas~zme7",":version":"rv-kyzz_jf4t.5nwu",":created_at":"2026-03-10T12:37:08.575Z",":updated_at":"2026-03-10T12:37:08.575Z","cnn":"8762202","corridor":"Market St","limits":"Reservoir St  -  14th St","cnnrightleft":"R","blockside":"NorthWest","fullname":"Sunday","weekday":"Sun","fromhour":"2","tohour":"6","week1":"1","week2":"1","week3":"1","week4":"1","week5":"1","holidays":"1","blocksweepid":"1625955","cleaning_days_abbr":"MTuWThFSaSu"}},{"type":"Feature","geometry":{"type":"LineString","coordinates":[[-122.408430886462,37.796703902691],[-122.408557722805,37.797327198682]]},"properties":{":id":"row-s7tt.exqh_uyny",":version":"rv-9awe.x34z.rifk",":created_at":"2026-03-10T12:37:08.575Z",":updated_at":"2026-03-10T12:37:08.575Z","cnn":"12208000","corridor":"Stockton St","limits":"Pacific Ave  -  Stark St","cnnrightleft":"L","blockside":"West","fullname":"Sunday","weekday":"Sun","fromhour":"2","tohour":"6","week1":"1","week2":"1","week3":"1","week4":"1","week5":"1","holidays":"1","blocksweepid":"1624674","cleaning_days_abbr":"MTuWThFSaSu"}},{"type":"Feature","geometry":{"type":"LineString","coordinates":[[-122.394747579196,37.794479718642],[-122.394859912759,37.794458682339],[-122.39627813127,37.793341735339],[-122.396302004798,37.79325635015]]},"properties":{":id":"row-urri~v3ga-uh5m",":version":"rv-8i2j~5kvs-tf98",":created_at":"2026-03-10T12:37:08.575Z",":updated_at":"2026-03-10T12:37:08.575Z","cnn":"8737201","corridor":"Market St","limits":"Steuart St  -  Drumm St","cnnrightleft":"R","blockside":"NorthWest","fullname":"Sunday","weekday":"Sun","fromhour":"5","tohour":"7","week1":"1","week2":"1","week3":"1","week4":"1","week5":"1","holidays":"1","blocksweepid":"1617972","cleaning_days_abbr":"MTuWThFSaSu"}},{"type":"Feature","geometry":{"type":"LineString","coordinates":[[-122.403841563565,37.789829338933],[-122.403934377342,37.790286026208]]},"properties":{":id":"row-fpwk-kt2t.7gsw",":version":"rv-hnba.m2j7.uciu",":created_at":"2026-03-10T12:37:08.575Z",":updated_at":"2026-03-10T12:37:08.575Z","cnn":"7751000","corridor":"Kearny St","limits":"Sutter St  -  Hardie Pl","cnnrightleft":"R","blockside":"East","fullname":"Sunday","weekday":"Sun","fromhour":"2","tohour":"6","week1":"1","week2":"1","week3":"1","week4":"1","week5":"1","holidays":"1","blocksweepid":"1623934","cleaning_days_abbr":"MTuWThFSaSu"}},{"type":"Feature","geometry":{"type":"LineString","coordinates":[[-122.406398878228,37.786615347195],[-122.406589883972,37.78756802487]]},"properties":{":id":"row-nfeh-qsuk-2s7u",":version":"rv-s63h~zyiw.n9ds",":created_at":"2026-03-10T12:37:08.575Z",":updated_at":"2026-03-10T12:37:08.575Z","cnn":"12195000","corridor":"Stockton St","limits":"O'Farrell St  -  Geary St","cnnrightleft":"R","blockside":"East","fullname":"Sunday","weekday":"Sun","fromhour":"2","tohour":"6","week1":"1","week2":"1","week3":"1","week4":"1","week5":"1","holidays":"0","blocksweepid":"1639371","cleaning_days_abbr":"TuThSu"}},{"type":"Feature","geometry":{"type":"LineString","coordinates":[[-122.404679934447,37.798118445752],[-122.405473070568,37.798016956507]]},"properties":{":id":"row-sgqb-hnmh-9pe4",":version":"rv-6wy4.2ieq-z6ck",":created_at":"2026-03-10T12:37:08.575Z",":updated_at":"2026-03-10T12:37:08.575Z","cnn":"3150000","corridor":"Broadway","limits":"Rowland St  -  Kearny St","cnnrightleft":"R","blockside":"North","fullname":"Sunday","weekday":"Sun","fromhour":"4","tohour":"6","week1":"1","week2":"1","week3":"1","week4":"1","week5":"1","holidays":"0","blocksweepid":"1635105","cleaning_days_abbr":"MTuWThFSaSu"}},{"type":"Feature","geometry":{"type":"LineString","coordinates":[[-122.398930331179,37.783784933736],[-122.397942939431,37.782997897616]]},"properties":{":id":"row-ejh4.7sft_cmwy",":version":"rv-wmkt-rqut.utau",":created_at":"2025-06-19T16:07:35.272Z",":updated_at":"2025-06-19T16:07:35.272Z","cnn":"170000","corridor":"03rd St","limits":"Folsom St  -  Saint Francis Pl","cnnrightleft":"R","blockside":"SouthWest","fullname":"Sunday","weekday":"Sun","fromhour":"2","tohour":"6","week1":"1","week2":"1","week3":"1","week4":"1","week5":"1","holidays":"1","blocksweepid":"1628681","cleaning_days_abbr":"MTuWThFSaSu"}},{"type":"Feature","geometry":{"type":"LineString","coordinates":[[-122.40803623664,37.78640961353],[-122.408941027974,37.786295916211]]},"properties":{":id":"row-752q_9i6g~5mna",":version":"rv-3q4f~2ew4~tig8",":created_at":"2026-03-10T12:37:08.575Z",":updated_at":"2026-03-10T12:37:08.575Z","cnn":"9723000","corridor":"O'Farrell St","limits":"Powell St  -  Cyril Magnin St","cnnrightleft":"L","blockside":"South","fullname":"Sunday","weekday":"Sun","fromhour":"2","tohour":"6","week1":"1","week2":"1","week3":"1","week4":"1","week5":"1","holidays":"0","blocksweepid":"1603619","cleaning_days_abbr":"TuThSu"}},{"type":"Feature","geometry":{"type":"LineString","coordinates":[[-122.415882538495,37.783515640808],[-122.417528773794,37.783310889584]]},"properties":{":id":"row-9e2p.fu2t.p85f",":version":"rv-ntd9.ymk6~unaq",":created_at":"2026-03-10T12:37:08.575Z",":updated_at":"2026-03-10T12:37:08.575Z","cnn":"5063000","corridor":"Eddy St","limits":"Hyde St  -  Larkin St","cnnrightleft":"L","blockside":"South","fullname":"Sunday","weekday":"Sun","fromhour":"6","tohour":"8","week1":"1","week2":"1","week3":"1","week4":"1","week5":"1","holidays":"0","blocksweepid":"1630989","cleaning_days_abbr":"TuThSu"}},{"type":"Feature","geometry":{"type":"LineString","coordinates":[[-122.405346079026,37.786747618663],[-122.406398878228,37.786615347195]]},"properties":{":id":"row-6vyv~suem~hqxb",":version":"rv-zasg.e993-tcrg",":created_at":"2026-03-10T12:37:08.575Z",":updated_at":"2026-03-10T12:37:08.575Z","cnn":"9721000","corridor":"O'Farrell St","limits":"Security Pacific Pl  -  Stockton St","cnnrightleft":"L","blockside":"South","fullname":"Sunday","weekday":"Sun","fromhour":"2","tohour":"6","week1":"1","week2":"1","week3":"1","week4":"1","week5":"1","holidays":"0","blocksweepid":"1603617","cleaning_days_abbr":"TuThSu"}},{"type":"Feature","geometry":{"type":"LineString","coordinates":[[-122.391840525275,37.778125697956],[-122.39112141836,37.777553276909]]},"properties":{":id":"row-efxd~22hj.5nf7",":version":"rv-fpaf~c3rp~hd6c",":created_at":"2026-03-10T12:37:08.575Z",":updated_at":"2026-03-10T12:37:08.575Z","cnn":"181000","corridor":"03rd St","limits":"King St  -  Berry St","cnnrightleft":"R","blockside":"SouthWest","fullname":"Sunday","weekday":"Sun","fromhour":"2","tohour":"6","week1":"1","week2":"1","week3":"1","week4":"1","week5":"1","holidays":"1","blocksweepid":"1613783","cleaning_days_abbr":"MTuWThFSaSu"}},{"type":"Feature","geometry":{"type":"LineString","coordinates":[[-122.398264448474,37.791716058294],[-122.398368505577,37.791695324432],[-122.399122508492,37.791101433013],[-122.399148598539,37.791016649255]]},"properties":{":id":"row-2umh_ncuw-m2g9",":version":"rv-ca6b-fxb8_zkwh",":created_at":"2026-03-10T12:37:08.575Z",":updated_at":"2026-03-10T12:37:08.575Z","cnn":"8741201","corridor":"Market St","limits":"Front St  -  Bush St","cnnrightleft":"R","blockside":"NorthWest","fullname":"Sunday","weekday":"Sun","fromhour":"5","tohour":"7","week1":"1","week2":"1","week3":"1","week4":"1","week5":"1","holidays":"1","blocksweepid":"1617976","cleaning_days_abbr":"MTuWThFSaSu"}},{"type":"Feature","geometry":{"type":"LineString","coordinates":[[-122.477836242823,37.742955572382],[-122.47890479421,37.742908637602]]},"properties":{":id":"row-c5sn.pxvr.upa8",":version":"rv-2dq5-kvye~te5g",":created_at":"2026-03-10T12:37:08.575Z",":updated_at":"2026-03-10T12:37:08.575Z","cnn":"12397000","corridor":"Taraval St","limits":"21st Ave  -  22nd Ave","cnnrightleft":"R","blockside":"North","fullname":"Sunday","weekday":"Sun","fromhour":"2","tohour":"4","week1":"1","week2":"1","week3":"1","week4":"1","week5":"1","holidays":"1","blocksweepid":"1598185","cleaning_days_abbr":"TuThSu"}},{"type":"Feature","geometry":{"type":"LineString","coordinates":[[-122.503104759293,37.735466491501],[-122.503202508107,37.735382428464],[-122.505127431735,37.735375465657],[-122.505257352258,37.735475288106]]},"properties":{":id":"row-mwdn.xike-kd2z",":version":"rv-uuck~zegc.9ucz",":created_at":"2026-03-10T12:37:08.575Z",":updated_at":"2026-03-10T12:37:08.575Z","cnn":"11963101","corridor":"Sloat Blvd","limits":"45th Ave  -  47th Ave","cnnrightleft":"L","blockside":"South","fullname":"Sunday","weekday":"Sun","fromhour":"5","tohour":"7","week1":"1","week2":"1","week3":"1","week4":"1","week5":"1","holidays":"0","blocksweepid":"1621595","cleaning_days_abbr":"MTuWThFSaSu"}},{"type":"Feature","geometry":{"type":"LineString","coordinates":[[-122.41607173455,37.78444884161],[-122.416259705784,37.785375974611]]},"properties":{":id":"row-dx7f~9hn6_rxk2",":version":"rv-ini4~7922-cvm2",":created_at":"2026-03-10T12:37:08.575Z",":updated_at":"2026-03-10T12:37:08.575Z","cnn":"7118000","corridor":"Hyde St","limits":"Ellis St  -  O'Farrell St","cnnrightleft":"R","blockside":"East","fullname":"Sunday","weekday":"Sun","fromhour":"6","tohour":"8","week1":"1","week2":"1","week3":"1","week4":"1","week5":"1","holidays":"0","blocksweepid":"1608267","cleaning_days_abbr":"TuThSu"}},{"type":"Feature","geometry":{"type":"LineString","coordinates":[[-122.388306067817,37.781798235203],[-122.388395255431,37.781910111278],[-122.388381414425,37.782138564427],[-122.388374811398,37.78248014995],[-122.388208280512,37.784631238018],[-122.388023343662,37.78477361415]]},"properties":{":id":"row-5j9u.ea6w_vbq4",":version":"rv-gzbj-5jva.v2c8",":created_at":"2026-03-10T12:37:08.575Z",":updated_at":"2026-03-10T12:37:08.575Z","cnn":"12547101","corridor":"The Embarcadero","limits":"Townsend St  -  Brannan St","cnnrightleft":"L","blockside":"West","fullname":"Sunday","weekday":"Sun","fromhour":"1","tohour":"3","week1":"1","week2":"1","week3":"1","week4":"1","week5":"1","holidays":"1","blocksweepid":"1639568","cleaning_days_abbr":"MTuWThFSaSu"}},{"type":"Feature","geometry":{"type":"LineString","coordinates":[[-122.398695702376,37.798880967338],[-122.399873457754,37.798729001446]]},"properties":{":id":"row-yjvt-b83t_3jbi",":version":"rv-7wpn.tnju-wjwt",":created_at":"2026-03-10T12:37:08.575Z",":updated_at":"2026-03-10T12:37:08.575Z","cnn":"3143000","corridor":"Broadway","limits":"Davis St  -  Front St","cnnrightleft":"R","blockside":"North","fullname":"Sunday","weekday":"Sun","fromhour":"4","tohour":"6","week1":"1","week2":"1","week3":"1","week4":"1","week5":"1","holidays":"0","blocksweepid":"1635098","cleaning_days_abbr":"MTuWThFSaSu"}},{"type":"Feature","geometry":{"type":"LineString","coordinates":[[-122.387128522238,37.745070439904],[-122.387225845559,37.744913591942],[-122.387244914801,37.744818906723],[-122.387391530189,37.744398327258],[-122.387372607331,37.744259406508]]},"properties":{":id":"row-vwz7-agus.xwbd",":version":"rv-xxz9.fiwm_v8cj",":created_at":"2026-03-10T12:37:08.575Z",":updated_at":"2026-03-10T12:37:08.575Z","cnn":"199201","corridor":"03rd St","limits":"Burke Ave  -  Custer Ave","cnnrightleft":"R","blockside":"West","fullname":"Sunday","weekday":"Sun","fromhour":"2","tohour":"6","week1":"1","week2":"1","week3":"1","week4":"1","week5":"1","holidays":"1","blocksweepid":"1613808","cleaning_days_abbr":"MTuWThFSaSu"}},{"type":"Feature","geometry":{"type":"LineString","coordinates":[[-122.419547853966,37.784960259485],[-122.421192974629,37.7847534462]]},"properties":{":id":"row-s3ab.5dxg_9yxk",":version":"rv-byyw~n3p6.f9km",":created_at":"2026-03-10T12:37:08.575Z",":updated_at":"2026-03-10T12:37:08.575Z","cnn":"9735000","corridor":"O'Farrell St","limits":"Polk St  -  Van Ness Ave","cnnrightleft":"L","blockside":"South","fullname":"Sunday","weekday":"Sun","fromhour":"6","tohour":"8","week1":"1","week2":"1","week3":"1","week4":"1","week5":"1","holidays":"0","blocksweepid":"1603713","cleaning_days_abbr":"TuThSu"}},{"type":"Feature","geometry":{"type":"LineString","coordinates":[[-122.407619809564,37.796804077267],[-122.408430886462,37.796703902691]]},"properties":{":id":"row-c4e7~f5an~a85h",":version":"rv-qwdk_6h3d.9nqm",":created_at":"2026-03-10T12:37:08.575Z",":updated_at":"2026-03-10T12:37:08.575Z","cnn":"10128000","corridor":"Pacific Ave","limits":"Pelton Aly  -  Stockton St","cnnrightleft":"L","blockside":"South","fullname":"Sunday","weekday":"Sun","fromhour":"2","tohour":"6","week1":"1","week2":"1","week3":"1","week4":"1","week5":"1","holidays":"1","blocksweepid":"1603948","cleaning_days_abbr":"TuThSu"}},{"type":"Feature","geometry":{"type":"LineString","coordinates":[[-122.424040148497,37.737406246878],[-122.424063399557,37.73723972967],[-122.424235083638,37.736737479973]]},"properties":{":id":"row-xbx2-iy23.dg3b",":version":"rv-ypi3.4gw7_yyxg",":created_at":"2026-03-10T12:37:08.575Z",":updated_at":"2026-03-10T12:37:08.575Z","cnn":"9144000","corridor":"Mission St","limits":"Highland Ave  -  Park St","cnnrightleft":"L","blockside":"East","fullname":"Sunday","weekday":"Sun","fromhour":"5","tohour":"7","week1":"1","week2":"1","week3":"1","week4":"1","week5":"1","holidays":"0","blocksweepid":"1641378","cleaning_days_abbr":"MTuWThFSaSu"}},{"type":"Feature","geometry":{"type":"LineString","coordinates":[[-122.419506293804,37.776368870039],[-122.41944856281,37.776475850972],[-122.419598140853,37.777211798877],[-122.419693565872,37.777299856161]]},"properties":{":id":"row-sjcu.k29a-8qib",":version":"rv-sjgc~xhpt-7xwa",":created_at":"2026-03-10T12:37:08.575Z",":updated_at":"2026-03-10T12:37:08.575Z","cnn":"13144201","corridor":"Van Ness Ave","limits":"Fell St  -  Hayes St","cnnrightleft":"R","blockside":"East","fullname":"Sunday","weekday":"Sun","fromhour":"4","tohour":"6","week1":"1","week2":"1","week3":"1","week4":"1","week5":"1","holidays":"0","blocksweepid":"1639870","cleaning_days_abbr":"MTuWThFSaSu"}},{"type":"Feature","geometry":{"type":"LineString","coordinates":[[-122.415802425062,37.808214054175],[-122.41744593863,37.808013324233]]},"properties":{":id":"row-kdrw.yybs_rzb9",":version":"rv-n8iz-psfn_3a7h",":created_at":"2026-03-10T12:37:08.575Z",":updated_at":"2026-03-10T12:37:08.575Z","cnn":"7457000","corridor":"Jefferson St","limits":"Taylor St  -  Jones St","cnnrightleft":"R","blockside":"North","fullname":"Sunday","weekday":"Sun","fromhour":"1","tohour":"3","week1":"1","week2":"1","week3":"1","week4":"1","week5":"1","holidays":"1","blocksweepid":"1597398","cleaning_days_abbr":"MTuWThFSaSu"}},{"type":"Feature","geometry":{"type":"LineString","coordinates":[[-122.421216457579,37.785232628848],[-122.421299785984,37.785593385164],[-122.421393307556,37.785685802529]]},"properties":{":id":"row-4uag~7tm9~a4yu",":version":"rv-xdjz_2peh_9d6j",":created_at":"2026-03-10T12:37:08.575Z",":updated_at":"2026-03-10T12:37:08.575Z","cnn":"13152202","corridor":"Van Ness Ave","limits":"Alice B Toklas Pl  -  Geary Blvd","cnnrightleft":"R","blockside":"East","fullname":"Sunday","weekday":"Sun","fromhour":"4","tohour":"6","week1":"1","week2":"1","week3":"1","week4":"1","week5":"1","holidays":"0","blocksweepid":"1639884","cleaning_days_abbr":"MTuWThFSaSu"}},{"type":"Feature","geometry":{"type":"LineString","coordinates":[[-122.388200344111,37.741889062717],[-122.388174186568,37.741776578742],[-122.388386724777,37.741173774378],[-122.388475894209,37.741107632071]]},"properties":{":id":"row-6qbf_gwu2.9g8v",":version":"rv-vv5a~p76t~bxrm",":created_at":"2026-03-10T12:37:08.575Z",":updated_at":"2026-03-10T12:37:08.575Z","cnn":"203101","corridor":"03rd St","limits":"Fairfax Ave  -  Galvez Ave","cnnrightleft":"L","blockside":"East","fullname":"Sunday","weekday":"Sun","fromhour":"2","tohour":"6","week1":"1","week2":"1","week3":"1","week4":"1","week5":"1","holidays":"1","blocksweepid":"1629084","cleaning_days_abbr":"MTuWThFSaSu"}},{"type":"Feature","geometry":{"type":"LineString","coordinates":[[-122.405615266245,37.778505104586],[-122.405068509169,37.778068981832]]},"properties":{":id":"row-anxb~y9jr_gezc",":version":"rv-bx3p.kcsp.gzue",":created_at":"2026-03-10T12:37:08.575Z",":updated_at":"2026-03-10T12:37:08.575Z","cnn":"335000","corridor":"06th St","limits":"Folsom St  -  Shipley St","cnnrightleft":"R","blockside":"SouthWest","fullname":"Sunday","weekday":"Sun","fromhour":"4","tohour":"6","week1":"1","week2":"1","week3":"1","week4":"1","week5":"1","holidays":"0","blocksweepid":"1636403","cleaning_days_abbr":"MTuWThFSaSu"}},{"type":"Feature","geometry":{"type":"LineString","coordinates":[[-122.392146619092,37.730642139226],[-122.392113579775,37.73054842683],[-122.392244212094,37.730175010543],[-122.392348747989,37.730066818506]]},"properties":{":id":"row-3kxz~78c6~42ku",":version":"rv-bnsr.2cnq~2qix",":created_at":"2026-03-10T12:37:08.575Z",":updated_at":"2026-03-10T12:37:08.575Z","cnn":"218101","corridor":"03rd St","limits":"Thornton Ave  -  Underwood Ave","cnnrightleft":"L","blockside":"East","fullname":"Sunday","weekday":"Sun","fromhour":"2","tohour":"6","week1":"1","week2":"1","week3":"1","week4":"1","week5":"1","holidays":"1","blocksweepid":"1629100","cleaning_days_abbr":"MTuWThFSaSu"}},{"type":"Feature","geometry":{"type":"LineString","coordinates":[[-122.437045612272,37.771267424403],[-122.437009374453,37.771348361327],[-122.437173804193,37.77213714976],[-122.437234931654,37.772203712438]]},"properties":{":id":"row-sest.rah7-t4sq",":version":"rv-v3j8_gb7n~k2xq",":created_at":"2026-03-10T12:37:08.575Z",":updated_at":"2026-03-10T12:37:08.575Z","cnn":"4799201","corridor":"Divisadero St","limits":"Haight St  -  Page St","cnnrightleft":"R","blockside":"East","fullname":"Sunday","weekday":"Sun","fromhour":"6","tohour":"8","week1":"1","week2":"1","week3":"1","week4":"1","week5":"1","holidays":"0","blocksweepid":"1615253","cleaning_days_abbr":"TuThSu"}},{"type":"Feature","geometry":{"type":"LineString","coordinates":[[-122.420482492199,37.765002196919],[-122.420580608155,37.764996269981]]},"properties":{":id":"row-e3gm-8ci3-j76y",":version":"rv-xxgd.espy_h5cf",":created_at":"2026-03-10T12:37:08.575Z",":updated_at":"2026-03-10T12:37:08.575Z","cnn":"727000","corridor":"16th St","limits":"Wiese St  -  Hoff St","cnnrightleft":"R","blockside":"North","fullname":"Sunday","weekday":"Sun","fromhour":"2","tohour":"6","week1":"1","week2":"1","week3":"1","week4":"1","week5":"1","holidays":"1","blocksweepid":"1613666","cleaning_days_abbr":"MTuWThFSaSu"}},{"type":"Feature","geometry":{"type":"LineString","coordinates":[[-122.416291701103,37.777493843394],[-122.416317106137,37.777410028361],[-122.417392074888,37.776560951931],[-122.417501462483,37.776540893509]]},"properties":{":id":"row-hh3q~4srw.xzqf",":version":"rv-5f45.4gfi-3hy7",":created_at":"2026-03-10T12:37:08.575Z",":updated_at":"2026-03-10T12:37:08.575Z","cnn":"8753101","corridor":"Market St","limits":"Larkin St  -  Polk St","cnnrightleft":"L","blockside":"SouthEast","fullname":"Sunday","weekday":"Sun","fromhour":"5","tohour":"7","week1":"1","week2":"1","week3":"1","week4":"1","week5":"1","holidays":"1","blocksweepid":"1618101","cleaning_days_abbr":"MTuWThFSaSu"}},{"type":"Feature","geometry":{"type":"LineString","coordinates":[[-122.406475551112,37.795144464814],[-122.406652352008,37.796024750166]]},"properties":{":id":"row-ue8i_6dqn-3adu",":version":"rv-j6ez-aqwt-d4yq",":created_at":"2026-03-10T12:37:08.575Z",":updated_at":"2026-03-10T12:37:08.575Z","cnn":"6396000","corridor":"Grant Ave","limits":"Washington St  -  Jackson St","cnnrightleft":"R","blockside":"East","fullname":"Sunday","weekday":"Sun","fromhour":"2","tohour":"6","week1":"1","week2":"1","week3":"1","week4":"1","week5":"1","holidays":"1","blocksweepid":"1606417","cleaning_days_abbr":"MTuWThFSaSu"}},{"type":"Feature","geometry":{"type":"LineString","coordinates":[[-122.407266741027,37.795043667683],[-122.407485197343,37.795015975068]]},"properties":{":id":"row-ngec.x5wx~u7tz",":version":"rv-w9m2~6b9t_653k",":created_at":"2026-03-10T12:37:08.575Z",":updated_at":"2026-03-10T12:37:08.575Z","cnn":"13416000","corridor":"Washington St","limits":"Ross Aly  -  Spofford Ln","cnnrightleft":"L","blockside":"South","fullname":"Sunday","weekday":"Sun","fromhour":"2","tohour":"6","week1":"1","week2":"1","week3":"1","week4":"1","week5":"1","holidays":"1","blocksweepid":"1625551","cleaning_days_abbr":"TuSu"}},{"type":"Feature","geometry":{"type":"LineString","coordinates":[[-122.414918962955,37.748230730689],[-122.41501700478,37.74816954968],[-122.415721819842,37.748158122028],[-122.415862792697,37.748212150197]]},"properties":{":id":"row-fbaf~n466_8ts6",":version":"rv-fg5b~7miy.mm4c",":created_at":"2026-03-10T12:37:08.575Z",":updated_at":"2026-03-10T12:37:08.575Z","cnn":"2487101","corridor":"Cesar Chavez St","limits":"Shotwell St  -  South Van Ness Ave","cnnrightleft":"R","blockside":"North","fullname":"Sunday","weekday":"Sun","fromhour":"6","tohour":"8","week1":"1","week2":"1","week3":"1","week4":"1","week5":"1","holidays":"0","blocksweepid":"1636921","cleaning_days_abbr":"SaSu"}},{"type":"Feature","geometry":{"type":"LineString","coordinates":[[-122.419086067987,37.807803117552],[-122.420743267337,37.807590106843]]},"properties":{":id":"row-sf87~x42v~kh45",":version":"rv-8prc.3kt5-xbs5",":created_at":"2026-03-10T12:37:08.575Z",":updated_at":"2026-03-10T12:37:08.575Z","cnn":"7459000","corridor":"Jefferson St","limits":"Leavenworth St  -  Hyde St","cnnrightleft":"R","blockside":"North","fullname":"Sunday","weekday":"Sun","fromhour":"1","tohour":"3","week1":"1","week2":"1","week3":"1","week4":"1","week5":"1","holidays":"1","blocksweepid":"1597400","cleaning_days_abbr":"MTuWThFSaSu"}},{"type":"Feature","geometry":{"type":"LineString","coordinates":[[-122.405831010893,37.785743989136],[-122.407852519844,37.785491560352]]},"properties":{":id":"row-4wbb-7p3c~d86u",":version":"rv-xp97~vwwp~6mn8",":created_at":"2026-03-10T12:37:08.575Z",":updated_at":"2026-03-10T12:37:08.575Z","cnn":"5169000","corridor":"Ellis St","limits":"Market St  -  Powell St","cnnrightleft":"R","blockside":"North","fullname":"Sunday","weekday":"Sun","fromhour":"6","tohour":"8","week1":"1","week2":"1","week3":"1","week4":"1","week5":"1","holidays":"0","blocksweepid":"1643280","cleaning_days_abbr":"MTuWThFSaSu"}},{"type":"Feature","geometry":{"type":"LineString","coordinates":[[-122.476423522207,37.754242188203],[-122.477548503129,37.754192711805]]},"properties":{":id":"row-fvqr_9zec~fkiu",":version":"rv-dffu~kxk9-va9n",":created_at":"2026-03-10T12:37:08.575Z",":updated_at":"2026-03-10T12:37:08.575Z","cnn":"9653000","corridor":"Noriega St","limits":"19th Ave  -  20th Ave","cnnrightleft":"R","blockside":"North","fullname":"Sunday","weekday":"Sun","fromhour":"2","tohour":"4","week1":"1","week2":"1","week3":"1","week4":"1","week5":"1","holidays":"1","blocksweepid":"1615538","cleaning_days_abbr":"TuThSu"}},{"type":"Feature","geometry":{"type":"LineString","coordinates":[[-122.409245442644,37.781398133902],[-122.408708673446,37.780971182971]]},"properties":{":id":"row-4xuy.fb4a~8x3n",":version":"rv-8hbd-3bm6-2m5r",":created_at":"2026-03-10T12:37:08.575Z",":updated_at":"2026-03-10T12:37:08.575Z","cnn":"328000","corridor":"06th St","limits":"Jessie St  -  Mission St","cnnrightleft":"L","blockside":"NorthEast","fullname":"Sunday","weekday":"Sun","fromhour":"4","tohour":"6","week1":"1","week2":"1","week3":"1","week4":"1","week5":"1","holidays":"0","blocksweepid":"1614294","cleaning_days_abbr":"MTuWThFSaSu"}},{"type":"Feature","geometry":{"type":"LineString","coordinates":[[-122.41880845049,37.781235767171],[-122.418901310084,37.781704787033]]},"properties":{":id":"row-h2gx_4tnw-tpyu",":version":"rv-anyy.q2y4~5h3t",":created_at":"2026-03-10T12:37:08.575Z",":updated_at":"2026-03-10T12:37:08.575Z","cnn":"10552000","corridor":"Polk St","limits":"Golden Gate Ave  -  Elm St","cnnrightleft":"R","blockside":"East","fullname":"Sunday","weekday":"Sun","fromhour":"6","tohour":"8","week1":"1","week2":"1","week3":"1","week4":"1","week5":"1","holidays":"0","blocksweepid":"1619909","cleaning_days_abbr":"TuThSu"}},{"type":"Feature","geometry":{"type":"LineString","coordinates":[[-122.510341319396,37.764000833634],[-122.510406841337,37.763868537312],[-122.510173739086,37.762100947908],[-122.509691140123,37.758430997502],[-122.509195894343,37.754588218589],[-122.508711797707,37.750869183417],[-122.50682375967,37.736220979422],[-122.506795851345,37.735626083924],[-122.506717428299,37.735469757819]]},"properties":{":id":"row-7x7y-bg4i_bi6q",":version":"rv-qmkd.39zf~ajmi",":created_at":"2026-03-10T12:37:08.575Z",":updated_at":"2026-03-10T12:37:08.575Z","cnn":"6436201","corridor":"Great Hwy","limits":"Lincoln Way  -  Sloat Blvd","cnnrightleft":"R","blockside":"West","fullname":"Sunday","weekday":"Sun","fromhour":"2","tohour":"5","week1":"1","week2":"1","week3":"1","week4":"1","week5":"1","holidays":"0","blocksweepid":"1613594","cleaning_days_abbr":"MTuWThFSaSu"}},{"type":"Feature","geometry":{"type":"LineString","coordinates":[[-122.443345610193,37.713928189631],[-122.44370603206,37.713591510834]]},"properties":{":id":"row-73kw_k62a.fpay",":version":"rv-ygs6_wwc7_meer",":created_at":"2026-03-10T12:37:08.575Z",":updated_at":"2026-03-10T12:37:08.575Z","cnn":"9184000","corridor":"Mission St","limits":"Concord St  -  Ottawa Ave","cnnrightleft":"R","blockside":"NorthWest","fullname":"Sunday","weekday":"Sun","fromhour":"5","tohour":"7","week1":"1","week2":"1","week3":"1","week4":"1","week5":"1","holidays":"0","blocksweepid":"1600106","cleaning_days_abbr":"MTuWThFSaSu"}},{"type":"Feature","geometry":{"type":"LineString","coordinates":[[-122.419359267521,37.761835855191],[-122.419206043142,37.760235354983]]},"properties":{":id":"row-5b68~dtsj-isk2",":version":"rv-5nnw_mzr3.ytvd",":created_at":"2026-03-10T12:37:08.575Z",":updated_at":"2026-03-10T12:37:08.575Z","cnn":"9120000","corridor":"Mission St","limits":"18th St  -  19th St","cnnrightleft":"L","blockside":"East","fullname":"Sunday","weekday":"Sun","fromhour":"4","tohour":"6","week1":"1","week2":"1","week3":"1","week4":"1","week5":"1","holidays":"0","blocksweepid":"1641248","cleaning_days_abbr":"MTuWThFSaSu"}},{"type":"Feature","geometry":{"type":"LineString","coordinates":[[-122.388315530569,37.757939705629],[-122.388379927761,37.757839479709],[-122.388189894883,37.756603134545],[-122.388089217463,37.755480972923],[-122.388001120426,37.75538988496]]},"properties":{":id":"row-ui8e_f6qr_bqg3",":version":"rv-fc4r-ydug-r97m",":created_at":"2026-03-10T12:37:08.575Z",":updated_at":"2026-03-10T12:37:08.575Z","cnn":"191201","corridor":"03rd St","limits":"22nd St  -  23rd St","cnnrightleft":"R","blockside":"West","fullname":"Sunday","weekday":"Sun","fromhour":"2","tohour":"6","week1":"1","week2":"1","week3":"1","week4":"1","week5":"1","holidays":"1","blocksweepid":"1613800","cleaning_days_abbr":"MWFSaSu"}},{"type":"Feature","geometry":{"type":"LineString","coordinates":[[-122.382522057226,37.715064587549],[-122.381919558188,37.714697350903],[-122.381740276032,37.714525495486],[-122.381666480405,37.714396754938],[-122.381606162902,37.714243158498],[-122.381590796205,37.712717648874]]},"properties":{":id":"row-kf72.5naj~ejrm",":version":"rv-d85h_k6dw.jdh3",":created_at":"2026-03-10T12:37:08.575Z",":updated_at":"2026-03-10T12:37:08.575Z","cnn":"7096000","corridor":"Hunters Point Expy","limits":"Gilman Ave  -  Unnamed #047","cnnrightleft":"R","blockside":"West","fullname":"Sunday","weekday":"Sun","fromhour":"7","tohour":"8","week1":"1","week2":"1","week3":"1","week4":"1","week5":"1","holidays":"0","blocksweepid":"1609094","cleaning_days_abbr":"WFSaSu"}},{"type":"Feature","geometry":{"type":"LineString","coordinates":[[-122.423673410652,37.771736463592],[-122.424828584124,37.770828786212],[-122.424852598549,37.77074774518]]},"properties":{":id":"row-s7fv-4xh6-655p",":version":"rv-v8u8~quye.cs95",":created_at":"2026-03-10T12:37:08.575Z",":updated_at":"2026-03-10T12:37:08.575Z","cnn":"8760203","corridor":"Market St","limits":"Octavia St  -  Laguna St","cnnrightleft":"R","blockside":null,"fullname":"Sunday","weekday":"Sun","fromhour":"2","tohour":"6","week1":"1","week2":"1","week3":"1","week4":"1","week5":"1","holidays":"1","blocksweepid":"1625952","cleaning_days_abbr":"MTuWThFSaSu"}},{"type":"Feature","geometry":{"type":"LineString","coordinates":[[-122.403430800691,37.787641848946],[-122.403342641146,37.787274627763],[-122.403028192908,37.787024418781]]},"properties":{":id":"row-dbpf_7s77_39yt",":version":"rv-k5ts_z6j3-93qe",":created_at":"2025-06-19T16:07:35.272Z",":updated_at":"2025-06-19T16:07:35.272Z","cnn":"163000","corridor":"03rd St","limits":"Market St  -  Stevenson St","cnnrightleft":"R","blockside":"SouthWest","fullname":"Sunday","weekday":"Sun","fromhour":"2","tohour":"6","week1":"1","week2":"1","week3":"1","week4":"1","week5":"1","holidays":"1","blocksweepid":"1628674","cleaning_days_abbr":"MTuWThFSaSu"}},{"type":"Feature","geometry":{"type":"LineString","coordinates":[[-122.433083398237,37.785150940561],[-122.433905015014,37.78504768772]]},"properties":{":id":"row-vxt9-wuty~2ypx",":version":"rv-8yty~cq9h-rxpm",":created_at":"2026-03-10T12:37:08.575Z",":updated_at":"2026-03-10T12:37:08.575Z","cnn":"10647000","corridor":"Post St","limits":"Fillmore St  -  Avery St","cnnrightleft":"R","blockside":"North","fullname":"Sunday","weekday":"Sun","fromhour":"6","tohour":"8","week1":"1","week2":"1","week3":"1","week4":"1","week5":"1","holidays":"0","blocksweepid":"1630447","cleaning_days_abbr":"TuThSu"}},{"type":"Feature","geometry":{"type":"LineString","coordinates":[[-122.398695702376,37.798880967338],[-122.399873457754,37.798729001446]]},"properties":{":id":"row-yup3.5cuw_h6a8",":version":"rv-u5kb_q3nq-j9d5",":created_at":"2026-03-10T12:37:08.575Z",":updated_at":"2026-03-10T12:37:08.575Z","cnn":"3143000","corridor":"Broadway","limits":"Davis St  -  Front St","cnnrightleft":"L","blockside":"South","fullname":"Sunday","weekday":"Sun","fromhour":"4","tohour":"6","week1":"1","week2":"1","week3":"1","week4":"1","week5":"1","holidays":"0","blocksweepid":"1627460","cleaning_days_abbr":"MTuWThFSaSu"}},{"type":"Feature","geometry":{"type":"LineString","coordinates":[[-122.434027089313,37.789836971894],[-122.434203153098,37.790711174785]]},"properties":{":id":"row-x3i7.6dcu-psfd",":version":"rv-5g2c~q55t~6tuk",":created_at":"2026-03-10T12:37:08.575Z",":updated_at":"2026-03-10T12:37:08.575Z","cnn":"5554000","corridor":"Fillmore St","limits":"Sacramento St  -  Clay St","cnnrightleft":"R","blockside":"East","fullname":"Sunday","weekday":"Sun","fromhour":"6","tohour":"8","week1":"1","week2":"1","week3":"1","week4":"1","week5":"1","holidays":"0","blocksweepid":"1631300","cleaning_days_abbr":"TuThSu"}},{"type":"Feature","geometry":{"type":"LineString","coordinates":[[-122.39112141836,37.777553276909],[-122.390428280161,37.777008006114],[-122.390214567234,37.776723442049]]},"properties":{":id":"row-awn3_p37p-8n5n",":version":"rv-v83x-wrh4-pm23",":created_at":"2026-03-10T12:37:08.575Z",":updated_at":"2026-03-10T12:37:08.575Z","cnn":"182000","corridor":"03rd St","limits":"Berry St  -  Channel St","cnnrightleft":"L","blockside":"NorthEast","fullname":"Sunday","weekday":"Sun","fromhour":"2","tohour":"6","week1":"1","week2":"1","week3":"1","week4":"1","week5":"1","holidays":"1","blocksweepid":"1628938","cleaning_days_abbr":"MTuWThFSaSu"}},{"type":"Feature","geometry":{"type":"LineString","coordinates":[[-122.38515706168,37.718407364049],[-122.385696543951,37.717797082]]},"properties":{":id":"row-pp4y~fmk5.d6ap",":version":"rv-5755_nmkk-gypa",":created_at":"2026-03-10T12:37:08.575Z",":updated_at":"2026-03-10T12:37:08.575Z","cnn":"5588000","corridor":"Arelious Walker Dr","limits":"Egbert Ave  -  Fitzgerald Ave","cnnrightleft":"R","blockside":"NorthWest","fullname":"Sunday","weekday":"Sun","fromhour":"7","tohour":"8","week1":"1","week2":"1","week3":"1","week4":"1","week5":"1","holidays":"0","blocksweepid":"1627261","cleaning_days_abbr":"SaSu"}},{"type":"Feature","geometry":{"type":"LineString","coordinates":[[-122.419512737159,37.763429273393],[-122.41947628774,37.763050839627]]},"properties":{":id":"row-2f99_n3gq.zwqc",":version":"rv-hrbf_qexz-26pb",":created_at":"2026-03-10T12:37:08.575Z",":updated_at":"2026-03-10T12:37:08.575Z","cnn":"9117000","corridor":"Mission St","limits":"17th St  -  Clarion Aly","cnnrightleft":"R","blockside":"West","fullname":"Sunday","weekday":"Sun","fromhour":"4","tohour":"6","week1":"1","week2":"1","week3":"1","week4":"1","week5":"1","holidays":"0","blocksweepid":"1619069","cleaning_days_abbr":"MTuWThFSaSu"}},{"type":"Feature","geometry":{"type":"LineString","coordinates":[[-122.408160792966,37.78053538629],[-122.407691414493,37.780162025776]]},"properties":{":id":"row-32tc-mkxf_suub",":version":"rv-dq8n_wrww-cgzt",":created_at":"2026-03-10T12:37:08.575Z",":updated_at":"2026-03-10T12:37:08.575Z","cnn":"330000","corridor":"06th St","limits":"Minna St  -  Natoma St","cnnrightleft":"R","blockside":"SouthWest","fullname":"Sunday","weekday":"Sun","fromhour":"4","tohour":"6","week1":"1","week2":"1","week3":"1","week4":"1","week5":"1","holidays":"0","blocksweepid":"1636398","cleaning_days_abbr":"MTuWThFSaSu"}},{"type":"Feature","geometry":{"type":"LineString","coordinates":[[-122.435312570521,37.724004909119],[-122.435385086008,37.723909403464]]},"properties":{":id":"row-jvr2-35hw.bz36",":version":"rv-3qap_82we.mung",":created_at":"2026-03-10T12:37:08.575Z",":updated_at":"2026-03-10T12:37:08.575Z","cnn":"9166000","corridor":"Mission St","limits":"San Juan Ave  -  Ocean Ave","cnnrightleft":"R","blockside":"NorthWest","fullname":"Sunday","weekday":"Sun","fromhour":"5","tohour":"7","week1":"1","week2":"1","week3":"1","week4":"1","week5":"1","holidays":"0","blocksweepid":"1626440","cleaning_days_abbr":"MTuWThFSaSu"}},{"type":"Feature","geometry":{"type":"LineString","coordinates":[[-122.40895215881,37.783287852635],[-122.409053198126,37.783267651588],[-122.410271096791,37.78230575713],[-122.410292026651,37.782230575213]]},"properties":{":id":"row-9zkm-9qcw_smxx",":version":"rv-rhe7.xu6m.w3dm",":created_at":"2026-03-10T12:37:08.575Z",":updated_at":"2026-03-10T12:37:08.575Z","cnn":"8749201","corridor":"Market St","limits":"Mason St  -  Taylor St","cnnrightleft":"R","blockside":"NorthWest","fullname":"Sunday","weekday":"Sun","fromhour":"5","tohour":"7","week1":"1","week2":"1","week3":"1","week4":"1","week5":"1","holidays":"1","blocksweepid":"1617988","cleaning_days_abbr":"MTuWThFSaSu"}},{"type":"Feature","geometry":{"type":"LineString","coordinates":[[-122.42175810402,37.787548139832],[-122.421879474265,37.787628332953],[-122.421954906545,37.788001178338]]},"properties":{":id":"row-n3c3~xkj9.e4wr",":version":"rv-yvzr_2acv.acry",":created_at":"2026-03-10T12:37:08.575Z",":updated_at":"2026-03-10T12:37:08.575Z","cnn":"13155101","corridor":"Van Ness Ave","limits":"Sutter St  -  Fern St","cnnrightleft":"L","blockside":"West","fullname":"Sunday","weekday":"Sun","fromhour":"4","tohour":"6","week1":"1","week2":"1","week3":"1","week4":"1","week5":"1","holidays":"0","blocksweepid":"1598995","cleaning_days_abbr":"MTuWThFSaSu"}},{"type":"Feature","geometry":{"type":"LineString","coordinates":[[-122.438329414073,37.720015525127],[-122.438388673816,37.719990500235],[-122.438855031781,37.71937386799],[-122.438863485498,37.7193093603]]},"properties":{":id":"row-ix68.bg7n_dwgy",":version":"rv-7f7j_jumg~mxg7",":created_at":"2026-03-10T12:37:08.575Z",":updated_at":"2026-03-10T12:37:08.575Z","cnn":"9173201","corridor":"Mission St","limits":"France Ave  -  Kenny Aly","cnnrightleft":"R","blockside":"NorthWest","fullname":"Sunday","weekday":"Sun","fromhour":"5","tohour":"7","week1":"1","week2":"1","week3":"1","week4":"1","week5":"1","holidays":"0","blocksweepid":"1626447","cleaning_days_abbr":"MTuWThFSaSu"}},{"type":"Feature","geometry":{"type":"LineString","coordinates":[[-122.412024074642,37.781136160202],[-122.41314804895,37.780993782209]]},"properties":{":id":"row-fy2c~8urt~eza3",":version":"rv-xkb4.h26y_denq",":created_at":"2026-03-10T12:37:08.575Z",":updated_at":"2026-03-10T12:37:08.575Z","cnn":"8888000","corridor":"McAllister St","limits":"Jones St  -  Charles J Brenham Pl","cnnrightleft":"R","blockside":"North","fullname":"Sunday","weekday":"Sun","fromhour":"2","tohour":"6","week1":"1","week2":"1","week3":"1","week4":"1","week5":"1","holidays":"0","blocksweepid":"1599638","cleaning_days_abbr":"MWFSaSu"}},{"type":"Feature","geometry":{"type":"LineString","coordinates":[[-122.432706179502,37.783292591474],[-122.432914248247,37.78435505664]]},"properties":{":id":"row-furr_tawt_ceha",":version":"rv-6tjp.zsux.fzu6",":created_at":"2026-03-10T12:37:08.575Z",":updated_at":"2026-03-10T12:37:08.575Z","cnn":"5546000","corridor":"Fillmore St","limits":"O'Farrell St  -  Geary Blvd","cnnrightleft":"R","blockside":"East","fullname":"Sunday","weekday":"Sun","fromhour":"6","tohour":"8","week1":"1","week2":"1","week3":"1","week4":"1","week5":"1","holidays":"0","blocksweepid":"1631292","cleaning_days_abbr":"TuThSu"}},{"type":"Feature","geometry":{"type":"LineString","coordinates":[[-122.411699930273,37.781177218451],[-122.411985369438,37.780951763547]]},"properties":{":id":"row-dkw8-pwbp.4jc2",":version":"rv-ri6c-9g8c~u9mf",":created_at":"2026-03-10T12:37:08.575Z",":updated_at":"2026-03-10T12:37:08.575Z","cnn":"8750202","corridor":"Market St","limits":"McAllister St  -  Jones St","cnnrightleft":"R","blockside":"NorthWest","fullname":"Sunday","weekday":"Sun","fromhour":"5","tohour":"7","week1":"1","week2":"1","week3":"1","week4":"1","week5":"1","holidays":"1","blocksweepid":"1617990","cleaning_days_abbr":"MTuWThFSaSu"}},{"type":"Feature","geometry":{"type":"LineString","coordinates":[[-122.419181703701,37.783101400225],[-122.420817003141,37.78289412161]]},"properties":{":id":"row-jnjy.98jj-uxft",":version":"rv-rrj7~z6tb-ut2z",":created_at":"2026-03-10T12:37:08.575Z",":updated_at":"2026-03-10T12:37:08.575Z","cnn":"5065000","corridor":"Eddy St","limits":"Polk St  -  Van Ness Ave","cnnrightleft":"L","blockside":"South","fullname":"Sunday","weekday":"Sun","fromhour":"6","tohour":"8","week1":"1","week2":"1","week3":"1","week4":"1","week5":"1","holidays":"0","blocksweepid":"1630991","cleaning_days_abbr":"TuThSu"}},{"type":"Feature","geometry":{"type":"LineString","coordinates":[[-122.404875610531,37.794859533302],[-122.404957208412,37.795326691803]]},"properties":{":id":"row-r5gt~wwts~9sg6",":version":"rv-2zc9~ha9s~maab",":created_at":"2026-03-10T12:37:08.575Z",":updated_at":"2026-03-10T12:37:08.575Z","cnn":"7759000","corridor":"Kearny St","limits":"Merchant St  -  Washington St","cnnrightleft":"L","blockside":"West","fullname":"Sunday","weekday":"Sun","fromhour":"2","tohour":"6","week1":"1","week2":"1","week3":"1","week4":"1","week5":"1","holidays":"1","blocksweepid":"1623926","cleaning_days_abbr":"MTuWThFSaSu"}},{"type":"Feature","geometry":{"type":"LineString","coordinates":[[-122.397669948657,37.799234483026],[-122.398043583368,37.799025853892],[-122.398117361817,37.798990115146],[-122.398216090368,37.798956442984],[-122.398296531935,37.798937872485],[-122.398695702376,37.798880967338]]},"properties":{":id":"row-mm37_62m4-xwdj",":version":"rv-y4gw_qe8b.kk74",":created_at":"2026-03-10T12:37:08.575Z",":updated_at":"2026-03-10T12:37:08.575Z","cnn":"3142000","corridor":"Broadway","limits":"The Embarcadero  -  Davis St","cnnrightleft":"R","blockside":"North","fullname":"Sunday","weekday":"Sun","fromhour":"4","tohour":"6","week1":"1","week2":"1","week3":"1","week4":"1","week5":"1","holidays":"0","blocksweepid":"1635097","cleaning_days_abbr":"MTuWThFSaSu"}},{"type":"Feature","geometry":{"type":"LineString","coordinates":[[-122.395813421117,37.791152808467],[-122.396689694956,37.790461067931]]},"properties":{":id":"row-5a9j_axbr_9m3i",":version":"rv-i6g4~6pt9_yq2c",":created_at":"2026-03-10T12:37:08.575Z",":updated_at":"2026-03-10T12:37:08.575Z","cnn":"9086000","corridor":"Mission St","limits":"Beale St  -  Fremont St","cnnrightleft":"L","blockside":"SouthEast","fullname":"Sunday","weekday":"Sun","fromhour":"2","tohour":"6","week1":"1","week2":"1","week3":"1","week4":"1","week5":"1","holidays":"1","blocksweepid":"1618944","cleaning_days_abbr":"MTuWThFSaSu"}},{"type":"Feature","geometry":{"type":"LineString","coordinates":[[-122.485807575664,37.780037953227],[-122.4859294126,37.780098799049],[-122.48676212973,37.780058392075],[-122.48687804723,37.779993540402]]},"properties":{":id":"row-uev7~nzca_hzme",":version":"rv-k28b~ymqc.ck5u",":created_at":"2026-03-10T12:37:08.575Z",":updated_at":"2026-03-10T12:37:08.575Z","cnn":"6083201","corridor":"Geary Blvd","limits":"26th Ave  -  27th Ave","cnnrightleft":"R","blockside":"North","fullname":"Sunday","weekday":"Sun","fromhour":"7","tohour":"8","week1":"1","week2":"1","week3":"1","week4":"1","week5":"1","holidays":"0","blocksweepid":"1611391","cleaning_days_abbr":"TuThSu"}},{"type":"Feature","geometry":{"type":"LineString","coordinates":[[-122.403579879163,37.788427261877],[-122.403660676944,37.788894429573]]},"properties":{":id":"row-hb8y_k9i7_hmbt",":version":"rv-8856-vt9v_wavx",":created_at":"2026-03-10T12:37:08.575Z",":updated_at":"2026-03-10T12:37:08.575Z","cnn":"7748000","corridor":"Kearny St","limits":"Maiden Ln  -  Post St","cnnrightleft":"L","blockside":"West","fullname":"Sunday","weekday":"Sun","fromhour":"2","tohour":"6","week1":"1","week2":"1","week3":"1","week4":"1","week5":"1","holidays":"1","blocksweepid":"1623915","cleaning_days_abbr":"MTuWThFSaSu"}},{"type":"Feature","geometry":{"type":"LineString","coordinates":[[-122.418618215796,37.773053454473],[-122.418608249938,37.772730907004],[-122.418469322715,37.772322933263],[-122.418352033444,37.772222179964]]},"properties":{":id":"row-46v2-3m9x~qg29",":version":"rv-7ruj_iw2n_cam5",":created_at":"2026-03-10T12:37:08.575Z",":updated_at":"2026-03-10T12:37:08.575Z","cnn":"12016201","corridor":"South Van Ness Ave","limits":"Mission St  -  12th St","cnnrightleft":"R","blockside":"West","fullname":"Sunday","weekday":"Sun","fromhour":"4","tohour":"6","week1":"1","week2":"1","week3":"1","week4":"1","week5":"1","holidays":"0","blocksweepid":"1632472","cleaning_days_abbr":"MTuWThFSaSu"}},{"type":"Feature","geometry":{"type":"LineString","coordinates":[[-122.412220735371,37.782073067927],[-122.412411746542,37.783004078716]]},"properties":{":id":"row-6xnw~fyz2~vy8q",":version":"rv-r2k3-dcmh-g5u9",":created_at":"2026-03-10T12:37:08.575Z",":updated_at":"2026-03-10T12:37:08.575Z","cnn":"7564000","corridor":"Jones St","limits":"Golden Gate Ave  -  Turk St","cnnrightleft":"L","blockside":"West","fullname":"Sunday","weekday":"Sun","fromhour":"6","tohour":"8","week1":"1","week2":"1","week3":"1","week4":"1","week5":"1","holidays":"0","blocksweepid":"1597533","cleaning_days_abbr":"MTuWThFSaSu"}},{"type":"Feature","geometry":{"type":"LineString","coordinates":[[-122.478304879277,37.780381190986],[-122.478414036174,37.780446315528],[-122.479254592411,37.780411917225],[-122.479382975191,37.780334689639]]},"properties":{":id":"row-62v6.gync~b27u",":version":"rv-eerw.hq4j_yw3h",":created_at":"2026-03-10T12:37:08.575Z",":updated_at":"2026-03-10T12:37:08.575Z","cnn":"6076201","corridor":"Geary Blvd","limits":"19th Ave  -  20th Ave","cnnrightleft":"R","blockside":"North","fullname":"Sunday","weekday":"Sun","fromhour":"7","tohour":"8","week1":"1","week2":"1","week3":"1","week4":"1","week5":"1","holidays":"0","blocksweepid":"1611384","cleaning_days_abbr":"TuThSu"}},{"type":"Feature","geometry":{"type":"LineString","coordinates":[[-122.389277654334,37.716961295467],[-122.390205026187,37.717497914175]]},"properties":{":id":"row-9e5f-xtiw_udpz",":version":"rv-zwwn-drcv-r9fi",":created_at":"2026-03-10T12:37:08.575Z",":updated_at":"2026-03-10T12:37:08.575Z","cnn":"7247000","corridor":"Ingerson Ave","limits":"Griffith St  -  Coronado St","cnnrightleft":"R","blockside":"NorthEast","fullname":"Sunday","weekday":"Sun","fromhour":"7","tohour":"8","week1":"1","week2":"1","week3":"1","week4":"1","week5":"1","holidays":"0","blocksweepid":"1623572","cleaning_days_abbr":"MSaSu"}},{"type":"Feature","geometry":{"type":"LineString","coordinates":[[-122.430110918362,37.729930587958],[-122.430157992847,37.729934731875],[-122.430198979408,37.729893487188],[-122.430181237448,37.729859826169]]},"properties":{":id":"row-2xkw~kcks~vn79",":version":"rv-wtqx_csbr~md83",":created_at":"2026-03-10T12:37:08.575Z",":updated_at":"2026-03-10T12:37:08.575Z","cnn":"9152201","corridor":"Mission St","limits":"Ney St  -  Admiral Ave","cnnrightleft":"R","blockside":"NorthWest","fullname":"Sunday","weekday":"Sun","fromhour":"5","tohour":"7","week1":"1","week2":"1","week3":"1","week4":"1","week5":"1","holidays":"0","blocksweepid":"1626426","cleaning_days_abbr":"MTuWThFSaSu"}},{"type":"Feature","geometry":{"type":"LineString","coordinates":[[-122.406667930917,37.797864612499],[-122.407016163317,37.797822302287]]},"properties":{":id":"row-vstw~cimx~yqzx",":version":"rv-3hk6-57es-jttc",":created_at":"2026-03-10T12:37:08.575Z",":updated_at":"2026-03-10T12:37:08.575Z","cnn":"3153000","corridor":"Broadway","limits":"Columbus Ave  -  Grant Ave","cnnrightleft":"L","blockside":"South","fullname":"Sunday","weekday":"Sun","fromhour":"4","tohour":"6","week1":"1","week2":"1","week3":"1","week4":"1","week5":"1","holidays":"0","blocksweepid":"1627502","cleaning_days_abbr":"MTuWThFSaSu"}},{"type":"Feature","geometry":{"type":"LineString","coordinates":[[-122.410953740074,37.800832981544],[-122.411376270209,37.801125132839]]},"properties":{":id":"row-xyrr.wrkw-qcyv",":version":"rv-8h28_btq9.n4n4",":created_at":"2026-03-10T12:37:08.575Z",":updated_at":"2026-03-10T12:37:08.575Z","cnn":"4297000","corridor":"Columbus Ave","limits":"Powell St  -  Filbert St","cnnrightleft":"R","blockside":"NorthEast","fullname":"Sunday","weekday":"Sun","fromhour":"4","tohour":"6","week1":"1","week2":"1","week3":"1","week4":"1","week5":"1","holidays":"0","blocksweepid":"1637292","cleaning_days_abbr":"MTuWThFSaSu"}},{"type":"Feature","geometry":{"type":"LineString","coordinates":[[-122.454664097118,37.746106167961],[-122.454584605283,37.746107032938],[-122.454274933207,37.745908146106],[-122.453959374506,37.745765076735],[-122.453916430186,37.745699922126]]},"properties":{":id":"row-mnkv_r5sh-5q5m",":version":"rv-s8gn~fe53-3ffm",":created_at":"2026-03-10T12:37:08.575Z",":updated_at":"2026-03-10T12:37:08.575Z","cnn":"13716101","corridor":"Woodside Ave","limits":"Idora Ave  -  Ulloa St","cnnrightleft":"L","blockside":"NorthEast","fullname":"Sunday","weekday":"Sun","fromhour":"5","tohour":"7","week1":"1","week2":"1","week3":"1","week4":"1","week5":"1","holidays":"0","blocksweepid":"1635334"}},{"type":"Feature","geometry":{"type":"LineString","coordinates":[[-122.443951627671,37.713362090755],[-122.444571083206,37.712783427274]]},"properties":{":id":"row-gr8r.h338~fmcu",":version":"rv-emd2-6z7m.e3ki",":created_at":"2026-03-10T12:37:08.575Z",":updated_at":"2026-03-10T12:37:08.575Z","cnn":"9186000","corridor":"Mission St","limits":"Florentine Ave  -  Guttenberg St","cnnrightleft":"L","blockside":"SouthEast","fullname":"Sunday","weekday":"Sun","fromhour":"5","tohour":"7","week1":"1","week2":"1","week3":"1","week4":"1","week5":"1","holidays":"0","blocksweepid":"1626596","cleaning_days_abbr":"MTuWThFSaSu"}},{"type":"Feature","geometry":{"type":"LineString","coordinates":[[-122.406129483695,37.793379704657],[-122.406220480026,37.793831753392]]},"properties":{":id":"row-gmjg~mupk-msrf",":version":"rv-yrvk~3hy3-9kvu",":created_at":"2026-03-10T12:37:08.575Z",":updated_at":"2026-03-10T12:37:08.575Z","cnn":"6393000","corridor":"Grant Ave","limits":"Sacramento St  -  Commercial St","cnnrightleft":"L","blockside":"West","fullname":"Sunday","weekday":"Sun","fromhour":"2","tohour":"6","week1":"1","week2":"1","week3":"1","week4":"1","week5":"1","holidays":"1","blocksweepid":"1606421","cleaning_days_abbr":"MTuWThFSaSu"}},{"type":"Feature","geometry":{"type":"LineString","coordinates":[[-122.412413343787,37.778045328617],[-122.413157691449,37.777457419935]]},"properties":{":id":"row-9y5k.6hpv_ceca",":version":"rv-rwe4_tusu~ty42",":created_at":"2026-03-10T12:37:08.575Z",":updated_at":"2026-03-10T12:37:08.575Z","cnn":"9102000","corridor":"Mission St","limits":"Julia St  -  08th St","cnnrightleft":"L","blockside":"SouthEast","fullname":"Sunday","weekday":"Sun","fromhour":"2","tohour":"6","week1":"1","week2":"1","week3":"1","week4":"1","week5":"1","holidays":"1","blocksweepid":"1618962","cleaning_days_abbr":"MTuWThFSaSu"}},{"type":"Feature","geometry":{"type":"LineString","coordinates":[[-122.41936416784,37.784029116242],[-122.419454542879,37.78450084397]]},"properties":{":id":"row-ti5v.44n3_23gz",":version":"rv-trh4~ud3s~bjb6",":created_at":"2026-03-10T12:37:08.575Z",":updated_at":"2026-03-10T12:37:08.575Z","cnn":"10557000","corridor":"Polk St","limits":"Ellis St  -  Olive St","cnnrightleft":"R","blockside":"East","fullname":"Sunday","weekday":"Sun","fromhour":"6","tohour":"8","week1":"1","week2":"1","week3":"1","week4":"1","week5":"1","holidays":"0","blocksweepid":"1619914","cleaning_days_abbr":"TuThSu"}},{"type":"Feature","geometry":{"type":"LineString","coordinates":[[-122.419396888626,37.775422221042],[-122.419491511634,37.775894187088]]},"properties":{":id":"row-5i2v~ijiy~ikre",":version":"rv-x7nb~cifz~ez9g",":created_at":"2026-03-10T12:37:08.575Z",":updated_at":"2026-03-10T12:37:08.575Z","cnn":"13143102","corridor":"Van Ness Ave","limits":"Oak St  -  Hickory St","cnnrightleft":"L","blockside":"West","fullname":"Sunday","weekday":"Sun","fromhour":"4","tohour":"6","week1":"1","week2":"1","week3":"1","week4":"1","week5":"1","holidays":"0","blocksweepid":"1598977","cleaning_days_abbr":"MTuWThFSaSu"}},{"type":"Feature","geometry":{"type":"LineString","coordinates":[[-122.418993273036,37.782169269872],[-122.419181703701,37.783101400225]]},"properties":{":id":"row-c5jf_xiwd~p58w",":version":"rv-uc37.8c8i.ner5",":created_at":"2026-03-10T12:37:08.575Z",":updated_at":"2026-03-10T12:37:08.575Z","cnn":"10554000","corridor":"Polk St","limits":"Turk St  -  Eddy St","cnnrightleft":"R","blockside":"East","fullname":"Sunday","weekday":"Sun","fromhour":"6","tohour":"8","week1":"1","week2":"1","week3":"1","week4":"1","week5":"1","holidays":"0","blocksweepid":"1619911","cleaning_days_abbr":"TuThSu"}},{"type":"Feature","geometry":{"type":"LineString","coordinates":[[-122.402025419687,37.786248152145],[-122.40148983584,37.785829214079]]},"properties":{":id":"row-zq27-zqax.6puu",":version":"rv-g7ji_i5rh_ewmh",":created_at":"2026-03-10T12:37:08.575Z",":updated_at":"2026-03-10T12:37:08.575Z","cnn":"166000","corridor":"03rd St","limits":"Mission St  -  Minna St","cnnrightleft":"L","blockside":"NorthEast","fullname":"Sunday","weekday":"Sun","fromhour":"2","tohour":"6","week1":"1","week2":"1","week3":"1","week4":"1","week5":"1","holidays":"1","blocksweepid":"1628659","cleaning_days_abbr":"MTuWThFSaSu"}},{"type":"Feature","geometry":{"type":"LineString","coordinates":[[-122.392703441883,37.728860122934],[-122.392805822846,37.728565142031],[-122.392899420136,37.728489580514]]},"properties":{":id":"row-r98z-wmst.zbzt",":version":"rv-73ci_23cc.wbvd",":created_at":"2026-03-10T12:37:08.575Z",":updated_at":"2026-03-10T12:37:08.575Z","cnn":"220102","corridor":"03rd St","limits":"Lane St  -  Lane St","cnnrightleft":"L","blockside":"SouthEast","fullname":"Sunday","weekday":"Sun","fromhour":"2","tohour":"6","week1":"1","week2":"1","week3":"1","week4":"1","week5":"1","holidays":"1","blocksweepid":"1629103","cleaning_days_abbr":"MTuWThFSaSu"}},{"type":"Feature","geometry":{"type":"LineString","coordinates":[[-122.482591528358,37.780189471673],[-122.482710806599,37.78025036416],[-122.483531015098,37.780220335082],[-122.483661949865,37.780143060168]]},"properties":{":id":"row-9ubx-suv9~8hy5",":version":"rv-s77w.xzfy~nvk9",":created_at":"2026-03-10T12:37:08.575Z",":updated_at":"2026-03-10T12:37:08.575Z","cnn":"6080201","corridor":"Geary Blvd","limits":"23rd Ave  -  24th Ave","cnnrightleft":"R","blockside":"North","fullname":"Sunday","weekday":"Sun","fromhour":"7","tohour":"8","week1":"1","week2":"1","week3":"1","week4":"1","week5":"1","holidays":"0","blocksweepid":"1611388","cleaning_days_abbr":"TuThSu"}},{"type":"Feature","geometry":{"type":"LineString","coordinates":[[-122.432328981537,37.781428371173],[-122.432515383426,37.782349635153]]},"properties":{":id":"row-4izb~th8q-k4q9",":version":"rv-pd3p-9ipb_nu2h",":created_at":"2026-03-10T12:37:08.575Z",":updated_at":"2026-03-10T12:37:08.575Z","cnn":"5544000","corridor":"Fillmore St","limits":"Eddy St  -  Ellis St","cnnrightleft":"R","blockside":"East","fullname":"Sunday","weekday":"Sun","fromhour":"6","tohour":"8","week1":"1","week2":"1","week3":"1","week4":"1","week5":"1","holidays":"0","blocksweepid":"1631290","cleaning_days_abbr":"TuThSu"}},{"type":"Feature","geometry":{"type":"LineString","coordinates":[[-122.415127952624,37.775889703335],[-122.415484750383,37.775607257424]]},"properties":{":id":"row-fxiq_mi3c_7yqs",":version":"rv-mwvp.3j28.xwtt",":created_at":"2026-03-10T12:37:08.575Z",":updated_at":"2026-03-10T12:37:08.575Z","cnn":"9106000","corridor":"Mission St","limits":"Washburn St  -  Grace St","cnnrightleft":"R","blockside":"NorthWest","fullname":"Sunday","weekday":"Sun","fromhour":"2","tohour":"6","week1":"1","week2":"1","week3":"1","week4":"1","week5":"1","holidays":"1","blocksweepid":"1618517","cleaning_days_abbr":"MTuWThFSaSu"}},{"type":"Feature","geometry":{"type":"LineString","coordinates":[[-122.401973426877,37.804072250218],[-122.40221137698,37.804135160549],[-122.403376094046,37.804977480264],[-122.403435725006,37.805184901498]]},"properties":{":id":"row-8a2v_z23g~dwcn",":version":"rv-2kna_k9t8.q6ki",":created_at":"2026-03-10T12:37:08.575Z",":updated_at":"2026-03-10T12:37:08.575Z","cnn":"12557101","corridor":"The Embarcadero","limits":"Lombard St  -  Chestnut St","cnnrightleft":"L","blockside":"SouthWest","fullname":"Sunday","weekday":"Sun","fromhour":"1","tohour":"3","week1":"1","week2":"1","week3":"1","week4":"1","week5":"1","holidays":"1","blocksweepid":"1639579","cleaning_days_abbr":"MTuWThFSaSu"}},{"type":"Feature","geometry":{"type":"LineString","coordinates":[[-122.421940374296,37.788968774327],[-122.42201383444,37.789331862384],[-122.422135208482,37.789412061535]]},"properties":{":id":"row-kp59~f8gi_yhqn",":version":"rv-icuj_xvmq.y348",":created_at":"2026-03-10T12:37:08.575Z",":updated_at":"2026-03-10T12:37:08.575Z","cnn":"13156202","corridor":"Van Ness Ave","limits":"Austin St  -  Pine St","cnnrightleft":"R","blockside":"East","fullname":"Sunday","weekday":"Sun","fromhour":"4","tohour":"6","week1":"1","week2":"1","week3":"1","week4":"1","week5":"1","holidays":"0","blocksweepid":"1639892","cleaning_days_abbr":"MTuWThFSaSu"}},{"type":"Feature","geometry":{"type":"LineString","coordinates":[[-122.412872037823,37.78530844888],[-122.412881239572,37.785353823175]]},"properties":{":id":"row-ct3p-6s4c~m5ej",":version":"rv-pbai_3tqm~452c",":created_at":"2026-03-10T12:37:08.575Z",":updated_at":"2026-03-10T12:37:08.575Z","cnn":"7568000","corridor":"Jones St","limits":"Antonio St  -  Steveloe Pl","cnnrightleft":"R","blockside":"East","fullname":"Sunday","weekday":"Sun","fromhour":"6","tohour":"8","week1":"1","week2":"1","week3":"1","week4":"1","week5":"1","holidays":"0","blocksweepid":"1597546","cleaning_days_abbr":"MTuWThFSaSu"}},{"type":"Feature","geometry":{"type":"LineString","coordinates":[[-122.411985369438,37.780951763547],[-122.412024074642,37.781136160202]]},"properties":{":id":"row-qebm-tsu2-dfnw",":version":"rv-kjpk-tb7q.ny9g",":created_at":"2026-03-10T12:37:08.575Z",":updated_at":"2026-03-10T12:37:08.575Z","cnn":"7562000","corridor":"Jones St","limits":"Market St  -  McAllister St","cnnrightleft":"R","blockside":"East","fullname":"Sunday","weekday":"Sun","fromhour":"6","tohour":"8","week1":"1","week2":"1","week3":"1","week4":"1","week5":"1","holidays":"0","blocksweepid":"1597540","cleaning_days_abbr":"MSaSu"}},{"type":"Feature","geometry":{"type":"LineString","coordinates":[[-122.399873457754,37.798729001446],[-122.401051293437,37.798580054283]]},"properties":{":id":"row-6q38_7564.3ak7",":version":"rv-37c7~bhzq_u6aw",":created_at":"2026-03-10T12:37:08.575Z",":updated_at":"2026-03-10T12:37:08.575Z","cnn":"3144000","corridor":"Broadway","limits":"Front St  -  Battery St","cnnrightleft":"L","blockside":"South","fullname":"Sunday","weekday":"Sun","fromhour":"4","tohour":"6","week1":"1","week2":"1","week3":"1","week4":"1","week5":"1","holidays":"0","blocksweepid":"1627461","cleaning_days_abbr":"MTuWThFSaSu"}},{"type":"Feature","geometry":{"type":"LineString","coordinates":[[-122.426858290165,37.769042389187],[-122.42844818332,37.767787890859],[-122.428657163625,37.767734888173]]},"properties":{":id":"row-7g3s_x822-z65h",":version":"rv-vgx8~4ajz~69w3",":created_at":"2026-03-10T12:37:08.575Z",":updated_at":"2026-03-10T12:37:08.575Z","cnn":"8762102","corridor":"Market St","limits":"Dolores St  -  14th St","cnnrightleft":"L","blockside":"SouthEast","fullname":"Sunday","weekday":"Sun","fromhour":"2","tohour":"6","week1":"1","week2":"1","week3":"1","week4":"1","week5":"1","holidays":"1","blocksweepid":"1618128","cleaning_days_abbr":"MTuWThFSaSu"}},{"type":"Feature","geometry":{"type":"LineString","coordinates":[[-122.412541278017,37.801930636607],[-122.412908085159,37.802183771213]]},"properties":{":id":"row-ekqy-rcdn.vthg",":version":"rv-peic_97c4~ipvg",":created_at":"2026-03-10T12:37:08.575Z",":updated_at":"2026-03-10T12:37:08.575Z","cnn":"4299000","corridor":"Columbus Ave","limits":"Greenwich St  -  Mason St","cnnrightleft":"R","blockside":"NorthEast","fullname":"Sunday","weekday":"Sun","fromhour":"4","tohour":"6","week1":"1","week2":"1","week3":"1","week4":"1","week5":"1","holidays":"0","blocksweepid":"1637294","cleaning_days_abbr":"TuThSu"}},{"type":"Feature","geometry":{"type":"LineString","coordinates":[[-122.394940237623,37.791842090331],[-122.395813421117,37.791152808467]]},"properties":{":id":"row-5quf~ct3j_z2p5",":version":"rv-2vz5~n6kh_6iru",":created_at":"2026-03-10T12:37:08.575Z",":updated_at":"2026-03-10T12:37:08.575Z","cnn":"9085000","corridor":"Mission St","limits":"Main St  -  Beale St","cnnrightleft":"R","blockside":"NorthWest","fullname":"Sunday","weekday":"Sun","fromhour":"2","tohour":"6","week1":"1","week2":"1","week3":"1","week4":"1","week5":"1","holidays":"1","blocksweepid":"1618493","cleaning_days_abbr":"MTuWThFSaSu"}},{"type":"Feature","geometry":{"type":"LineString","coordinates":[[-122.416580343173,37.778657855353],[-122.416768092983,37.779584437842]]},"properties":{":id":"row-u2cz~3zjx~qkn3",":version":"rv-app5-mk5s.tfc5",":created_at":"2026-03-10T12:37:08.575Z",":updated_at":"2026-03-10T12:37:08.575Z","cnn":"8121000","corridor":"Larkin St","limits":"Grove St  -  Fulton St","cnnrightleft":"R","blockside":"East","fullname":"Sunday","weekday":"Sun","fromhour":"2","tohour":"6","week1":"1","week2":"1","week3":"1","week4":"1","week5":"1","holidays":"0","blocksweepid":"1624356","cleaning_days_abbr":"MTuWThFSaSu"}},{"type":"Feature","geometry":{"type":"LineString","coordinates":[[-122.465492390702,37.782890981237],[-122.46656265267,37.78284940803]]},"properties":{":id":"row-kcgj-pj88~ugeg",":version":"rv-r5u8.wey2.ix4d",":created_at":"2026-03-10T12:37:08.575Z",":updated_at":"2026-03-10T12:37:08.575Z","cnn":"4156000","corridor":"Clement St","limits":"07th Ave  -  08th Ave","cnnrightleft":"L","blockside":"South","fullname":"Sunday","weekday":"Sun","fromhour":"7","tohour":"8","week1":"1","week2":"1","week3":"1","week4":"1","week5":"1","holidays":"0","blocksweepid":"1602956","cleaning_days_abbr":"TuThSu"}},{"type":"Feature","geometry":{"type":"LineString","coordinates":[[-122.419825234384,37.766673601906],[-122.419668972896,37.765051337402]]},"properties":{":id":"row-e3rm-tnbw_dewn",":version":"rv-ypck_qkpv_angy",":created_at":"2026-03-10T12:37:08.575Z",":updated_at":"2026-03-10T12:37:08.575Z","cnn":"9115000","corridor":"Mission St","limits":"15th St  -  16th St","cnnrightleft":"L","blockside":"East","fullname":"Sunday","weekday":"Sun","fromhour":"4","tohour":"6","week1":"1","week2":"1","week3":"1","week4":"1","week5":"1","holidays":"0","blocksweepid":"1641243","cleaning_days_abbr":"MTuWThFSaSu"}},{"type":"Feature","geometry":{"type":"LineString","coordinates":[[-122.389099104328,37.76690347969],[-122.389036657335,37.766788971729],[-122.38879960905,37.764412048941],[-122.388851283059,37.764321835521]]},"properties":{":id":"row-q3br.qrnv~cub5",":version":"rv-u4rp.75xi_regj",":created_at":"2026-03-10T12:37:08.575Z",":updated_at":"2026-03-10T12:37:08.575Z","cnn":"186101","corridor":"03rd St","limits":"16th St  -  Mariposa St","cnnrightleft":"L","blockside":"East","fullname":"Sunday","weekday":"Sun","fromhour":"2","tohour":"6","week1":"1","week2":"1","week3":"1","week4":"1","week5":"1","holidays":"1","blocksweepid":"1628947","cleaning_days_abbr":"TuThSaSu"}},{"type":"Feature","geometry":{"type":"LineString","coordinates":[[-122.415693872616,37.782585033233],[-122.416982995675,37.782420418166]]},"properties":{":id":"row-hjht_9j6v_3pxi",":version":"rv-5m3s.nvdx_sii3",":created_at":"2026-03-10T12:37:08.575Z",":updated_at":"2026-03-10T12:37:08.575Z","cnn":"12720000","corridor":"Turk St","limits":"Hyde St  -  Dodge Pl","cnnrightleft":"L","blockside":"South","fullname":"Sunday","weekday":"Sun","fromhour":"6","tohour":"8","week1":"1","week2":"1","week3":"1","week4":"1","week5":"1","holidays":"0","blocksweepid":"1625154","cleaning_days_abbr":"TuThSu"}},{"type":"Feature","geometry":{"type":"LineString","coordinates":[[-122.394059623992,37.792537217256],[-122.394940237623,37.791842090331]]},"properties":{":id":"row-v827~p9xh_bt6t",":version":"rv-xaun~kfz8_8bwi",":created_at":"2026-03-10T12:37:08.575Z",":updated_at":"2026-03-10T12:37:08.575Z","cnn":"9084000","corridor":"Mission St","limits":"Spear St  -  Main St","cnnrightleft":"L","blockside":"SouthEast","fullname":"Sunday","weekday":"Sun","fromhour":"2","tohour":"6","week1":"1","week2":"1","week3":"1","week4":"1","week5":"1","holidays":"1","blocksweepid":"1618942","cleaning_days_abbr":"MTuWThFSaSu"}},{"type":"Feature","geometry":{"type":"LineString","coordinates":[[-122.390012346887,37.790826949171],[-122.390199604873,37.790784034654],[-122.390507730855,37.791053422419],[-122.390740055018,37.791328177687],[-122.390906800058,37.791588144867],[-122.391040324467,37.791920629481],[-122.391159276618,37.792317635267],[-122.391096119262,37.792436047738]]},"properties":{":id":"row-5q7n_hupu_ca5m",":version":"rv-8zhi_35ju.ghk8",":created_at":"2026-03-10T12:37:08.575Z",":updated_at":"2026-03-10T12:37:08.575Z","cnn":"12551102","corridor":"The Embarcadero","limits":"Folsom St  -  Howard St","cnnrightleft":"L","blockside":"SouthWest","fullname":"Sunday","weekday":"Sun","fromhour":"1","tohour":"3","week1":"1","week2":"1","week3":"1","week4":"1","week5":"1","holidays":"1","blocksweepid":"1639572","cleaning_days_abbr":"MTuWThFSaSu"}},{"type":"Feature","geometry":{"type":"LineString","coordinates":[[-122.506717428299,37.735469757819],[-122.506655890993,37.735322441466],[-122.506662500896,37.735090876535],[-122.50673409842,37.734725450905],[-122.506984884606,37.733533272852],[-122.507029203425,37.733110450575],[-122.507002964752,37.732773931863],[-122.506927288547,37.732353153627],[-122.506953996653,37.732094827964],[-122.506949586487,37.731516097441],[-122.5067790371,37.730674223202],[-122.506552890505,37.729125969294],[-122.506484932471,37.728514444182],[-122.50639608628,37.727923701452],[-122.506224765483,37.727453496275],[-122.505880279693,37.726921572167],[-122.50555015254,37.726603831837],[-122.505265359016,37.726377227233],[-122.504973648345,37.726212004008],[-122.504189577848,37.72591220177],[-122.503515812277,37.725569673517],[-122.503040636347,37.725259549916]]},"properties":{":id":"row-nun7-8gwj-y5mp",":version":"rv-irkr~hu6f.abbb",":created_at":"2026-03-10T12:37:08.575Z",":updated_at":"2026-03-10T12:37:08.575Z","cnn":"6437101","corridor":"Great Hwy","limits":"Sloat Blvd  -  Skyline Blvd","cnnrightleft":"R","blockside":"West","fullname":"Sunday","weekday":"Sun","fromhour":"5","tohour":"7","week1":"1","week2":"1","week3":"1","week4":"1","week5":"1","holidays":"0","blocksweepid":"1636095","cleaning_days_abbr":"MTuWThFSaSu"}},{"type":"Feature","geometry":{"type":"LineString","coordinates":[[-122.421954906545,37.788001178338],[-122.422032227946,37.788383356449],[-122.42194858465,37.78848964293]]},"properties":{":id":"row-56s6-xi7y~3f9v",":version":"rv-3xn4~7wji-3v87",":created_at":"2026-03-10T12:37:08.575Z",":updated_at":"2026-03-10T12:37:08.575Z","cnn":"13155102","corridor":"Van Ness Ave","limits":"Fern St  -  Bush St","cnnrightleft":"L","blockside":"West","fullname":"Sunday","weekday":"Sun","fromhour":"4","tohour":"6","week1":"1","week2":"1","week3":"1","week4":"1","week5":"1","holidays":"0","blocksweepid":"1598996","cleaning_days_abbr":"MTuWThFSaSu"}},{"type":"Feature","geometry":{"type":"LineString","coordinates":[[-122.442564962803,37.714660619233],[-122.442661526889,37.714567198279]]},"properties":{":id":"row-qgem_ihbs_gtpk",":version":"rv-ra6z_juwr-7cdq",":created_at":"2026-03-10T12:37:08.575Z",":updated_at":"2026-03-10T12:37:08.575Z","cnn":"9182000","corridor":"Mission St","limits":"Allison St  -  Mount Vernon Ave","cnnrightleft":"R","blockside":"NorthWest","fullname":"Sunday","weekday":"Sun","fromhour":"5","tohour":"7","week1":"1","week2":"1","week3":"1","week4":"1","week5":"1","holidays":"0","blocksweepid":"1600104","cleaning_days_abbr":"MTuWThFSaSu"}},{"type":"Feature","geometry":{"type":"LineString","coordinates":[[-122.396689694956,37.790461067931],[-122.397574468067,37.789762598234]]},"properties":{":id":"row-g79j_xfkm.vu67",":version":"rv-bb98-xqmd~d5u6",":created_at":"2026-03-10T12:37:08.575Z",":updated_at":"2026-03-10T12:37:08.575Z","cnn":"9087000","corridor":"Mission St","limits":"Fremont St  -  01st St","cnnrightleft":"R","blockside":"NorthWest","fullname":"Sunday","weekday":"Sun","fromhour":"2","tohour":"6","week1":"1","week2":"1","week3":"1","week4":"1","week5":"1","holidays":"1","blocksweepid":"1618495","cleaning_days_abbr":"MTuWThFSaSu"}},{"type":"Feature","geometry":{"type":"LineString","coordinates":[[-122.406304985895,37.794263626856],[-122.406821216386,37.794197957191]]},"properties":{":id":"row-vv3d-k9qj~tfy5",":version":"rv-mmpu.9pqg~ieuk",":created_at":"2026-03-10T12:37:08.575Z",":updated_at":"2026-03-10T12:37:08.575Z","cnn":"4089000","corridor":"Clay St","limits":"Grant Ave  -  Waverly Pl","cnnrightleft":"L","blockside":"South","fullname":"Sunday","weekday":"Sun","fromhour":"2","tohour":"6","week1":"1","week2":"1","week3":"1","week4":"1","week5":"1","holidays":"1","blocksweepid":"1637067","cleaning_days_abbr":"TuThSu"}},{"type":"Feature","geometry":{"type":"LineString","coordinates":[[-122.419981511883,37.768273653256],[-122.419825234384,37.766673601906]]},"properties":{":id":"row-kzf8.vmp3-akhi",":version":"rv-kksr.3zh9.ij6s",":created_at":"2026-03-10T12:37:08.575Z",":updated_at":"2026-03-10T12:37:08.575Z","cnn":"9114000","corridor":"Mission St","limits":"14th St  -  15th St","cnnrightleft":"R","blockside":"West","fullname":"Sunday","weekday":"Sun","fromhour":"4","tohour":"6","week1":"1","week2":"1","week3":"1","week4":"1","week5":"1","holidays":"0","blocksweepid":"1626193","cleaning_days_abbr":"MTuWThFSaSu"}},{"type":"Feature","geometry":{"type":"LineString","coordinates":[[-122.392749786649,37.778851717265],[-122.391840525275,37.778125697956]]},"properties":{":id":"row-f8ez_vmjp.27f2",":version":"rv-8yki.xetp.8jyu",":created_at":"2026-03-10T12:37:08.575Z",":updated_at":"2026-03-10T12:37:08.575Z","cnn":"180000","corridor":"03rd St","limits":"Townsend St  -  King St","cnnrightleft":"L","blockside":"NorthEast","fullname":"Sunday","weekday":"Sun","fromhour":"2","tohour":"6","week1":"1","week2":"1","week3":"1","week4":"1","week5":"1","holidays":"1","blocksweepid":"1628673","cleaning_days_abbr":"MTuWThFSaSu"}},{"type":"Feature","geometry":{"type":"LineString","coordinates":[[-122.41964545812,37.771005772206],[-122.419758524631,37.770672595078]]},"properties":{":id":"row-7bp6~cyq8.ba6r",":version":"rv-a7v4-4y35.ymcd",":created_at":"2026-03-10T12:37:08.575Z",":updated_at":"2026-03-10T12:37:08.575Z","cnn":"9111000","corridor":"Mission St","limits":"Plum St  -  Hwy 101 Northbound","cnnrightleft":"L","blockside":"East","fullname":"Sunday","weekday":"Sun","fromhour":"2","tohour":"6","week1":"1","week2":"1","week3":"1","week4":"1","week5":"1","holidays":"1","blocksweepid":"1618972","cleaning_days_abbr":"MTuWThFSaSu"}},{"type":"Feature","geometry":{"type":"LineString","coordinates":[[-122.409874016327,37.787149143318],[-122.409930542929,37.787429330976]]},"properties":{":id":"row-mp8f_rp7y_eu5n",":version":"rv-eryd_vzuu.pr5u",":created_at":"2026-03-10T12:37:08.575Z",":updated_at":"2026-03-10T12:37:08.575Z","cnn":"8804000","corridor":"Mason St","limits":"Geary St  -  Derby St","cnnrightleft":"R","blockside":"East","fullname":"Sunday","weekday":"Sun","fromhour":"2","tohour":"6","week1":"1","week2":"1","week3":"1","week4":"1","week5":"1","holidays":"0","blocksweepid":"1628018","cleaning_days_abbr":"TuThSu"}},{"type":"Feature","geometry":{"type":"LineString","coordinates":[[-122.428657163625,37.767734888173],[-122.428804951673,37.767714934303],[-122.428930304354,37.767615810853],[-122.428948566763,37.767504459571]]},"properties":{":id":"row-764s~y92c-r2jv",":version":"rv-7wkg_q5hy-ehjw",":created_at":"2026-03-10T12:37:08.575Z",":updated_at":"2026-03-10T12:37:08.575Z","cnn":"8763201","corridor":"Market St","limits":"14th St  -  Church St","cnnrightleft":"R","blockside":"NorthWest","fullname":"Sunday","weekday":"Sun","fromhour":"2","tohour":"6","week1":"1","week2":"1","week3":"1","week4":"1","week5":"1","holidays":"1","blocksweepid":"1625956","cleaning_days_abbr":"MTuWThFSaSu"}},{"type":"Feature","geometry":{"type":"LineString","coordinates":[[-122.461062828886,37.781160261634],[-122.461193602173,37.781222887653],[-122.462001667512,37.78118853885],[-122.462139278828,37.781110995361]]},"properties":{":id":"row-dbs3_x2xm.unxt",":version":"rv-etfs.72ks-k5ih",":created_at":"2026-03-10T12:37:08.575Z",":updated_at":"2026-03-10T12:37:08.575Z","cnn":"6059201","corridor":"Geary Blvd","limits":"03rd Ave  -  04th Ave","cnnrightleft":"R","blockside":"North","fullname":"Sunday","weekday":"Sun","fromhour":"7","tohour":"8","week1":"1","week2":"1","week3":"1","week4":"1","week5":"1","holidays":"0","blocksweepid":"1611367","cleaning_days_abbr":"TuThSu"}},{"type":"Feature","geometry":{"type":"LineString","coordinates":[[-122.395264646671,37.723222334711],[-122.39540561202,37.723121717816],[-122.395653936053,37.72257815379],[-122.395622760624,37.72243160376]]},"properties":{":id":"row-6i2s-huxx.aaa5",":version":"rv-sgdq-bqc3-rkpg",":created_at":"2026-03-10T12:37:08.575Z",":updated_at":"2026-03-10T12:37:08.575Z","cnn":"227201","corridor":"03rd St","limits":"Fitzgerald Ave  -  Gilman Ave","cnnrightleft":"R","blockside":"West","fullname":"Sunday","weekday":"Sun","fromhour":"2","tohour":"6","week1":"1","week2":"1","week3":"1","week4":"1","week5":"1","holidays":"1","blocksweepid":"1613837","cleaning_days_abbr":"MTuWThFSaSu"}},{"type":"Feature","geometry":{"type":"LineString","coordinates":[[-122.404864793932,37.784006613234],[-122.406023808497,37.783091403293]]},"properties":{":id":"row-ynzt_qkab_7zk2",":version":"rv-ixt5_4mzp_pbmu",":created_at":"2026-03-10T12:37:08.575Z",":updated_at":"2026-03-10T12:37:08.575Z","cnn":"9096002","corridor":"Mission St","limits":"Jessie East St  -  Jessie West St","cnnrightleft":"R","blockside":null,"fullname":"Sunday","weekday":"Sun","fromhour":"2","tohour":"6","week1":"1","week2":"1","week3":"1","week4":"1","week5":"1","holidays":"1","blocksweepid":"1618506","cleaning_days_abbr":"MTuWThFSaSu"}},{"type":"Feature","geometry":{"type":"LineString","coordinates":[[-122.43398235555,37.72576179005],[-122.434425696346,37.725175476577]]},"properties":{":id":"row-6353-58b3.tjtv",":version":"rv-2mpi~afkw~v3w3",":created_at":"2026-03-10T12:37:08.575Z",":updated_at":"2026-03-10T12:37:08.575Z","cnn":"9162000","corridor":"Mission St","limits":"Santa Rosa Ave  -  Harrington St","cnnrightleft":"L","blockside":"SouthEast","fullname":"Sunday","weekday":"Sun","fromhour":"5","tohour":"7","week1":"1","week2":"1","week3":"1","week4":"1","week5":"1","holidays":"0","blocksweepid":"1641396","cleaning_days_abbr":"MTuWThFSaSu"}},{"type":"Feature","geometry":{"type":"LineString","coordinates":[[-122.421886446144,37.764917378514],[-122.421731521954,37.76329976802]]},"properties":{":id":"row-af5f~wd3p-kv4d",":version":"rv-dewc~9r78.6mb3",":created_at":"2026-03-10T12:37:08.575Z",":updated_at":"2026-03-10T12:37:08.575Z","cnn":"13060000","corridor":"Valencia St","limits":"16th St  -  17th St","cnnrightleft":"L","blockside":"East","fullname":"Sunday","weekday":"Sun","fromhour":"6","tohour":"8","week1":"1","week2":"1","week3":"1","week4":"1","week5":"1","holidays":"0","blocksweepid":"1625306","cleaning_days_abbr":"TuThSu"}},{"type":"Feature","geometry":{"type":"LineString","coordinates":[[-122.413865603598,37.781863339516],[-122.414053764894,37.782794446306]]},"properties":{":id":"row-ffb6~i5av_nx83",":version":"rv-r544-jfyz.phpz",":created_at":"2026-03-10T12:37:08.575Z",":updated_at":"2026-03-10T12:37:08.575Z","cnn":"8239000","corridor":"Leavenworth St","limits":"Golden Gate Ave  -  Turk St","cnnrightleft":"R","blockside":"East","fullname":"Sunday","weekday":"Sun","fromhour":"6","tohour":"8","week1":"1","week2":"1","week3":"1","week4":"1","week5":"1","holidays":"0","blocksweepid":"1616829","cleaning_days_abbr":"TuThSu"}},{"type":"Feature","geometry":{"type":"LineString","coordinates":[[-122.390025039703,37.776300145376],[-122.389865003356,37.774551171444]]},"properties":{":id":"row-7zig-es3t_7zpg",":version":"rv-svpr~kkmc-nfav",":created_at":"2026-03-10T12:37:08.575Z",":updated_at":"2026-03-10T12:37:08.575Z","cnn":"184001","corridor":"03rd St","limits":"rry A Francois Blvd  -  Channel","cnnrightleft":"R","blockside":null,"fullname":"Sunday","weekday":"Sun","fromhour":"2","tohour":"6","week1":"1","week2":"1","week3":"1","week4":"1","week5":"1","holidays":"1","blocksweepid":"1613786","cleaning_days_abbr":"MWFSaSu"}},{"type":"Feature","geometry":{"type":"LineString","coordinates":[[-122.434425696346,37.725175476577],[-122.43479841318,37.724682554681]]},"properties":{":id":"row-s45v.znd4_ek3s",":version":"rv-6f3a-pqgz-s78p",":created_at":"2026-03-10T12:37:08.575Z",":updated_at":"2026-03-10T12:37:08.575Z","cnn":"9163000","corridor":"Mission St","limits":"Harrington St  -  Brazil Ave","cnnrightleft":"L","blockside":"SouthEast","fullname":"Sunday","weekday":"Sun","fromhour":"5","tohour":"7","week1":"1","week2":"1","week3":"1","week4":"1","week5":"1","holidays":"0","blocksweepid":"1641397","cleaning_days_abbr":"MTuWThFSaSu"}},{"type":"Feature","geometry":{"type":"LineString","coordinates":[[-122.402105120585,37.727789703729],[-122.401875118287,37.726964759406]]},"properties":{":id":"row-xajj_pbzd_k94m",":version":"rv-t37f~6h9c~ntaf",":created_at":"2026-03-10T12:37:08.575Z",":updated_at":"2026-03-10T12:37:08.575Z","cnn":"2810000","corridor":"Bay Shore Blvd","limits":"Phelps St  -  Fitzgerald Ave","cnnrightleft":"R","blockside":"West","fullname":"Sunday","weekday":"Sun","fromhour":"7","tohour":"8","week1":"1","week2":"1","week3":"1","week4":"1","week5":"1","holidays":"0","blocksweepid":"1628223","cleaning_days_abbr":"MWThFSaSu"}},{"type":"Feature","geometry":{"type":"LineString","coordinates":[[-122.399148598539,37.791016649255],[-122.399172342049,37.790933787172],[-122.401272054966,37.7892832712],[-122.401375491232,37.789264322323]]},"properties":{":id":"row-gpqa.bcce.44m7",":version":"rv-hbeg.2a6j~jevh",":created_at":"2026-03-10T12:37:08.575Z",":updated_at":"2026-03-10T12:37:08.575Z","cnn":"8742101","corridor":"Market St","limits":"Bush St  -  02nd St","cnnrightleft":"L","blockside":"SouthEast","fullname":"Sunday","weekday":"Sun","fromhour":"5","tohour":"7","week1":"1","week2":"1","week3":"1","week4":"1","week5":"1","holidays":"1","blocksweepid":"1640594","cleaning_days_abbr":"MTuWThFSaSu"}},{"type":"Feature","geometry":{"type":"LineString","coordinates":[[-122.4209771239,37.783352075047],[-122.421049841639,37.783711745394],[-122.421008360568,37.783824118033]]},"properties":{":id":"row-m5rg-6suv-b5ju",":version":"rv-fyyb-6qk6_99qz",":created_at":"2026-03-10T12:37:08.575Z",":updated_at":"2026-03-10T12:37:08.575Z","cnn":"13150102","corridor":"Van Ness Ave","limits":"Willow St  -  Ellis St","cnnrightleft":"L","blockside":"West","fullname":"Sunday","weekday":"Sun","fromhour":"4","tohour":"6","week1":"1","week2":"1","week3":"1","week4":"1","week5":"1","holidays":"0","blocksweepid":"1598987","cleaning_days_abbr":"MTuWThFSaSu"}},{"type":"Feature","geometry":{"type":"LineString","coordinates":[[-122.41880845049,37.781235767171],[-122.420239250861,37.781045220494],[-122.420439517797,37.781030842108]]},"properties":{":id":"row-zyji~9f9s.umxv",":version":"rv-4kw4.2vnn~8mdq",":created_at":"2026-03-10T12:37:08.575Z",":updated_at":"2026-03-10T12:37:08.575Z","cnn":"6265000","corridor":"Golden Gate Ave","limits":"Polk St  -  Van Ness Ave","cnnrightleft":"L","blockside":"South","fullname":"Sunday","weekday":"Sun","fromhour":"6","tohour":"8","week1":"1","week2":"1","week3":"1","week4":"1","week5":"1","holidays":"0","blocksweepid":"1622243","cleaning_days_abbr":"TuThSu"}},{"type":"Feature","geometry":{"type":"LineString","coordinates":[[-122.42089365932,37.744037632601],[-122.421485450703,37.74312266457]]},"properties":{":id":"row-kamu~mvdf~e7vb",":version":"rv-85wp.iguv_gh8u",":created_at":"2026-03-10T12:37:08.575Z",":updated_at":"2026-03-10T12:37:08.575Z","cnn":"9134000","corridor":"Mission St","limits":"29th St  -  Virginia Ave","cnnrightleft":"L","blockside":"SouthEast","fullname":"Sunday","weekday":"Sun","fromhour":"5","tohour":"7","week1":"1","week2":"1","week3":"1","week4":"1","week5":"1","holidays":"0","blocksweepid":"1619267","cleaning_days_abbr":"MTuWThFSaSu"}},{"type":"Feature","geometry":{"type":"LineString","coordinates":[[-122.420019126612,37.745389020592],[-122.42089365932,37.744037632601]]},"properties":{":id":"row-4xia.hd3y~a6yh",":version":"rv-8yxf-3hjc~3aqg",":created_at":"2026-03-10T12:37:08.575Z",":updated_at":"2026-03-10T12:37:08.575Z","cnn":"9133000","corridor":"Mission St","limits":"Valencia St  -  29th St","cnnrightleft":"L","blockside":"SouthEast","fullname":"Sunday","weekday":"Sun","fromhour":"5","tohour":"7","week1":"1","week2":"1","week3":"1","week4":"1","week5":"1","holidays":"0","blocksweepid":"1619266","cleaning_days_abbr":"MTuWThFSaSu"}},{"type":"Feature","geometry":{"type":"LineString","coordinates":[[-122.433074470809,37.764195713209],[-122.433258979665,37.763988567966],[-122.434455761947,37.763038910493],[-122.435051091352,37.76265275122],[-122.435187962327,37.762670707774]]},"properties":{":id":"row-jqwt.axpj.fdv4",":version":"rv-hrp9-v2br~jwtm",":created_at":"2026-03-10T12:37:08.575Z",":updated_at":"2026-03-10T12:37:08.575Z","cnn":"8767101","corridor":"Market St","limits":"16th St  -  17th St","cnnrightleft":"R","blockside":"NorthWest","fullname":"Sunday","weekday":"Sun","fromhour":"8","tohour":"9","week1":"1","week2":"1","week3":"1","week4":"1","week5":"1","holidays":"0","blocksweepid":"1618122"}},{"type":"Feature","geometry":{"type":"LineString","coordinates":[[-122.406628200105,37.779314675085],[-122.4061628586,37.778942761943]]},"properties":{":id":"row-bayh-7b6j.vrxb",":version":"rv-pe3i.9d9j.cgf6",":created_at":"2026-03-10T12:37:08.575Z",":updated_at":"2026-03-10T12:37:08.575Z","cnn":"333000","corridor":"06th St","limits":"Tehama St  -  Clementina St","cnnrightleft":"L","blockside":"NorthEast","fullname":"Sunday","weekday":"Sun","fromhour":"4","tohour":"6","week1":"1","week2":"1","week3":"1","week4":"1","week5":"1","holidays":"0","blocksweepid":"1614299","cleaning_days_abbr":"MTuWThFSaSu"}},{"type":"Feature","geometry":{"type":"LineString","coordinates":[[-122.419885764063,37.745595096744],[-122.420019126612,37.745389020592]]},"properties":{":id":"row-66wq_nm6r.p22x",":version":"rv-kriu_nywp-i7ys",":created_at":"2026-03-10T12:37:08.575Z",":updated_at":"2026-03-10T12:37:08.575Z","cnn":"9132000","corridor":"Mission St","limits":"Fair Ave  -  Valencia St","cnnrightleft":"L","blockside":"SouthEast","fullname":"Sunday","weekday":"Sun","fromhour":"5","tohour":"7","week1":"1","week2":"1","week3":"1","week4":"1","week5":"1","holidays":"0","blocksweepid":"1619265","cleaning_days_abbr":"MTuWThFSaSu"}},{"type":"Feature","geometry":{"type":"LineString","coordinates":[[-122.413668844307,37.748255329538],[-122.413811164128,37.748197357245],[-122.414824559778,37.748181888258],[-122.414918962955,37.748230730689]]},"properties":{":id":"row-qzkn.xrv2~nk3b",":version":"rv-8dbj_42dn_hgjr",":created_at":"2026-03-10T12:37:08.575Z",":updated_at":"2026-03-10T12:37:08.575Z","cnn":"2486101","corridor":"Cesar Chavez St","limits":"Folsom St  -  Shotwell St","cnnrightleft":"R","blockside":"North","fullname":"Sunday","weekday":"Sun","fromhour":"6","tohour":"8","week1":"1","week2":"1","week3":"1","week4":"1","week5":"1","holidays":"0","blocksweepid":"1636920","cleaning_days_abbr":"SaSu"}},{"type":"Feature","geometry":{"type":"LineString","coordinates":[[-122.402209197545,37.728101973655],[-122.402105120585,37.727789703729]]},"properties":{":id":"row-qr3w-8gsu~2pte",":version":"rv-vb6x.kx3r.krd9",":created_at":"2026-03-10T12:37:08.575Z",":updated_at":"2026-03-10T12:37:08.575Z","cnn":"2809000","corridor":"Bay Shore Blvd","limits":"Bacon St  -  Phelps St","cnnrightleft":"L","blockside":"East","fullname":"Sunday","weekday":"Sun","fromhour":"7","tohour":"8","week1":"1","week2":"1","week3":"1","week4":"1","week5":"1","holidays":"0","blocksweepid":"1613355","cleaning_days_abbr":"TuThSaSu"}},{"type":"Feature","geometry":{"type":"LineString","coordinates":[[-122.418618215796,37.773053454473],[-122.41881748819,37.772980210619],[-122.419671829395,37.77230320357]]},"properties":{":id":"row-n4gd.hk8c_xenk",":version":"rv-vdtd-zyqv.8qzg",":created_at":"2026-03-10T12:37:08.575Z",":updated_at":"2026-03-10T12:37:08.575Z","cnn":"10046000","corridor":"Otis St","limits":"Mission St  -  Brady St","cnnrightleft":"L","blockside":"SouthEast","fullname":"Sunday","weekday":"Sun","fromhour":"4","tohour":"6","week1":"1","week2":"1","week3":"1","week4":"1","week5":"1","holidays":"0","blocksweepid":"1630233","cleaning_days_abbr":"MTuWThFSaSu"}},{"type":"Feature","geometry":{"type":"LineString","coordinates":[[-122.397669948657,37.799234483026],[-122.397868672472,37.799267381133],[-122.399170106705,37.800749537631],[-122.399130242841,37.800896476996]]},"properties":{":id":"row-qfmu-pa7m~bcpa",":version":"rv-vg55.nkjc.bi38",":created_at":"2026-03-10T12:37:08.575Z",":updated_at":"2026-03-10T12:37:08.575Z","cnn":"12555102","corridor":"The Embarcadero","limits":"Broadway  -  Green St","cnnrightleft":"L","blockside":"SouthWest","fullname":"Sunday","weekday":"Sun","fromhour":"1","tohour":"3","week1":"1","week2":"1","week3":"1","week4":"1","week5":"1","holidays":"1","blocksweepid":"1639577","cleaning_days_abbr":"MTuWThFSaSu"}},{"type":"Feature","geometry":{"type":"LineString","coordinates":[[-122.409689043756,37.797493152091],[-122.410263524646,37.797420186013]]},"properties":{":id":"row-adyn_kzzm_q89e",":version":"rv-crbr_spri~gt2z",":created_at":"2026-03-10T12:37:08.575Z",":updated_at":"2026-03-10T12:37:08.575Z","cnn":"3156000","corridor":"Broadway","limits":"Turk Murphy Ln  -  Powell St","cnnrightleft":"R","blockside":"North","fullname":"Sunday","weekday":"Sun","fromhour":"4","tohour":"6","week1":"1","week2":"1","week3":"1","week4":"1","week5":"1","holidays":"0","blocksweepid":"1627495","cleaning_days_abbr":"MTuWThFSaSu"}},{"type":"Feature","geometry":{"type":"LineString","coordinates":[[-122.393181332338,37.793230492385],[-122.394059623992,37.792537217256]]},"properties":{":id":"row-cfba_n4qf_9hnc",":version":"rv-s3ve-rsnb-hd85",":created_at":"2026-03-10T12:37:08.575Z",":updated_at":"2026-03-10T12:37:08.575Z","cnn":"9083000","corridor":"Mission St","limits":"Steuart St  -  Spear St","cnnrightleft":"R","blockside":"NorthWest","fullname":"Sunday","weekday":"Sun","fromhour":"2","tohour":"6","week1":"1","week2":"1","week3":"1","week4":"1","week5":"1","holidays":"1","blocksweepid":"1618491","cleaning_days_abbr":"MTuWThFSaSu"}},{"type":"Feature","geometry":{"type":"LineString","coordinates":[[-122.406978585293,37.739566272703],[-122.406910984664,37.739429695963],[-122.406923418879,37.739294876235],[-122.406927344066,37.739234393716]]},"properties":{":id":"row-326b-yizp~4xp8",":version":"rv-wtk7.mezm-z3fk",":created_at":"2026-03-10T12:37:08.575Z",":updated_at":"2026-03-10T12:37:08.575Z","cnn":"2801101","corridor":"Bay Shore Blvd","limits":"Cortland Ave  -  Waterloo St","cnnrightleft":"L","blockside":"East","fullname":"Sunday","weekday":"Sun","fromhour":"0","tohour":"2","week1":"1","week2":"1","week3":"1","week4":"1","week5":"1","holidays":"0","blocksweepid":"1628242","cleaning_days_abbr":"TuThSu"}},{"type":"Feature","geometry":{"type":"LineString","coordinates":[[-122.506135124963,37.735571117801],[-122.506521403349,37.735571711894],[-122.506717428299,37.735469757819]]},"properties":{":id":"row-qw6z-3cs4-zicf",":version":"rv-m8rx~defg~atrs",":created_at":"2026-03-10T12:37:08.575Z",":updated_at":"2026-03-10T12:37:08.575Z","cnn":"11964202","corridor":"Sloat Blvd","limits":"Lower Great Hwy  -  Great Hwy","cnnrightleft":"R","blockside":"North","fullname":"Sunday","weekday":"Sun","fromhour":"5","tohour":"7","week1":"1","week2":"1","week3":"1","week4":"1","week5":"1","holidays":"0","blocksweepid":"1605658","cleaning_days_abbr":"MTuWThFSaSu"}},{"type":"Feature","geometry":{"type":"LineString","coordinates":[[-122.417486595427,37.765183134696],[-122.417332405856,37.763571603534]]},"properties":{":id":"row-kwgm_ayh2_azfz",":version":"rv-533x_i9tg_gri3",":created_at":"2026-03-10T12:37:08.575Z",":updated_at":"2026-03-10T12:37:08.575Z","cnn":"12023000","corridor":"South Van Ness Ave","limits":"16th St  -  17th St","cnnrightleft":"R","blockside":"West","fullname":"Sunday","weekday":"Sun","fromhour":"6","tohour":"8","week1":"1","week2":"1","week3":"1","week4":"1","week5":"1","holidays":"0","blocksweepid":"1611112","cleaning_days_abbr":"MWFSaSu"}},{"type":"Feature","geometry":{"type":"LineString","coordinates":[[-122.414683132079,37.781759091655],[-122.415505178457,37.781654261888]]},"properties":{":id":"row-kgkg-ztzc_xh2e",":version":"rv-na22.47nc.85f3",":created_at":"2026-03-10T12:37:08.575Z",":updated_at":"2026-03-10T12:37:08.575Z","cnn":"6262000","corridor":"Golden Gate Ave","limits":"Dale Pl  -  Hyde St","cnnrightleft":"L","blockside":"South","fullname":"Sunday","weekday":"Sun","fromhour":"6","tohour":"8","week1":"1","week2":"1","week3":"1","week4":"1","week5":"1","holidays":"0","blocksweepid":"1622240","cleaning_days_abbr":"TuThSu"}},{"type":"Feature","geometry":{"type":"LineString","coordinates":[[-122.38971674082,37.772930795071],[-122.38976074123,37.772833414337],[-122.389690951075,37.772103321351],[-122.389611482614,37.771997938535]]},"properties":{":id":"row-q92j~g5ix-zs6d",":version":"rv-4qcd.k488_45bz",":created_at":"2026-03-10T12:37:08.575Z",":updated_at":"2026-03-10T12:37:08.575Z","cnn":"185201","corridor":"03rd St","limits":"Mission Rock St  -  End:  Block","cnnrightleft":"R","blockside":null,"fullname":"Sunday","weekday":"Sun","fromhour":"2","tohour":"6","week1":"1","week2":"1","week3":"1","week4":"1","week5":"1","holidays":"1","blocksweepid":"1613788","cleaning_days_abbr":"MFSaSu"}},{"type":"Feature","geometry":{"type":"LineString","coordinates":[[-122.388001120426,37.75538988496],[-122.388061735793,37.755298445482],[-122.387956062998,37.7541960506],[-122.387878640607,37.754112146051]]},"properties":{":id":"row-ra25_8e66_vuvg",":version":"rv-rxsk-mm3u-yivi",":created_at":"2026-03-10T12:37:08.575Z",":updated_at":"2026-03-10T12:37:08.575Z","cnn":"192201","corridor":"03rd St","limits":"23rd St  -  24th St","cnnrightleft":"R","blockside":"West","fullname":"Sunday","weekday":"Sun","fromhour":"2","tohour":"6","week1":"1","week2":"1","week3":"1","week4":"1","week5":"1","holidays":"1","blocksweepid":"1613801","cleaning_days_abbr":"MWFSaSu"}},{"type":"Feature","geometry":{"type":"LineString","coordinates":[[-122.423396761057,37.77188564464],[-122.423595506749,37.771798002203],[-122.423673410652,37.771736463592]]},"properties":{":id":"row-8xme.9njt.fy2w",":version":"rv-ix53-5twh.4y44",":created_at":"2026-03-10T12:37:08.575Z",":updated_at":"2026-03-10T12:37:08.575Z","cnn":"8760202","corridor":"Market St","limits":"Octavia St  -  Octavia St","cnnrightleft":"R","blockside":null,"fullname":"Sunday","weekday":"Sun","fromhour":"2","tohour":"6","week1":"1","week2":"1","week3":"1","week4":"1","week5":"1","holidays":"1","blocksweepid":"1625951","cleaning_days_abbr":"MTuWThFSaSu"}},{"type":"Feature","geometry":{"type":"LineString","coordinates":[[-122.401375491232,37.789264322323],[-122.401400334083,37.78918243175],[-122.401962668341,37.788740378221],[-122.402065729755,37.788721152431]]},"properties":{":id":"row-iczd_byqw~jhnj",":version":"rv-wya3_s7sf.jkak",":created_at":"2026-03-10T12:37:08.575Z",":updated_at":"2026-03-10T12:37:08.575Z","cnn":"8743101","corridor":"Market St","limits":"02nd St  -  Montgomery St","cnnrightleft":"L","blockside":"SouthEast","fullname":"Sunday","weekday":"Sun","fromhour":"5","tohour":"7","week1":"1","week2":"1","week3":"1","week4":"1","week5":"1","holidays":"1","blocksweepid":"1640595","cleaning_days_abbr":"MTuWThFSaSu"}},{"type":"Feature","geometry":{"type":"LineString","coordinates":[[-122.400382132593,37.722633285191],[-122.399925016868,37.72151727204]]},"properties":{":id":"row-3qx9-s7n7.kuuv",":version":"rv-9zyv.58si-km4r",":created_at":"2026-03-10T12:37:08.575Z",":updated_at":"2026-03-10T12:37:08.575Z","cnn":"2815000","corridor":"Bay Shore Blvd","limits":"Wheat St  -  Hwy 101 S On Ramp","cnnrightleft":"R","blockside":"West","fullname":"Sunday","weekday":"Sun","fromhour":"7","tohour":"8","week1":"1","week2":"1","week3":"1","week4":"1","week5":"1","holidays":"0","blocksweepid":"1628228","cleaning_days_abbr":"MWThFSaSu"}},{"type":"Feature","geometry":{"type":"LineString","coordinates":[[-122.40460550599,37.777699659847],[-122.404070256834,37.777272702501]]},"properties":{":id":"row-zyaf.bwkh-h6i2",":version":"rv-kpan~dqwp.ugdd",":created_at":"2026-03-10T12:37:08.575Z",":updated_at":"2026-03-10T12:37:08.575Z","cnn":"337000","corridor":"06th St","limits":"Clara St  -  Harrison St","cnnrightleft":"L","blockside":"NorthEast","fullname":"Sunday","weekday":"Sun","fromhour":"4","tohour":"6","week1":"1","week2":"1","week3":"1","week4":"1","week5":"1","holidays":"0","blocksweepid":"1614303","cleaning_days_abbr":"MTuWThFSaSu"}},{"type":"Feature","geometry":{"type":"LineString","coordinates":[[-122.416330777244,37.785726516619],[-122.416449123004,37.786310218483]]},"properties":{":id":"row-uu5n.cbit~fxcp",":version":"rv-j7gu.k79e_h43j",":created_at":"2026-03-10T12:37:08.575Z",":updated_at":"2026-03-10T12:37:08.575Z","cnn":"7120000","corridor":"Hyde St","limits":"Mabel Aly  -  Geary St","cnnrightleft":"R","blockside":"East","fullname":"Sunday","weekday":"Sun","fromhour":"6","tohour":"8","week1":"1","week2":"1","week3":"1","week4":"1","week5":"1","holidays":"0","blocksweepid":"1608269","cleaning_days_abbr":"TuThSu"}},{"type":"Feature","geometry":{"type":"LineString","coordinates":[[-122.404679934447,37.798118445752],[-122.405473070568,37.798016956507]]},"properties":{":id":"row-84iw~s3ja~xgjk",":version":"rv-46ch~bg4t.4uir",":created_at":"2026-03-10T12:37:08.575Z",":updated_at":"2026-03-10T12:37:08.575Z","cnn":"3150000","corridor":"Broadway","limits":"Rowland St  -  Kearny St","cnnrightleft":"L","blockside":"South","fullname":"Sunday","weekday":"Sun","fromhour":"4","tohour":"6","week1":"1","week2":"1","week3":"1","week4":"1","week5":"1","holidays":"0","blocksweepid":"1627467","cleaning_days_abbr":"MTuWThFSaSu"}},{"type":"Feature","geometry":{"type":"LineString","coordinates":[[-122.406231389855,37.797920272777],[-122.406667930917,37.797864612499]]},"properties":{":id":"row-d5jg.65ts~n73s",":version":"rv-y89f.ffji.s4h2",":created_at":"2026-03-10T12:37:08.575Z",":updated_at":"2026-03-10T12:37:08.575Z","cnn":"3152000","corridor":"Broadway","limits":"Romolo St  -  Columbus Ave","cnnrightleft":"L","blockside":"South","fullname":"Sunday","weekday":"Sun","fromhour":"4","tohour":"6","week1":"1","week2":"1","week3":"1","week4":"1","week5":"1","holidays":"0","blocksweepid":"1627501","cleaning_days_abbr":"MTuWThFSaSu"}},{"type":"Feature","geometry":{"type":"LineString","coordinates":[[-122.406821216386,37.794197957191],[-122.407000777835,37.795077381844]]},"properties":{":id":"row-4pev-eufe-pmss",":version":"rv-b5tq.nkgd.6jut",":created_at":"2026-03-10T12:37:08.575Z",":updated_at":"2026-03-10T12:37:08.575Z","cnn":"13465000","corridor":"Waverly Pl","limits":"Clay St  -  Washington St","cnnrightleft":"R","blockside":"East","fullname":"Sunday","weekday":"Sun","fromhour":"2","tohour":"6","week1":"1","week2":"1","week3":"1","week4":"1","week5":"1","holidays":"1","blocksweepid":"1625596","cleaning_days_abbr":"TuThSu"}},{"type":"Feature","geometry":{"type":"LineString","coordinates":[[-122.403746846512,37.789363277615],[-122.403841563565,37.789829338933]]},"properties":{":id":"row-d4cg-fbwg-k4we",":version":"rv-zgg8~2c5v_rnx3",":created_at":"2026-03-10T12:37:08.575Z",":updated_at":"2026-03-10T12:37:08.575Z","cnn":"7750000","corridor":"Kearny St","limits":"Ver Mehr Pl  -  Sutter St","cnnrightleft":"L","blockside":"West","fullname":"Sunday","weekday":"Sun","fromhour":"2","tohour":"6","week1":"1","week2":"1","week3":"1","week4":"1","week5":"1","holidays":"1","blocksweepid":"1623917","cleaning_days_abbr":"MTuWThFSaSu"}},{"type":"Feature","geometry":{"type":"LineString","coordinates":[[-122.436468165125,37.722465217898],[-122.437149524136,37.721575001258]]},"properties":{":id":"row-3dmh_zufx~382v",":version":"rv-md4e_ijke-fca7",":created_at":"2026-03-10T12:37:08.575Z",":updated_at":"2026-03-10T12:37:08.575Z","cnn":"9170000","corridor":"Mission St","limits":"Leo St  -  Russia Ave","cnnrightleft":"R","blockside":"NorthWest","fullname":"Sunday","weekday":"Sun","fromhour":"5","tohour":"7","week1":"1","week2":"1","week3":"1","week4":"1","week5":"1","holidays":"0","blocksweepid":"1626444","cleaning_days_abbr":"MTuWThFSaSu"}},{"type":"Feature","geometry":{"type":"LineString","coordinates":[[-122.419758524631,37.770672595078],[-122.419853470682,37.770392811346],[-122.420008320652,37.770111449154]]},"properties":{":id":"row-6pxg~bg8j.zf2k",":version":"rv-jajw-j8aq~mff7",":created_at":"2026-03-10T12:37:08.575Z",":updated_at":"2026-03-10T12:37:08.575Z","cnn":"9111001","corridor":"Mission St","limits":"Hwy 101 Northbound  -  Hwy 101 Northbound","cnnrightleft":"R","blockside":"West","fullname":"Sunday","weekday":"Sun","fromhour":"4","tohour":"6","week1":"1","week2":"1","week3":"1","week4":"1","week5":"1","holidays":"0","blocksweepid":"1618862","cleaning_days_abbr":"MTuWThFSaSu"}},{"type":"Feature","geometry":{"type":"LineString","coordinates":[[-122.399504510859,37.790805376314],[-122.400152468999,37.790290160159]]},"properties":{":id":"row-x57m-59iw-89pv",":version":"rv-p4qt-4jpe_i63b",":created_at":"2026-03-10T12:37:08.575Z",":updated_at":"2026-03-10T12:37:08.575Z","cnn":"8742202","corridor":"Market St","limits":"Battery St  -  Sutter St","cnnrightleft":"R","blockside":"NorthWest","fullname":"Sunday","weekday":"Sun","fromhour":"5","tohour":"7","week1":"1","week2":"1","week3":"1","week4":"1","week5":"1","holidays":"1","blocksweepid":"1617978","cleaning_days_abbr":"MTuWThFSaSu"}},{"type":"Feature","geometry":{"type":"LineString","coordinates":[[-122.432515383426,37.782349635153],[-122.432706179502,37.783292591474]]},"properties":{":id":"row-vqcc~i2un_vrcb",":version":"rv-4nx3-tveh.7r5k",":created_at":"2026-03-10T12:37:08.575Z",":updated_at":"2026-03-10T12:37:08.575Z","cnn":"5545000","corridor":"Fillmore St","limits":"Ellis St  -  O'Farrell St","cnnrightleft":"R","blockside":"East","fullname":"Sunday","weekday":"Sun","fromhour":"6","tohour":"8","week1":"1","week2":"1","week3":"1","week4":"1","week5":"1","holidays":"0","blocksweepid":"1631291","cleaning_days_abbr":"TuThSu"}},{"type":"Feature","geometry":{"type":"LineString","coordinates":[[-122.403829085114,37.746015502512],[-122.403881751416,37.745717551744],[-122.40389917691,37.745620309979]]},"properties":{":id":"row-y2dx.m2e8_a4ev",":version":"rv-dcx8_a3bm_mmms",":created_at":"2026-03-10T12:37:08.575Z",":updated_at":"2026-03-10T12:37:08.575Z","cnn":"2799105","corridor":"Bay Shore Blvd","limits":"Bay Shore Blvd  -  Bay Shore Blvd","cnnrightleft":"L","blockside":"East","fullname":"Sunday","weekday":"Sun","fromhour":"0","tohour":"2","week1":"1","week2":"1","week3":"1","week4":"1","week5":"1","holidays":"0","blocksweepid":"1628238","cleaning_days_abbr":"TuThSu"}},{"type":"Feature","geometry":{"type":"LineString","coordinates":[[-122.405615266245,37.778505104586],[-122.405068509169,37.778068981832]]},"properties":{":id":"row-wevt_ahw4_wb3f",":version":"rv-nj29-mqyq-ksxf",":created_at":"2026-03-10T12:37:08.575Z",":updated_at":"2026-03-10T12:37:08.575Z","cnn":"335000","corridor":"06th St","limits":"Folsom St  -  Shipley St","cnnrightleft":"L","blockside":"NorthEast","fullname":"Sunday","weekday":"Sun","fromhour":"4","tohour":"6","week1":"1","week2":"1","week3":"1","week4":"1","week5":"1","holidays":"0","blocksweepid":"1614301","cleaning_days_abbr":"MTuWThFSaSu"}},{"type":"Feature","geometry":{"type":"LineString","coordinates":[[-122.410936574036,37.779211685706],[-122.412413343787,37.778045328617]]},"properties":{":id":"row-ncdd.hg8i_h4ea",":version":"rv-94ic-cne7~jyyq",":created_at":"2026-03-10T12:37:08.575Z",":updated_at":"2026-03-10T12:37:08.575Z","cnn":"9101000","corridor":"Mission St","limits":"07th St  -  Julia St","cnnrightleft":"R","blockside":"NorthWest","fullname":"Sunday","weekday":"Sun","fromhour":"2","tohour":"6","week1":"1","week2":"1","week3":"1","week4":"1","week5":"1","holidays":"1","blocksweepid":"1618512","cleaning_days_abbr":"MTuWThFSaSu"}},{"type":"Feature","geometry":{"type":"LineString","coordinates":[[-122.511053755672,37.771342499596],[-122.510935011914,37.771179687572],[-122.510859709837,37.770561877134],[-122.510925947378,37.770435676064]]},"properties":{":id":"row-zrxp.tqpq_2kjf",":version":"rv-xydm~5h4n_cj2p",":created_at":"2026-03-10T12:37:08.575Z",":updated_at":"2026-03-10T12:37:08.575Z","cnn":"6434101","corridor":"Great Hwy","limits":"Fulton St  -  John F Kennedy Dr","cnnrightleft":"L","blockside":"East","fullname":"Sunday","weekday":"Sun","fromhour":"2","tohour":"4","week1":"1","week2":"1","week3":"1","week4":"1","week5":"1","holidays":"1","blocksweepid":"1601817","cleaning_days_abbr":"MTuWThFSaSu"}},{"type":"Feature","geometry":{"type":"LineString","coordinates":[[-122.412782128368,37.784866245085],[-122.412872037823,37.78530844888]]},"properties":{":id":"row-ewv5~fd7g~55i6",":version":"rv-rw5h_9r87~6myn",":created_at":"2026-03-10T12:37:08.575Z",":updated_at":"2026-03-10T12:37:08.575Z","cnn":"7567000","corridor":"Jones St","limits":"Ellis St  -  Antonio St","cnnrightleft":"R","blockside":"East","fullname":"Sunday","weekday":"Sun","fromhour":"6","tohour":"8","week1":"1","week2":"1","week3":"1","week4":"1","week5":"1","holidays":"0","blocksweepid":"1597545","cleaning_days_abbr":"MTuWThFSaSu"}},{"type":"Feature","geometry":{"type":"LineString","coordinates":[[-122.407159488015,37.779738905439],[-122.406628200105,37.779314675085]]},"properties":{":id":"row-mr4a.jsar_pfuy",":version":"rv-z8qa.c8gt.9pfs",":created_at":"2026-03-10T12:37:08.575Z",":updated_at":"2026-03-10T12:37:08.575Z","cnn":"332000","corridor":"06th St","limits":"Howard St  -  Tehama St","cnnrightleft":"L","blockside":"NorthEast","fullname":"Sunday","weekday":"Sun","fromhour":"4","tohour":"6","week1":"1","week2":"1","week3":"1","week4":"1","week5":"1","holidays":"0","blocksweepid":"1614298","cleaning_days_abbr":"MTuWThFSaSu"}},{"type":"Feature","geometry":{"type":"LineString","coordinates":[[-122.410953740074,37.800832981544],[-122.411376270209,37.801125132839]]},"properties":{":id":"row-xm2q.suxx-z8bh",":version":"rv-2jnd-jb6q~jakx",":created_at":"2026-03-10T12:37:08.575Z",":updated_at":"2026-03-10T12:37:08.575Z","cnn":"4297000","corridor":"Columbus Ave","limits":"Powell St  -  Filbert St","cnnrightleft":"L","blockside":"SouthWest","fullname":"Sunday","weekday":"Sun","fromhour":"4","tohour":"6","week1":"1","week2":"1","week3":"1","week4":"1","week5":"1","holidays":"0","blocksweepid":"1637337","cleaning_days_abbr":"MTuWThFSaSu"}},{"type":"Feature","geometry":{"type":"LineString","coordinates":[[-122.407903301695,37.794060297444],[-122.408079101008,37.794940686929]]},"properties":{":id":"row-rzmk.kzep_isuh",":version":"rv-u5a6.e78w-6k2v",":created_at":"2026-03-10T12:37:08.575Z",":updated_at":"2026-03-10T12:37:08.575Z","cnn":"12205000","corridor":"Stockton St","limits":"Clay St  -  Washington St","cnnrightleft":"L","blockside":"West","fullname":"Sunday","weekday":"Sun","fromhour":"2","tohour":"6","week1":"1","week2":"1","week3":"1","week4":"1","week5":"1","holidays":"1","blocksweepid":"1624671","cleaning_days_abbr":"MTuWThFSaSu"}},{"type":"Feature","geometry":{"type":"LineString","coordinates":[[-122.418030232412,37.773474420272],[-122.418409364562,37.773110903997],[-122.418618215796,37.773053454473]]},"properties":{":id":"row-pvxd.nagw-75ce",":version":"rv-hjgq_jsbz-vg5k",":created_at":"2026-03-10T12:37:08.575Z",":updated_at":"2026-03-10T12:37:08.575Z","cnn":"9109102","corridor":"Mission St","limits":"Lafayette St  -  South Van Ness Ave","cnnrightleft":"L","blockside":"SouthEast","fullname":"Sunday","weekday":"Sun","fromhour":"2","tohour":"6","week1":"1","week2":"1","week3":"1","week4":"1","week5":"1","holidays":"1","blocksweepid":"1618970","cleaning_days_abbr":"MTuWThFSaSu"}},{"type":"Feature","geometry":{"type":"LineString","coordinates":[[-122.405013219483,37.786328681529],[-122.405729142535,37.785762655798],[-122.405831010893,37.785743989136]]},"properties":{":id":"row-8bur_wwvc.wpef",":version":"rv-88qe_4puh~4wbm",":created_at":"2026-03-10T12:37:08.575Z",":updated_at":"2026-03-10T12:37:08.575Z","cnn":"8746103","corridor":"Market St","limits":"Yerba Buena Ln  -  Stockton St","cnnrightleft":"L","blockside":null,"fullname":"Sunday","weekday":"Sun","fromhour":"5","tohour":"7","week1":"1","week2":"1","week3":"1","week4":"1","week5":"1","holidays":"1","blocksweepid":"1618093","cleaning_days_abbr":"MTuWThFSaSu"}},{"type":"Feature","geometry":{"type":"LineString","coordinates":[[-122.429782592291,37.785563847691],[-122.431366396624,37.785372647445]]},"properties":{":id":"row-sxk9_p962_3vj5",":version":"rv-u5wb_jdkm-nc8d",":created_at":"2026-03-10T12:37:08.575Z",":updated_at":"2026-03-10T12:37:08.575Z","cnn":"10645000","corridor":"Post St","limits":"Buchanan St  -  Webster St","cnnrightleft":"R","blockside":"North","fullname":"Sunday","weekday":"Sun","fromhour":"6","tohour":"8","week1":"1","week2":"1","week3":"1","week4":"1","week5":"1","holidays":"0","blocksweepid":"1630445","cleaning_days_abbr":"TuThSu"}},{"type":"Feature","geometry":{"type":"LineString","coordinates":[[-122.503104759293,37.735466491501],[-122.503218860485,37.735550898535],[-122.504185330568,37.735557882752]]},"properties":{":id":"row-vwzu~srvv_m569",":version":"rv-5nnt.kvt2_3vk3",":created_at":"2026-03-10T12:37:08.575Z",":updated_at":"2026-03-10T12:37:08.575Z","cnn":"11963201","corridor":"Sloat Blvd","limits":"45th Ave  -  46th Ave","cnnrightleft":"L","blockside":"South","fullname":"Sunday","weekday":"Sun","fromhour":"5","tohour":"7","week1":"1","week2":"1","week3":"1","week4":"1","week5":"1","holidays":"0","blocksweepid":"1605697","cleaning_days_abbr":"MTuWThFSaSu"}},{"type":"Feature","geometry":{"type":"LineString","coordinates":[[-122.397383445616,37.792405521236],[-122.397406269634,37.792321953228],[-122.398157919715,37.791731151712],[-122.398264448474,37.791716058294]]},"properties":{":id":"row-gu4a_tt8e.tzv4",":version":"rv-ckv7_d8m3~xuz9",":created_at":"2026-03-10T12:37:08.575Z",":updated_at":"2026-03-10T12:37:08.575Z","cnn":"8740101","corridor":"Market St","limits":"Pine St  -  Front St","cnnrightleft":"L","blockside":"SouthEast","fullname":"Sunday","weekday":"Sun","fromhour":"5","tohour":"7","week1":"1","week2":"1","week3":"1","week4":"1","week5":"1","holidays":"1","blocksweepid":"1640592","cleaning_days_abbr":"MTuWThFSaSu"}},{"type":"Feature","geometry":{"type":"LineString","coordinates":[[-122.441799464549,37.715429679987],[-122.441895525627,37.71530825554],[-122.442564962803,37.714660619233]]},"properties":{":id":"row-c9p7-rrwz.33yn",":version":"rv-8kna.bctq_vuqr",":created_at":"2026-03-10T12:37:08.575Z",":updated_at":"2026-03-10T12:37:08.575Z","cnn":"9181000","corridor":"Mission St","limits":"Pope St  -  Allison St","cnnrightleft":"R","blockside":"NorthWest","fullname":"Sunday","weekday":"Sun","fromhour":"5","tohour":"7","week1":"1","week2":"1","week3":"1","week4":"1","week5":"1","holidays":"0","blocksweepid":"1600103","cleaning_days_abbr":"MTuWThFSaSu"}},{"type":"Feature","geometry":{"type":"LineString","coordinates":[[-122.414741221821,37.778719429231],[-122.41483531296,37.778700611558],[-122.416009495929,37.777773071953]]},"properties":{":id":"row-buax-82cy-maj9",":version":"rv-bsth~khnm-5hcn",":created_at":"2026-03-10T12:37:08.575Z",":updated_at":"2026-03-10T12:37:08.575Z","cnn":"8752201","corridor":"Market St","limits":"Hyde St  -  Hayes St","cnnrightleft":"R","blockside":"NorthWest","fullname":"Sunday","weekday":"Sun","fromhour":"5","tohour":"7","week1":"1","week2":"1","week3":"1","week4":"1","week5":"1","holidays":"1","blocksweepid":"1617993","cleaning_days_abbr":"MTuWThFSaSu"}},{"type":"Feature","geometry":{"type":"LineString","coordinates":[[-122.424852598549,37.77074774518],[-122.424879423409,37.770656894152],[-122.426200328497,37.769618675796],[-122.426309438393,37.769602597207]]},"properties":{":id":"row-rhvb-eezi.4ypd",":version":"rv-vb7k-6nn7.nwax",":created_at":"2026-03-10T12:37:08.575Z",":updated_at":"2026-03-10T12:37:08.575Z","cnn":"8761101","corridor":"Market St","limits":"Laguna St  -  Buchanan St","cnnrightleft":"L","blockside":"SouthEast","fullname":"Sunday","weekday":"Sun","fromhour":"2","tohour":"6","week1":"1","week2":"1","week3":"1","week4":"1","week5":"1","holidays":"1","blocksweepid":"1618126","cleaning_days_abbr":"MTuWThFSaSu"}},{"type":"Feature","geometry":{"type":"LineString","coordinates":[[-122.432140389659,37.780496260511],[-122.432328981537,37.781428371173]]},"properties":{":id":"row-wcsm-bq9z_dvq6",":version":"rv-4s4h.54b2~wdxe",":created_at":"2026-03-10T12:37:08.575Z",":updated_at":"2026-03-10T12:37:08.575Z","cnn":"5543000","corridor":"Fillmore St","limits":"Turk St  -  Eddy St","cnnrightleft":"R","blockside":"East","fullname":"Sunday","weekday":"Sun","fromhour":"6","tohour":"8","week1":"1","week2":"1","week3":"1","week4":"1","week5":"1","holidays":"0","blocksweepid":"1631289","cleaning_days_abbr":"TuThSu"}},{"type":"Feature","geometry":{"type":"LineString","coordinates":[[-122.415484750383,37.775607257424],[-122.41590817905,37.775272060559]]},"properties":{":id":"row-bsa5-n2q8-zpb2",":version":"rv-pzqk_ddy3~8zdt",":created_at":"2026-03-10T12:37:08.575Z",":updated_at":"2026-03-10T12:37:08.575Z","cnn":"9107000","corridor":"Mission St","limits":"Grace St  -  10th St","cnnrightleft":"R","blockside":"NorthWest","fullname":"Sunday","weekday":"Sun","fromhour":"2","tohour":"6","week1":"1","week2":"1","week3":"1","week4":"1","week5":"1","holidays":"1","blocksweepid":"1618518","cleaning_days_abbr":"MTuWThFSaSu"}},{"type":"Feature","geometry":{"type":"LineString","coordinates":[[-122.410609800993,37.766903444685],[-122.41158013318,37.766841389246]]},"properties":{":id":"row-gigr.rxaz-msij",":version":"rv-y3hg-ukm5-pytf",":created_at":"2026-03-10T12:37:08.575Z",":updated_at":"2026-03-10T12:37:08.575Z","cnn":"641000","corridor":"15th St","limits":"Bryant St  -  Florida St","cnnrightleft":"L","blockside":"South","fullname":"Sunday","weekday":"Sun","fromhour":"2","tohour":"6","week1":"1","week2":"1","week3":"1","week4":"1","week5":"1","holidays":"1","blocksweepid":"1611928","cleaning_days_abbr":"SaSu"}},{"type":"Feature","geometry":{"type":"LineString","coordinates":[[-122.408160792966,37.78053538629],[-122.407691414493,37.780162025776]]},"properties":{":id":"row-qpw3_ccen-5v6s",":version":"rv-sjgg~kd3v~mvug",":created_at":"2026-03-10T12:37:08.575Z",":updated_at":"2026-03-10T12:37:08.575Z","cnn":"330000","corridor":"06th St","limits":"Minna St  -  Natoma St","cnnrightleft":"L","blockside":"NorthEast","fullname":"Sunday","weekday":"Sun","fromhour":"4","tohour":"6","week1":"1","week2":"1","week3":"1","week4":"1","week5":"1","holidays":"0","blocksweepid":"1614296","cleaning_days_abbr":"MTuWThFSaSu"}},{"type":"Feature","geometry":{"type":"LineString","coordinates":[[-122.406703835142,37.736308604033],[-122.406618861373,37.735896873711],[-122.406454647141,37.735510813295],[-122.405494570919,37.734287050483]]},"properties":{":id":"row-8ru6~ncre.xe8z",":version":"rv-jq6i-u24w-23tk",":created_at":"2026-03-10T12:37:08.575Z",":updated_at":"2026-03-10T12:37:08.575Z","cnn":"2803000","corridor":"Bay Shore Blvd","limits":"Helena St  -  Augusta St","cnnrightleft":"L","blockside":"NorthEast","fullname":"Sunday","weekday":"Sun","fromhour":"7","tohour":"8","week1":"1","week2":"1","week3":"1","week4":"1","week5":"1","holidays":"0","blocksweepid":"1613349","cleaning_days_abbr":"TuThSaSu"}},{"type":"Feature","geometry":{"type":"LineString","coordinates":[[-122.406231389855,37.797920272777],[-122.406667930917,37.797864612499]]},"properties":{":id":"row-viv6~kmnd~gvuv",":version":"rv-vqtd-5552.bfxe",":created_at":"2026-03-10T12:37:08.575Z",":updated_at":"2026-03-10T12:37:08.575Z","cnn":"3152000","corridor":"Broadway","limits":"Romolo St  -  Columbus Ave","cnnrightleft":"R","blockside":"North","fullname":"Sunday","weekday":"Sun","fromhour":"4","tohour":"6","week1":"1","week2":"1","week3":"1","week4":"1","week5":"1","holidays":"0","blocksweepid":"1635107","cleaning_days_abbr":"MTuWThFSaSu"}},{"type":"Feature","geometry":{"type":"LineString","coordinates":[[-122.393232786724,37.727733468261],[-122.393221467549,37.727592036604],[-122.3934621534,37.727054380536],[-122.393570157018,37.726979832623]]},"properties":{":id":"row-hnw7~ghw8-aezw",":version":"rv-fksz.7v7n.s6yk",":created_at":"2026-03-10T12:37:08.575Z",":updated_at":"2026-03-10T12:37:08.575Z","cnn":"222101","corridor":"03rd St","limits":"Yosemite Ave  -  Armstrong Ave","cnnrightleft":"L","blockside":"East","fullname":"Sunday","weekday":"Sun","fromhour":"2","tohour":"6","week1":"1","week2":"1","week3":"1","week4":"1","week5":"1","holidays":"1","blocksweepid":"1629105","cleaning_days_abbr":"MTuWThFSaSu"}},{"type":"Feature","geometry":{"type":"LineString","coordinates":[[-122.421393307556,37.785685802529],[-122.421503038574,37.78576763922],[-122.421651666624,37.786502308319],[-122.421570115351,37.786618960963]]},"properties":{":id":"row-7jya.k2ah_kum6",":version":"rv-tawh-eg2m~hmcr",":created_at":"2026-03-10T12:37:08.575Z",":updated_at":"2026-03-10T12:37:08.575Z","cnn":"13153101","corridor":"Van Ness Ave","limits":"Geary Blvd  -  Post St","cnnrightleft":"L","blockside":"West","fullname":"Sunday","weekday":"Sun","fromhour":"4","tohour":"6","week1":"1","week2":"1","week3":"1","week4":"1","week5":"1","holidays":"0","blocksweepid":"1598992","cleaning_days_abbr":"MTuWThFSaSu"}},{"type":"Feature","geometry":{"type":"LineString","coordinates":[[-122.442661526889,37.714567198279],[-122.443345610193,37.713928189631]]},"properties":{":id":"row-hzhj.7cbw_vi9d",":version":"rv-m4xf_wchj_tdrf",":created_at":"2026-03-10T12:37:08.575Z",":updated_at":"2026-03-10T12:37:08.575Z","cnn":"9183000","corridor":"Mission St","limits":"Mount Vernon Ave  -  Concord St","cnnrightleft":"R","blockside":"NorthWest","fullname":"Sunday","weekday":"Sun","fromhour":"5","tohour":"7","week1":"1","week2":"1","week3":"1","week4":"1","week5":"1","holidays":"0","blocksweepid":"1600105","cleaning_days_abbr":"MTuWThFSaSu"}},{"type":"Feature","geometry":{"type":"LineString","coordinates":[[-122.387926350852,37.742703154167],[-122.387891792919,37.742614377727],[-122.388118566452,37.741940588271],[-122.388200344111,37.741889062717]]},"properties":{":id":"row-aauk-w6zr_6r45",":version":"rv-ppmi_gb6e-uxer",":created_at":"2026-03-10T12:37:08.575Z",":updated_at":"2026-03-10T12:37:08.575Z","cnn":"202101","corridor":"03rd St","limits":"Evans Ave  -  Fairfax Ave","cnnrightleft":"L","blockside":"East","fullname":"Sunday","weekday":"Sun","fromhour":"2","tohour":"6","week1":"1","week2":"1","week3":"1","week4":"1","week5":"1","holidays":"1","blocksweepid":"1629083","cleaning_days_abbr":"MTuWThFSaSu"}},{"type":"Feature","geometry":{"type":"LineString","coordinates":[[-122.420638249635,37.781960765928],[-122.420569518473,37.782072485017],[-122.420715393084,37.782794022571],[-122.420817003141,37.78289412161]]},"properties":{":id":"row-fvgq~m3u6_tbte",":version":"rv-jgnf.gdrt.npy2",":created_at":"2026-03-10T12:37:08.575Z",":updated_at":"2026-03-10T12:37:08.575Z","cnn":"13149201","corridor":"Van Ness Ave","limits":"Turk St  -  Eddy St","cnnrightleft":"R","blockside":"East","fullname":"Sunday","weekday":"Sun","fromhour":"4","tohour":"6","week1":"1","week2":"1","week3":"1","week4":"1","week5":"1","holidays":"0","blocksweepid":"1639878","cleaning_days_abbr":"MTuWThFSaSu"}},{"type":"Feature","geometry":{"type":"LineString","coordinates":[[-122.418287869549,37.750639649888],[-122.418135251879,37.749041287221]]},"properties":{":id":"row-qyr8_9cwf-75se",":version":"rv-cm8g.6ixy-ypmn",":created_at":"2026-03-10T12:37:08.575Z",":updated_at":"2026-03-10T12:37:08.575Z","cnn":"9127000","corridor":"Mission St","limits":"25th St  -  26th St","cnnrightleft":"R","blockside":"West","fullname":"Sunday","weekday":"Sun","fromhour":"4","tohour":"6","week1":"1","week2":"1","week3":"1","week4":"1","week5":"1","holidays":"0","blocksweepid":"1619100","cleaning_days_abbr":"MTuWThFSaSu"}},{"type":"Feature","geometry":{"type":"LineString","coordinates":[[-122.432447324391,37.727637208054],[-122.432807823412,37.727315042891],[-122.432911793243,37.727177551268]]},"properties":{":id":"row-euzr-6ygi_gk8r",":version":"rv-sduy.uc7c-55hx",":created_at":"2026-03-10T12:37:08.575Z",":updated_at":"2026-03-10T12:37:08.575Z","cnn":"9158000","corridor":"Mission St","limits":"Avalon Ave  -  Cotter St","cnnrightleft":"R","blockside":"NorthWest","fullname":"Sunday","weekday":"Sun","fromhour":"5","tohour":"7","week1":"1","week2":"1","week3":"1","week4":"1","week5":"1","holidays":"0","blocksweepid":"1626432","cleaning_days_abbr":"MTuWThFSaSu"}},{"type":"Feature","geometry":{"type":"LineString","coordinates":[[-122.403075824826,37.738990416524],[-122.404073374084,37.738712895092],[-122.404257984566,37.738712584942]]},"properties":{":id":"row-ztws~mccf-ixkf",":version":"rv-r52c_zejc.t4kv",":created_at":"2026-03-10T12:37:08.575Z",":updated_at":"2026-03-10T12:37:08.575Z","cnn":"7205103","corridor":"Industrial St","limits":"Revere Ave  -  Barneveld Ave","cnnrightleft":"L","blockside":"South","fullname":"Sunday","weekday":"Sun","fromhour":"2","tohour":"3","week1":"1","week2":"1","week3":"1","week4":"1","week5":"1","holidays":"0","blocksweepid":"1597142","cleaning_days_abbr":"WSu"}},{"type":"Feature","geometry":{"type":"LineString","coordinates":[[-122.421485450703,37.74312266457],[-122.421680447672,37.742821173962]]},"properties":{":id":"row-dcac_vxaq_ij9v",":version":"rv-2kjs~246q~mcyi",":created_at":"2026-03-10T12:37:08.575Z",":updated_at":"2026-03-10T12:37:08.575Z","cnn":"9135000","corridor":"Mission St","limits":"Virginia Ave  -  Godeus St","cnnrightleft":"R","blockside":"NorthWest","fullname":"Sunday","weekday":"Sun","fromhour":"5","tohour":"7","week1":"1","week2":"1","week3":"1","week4":"1","week5":"1","holidays":"0","blocksweepid":"1599887","cleaning_days_abbr":"MTuWThFSaSu"}},{"type":"Feature","geometry":{"type":"LineString","coordinates":[[-122.408708673446,37.780971182971],[-122.408160792966,37.78053538629]]},"properties":{":id":"row-dszr.uetv-rqip",":version":"rv-ammq~xm62.iigg",":created_at":"2026-03-10T12:37:08.575Z",":updated_at":"2026-03-10T12:37:08.575Z","cnn":"329000","corridor":"06th St","limits":"Mission St  -  Minna St","cnnrightleft":"R","blockside":"SouthWest","fullname":"Sunday","weekday":"Sun","fromhour":"4","tohour":"6","week1":"1","week2":"1","week3":"1","week4":"1","week5":"1","holidays":"0","blocksweepid":"1636397","cleaning_days_abbr":"MTuWThFSaSu"}},{"type":"Feature","geometry":{"type":"LineString","coordinates":[[-122.420580608155,37.764996269981],[-122.420901270457,37.764976898832]]},"properties":{":id":"row-iaub_nd6e.hc6d",":version":"rv-ncfe~if2v_7uuq",":created_at":"2026-03-10T12:37:08.575Z",":updated_at":"2026-03-10T12:37:08.575Z","cnn":"728000","corridor":"16th St","limits":"Hoff St  -  Julian Ave","cnnrightleft":"L","blockside":"South","fullname":"Sunday","weekday":"Sun","fromhour":"2","tohour":"6","week1":"1","week2":"1","week3":"1","week4":"1","week5":"1","holidays":"1","blocksweepid":"1635666","cleaning_days_abbr":"MTuWThFSaSu"}},{"type":"Feature","geometry":{"type":"LineString","coordinates":[[-122.417706749819,37.784235738923],[-122.41936416784,37.784029116242]]},"properties":{":id":"row-baq9~dr64.v5c8",":version":"rv-qa9j.59df-56bs",":created_at":"2026-03-10T12:37:08.575Z",":updated_at":"2026-03-10T12:37:08.575Z","cnn":"5178000","corridor":"Ellis St","limits":"Larkin St  -  Polk St","cnnrightleft":"L","blockside":"South","fullname":"Sunday","weekday":"Sun","fromhour":"6","tohour":"8","week1":"1","week2":"1","week3":"1","week4":"1","week5":"1","holidays":"0","blocksweepid":"1610214","cleaning_days_abbr":"TuThSu"}},{"type":"Feature","geometry":{"type":"LineString","coordinates":[[-122.420901270457,37.764976898832],[-122.421239593381,37.764956459787]]},"properties":{":id":"row-xtr5-5c4e-n5tp",":version":"rv-sk4p.sktj_wmm6",":created_at":"2026-03-10T12:37:08.575Z",":updated_at":"2026-03-10T12:37:08.575Z","cnn":"729000","corridor":"16th St","limits":"Julian Ave  -  Rondel Pl","cnnrightleft":"L","blockside":"South","fullname":"Sunday","weekday":"Sun","fromhour":"2","tohour":"6","week1":"1","week2":"1","week3":"1","week4":"1","week5":"1","holidays":"1","blocksweepid":"1635667","cleaning_days_abbr":"MTuWThFSaSu"}},{"type":"Feature","geometry":{"type":"LineString","coordinates":[[-122.421017514089,37.784302729779],[-122.421099298762,37.784653467828],[-122.421192974629,37.7847534462]]},"properties":{":id":"row-vjec~jzid-q7r4",":version":"rv-2v4h_3kq6_swwe",":created_at":"2026-03-10T12:37:08.575Z",":updated_at":"2026-03-10T12:37:08.575Z","cnn":"13151202","corridor":"Van Ness Ave","limits":"Olive St  -  O'Farrell St","cnnrightleft":"R","blockside":"East","fullname":"Sunday","weekday":"Sun","fromhour":"4","tohour":"6","week1":"1","week2":"1","week3":"1","week4":"1","week5":"1","holidays":"0","blocksweepid":"1639882","cleaning_days_abbr":"MTuWThFSaSu"}},{"type":"Feature","geometry":{"type":"LineString","coordinates":[[-122.44370603206,37.713591510834],[-122.443951627671,37.713362090755]]},"properties":{":id":"row-2rg8-r9vg.r978",":version":"rv-fguq.wbuz.k5qh",":created_at":"2026-03-10T12:37:08.575Z",":updated_at":"2026-03-10T12:37:08.575Z","cnn":"9185000","corridor":"Mission St","limits":"Ottawa Ave  -  Florentine Ave","cnnrightleft":"R","blockside":"NorthWest","fullname":"Sunday","weekday":"Sun","fromhour":"5","tohour":"7","week1":"1","week2":"1","week3":"1","week4":"1","week5":"1","holidays":"0","blocksweepid":"1600107","cleaning_days_abbr":"MTuWThFSaSu"}},{"type":"Feature","geometry":{"type":"LineString","coordinates":[[-122.4061628586,37.778942761943],[-122.405615266245,37.778505104586]]},"properties":{":id":"row-t2p5-xcgy.b5ms",":version":"rv-wi6m~dbtw.rtue",":created_at":"2026-03-10T12:37:08.575Z",":updated_at":"2026-03-10T12:37:08.575Z","cnn":"334000","corridor":"06th St","limits":"Clementina St  -  Folsom St","cnnrightleft":"L","blockside":"NorthEast","fullname":"Sunday","weekday":"Sun","fromhour":"4","tohour":"6","week1":"1","week2":"1","week3":"1","week4":"1","week5":"1","holidays":"0","blocksweepid":"1614300","cleaning_days_abbr":"MTuWThFSaSu"}},{"type":"Feature","geometry":{"type":"LineString","coordinates":[[-122.405028365603,37.738498055423],[-122.405140343168,37.738525823102],[-122.405551016445,37.738407122138],[-122.405646736963,37.738321361879]]},"properties":{":id":"row-5ta3.t8jr.7zdw",":version":"rv-29kr_58va_utv6",":created_at":"2026-03-10T12:37:08.575Z",":updated_at":"2026-03-10T12:37:08.575Z","cnn":"7207201","corridor":"Industrial St","limits":"Charter Oak Ave  -  Loomis St","cnnrightleft":"R","blockside":"North","fullname":"Sunday","weekday":"Sun","fromhour":"2","tohour":"3","week1":"1","week2":"1","week3":"1","week4":"1","week5":"1","holidays":"0","blocksweepid":"1623533","cleaning_days_abbr":"TuSu"}},{"type":"Feature","geometry":{"type":"LineString","coordinates":[[-122.431800801752,37.728249466321],[-122.432363263447,37.72771681463]]},"properties":{":id":"row-npfv-v3vq-mb8m",":version":"rv-xuzn_drtp~s48k",":created_at":"2026-03-10T12:37:08.575Z",":updated_at":"2026-03-10T12:37:08.575Z","cnn":"9156000","corridor":"Mission St","limits":"Tingley St  -  Theresa St","cnnrightleft":"R","blockside":"NorthWest","fullname":"Sunday","weekday":"Sun","fromhour":"5","tohour":"7","week1":"1","week2":"1","week3":"1","week4":"1","week5":"1","holidays":"0","blocksweepid":"1626430","cleaning_days_abbr":"MTuWThFSaSu"}},{"type":"Feature","geometry":{"type":"LineString","coordinates":[[-122.405512936056,37.797064590557],[-122.406526941444,37.796943879108]]},"properties":{":id":"row-aiin-952x_8zwg",":version":"rv-tc24.dhau_zipw",":created_at":"2026-03-10T12:37:08.575Z",":updated_at":"2026-03-10T12:37:08.575Z","cnn":"10125000","corridor":"Pacific Ave","limits":"Columbus Ave  -  Beckett St","cnnrightleft":"L","blockside":"South","fullname":"Sunday","weekday":"Sun","fromhour":"2","tohour":"6","week1":"1","week2":"1","week3":"1","week4":"1","week5":"1","holidays":"1","blocksweepid":"1603945","cleaning_days_abbr":"TuThSu"}},{"type":"Feature","geometry":{"type":"LineString","coordinates":[[-122.407869496169,37.798696861567],[-122.409014377479,37.799489820039]]},"properties":{":id":"row-caur~wyyw.pzd3",":version":"rv-p53x-rrf5_s9bk",":created_at":"2026-03-10T12:37:08.575Z",":updated_at":"2026-03-10T12:37:08.575Z","cnn":"4294000","corridor":"Columbus Ave","limits":"Vallejo St  -  Green St","cnnrightleft":"R","blockside":"NorthEast","fullname":"Sunday","weekday":"Sun","fromhour":"4","tohour":"6","week1":"1","week2":"1","week3":"1","week4":"1","week5":"1","holidays":"0","blocksweepid":"1637289","cleaning_days_abbr":"MTuWThFSaSu"}},{"type":"Feature","geometry":{"type":"LineString","coordinates":[[-122.414711003922,37.776230519995],[-122.415127952624,37.775889703335]]},"properties":{":id":"row-cm4h~nkvv~cxsh",":version":"rv-z22p-i8w6_rwzk",":created_at":"2026-03-10T12:37:08.575Z",":updated_at":"2026-03-10T12:37:08.575Z","cnn":"9105000","corridor":"Mission St","limits":"09th St  -  Washburn St","cnnrightleft":"L","blockside":"SouthEast","fullname":"Sunday","weekday":"Sun","fromhour":"2","tohour":"6","week1":"1","week2":"1","week3":"1","week4":"1","week5":"1","holidays":"1","blocksweepid":"1618965","cleaning_days_abbr":"MTuWThFSaSu"}},{"type":"Feature","geometry":{"type":"LineString","coordinates":[[-122.499196335499,37.734311616301],[-122.499238722709,37.734453670952],[-122.500062557797,37.734904900013]]},"properties":{":id":"row-c6nu~7467_z52z",":version":"rv-f7dr~62mg.srgu",":created_at":"2026-03-10T12:37:08.575Z",":updated_at":"2026-03-10T12:37:08.575Z","cnn":"11961201","corridor":"Sloat Blvd","limits":"41st Ave  -  42nd Ave","cnnrightleft":"L","blockside":"SouthWest","fullname":"Sunday","weekday":"Sun","fromhour":"5","tohour":"7","week1":"1","week2":"1","week3":"1","week4":"1","week5":"1","holidays":"0","blocksweepid":"1605693","cleaning_days_abbr":"MTuWThFSaSu"}},{"type":"Feature","geometry":{"type":"LineString","coordinates":[[-122.423396761057,37.77188564464],[-122.423510160378,37.77173307429],[-122.423973384504,37.771369005805]]},"properties":{":id":"row-vm9m_vr3m_dqfi",":version":"rv-2zv3-p2ze.65h5",":created_at":"2026-03-10T12:37:08.575Z",":updated_at":"2026-03-10T12:37:08.575Z","cnn":"8760101","corridor":"Market St","limits":"Octavia St  -  Pearl St","cnnrightleft":"R","blockside":"NorthWest","fullname":"Sunday","weekday":"Sun","fromhour":"8","tohour":"9","week1":"1","week2":"1","week3":"1","week4":"1","week5":"1","holidays":"0","blocksweepid":"1618113"}},{"type":"Feature","geometry":{"type":"LineString","coordinates":[[-122.437461139482,37.721163548823],[-122.437533060276,37.721121785914],[-122.438311515463,37.720092519839],[-122.438329414073,37.720015525127]]},"properties":{":id":"row-mbxi.wfvi~8hyj",":version":"rv-vxrf.evru.2k34",":created_at":"2026-03-10T12:37:08.575Z",":updated_at":"2026-03-10T12:37:08.575Z","cnn":"9172201","corridor":"Mission St","limits":"Onondaga Ave  -  France Ave","cnnrightleft":"R","blockside":"NorthWest","fullname":"Sunday","weekday":"Sun","fromhour":"5","tohour":"7","week1":"1","week2":"1","week3":"1","week4":"1","week5":"1","holidays":"0","blocksweepid":"1626446","cleaning_days_abbr":"MTuWThFSaSu"}},{"type":"Feature","geometry":{"type":"LineString","coordinates":[[-122.435976889062,37.72312996338],[-122.436040073001,37.723044469769]]},"properties":{":id":"row-y48w.9pw9.8v8h",":version":"rv-3y78~ik3a~yk9f",":created_at":"2026-03-10T12:37:08.575Z",":updated_at":"2026-03-10T12:37:08.575Z","cnn":"9168000","corridor":"Mission St","limits":"Persia Ave  -  Ruth St","cnnrightleft":"L","blockside":"SouthEast","fullname":"Sunday","weekday":"Sun","fromhour":"5","tohour":"7","week1":"1","week2":"1","week3":"1","week4":"1","week5":"1","holidays":"0","blocksweepid":"1641402","cleaning_days_abbr":"MTuWThFSaSu"}},{"type":"Feature","geometry":{"type":"LineString","coordinates":[[-122.414053764894,37.782794446306],[-122.414241572962,37.78372378285]]},"properties":{":id":"row-rjzv~g39p~5aqh",":version":"rv-8iec-hqa8~bcn9",":created_at":"2026-03-10T12:37:08.575Z",":updated_at":"2026-03-10T12:37:08.575Z","cnn":"8240000","corridor":"Leavenworth St","limits":"Turk St  -  Eddy St","cnnrightleft":"R","blockside":"East","fullname":"Sunday","weekday":"Sun","fromhour":"6","tohour":"8","week1":"1","week2":"1","week3":"1","week4":"1","week5":"1","holidays":"0","blocksweepid":"1616830","cleaning_days_abbr":"TuThSu"}},{"type":"Feature","geometry":{"type":"LineString","coordinates":[[-122.401973426877,37.804072250218],[-122.402147393803,37.80439724792],[-122.403186615466,37.805144683932],[-122.403435725006,37.805184901498]]},"properties":{":id":"row-ivat-y2ds_j7tu",":version":"rv-qxx5_iuf4~qqmc",":created_at":"2026-03-10T12:37:08.575Z",":updated_at":"2026-03-10T12:37:08.575Z","cnn":"12557201","corridor":"The Embarcadero","limits":"Lombard St  -  Chestnut St","cnnrightleft":"R","blockside":"NorthEast","fullname":"Sunday","weekday":"Sun","fromhour":"1","tohour":"3","week1":"1","week2":"1","week3":"1","week4":"1","week5":"1","holidays":"1","blocksweepid":"1624903","cleaning_days_abbr":"MTuWThFSaSu"}},{"type":"Feature","geometry":{"type":"LineString","coordinates":[[-122.408667084512,37.78538824897],[-122.408840342934,37.785835964126],[-122.408941027974,37.786295916211]]},"properties":{":id":"row-2dz9-seu2_gm63",":version":"rv-eghw.q9yj~hske",":created_at":"2026-03-10T12:37:08.575Z",":updated_at":"2026-03-10T12:37:08.575Z","cnn":"4571000","corridor":"Cyril Magnin St","limits":"Ellis St  -  O'Farrell St","cnnrightleft":"R","blockside":"East","fullname":"Sunday","weekday":"Sun","fromhour":"2","tohour":"6","week1":"1","week2":"1","week3":"1","week4":"1","week5":"1","holidays":"0","blocksweepid":"1630610","cleaning_days_abbr":"TuThSu"}},{"type":"Feature","geometry":{"type":"LineString","coordinates":[[-122.40861884556,37.797627561973],[-122.409689043756,37.797493152091]]},"properties":{":id":"row-q893~y4aa~8id7",":version":"rv-twjj.fbr5_4yzs",":created_at":"2026-03-10T12:37:08.575Z",":updated_at":"2026-03-10T12:37:08.575Z","cnn":"3155000","corridor":"Broadway","limits":"Stockton St  -  Turk Murphy Ln","cnnrightleft":"L","blockside":"South","fullname":"Sunday","weekday":"Sun","fromhour":"4","tohour":"6","week1":"1","week2":"1","week3":"1","week4":"1","week5":"1","holidays":"0","blocksweepid":"1612690","cleaning_days_abbr":"MTuWThFSaSu"}},{"type":"Feature","geometry":{"type":"LineString","coordinates":[[-122.40635066883,37.796061968847],[-122.406652352008,37.796024750166]]},"properties":{":id":"row-dkc9.idb6.wayq",":version":"rv-qz52~u52i_8qzr",":created_at":"2026-03-10T12:37:08.575Z",":updated_at":"2026-03-10T12:37:08.575Z","cnn":"7372000","corridor":"Jackson St","limits":"Beckett St  -  Grant Ave","cnnrightleft":"L","blockside":"South","fullname":"Sunday","weekday":"Sun","fromhour":"2","tohour":"6","week1":"1","week2":"1","week3":"1","week4":"1","week5":"1","holidays":"1","blocksweepid":"1638530","cleaning_days_abbr":"TuThSu"}},{"type":"Feature","geometry":{"type":"LineString","coordinates":[[-122.409014377479,37.799489820039],[-122.410206544063,37.800315499308]]},"properties":{":id":"row-i8f6_ryz3_q8zs",":version":"rv-fadq~mgs4-ig26",":created_at":"2026-03-10T12:37:08.575Z",":updated_at":"2026-03-10T12:37:08.575Z","cnn":"4295000","corridor":"Columbus Ave","limits":"Green St  -  Union St","cnnrightleft":"L","blockside":"SouthWest","fullname":"Sunday","weekday":"Sun","fromhour":"4","tohour":"6","week1":"1","week2":"1","week3":"1","week4":"1","week5":"1","holidays":"0","blocksweepid":"1637335","cleaning_days_abbr":"MTuWThFSaSu"}},{"type":"Feature","geometry":{"type":"LineString","coordinates":[[-122.469627031751,37.780768738835],[-122.469757376122,37.780838471813],[-122.470582567476,37.780804782121],[-122.470716749947,37.780723353374]]},"properties":{":id":"row-ebh5~6xma-dxgg",":version":"rv-53s5.2wfu_jurc",":created_at":"2026-03-10T12:37:08.575Z",":updated_at":"2026-03-10T12:37:08.575Z","cnn":"6067201","corridor":"Geary Blvd","limits":"11th Ave  -  12th Ave","cnnrightleft":"R","blockside":"North","fullname":"Sunday","weekday":"Sun","fromhour":"7","tohour":"8","week1":"1","week2":"1","week3":"1","week4":"1","week5":"1","holidays":"0","blocksweepid":"1611375","cleaning_days_abbr":"TuThSu"}},{"type":"Feature","geometry":{"type":"LineString","coordinates":[[-122.395405270407,37.796682895937],[-122.395360657878,37.796855296045],[-122.396423589598,37.798013223406],[-122.397473883097,37.799198943827],[-122.397669948657,37.799234483026]]},"properties":{":id":"row-z5er-8d32.cwbn",":version":"rv-skhc.etj8~zgzr",":created_at":"2026-03-10T12:37:08.575Z",":updated_at":"2026-03-10T12:37:08.575Z","cnn":"12554201","corridor":"The Embarcadero","limits":"Washington St  -  Broadway","cnnrightleft":"R","blockside":"NorthEast","fullname":"Sunday","weekday":"Sun","fromhour":"1","tohour":"3","week1":"1","week2":"1","week3":"1","week4":"1","week5":"1","holidays":"1","blocksweepid":"1624900","cleaning_days_abbr":"MTuWThFSaSu"}},{"type":"Feature","geometry":{"type":"LineString","coordinates":[[-122.459999657963,37.781213477912],[-122.460122583578,37.781278325881],[-122.460933228702,37.781241851218],[-122.461062828886,37.781160261634]]},"properties":{":id":"row-2bh7_h5ah-2pc3",":version":"rv-n5tg~5nb2.ceuz",":created_at":"2026-03-10T12:37:08.575Z",":updated_at":"2026-03-10T12:37:08.575Z","cnn":"6058201","corridor":"Geary Blvd","limits":"02nd Ave  -  03rd Ave","cnnrightleft":"R","blockside":"North","fullname":"Sunday","weekday":"Sun","fromhour":"7","tohour":"8","week1":"1","week2":"1","week3":"1","week4":"1","week5":"1","holidays":"0","blocksweepid":"1611366","cleaning_days_abbr":"TuThSu"}},{"type":"Feature","geometry":{"type":"LineString","coordinates":[[-122.511294925013,37.775075961311],[-122.511344056127,37.774989124611],[-122.511262582297,37.774192778363],[-122.511314202097,37.773574484289],[-122.511337498765,37.773018952407],[-122.511282101517,37.77295994379]]},"properties":{":id":"row-8u3v_6jfi-udkw",":version":"rv-7kxu-yi9x-84ua",":created_at":"2026-03-10T12:37:08.575Z",":updated_at":"2026-03-10T12:37:08.575Z","cnn":"6432201","corridor":"Great Hwy","limits":"Balboa St  -  Cabrillo St","cnnrightleft":"R","blockside":"West","fullname":"Sunday","weekday":"Sun","fromhour":"2","tohour":"5","week1":"1","week2":"1","week3":"1","week4":"1","week5":"1","holidays":"0","blocksweepid":"1636055","cleaning_days_abbr":"MTuWThFSaSu"}},{"type":"Feature","geometry":{"type":"LineString","coordinates":[[-122.392499329227,37.793768814045],[-122.392532936698,37.793915802979],[-122.393271754268,37.794603414585],[-122.394564167213,37.795986510805],[-122.395156984793,37.796635236513],[-122.395405270407,37.796682895937]]},"properties":{":id":"row-47ff_5yn2.qgcw",":version":"rv-czsd~4g6b_k9w2",":created_at":"2026-03-10T12:37:08.575Z",":updated_at":"2026-03-10T12:37:08.575Z","cnn":"12553201","corridor":"The Embarcadero","limits":"Mission St  -  Washington St","cnnrightleft":"R","blockside":"NorthEast","fullname":"Sunday","weekday":"Sun","fromhour":"1","tohour":"3","week1":"1","week2":"1","week3":"1","week4":"1","week5":"1","holidays":"1","blocksweepid":"1624899","cleaning_days_abbr":"MTuWThFSaSu"}},{"type":"Feature","geometry":{"type":"LineString","coordinates":[[-122.418593944952,37.753836587811],[-122.418445270656,37.752239454508]]},"properties":{":id":"row-6wm3-fh5n_fua7",":version":"rv-xhc4-i8qf~bq98",":created_at":"2026-03-10T12:37:08.575Z",":updated_at":"2026-03-10T12:37:08.575Z","cnn":"9125000","corridor":"Mission St","limits":"23rd St  -  24th St","cnnrightleft":"R","blockside":"West","fullname":"Sunday","weekday":"Sun","fromhour":"4","tohour":"6","week1":"1","week2":"1","week3":"1","week4":"1","week5":"1","holidays":"0","blocksweepid":"1619098","cleaning_days_abbr":"MTuWThFSaSu"}},{"type":"Feature","geometry":{"type":"LineString","coordinates":[[-122.435385086008,37.723909403464],[-122.435976889062,37.72312996338]]},"properties":{":id":"row-pejk~xajj-58sa",":version":"rv-bp6i.4yuv~bn6d",":created_at":"2026-03-10T12:37:08.575Z",":updated_at":"2026-03-10T12:37:08.575Z","cnn":"9167000","corridor":"Mission St","limits":"Ocean Ave  -  Persia Ave","cnnrightleft":"L","blockside":"SouthEast","fullname":"Sunday","weekday":"Sun","fromhour":"5","tohour":"7","week1":"1","week2":"1","week3":"1","week4":"1","week5":"1","holidays":"0","blocksweepid":"1641401","cleaning_days_abbr":"MTuWThFSaSu"}},{"type":"Feature","geometry":{"type":"LineString","coordinates":[[-122.511938325139,37.776756190994],[-122.511753172096,37.776661003748],[-122.511616458763,37.776489522731],[-122.511498183286,37.776299469483],[-122.511403047552,37.776091731819],[-122.511339817124,37.775908462377],[-122.511292866567,37.775585971621],[-122.511268928347,37.77537944838],[-122.511240397733,37.775173049191],[-122.511294925013,37.775075961311]]},"properties":{":id":"row-vzjp_b58p~ep7k",":version":"rv-ztma.ys8w~nsej",":created_at":"2026-03-10T12:37:08.575Z",":updated_at":"2026-03-10T12:37:08.575Z","cnn":"6431101","corridor":"Great Hwy","limits":"Point Lobos Ave  -  Balboa St","cnnrightleft":"L","blockside":"East","fullname":"Sunday","weekday":"Sun","fromhour":"2","tohour":"4","week1":"1","week2":"1","week3":"1","week4":"1","week5":"1","holidays":"1","blocksweepid":"1601814","cleaning_days_abbr":"MTuWThFSaSu"}},{"type":"Feature","geometry":{"type":"LineString","coordinates":[[-122.424702562024,37.735369870856],[-122.424787340632,37.735240664085],[-122.4257077669,37.734318014076],[-122.425791803963,37.734277998066]]},"properties":{":id":"row-67x4.3aqw~cgik",":version":"rv-dhhr~n9uw_3ywh",":created_at":"2026-03-10T12:37:08.575Z",":updated_at":"2026-03-10T12:37:08.575Z","cnn":"9147101","corridor":"Mission St","limits":"Crescent Ave  -  College Ter","cnnrightleft":"L","blockside":"SouthEast","fullname":"Sunday","weekday":"Sun","fromhour":"5","tohour":"7","week1":"1","week2":"1","week3":"1","week4":"1","week5":"1","holidays":"0","blocksweepid":"1641381","cleaning_days_abbr":"TuThSu"}},{"type":"Feature","geometry":{"type":"LineString","coordinates":[[-122.402209197545,37.728101973655],[-122.402105120585,37.727789703729]]},"properties":{":id":"row-gbpj.gfsp_cg49",":version":"rv-nv2i.2p3v_vsva",":created_at":"2026-03-10T12:37:08.575Z",":updated_at":"2026-03-10T12:37:08.575Z","cnn":"2809000","corridor":"Bay Shore Blvd","limits":"Bacon St  -  Phelps St","cnnrightleft":"R","blockside":"West","fullname":"Sunday","weekday":"Sun","fromhour":"7","tohour":"8","week1":"1","week2":"1","week3":"1","week4":"1","week5":"1","holidays":"0","blocksweepid":"1628222","cleaning_days_abbr":"MWThFSaSu"}},{"type":"Feature","geometry":{"type":"LineString","coordinates":[[-122.404796472442,37.794453004766],[-122.404875610531,37.794859533302]]},"properties":{":id":"row-btvf.v3nv.yy7k",":version":"rv-2i8q~yyfm.k4ph",":created_at":"2026-03-10T12:37:08.575Z",":updated_at":"2026-03-10T12:37:08.575Z","cnn":"7758000","corridor":"Kearny St","limits":"Clay St  -  Merchant St","cnnrightleft":"R","blockside":"East","fullname":"Sunday","weekday":"Sun","fromhour":"2","tohour":"6","week1":"1","week2":"1","week3":"1","week4":"1","week5":"1","holidays":"1","blocksweepid":"1623941","cleaning_days_abbr":"MTuWThFSaSu"}},{"type":"Feature","geometry":{"type":"LineString","coordinates":[[-122.415315614941,37.780719176738],[-122.415505178457,37.781654261888]]},"properties":{":id":"row-vigj-v5bf-6k69",":version":"rv-jcns_tcnk~p8fx",":created_at":"2026-03-10T12:37:08.575Z",":updated_at":"2026-03-10T12:37:08.575Z","cnn":"7114000","corridor":"Hyde St","limits":"McAllister St  -  Golden Gate Ave","cnnrightleft":"R","blockside":"East","fullname":"Sunday","weekday":"Sun","fromhour":"6","tohour":"8","week1":"1","week2":"1","week3":"1","week4":"1","week5":"1","holidays":"0","blocksweepid":"1608263","cleaning_days_abbr":"TuThSu"}},{"type":"Feature","geometry":{"type":"LineString","coordinates":[[-122.409245442644,37.781398133902],[-122.408708673446,37.780971182971]]},"properties":{":id":"row-9bat~hskt~znrg",":version":"rv-kn2v-dijz-kxys",":created_at":"2026-03-10T12:37:08.575Z",":updated_at":"2026-03-10T12:37:08.575Z","cnn":"328000","corridor":"06th St","limits":"Jessie St  -  Mission St","cnnrightleft":"R","blockside":"SouthWest","fullname":"Sunday","weekday":"Sun","fromhour":"4","tohour":"6","week1":"1","week2":"1","week3":"1","week4":"1","week5":"1","holidays":"0","blocksweepid":"1636396","cleaning_days_abbr":"MTuWThFSaSu"}},{"type":"Feature","geometry":{"type":"LineString","coordinates":[[-122.426858290165,37.769042389187],[-122.42844818332,37.767787890859],[-122.428657163625,37.767734888173]]},"properties":{":id":"row-8dgh-epw5-kjxh",":version":"rv-vc8a~2c22-z93i",":created_at":"2026-03-10T12:37:08.575Z",":updated_at":"2026-03-10T12:37:08.575Z","cnn":"8762102","corridor":"Market St","limits":"Dolores St  -  14th St","cnnrightleft":"R","blockside":"NorthWest","fullname":"Sunday","weekday":"Sun","fromhour":"8","tohour":"9","week1":"1","week2":"1","week3":"1","week4":"1","week5":"1","holidays":"0","blocksweepid":"1618117"}},{"type":"Feature","geometry":{"type":"LineString","coordinates":[[-122.4212321554,37.773523380984],[-122.421825039078,37.773057440463],[-122.421941247356,37.773036050758]]},"properties":{":id":"row-7tpy.6ctc~eiv4",":version":"rv-9f6k.ijsu-dnev",":created_at":"2026-03-10T12:37:08.575Z",":updated_at":"2026-03-10T12:37:08.575Z","cnn":"8757102","corridor":"Market St","limits":"Brady St  -  Gough St","cnnrightleft":"L","blockside":"SouthEast","fullname":"Sunday","weekday":"Sun","fromhour":"5","tohour":"7","week1":"1","week2":"1","week3":"1","week4":"1","week5":"1","holidays":"1","blocksweepid":"1618107","cleaning_days_abbr":"MTuWThFSaSu"}},{"type":"Feature","geometry":{"type":"LineString","coordinates":[[-122.510925947378,37.770435676064],[-122.511001474216,37.770318768176],[-122.510904945974,37.769674365519],[-122.510777705431,37.76895322255],[-122.510431688189,37.767262177444],[-122.510365330666,37.766580685124],[-122.510350219163,37.766010400586],[-122.510381283802,37.765486767691],[-122.510471777041,37.764629782408],[-122.510453447688,37.764164800561],[-122.510341319396,37.764000833634]]},"properties":{":id":"row-pe4q_hqnw.zvi3",":version":"rv-xj8s~iwsf.9jsj",":created_at":"2026-03-10T12:37:08.575Z",":updated_at":"2026-03-10T12:37:08.575Z","cnn":"6435201","corridor":"Great Hwy","limits":"John F Kennedy Dr  -  Lincoln Way","cnnrightleft":"R","blockside":"West","fullname":"Sunday","weekday":"Sun","fromhour":"2","tohour":"5","week1":"1","week2":"1","week3":"1","week4":"1","week5":"1","holidays":"0","blocksweepid":"1636058","cleaning_days_abbr":"MTuWThFSaSu"}},{"type":"Feature","geometry":{"type":"LineString","coordinates":[[-122.503104759293,37.735466491501],[-122.503202508107,37.735382428464],[-122.505127431735,37.735375465657],[-122.505257352258,37.735475288106]]},"properties":{":id":"row-mv3e~768v.iqxf",":version":"rv-n29g_ixqv.s88m",":created_at":"2026-03-10T12:37:08.575Z",":updated_at":"2026-03-10T12:37:08.575Z","cnn":"11963101","corridor":"Sloat Blvd","limits":"45th Ave  -  47th Ave","cnnrightleft":"R","blockside":"North","fullname":"Sunday","weekday":"Sun","fromhour":"5","tohour":"7","week1":"1","week2":"1","week3":"1","week4":"1","week5":"1","holidays":"0","blocksweepid":"1621655","cleaning_days_abbr":"MTuWThFSaSu"}},{"type":"Feature","geometry":{"type":"LineString","coordinates":[[-122.407254674597,37.782119419193],[-122.408708673446,37.780971182971]]},"properties":{":id":"row-kyrh-thbk_r9vc",":version":"rv-mejz-84yu_f4qz",":created_at":"2026-03-10T12:37:08.575Z",":updated_at":"2026-03-10T12:37:08.575Z","cnn":"9099000","corridor":"Mission St","limits":"Mary St  -  06th St","cnnrightleft":"R","blockside":"NorthWest","fullname":"Sunday","weekday":"Sun","fromhour":"2","tohour":"6","week1":"1","week2":"1","week3":"1","week4":"1","week5":"1","holidays":"1","blocksweepid":"1618510","cleaning_days_abbr":"MTuWThFSaSu"}},{"type":"Feature","geometry":{"type":"LineString","coordinates":[[-122.41744593863,37.808013324233],[-122.419086067987,37.807803117552]]},"properties":{":id":"row-6pxa~e4tz~htcp",":version":"rv-44s3.a54v~v3p7",":created_at":"2026-03-10T12:37:08.575Z",":updated_at":"2026-03-10T12:37:08.575Z","cnn":"7458000","corridor":"Jefferson St","limits":"Jones St  -  Leavenworth St","cnnrightleft":"R","blockside":"North","fullname":"Sunday","weekday":"Sun","fromhour":"1","tohour":"3","week1":"1","week2":"1","week3":"1","week4":"1","week5":"1","holidays":"1","blocksweepid":"1597399","cleaning_days_abbr":"MTuWThFSaSu"}},{"type":"Feature","geometry":{"type":"LineString","coordinates":[[-122.458998400743,37.783188664916],[-122.460137198557,37.783136488403]]},"properties":{":id":"row-kkre~yg2i~g9i2",":version":"rv-9ppu.g8tt-4ix6",":created_at":"2026-03-10T12:37:08.575Z",":updated_at":"2026-03-10T12:37:08.575Z","cnn":"4150000","corridor":"Clement St","limits":"Arguello Blvd  -  02nd Ave","cnnrightleft":"L","blockside":"South","fullname":"Sunday","weekday":"Sun","fromhour":"7","tohour":"8","week1":"1","week2":"1","week3":"1","week4":"1","week5":"1","holidays":"0","blocksweepid":"1602950","cleaning_days_abbr":"TuThSu"}},{"type":"Feature","geometry":{"type":"LineString","coordinates":[[-122.407164382555,37.782190721716],[-122.407254674597,37.782119419193]]},"properties":{":id":"row-q7my~p2h6_q2vz",":version":"rv-bie7~kqrr-f2ff",":created_at":"2026-03-10T12:37:08.575Z",":updated_at":"2026-03-10T12:37:08.575Z","cnn":"9098000","corridor":"Mission St","limits":"Mint St  -  Mary St","cnnrightleft":"L","blockside":"SouthEast","fullname":"Sunday","weekday":"Sun","fromhour":"2","tohour":"6","week1":"1","week2":"1","week3":"1","week4":"1","week5":"1","holidays":"1","blocksweepid":"1618958","cleaning_days_abbr":"MTuWThFSaSu"}},{"type":"Feature","geometry":{"type":"LineString","coordinates":[[-122.403028192908,37.787024418781],[-122.402575227493,37.786678208423]]},"properties":{":id":"row-f5mg.mbaz~pkjb",":version":"rv-idut~yf2m-6szy",":created_at":"2025-06-19T16:07:35.272Z",":updated_at":"2025-06-19T16:07:35.272Z","cnn":"164000","corridor":"03rd St","limits":"Stevenson St  -  Jessie St","cnnrightleft":"R","blockside":"SouthWest","fullname":"Sunday","weekday":"Sun","fromhour":"2","tohour":"6","week1":"1","week2":"1","week3":"1","week4":"1","week5":"1","holidays":"1","blocksweepid":"1628675","cleaning_days_abbr":"MTuWThFSaSu"}},{"type":"Feature","geometry":{"type":"LineString","coordinates":[[-122.404418427807,37.792638656361],[-122.404613421188,37.793565084245]]},"properties":{":id":"row-6zut_qj7g~ueyy",":version":"rv-wh49~6x85~8g2w",":created_at":"2026-03-10T12:37:08.575Z",":updated_at":"2026-03-10T12:37:08.575Z","cnn":"7755000","corridor":"Kearny St","limits":"California St  -  Sacramento St","cnnrightleft":"R","blockside":"East","fullname":"Sunday","weekday":"Sun","fromhour":"2","tohour":"6","week1":"1","week2":"1","week3":"1","week4":"1","week5":"1","holidays":"1","blocksweepid":"1623938","cleaning_days_abbr":"MTuWThFSaSu"}},{"type":"Feature","geometry":{"type":"LineString","coordinates":[[-122.436040073001,37.723044469769],[-122.436468165125,37.722465217898]]},"properties":{":id":"row-58pd~jhb3-9nng",":version":"rv-p74n-yapv~r6vh",":created_at":"2026-03-10T12:37:08.575Z",":updated_at":"2026-03-10T12:37:08.575Z","cnn":"9169000","corridor":"Mission St","limits":"Ruth St  -  Leo St","cnnrightleft":"R","blockside":"NorthWest","fullname":"Sunday","weekday":"Sun","fromhour":"5","tohour":"7","week1":"1","week2":"1","week3":"1","week4":"1","week5":"1","holidays":"0","blocksweepid":"1626443","cleaning_days_abbr":"MTuWThFSaSu"}},{"type":"Feature","geometry":{"type":"LineString","coordinates":[[-122.431951802505,37.779564149041],[-122.432140389659,37.780496260511]]},"properties":{":id":"row-en5y.syrr-d8f5",":version":"rv-pt2x~nefb_nwvw",":created_at":"2026-03-10T12:37:08.575Z",":updated_at":"2026-03-10T12:37:08.575Z","cnn":"5542000","corridor":"Fillmore St","limits":"Golden Gate Ave  -  Turk St","cnnrightleft":"R","blockside":"East","fullname":"Sunday","weekday":"Sun","fromhour":"6","tohour":"8","week1":"1","week2":"1","week3":"1","week4":"1","week5":"1","holidays":"0","blocksweepid":"1631288","cleaning_days_abbr":"TuThSu"}},{"type":"Feature","geometry":{"type":"LineString","coordinates":[[-122.405409100325,37.797544592985],[-122.405481090131,37.797902804277],[-122.405473070568,37.798016956507]]},"properties":{":id":"row-cnan~k73a-5vx7",":version":"rv-56wq_wi8f.9jqc",":created_at":"2026-03-10T12:37:08.575Z",":updated_at":"2026-03-10T12:37:08.575Z","cnn":"7764000","corridor":"Kearny St","limits":"Nottingham Pl  -  Broadway","cnnrightleft":"R","blockside":"East","fullname":"Sunday","weekday":"Sun","fromhour":"4","tohour":"6","week1":"1","week2":"1","week3":"1","week4":"1","week5":"1","holidays":"0","blocksweepid":"1616421","cleaning_days_abbr":"MTuWThFSaSu"}},{"type":"Feature","geometry":{"type":"LineString","coordinates":[[-122.406129483695,37.793379704657],[-122.406643294309,37.793314880656]]},"properties":{":id":"row-rp5e-xi4q~u8a4",":version":"rv-3gxy-be3d.8f4m",":created_at":"2026-03-10T12:37:08.575Z",":updated_at":"2026-03-10T12:37:08.575Z","cnn":"11229000","corridor":"Sacramento St","limits":"Grant Ave  -  Waverly Pl","cnnrightleft":"L","blockside":"South","fullname":"Sunday","weekday":"Sun","fromhour":"2","tohour":"6","week1":"1","week2":"1","week3":"1","week4":"1","week5":"1","holidays":"1","blocksweepid":"1621137","cleaning_days_abbr":"TuThSu"}},{"type":"Feature","geometry":{"type":"LineString","coordinates":[[-122.400899014405,37.739659121165],[-122.401063551168,37.739658390274],[-122.403186205201,37.739073825399],[-122.404136822496,37.738796998907],[-122.404257984566,37.738712584942]]},"properties":{":id":"row-mp6u.t7pf~2jz6",":version":"rv-za38_tx32-tk8f",":created_at":"2026-03-10T12:37:08.575Z",":updated_at":"2026-03-10T12:37:08.575Z","cnn":"7205201","corridor":"Industrial St","limits":"Palou Ave  -  Barneveld Ave","cnnrightleft":"R","blockside":"North","fullname":"Sunday","weekday":"Sun","fromhour":"2","tohour":"3","week1":"1","week2":"1","week3":"1","week4":"1","week5":"1","holidays":"0","blocksweepid":"1623531","cleaning_days_abbr":"TuSu"}},{"type":"Feature","geometry":{"type":"LineString","coordinates":[[-122.437234931654,37.772203712438],[-122.43720341491,37.772286038019],[-122.437360361822,37.773060370428],[-122.437422939693,37.77313349266]]},"properties":{":id":"row-vvnb_pjdp~yjd3",":version":"rv-w7kh-yyjf~nis8",":created_at":"2026-03-10T12:37:08.575Z",":updated_at":"2026-03-10T12:37:08.575Z","cnn":"4800201","corridor":"Divisadero St","limits":"Page St  -  Oak St","cnnrightleft":"R","blockside":"East","fullname":"Sunday","weekday":"Sun","fromhour":"6","tohour":"8","week1":"1","week2":"1","week3":"1","week4":"1","week5":"1","holidays":"0","blocksweepid":"1615254","cleaning_days_abbr":"TuThSu"}},{"type":"Feature","geometry":{"type":"LineString","coordinates":[[-122.440106607185,37.717665309709],[-122.440132630298,37.717586749785],[-122.440355433547,37.717285489592],[-122.440417738126,37.717244618779]]},"properties":{":id":"row-khxk~uw6d.rt5y",":version":"rv-fs53-5bnr.ptbr",":created_at":"2026-03-10T12:37:08.575Z",":updated_at":"2026-03-10T12:37:08.575Z","cnn":"9176101","corridor":"Mission St","limits":"Seneca Ave  -  Amazon Ave","cnnrightleft":"L","blockside":"SouthEast","fullname":"Sunday","weekday":"Sun","fromhour":"5","tohour":"7","week1":"1","week2":"1","week3":"1","week4":"1","week5":"1","holidays":"0","blocksweepid":"1641410","cleaning_days_abbr":"MTuWThFSaSu"}},{"type":"Feature","geometry":{"type":"LineString","coordinates":[[-122.453916430186,37.745699922126],[-122.453829177196,37.745724014639],[-122.453645157634,37.745695560019],[-122.453376023784,37.745687793767],[-122.452227546597,37.745692009382],[-122.451816065441,37.745671216245],[-122.451691489455,37.745606434057],[-122.451623986882,37.745534237596]]},"properties":{":id":"row-xs6n-yzpk~yu7s",":version":"rv-spgi.4ws9~wcf3",":created_at":"2026-03-10T12:37:08.575Z",":updated_at":"2026-03-10T12:37:08.575Z","cnn":"13717101","corridor":"Woodside Ave","limits":"Ulloa St  -  Portola Dr","cnnrightleft":"L","blockside":"North","fullname":"Sunday","weekday":"Sun","fromhour":"5","tohour":"7","week1":"1","week2":"1","week3":"1","week4":"1","week5":"1","holidays":"0","blocksweepid":"1635335"}},{"type":"Feature","geometry":{"type":"LineString","coordinates":[[-122.400899014405,37.739659121165],[-122.401026677481,37.739564735455],[-122.401957435369,37.73930154389]]},"properties":{":id":"row-vy2r.kp2u_v8ya",":version":"rv-b9yb-sj6c_m3ce",":created_at":"2026-03-10T12:37:08.575Z",":updated_at":"2026-03-10T12:37:08.575Z","cnn":"7205101","corridor":"Industrial St","limits":"Palou Ave  -  Quesada Ave","cnnrightleft":"L","blockside":"South","fullname":"Sunday","weekday":"Sun","fromhour":"2","tohour":"3","week1":"1","week2":"1","week3":"1","week4":"1","week5":"1","holidays":"0","blocksweepid":"1597140","cleaning_days_abbr":"WSu"}},{"type":"Feature","geometry":{"type":"LineString","coordinates":[[-122.391521350863,37.732431908124],[-122.391513895952,37.732262592912],[-122.39169230664,37.731752623758],[-122.391797155906,37.73164354578]]},"properties":{":id":"row-m7e2~9y4k-xia9",":version":"rv-typh-gq6c.qysw",":created_at":"2026-03-10T12:37:08.575Z",":updated_at":"2026-03-10T12:37:08.575Z","cnn":"215101","corridor":"03rd St","limits":"Revere Ave  -  Shafter Ave","cnnrightleft":"L","blockside":"East","fullname":"Sunday","weekday":"Sun","fromhour":"2","tohour":"6","week1":"1","week2":"1","week3":"1","week4":"1","week5":"1","holidays":"1","blocksweepid":"1629097","cleaning_days_abbr":"MTuWThFSaSu"}},{"type":"Feature","geometry":{"type":"LineString","coordinates":[[-122.39463146327,37.780354395261],[-122.394300037428,37.780089730328]]},"properties":{":id":"row-8wjb.z72h-37y7",":version":"rv-c4zu-mjm7-5pga",":created_at":"2026-03-10T12:37:08.575Z",":updated_at":"2026-03-10T12:37:08.575Z","cnn":"178000","corridor":"03rd St","limits":"Varney Pl  -  Brannan St","cnnrightleft":"R","blockside":"SouthWest","fullname":"Sunday","weekday":"Sun","fromhour":"2","tohour":"6","week1":"1","week2":"1","week3":"1","week4":"1","week5":"1","holidays":"1","blocksweepid":"1628689","cleaning_days_abbr":"MTuWThFSaSu"}},{"type":"Feature","geometry":{"type":"LineString","coordinates":[[-122.4717754593,37.78068110402],[-122.471873575444,37.780745243401],[-122.472167264589,37.780735662186],[-122.472312256173,37.780655827805]]},"properties":{":id":"row-vn9g_3tmy-ehwq",":version":"rv-u5qq.ngjm_wcz2",":created_at":"2026-03-10T12:37:08.575Z",":updated_at":"2026-03-10T12:37:08.575Z","cnn":"6069201","corridor":"Geary Blvd","limits":"Funston Ave  -  Park Presidio Blvd","cnnrightleft":"R","blockside":"North","fullname":"Sunday","weekday":"Sun","fromhour":"7","tohour":"8","week1":"1","week2":"1","week3":"1","week4":"1","week5":"1","holidays":"0","blocksweepid":"1611377","cleaning_days_abbr":"TuThSu"}},{"type":"Feature","geometry":{"type":"LineString","coordinates":[[-122.43479841318,37.724682554681],[-122.434870379142,37.724587706064]]},"properties":{":id":"row-iujk_y6pm.5m2u",":version":"rv-zfi6~ex3p-u8cr",":created_at":"2026-03-10T12:37:08.575Z",":updated_at":"2026-03-10T12:37:08.575Z","cnn":"9164000","corridor":"Mission St","limits":"Brazil Ave  -  Norton St","cnnrightleft":"L","blockside":"SouthEast","fullname":"Sunday","weekday":"Sun","fromhour":"5","tohour":"7","week1":"1","week2":"1","week3":"1","week4":"1","week5":"1","holidays":"0","blocksweepid":"1641398","cleaning_days_abbr":"MTuWThFSaSu"}},{"type":"Feature","geometry":{"type":"LineString","coordinates":[[-122.392499329227,37.793768814045],[-122.393181332338,37.793230492385]]},"properties":{":id":"row-8vgs.k7ha~d3b6",":version":"rv-a4ef_zxjf-5ja8",":created_at":"2026-03-10T12:37:08.575Z",":updated_at":"2026-03-10T12:37:08.575Z","cnn":"9082000","corridor":"Mission St","limits":"The Embarcadero  -  Steuart St","cnnrightleft":"R","blockside":"NorthWest","fullname":"Sunday","weekday":"Sun","fromhour":"2","tohour":"6","week1":"1","week2":"1","week3":"1","week4":"1","week5":"1","holidays":"1","blocksweepid":"1618490","cleaning_days_abbr":"MTuWThFSaSu"}},{"type":"Feature","geometry":{"type":"LineString","coordinates":[[-122.39440306567,37.708903826132],[-122.39308656832,37.709092421528],[-122.392689161797,37.709094657653]]},"properties":{":id":"row-3y3v_hzwg_rr78",":version":"rv-4p4v-rmbt_ktke",":created_at":"2026-03-10T12:37:08.575Z",":updated_at":"2026-03-10T12:37:08.575Z","cnn":"2142000","corridor":"Alana Way","limits":"Executive Park Blvd  -  Harney Way","cnnrightleft":"L","blockside":"North","fullname":"Sunday","weekday":"Sun","fromhour":"7","tohour":"8","week1":"1","week2":"1","week3":"1","week4":"1","week5":"1","holidays":"0","blocksweepid":"1627172","cleaning_days_abbr":"FSaSu"}},{"type":"Feature","geometry":{"type":"LineString","coordinates":[[-122.40647940289,37.782731636192],[-122.407164382555,37.782190721716]]},"properties":{":id":"row-34qx-nnva_mbum",":version":"rv-fbar~kukq_v63v",":created_at":"2026-03-10T12:37:08.575Z",":updated_at":"2026-03-10T12:37:08.575Z","cnn":"9097000","corridor":"Mission St","limits":"05th St  -  Mint St","cnnrightleft":"R","blockside":"NorthWest","fullname":"Sunday","weekday":"Sun","fromhour":"2","tohour":"6","week1":"1","week2":"1","week3":"1","week4":"1","week5":"1","holidays":"1","blocksweepid":"1618508","cleaning_days_abbr":"MTuWThFSaSu"}},{"type":"Feature","geometry":{"type":"LineString","coordinates":[[-122.405318329414,37.797089847723],[-122.405409100325,37.797544592985]]},"properties":{":id":"row-u4tp~kg77~v8n4",":version":"rv-v9f9-m6dk.85zx",":created_at":"2026-03-10T12:37:08.575Z",":updated_at":"2026-03-10T12:37:08.575Z","cnn":"7763000","corridor":"Kearny St","limits":"Pacific Ave  -  Nottingham Pl","cnnrightleft":"R","blockside":"East","fullname":"Sunday","weekday":"Sun","fromhour":"4","tohour":"6","week1":"1","week2":"1","week3":"1","week4":"1","week5":"1","holidays":"0","blocksweepid":"1616420","cleaning_days_abbr":"MTuWThFSaSu"}},{"type":"Feature","geometry":{"type":"LineString","coordinates":[[-122.417706749819,37.784235738923],[-122.417805819654,37.784709804062]]},"properties":{":id":"row-y3td_9d7f_2we6",":version":"rv-ffpf~vrth.vpq7",":created_at":"2026-03-10T12:37:08.575Z",":updated_at":"2026-03-10T12:37:08.575Z","cnn":"8128000","corridor":"Larkin St","limits":"Ellis St  -  Olive St","cnnrightleft":"R","blockside":"East","fullname":"Sunday","weekday":"Sun","fromhour":"6","tohour":"8","week1":"1","week2":"1","week3":"1","week4":"1","week5":"1","holidays":"0","blocksweepid":"1616653","cleaning_days_abbr":"TuThSu"}},{"type":"Feature","geometry":{"type":"LineString","coordinates":[[-122.419668972896,37.765051337402],[-122.420482492199,37.765002196919]]},"properties":{":id":"row-2iuv.5xvk.egnp",":version":"rv-q7ip-pqvi-9nwx",":created_at":"2026-03-10T12:37:08.575Z",":updated_at":"2026-03-10T12:37:08.575Z","cnn":"726000","corridor":"16th St","limits":"Mission St  -  Wiese St","cnnrightleft":"L","blockside":"South","fullname":"Sunday","weekday":"Sun","fromhour":"2","tohour":"6","week1":"1","week2":"1","week3":"1","week4":"1","week5":"1","holidays":"1","blocksweepid":"1635664","cleaning_days_abbr":"MTuWThFSaSu"}},{"type":"Feature","geometry":{"type":"LineString","coordinates":[[-122.389310055837,37.738741929892],[-122.389283847022,37.738629228219],[-122.389498043441,37.738021667325],[-122.38958738061,37.737955395853]]},"properties":{":id":"row-eitg~wzvu-rvcd",":version":"rv-e8am_w5nq_sg3f",":created_at":"2026-03-10T12:37:08.575Z",":updated_at":"2026-03-10T12:37:08.575Z","cnn":"207101","corridor":"03rd St","limits":"Newhall St  -  Kirkwood Ave","cnnrightleft":"L","blockside":"East","fullname":"Sunday","weekday":"Sun","fromhour":"2","tohour":"6","week1":"1","week2":"1","week3":"1","week4":"1","week5":"1","holidays":"1","blocksweepid":"1629089","cleaning_days_abbr":"MTuWThFSaSu"}},{"type":"Feature","geometry":{"type":"LineString","coordinates":[[-122.418598509318,37.780260133266],[-122.420033641199,37.780080160641],[-122.420247184087,37.78007469645]]},"properties":{":id":"row-a6ud_igbq~u8j9",":version":"rv-6dhm-cr9h-iknj",":created_at":"2026-03-10T12:37:08.575Z",":updated_at":"2026-03-10T12:37:08.575Z","cnn":"8894000","corridor":"McAllister St","limits":"Polk St  -  Van Ness Ave","cnnrightleft":"R","blockside":"North","fullname":"Sunday","weekday":"Sun","fromhour":"2","tohour":"6","week1":"1","week2":"1","week3":"1","week4":"1","week5":"1","holidays":"0","blocksweepid":"1599644","cleaning_days_abbr":"MTuWThFSaSu"}},{"type":"Feature","geometry":{"type":"LineString","coordinates":[[-122.405142977293,37.796210954662],[-122.405862651929,37.796122174098]]},"properties":{":id":"row-eq57_gyvr.uy4i",":version":"rv-uaep_6zet~v8p6",":created_at":"2026-03-10T12:37:08.575Z",":updated_at":"2026-03-10T12:37:08.575Z","cnn":"7369000","corridor":"Jackson St","limits":"Kearny St  -  Cooper Aly","cnnrightleft":"L","blockside":"South","fullname":"Sunday","weekday":"Sun","fromhour":"2","tohour":"6","week1":"1","week2":"1","week3":"1","week4":"1","week5":"1","holidays":"1","blocksweepid":"1638527","cleaning_days_abbr":"TuThSu"}},{"type":"Feature","geometry":{"type":"LineString","coordinates":[[-122.421964312447,37.765720755375],[-122.421886446144,37.764917378514]]},"properties":{":id":"row-pw6h-kvp9.bzpt",":version":"rv-wcxx~5xs7.f4bg",":created_at":"2026-03-10T12:37:08.575Z",":updated_at":"2026-03-10T12:37:08.575Z","cnn":"13059000","corridor":"Valencia St","limits":"Sparrow St  -  16th St","cnnrightleft":"L","blockside":"East","fullname":"Sunday","weekday":"Sun","fromhour":"6","tohour":"8","week1":"1","week2":"1","week3":"1","week4":"1","week5":"1","holidays":"0","blocksweepid":"1625305","cleaning_days_abbr":"TuThSu"}},{"type":"Feature","geometry":{"type":"LineString","coordinates":[[-122.422694163657,37.792174644917],[-122.422815539958,37.792254825445],[-122.422954947525,37.792943796068],[-122.422871202196,37.793050003145]]},"properties":{":id":"row-qaqd.g25a-xv25",":version":"rv-wrn7.tk98_kshk",":created_at":"2026-03-10T12:37:08.575Z",":updated_at":"2026-03-10T12:37:08.575Z","cnn":"13160101","corridor":"Van Ness Ave","limits":"Clay St  -  Washington St","cnnrightleft":"L","blockside":"West","fullname":"Sunday","weekday":"Sun","fromhour":"4","tohour":"6","week1":"1","week2":"1","week3":"1","week4":"1","week5":"1","holidays":"0","blocksweepid":"1599002","cleaning_days_abbr":"MTuWThFSaSu"}},{"type":"Feature","geometry":{"type":"LineString","coordinates":[[-122.387372607331,37.744259406508],[-122.387353684543,37.744120485753],[-122.38753293494,37.743606282967],[-122.387629453835,37.743527928107]]},"properties":{":id":"row-864w~wjee.23wv",":version":"rv-eq2j_2ekp-85fr",":created_at":"2026-03-10T12:37:08.575Z",":updated_at":"2026-03-10T12:37:08.575Z","cnn":"200101","corridor":"03rd St","limits":"Custer Ave  -  Davidson Ave","cnnrightleft":"L","blockside":"East","fullname":"Sunday","weekday":"Sun","fromhour":"2","tohour":"6","week1":"1","week2":"1","week3":"1","week4":"1","week5":"1","holidays":"1","blocksweepid":"1629081","cleaning_days_abbr":"MTuWThFSaSu"}},{"type":"Feature","geometry":{"type":"LineString","coordinates":[[-122.403430800691,37.787641848946],[-122.403455608052,37.787560065683],[-122.404481238835,37.786749269731],[-122.404583316994,37.786730565979]]},"properties":{":id":"row-6qwk.pyk7~97c3",":version":"rv-7zrs.a7tc.s82f",":created_at":"2026-03-10T12:37:08.575Z",":updated_at":"2026-03-10T12:37:08.575Z","cnn":"8745101","corridor":"Market St","limits":"03rd St  -  Grant Ave","cnnrightleft":"L","blockside":"SouthEast","fullname":"Sunday","weekday":"Sun","fromhour":"5","tohour":"7","week1":"1","week2":"1","week3":"1","week4":"1","week5":"1","holidays":"1","blocksweepid":"1618091","cleaning_days_abbr":"MTuWThFSaSu"}},{"type":"Feature","geometry":{"type":"LineString","coordinates":[[-122.482482531851,37.763325807399],[-122.48355355804,37.763278628629]]},"properties":{":id":"row-p7uz_iumi_ujhh",":version":"rv-9fhd.xfgr.y2nb",":created_at":"2026-03-10T12:37:08.575Z",":updated_at":"2026-03-10T12:37:08.575Z","cnn":"7301000","corridor":"Irving St","limits":"24th Ave  -  25th Ave","cnnrightleft":"R","blockside":"North","fullname":"Sunday","weekday":"Sun","fromhour":"2","tohour":"4","week1":"1","week2":"1","week3":"1","week4":"1","week5":"1","holidays":"1","blocksweepid":"1638417","cleaning_days_abbr":"TuThSu"}},{"type":"Feature","geometry":{"type":"LineString","coordinates":[[-122.412220735371,37.782073067927],[-122.412411746542,37.783004078716]]},"properties":{":id":"row-ffuc_27fu.f3vv",":version":"rv-e24d~nkxt_f87e",":created_at":"2026-03-10T12:37:08.575Z",":updated_at":"2026-03-10T12:37:08.575Z","cnn":"7564000","corridor":"Jones St","limits":"Golden Gate Ave  -  Turk St","cnnrightleft":"R","blockside":"East","fullname":"Sunday","weekday":"Sun","fromhour":"6","tohour":"8","week1":"1","week2":"1","week3":"1","week4":"1","week5":"1","holidays":"0","blocksweepid":"1597542","cleaning_days_abbr":"MTuWThFSaSu"}},{"type":"Feature","geometry":{"type":"LineString","coordinates":[[-122.511053755672,37.771342499596],[-122.511091571731,37.771160112863],[-122.51102997535,37.770556859619],[-122.510925947378,37.770435676064]]},"properties":{":id":"row-8ufa.4zsb_f2qx",":version":"rv-9z6y~ymra_btas",":created_at":"2026-03-10T12:37:08.575Z",":updated_at":"2026-03-10T12:37:08.575Z","cnn":"6434201","corridor":"Great Hwy","limits":"Fulton St  -  John F Kennedy Dr","cnnrightleft":"R","blockside":"West","fullname":"Sunday","weekday":"Sun","fromhour":"2","tohour":"5","week1":"1","week2":"1","week3":"1","week4":"1","week5":"1","holidays":"0","blocksweepid":"1636057","cleaning_days_abbr":"MTuWThFSaSu"}},{"type":"Feature","geometry":{"type":"LineString","coordinates":[[-122.413718750001,37.802743201913],[-122.414876784876,37.803542324741]]},"properties":{":id":"row-qind-g9ar_jd3c",":version":"rv-nejv~cdgx~w33r",":created_at":"2026-03-10T12:37:08.575Z",":updated_at":"2026-03-10T12:37:08.575Z","cnn":"4301000","corridor":"Columbus Ave","limits":"Lombard St  -  Taylor St","cnnrightleft":"R","blockside":"NorthEast","fullname":"Sunday","weekday":"Sun","fromhour":"4","tohour":"6","week1":"1","week2":"1","week3":"1","week4":"1","week5":"1","holidays":"0","blocksweepid":"1637296","cleaning_days_abbr":"TuThSu"}},{"type":"Feature","geometry":{"type":"LineString","coordinates":[[-122.412537956094,37.766770393357],[-122.412416426243,37.765489809124]]},"properties":{":id":"row-9fzh.ur6i.km78",":version":"rv-u4hj.ndgc.jqv7",":created_at":"2026-03-10T12:37:08.575Z",":updated_at":"2026-03-10T12:37:08.575Z","cnn":"2108000","corridor":"Alabama St","limits":"15th St  -  16th St","cnnrightleft":"R","blockside":"West","fullname":"Sunday","weekday":"Sun","fromhour":"2","tohour":"6","week1":"1","week2":"1","week3":"1","week4":"1","week5":"1","holidays":"1","blocksweepid":"1627152"}},{"type":"Feature","geometry":{"type":"LineString","coordinates":[[-122.40504139842,37.787765496043],[-122.406589883972,37.78756802487]]},"properties":{":id":"row-zd5j~aqyg.8z2g",":version":"rv-jrbc-s75p~kkt4",":created_at":"2026-03-10T12:37:08.575Z",":updated_at":"2026-03-10T12:37:08.575Z","cnn":"6108000","corridor":"Geary St","limits":"Grant Ave  -  Stockton St","cnnrightleft":"L","blockside":"South","fullname":"Sunday","weekday":"Sun","fromhour":"2","tohour":"6","week1":"1","week2":"1","week3":"1","week4":"1","week5":"1","holidays":"0","blocksweepid":"1606098","cleaning_days_abbr":"TuThSu"}},{"type":"Feature","geometry":{"type":"LineString","coordinates":[[-122.417501462483,37.776540893509],[-122.417528001429,37.776453330608],[-122.41865858298,37.7755581618]]},"properties":{":id":"row-jrkz-tmb5_acft",":version":"rv-28nf-xahf-urpi",":created_at":"2026-03-10T12:37:08.575Z",":updated_at":"2026-03-10T12:37:08.575Z","cnn":"8754101","corridor":"Market St","limits":"Polk St  -  11th St","cnnrightleft":"L","blockside":"SouthEast","fullname":"Sunday","weekday":"Sun","fromhour":"5","tohour":"7","week1":"1","week2":"1","week3":"1","week4":"1","week5":"1","holidays":"1","blocksweepid":"1618102","cleaning_days_abbr":"MTuWThFSaSu"}},{"type":"Feature","geometry":{"type":"LineString","coordinates":[[-122.510925947378,37.770435676064],[-122.51083358356,37.770303174044],[-122.510763829031,37.769702614957],[-122.510642833986,37.768927573142],[-122.510294816406,37.767240858863],[-122.51023266993,37.766577410117],[-122.510225990984,37.765986849814],[-122.510241483084,37.76544205772],[-122.510312589454,37.764630934649],[-122.510307142489,37.764172833902],[-122.510341319396,37.764000833634]]},"properties":{":id":"row-deq4_bkzt_iwnb",":version":"rv-ampc-fzps.33s2",":created_at":"2026-03-10T12:37:08.575Z",":updated_at":"2026-03-10T12:37:08.575Z","cnn":"6435101","corridor":"Great Hwy","limits":"John F Kennedy Dr  -  Lincoln Way","cnnrightleft":"L","blockside":"East","fullname":"Sunday","weekday":"Sun","fromhour":"2","tohour":"4","week1":"1","week2":"1","week3":"1","week4":"1","week5":"1","holidays":"1","blocksweepid":"1601818","cleaning_days_abbr":"MTuWThFSaSu"}},{"type":"Feature","geometry":{"type":"LineString","coordinates":[[-122.417338880528,37.782378943181],[-122.418993273036,37.782169269872]]},"properties":{":id":"row-5ijr.qmmr.9tja",":version":"rv-isui-hega~75hf",":created_at":"2026-03-10T12:37:08.575Z",":updated_at":"2026-03-10T12:37:08.575Z","cnn":"12722000","corridor":"Turk St","limits":"Larkin St  -  Polk St","cnnrightleft":"L","blockside":"South","fullname":"Sunday","weekday":"Sun","fromhour":"6","tohour":"8","week1":"1","week2":"1","week3":"1","week4":"1","week5":"1","holidays":"0","blocksweepid":"1625156","cleaning_days_abbr":"TuThSu"}},{"type":"Feature","geometry":{"type":"LineString","coordinates":[[-122.409309180162,37.784349269064],[-122.410951618189,37.78414101264]]},"properties":{":id":"row-6y5x~q8k3.aby9",":version":"rv-bhxv~q8f9~eyyt",":created_at":"2026-03-10T12:37:08.575Z",":updated_at":"2026-03-10T12:37:08.575Z","cnn":"5059000","corridor":"Eddy St","limits":"Mason St  -  Taylor St","cnnrightleft":"L","blockside":"South","fullname":"Sunday","weekday":"Sun","fromhour":"2","tohour":"6","week1":"1","week2":"1","week3":"1","week4":"1","week5":"1","holidays":"0","blocksweepid":"1604693","cleaning_days_abbr":"TuThSu"}},{"type":"Feature","geometry":{"type":"LineString","coordinates":[[-122.424235083638,37.736737479973],[-122.424466262427,37.736061172157]]},"properties":{":id":"row-sgsj~zdmb~485i",":version":"rv-zeu7-yjfr_baia",":created_at":"2026-03-10T12:37:08.575Z",":updated_at":"2026-03-10T12:37:08.575Z","cnn":"9145000","corridor":"Mission St","limits":"Park St  -  Richland Ave","cnnrightleft":"L","blockside":"East","fullname":"Sunday","weekday":"Sun","fromhour":"5","tohour":"7","week1":"1","week2":"1","week3":"1","week4":"1","week5":"1","holidays":"0","blocksweepid":"1641379","cleaning_days_abbr":"MTuWThFSaSu"}},{"type":"Feature","geometry":{"type":"LineString","coordinates":[[-122.426309438393,37.769602597207],[-122.426555125847,37.769485328619],[-122.427462057785,37.768770498752]]},"properties":{":id":"row-ggmb.8uhe_j8vc",":version":"rv-hpp7_fyjr_ahcs",":created_at":"2026-03-10T12:37:08.575Z",":updated_at":"2026-03-10T12:37:08.575Z","cnn":"8762201","corridor":"Market St","limits":"Buchanan St  -  Reservoir St","cnnrightleft":"R","blockside":"NorthWest","fullname":"Sunday","weekday":"Sun","fromhour":"2","tohour":"6","week1":"1","week2":"1","week3":"1","week4":"1","week5":"1","holidays":"1","blocksweepid":"1625954","cleaning_days_abbr":"MTuWThFSaSu"}},{"type":"Feature","geometry":{"type":"LineString","coordinates":[[-122.424852598549,37.77074774518],[-122.424958238897,37.770726363244],[-122.426285425928,37.769683638552],[-122.426309438393,37.769602597207]]},"properties":{":id":"row-52nn~g552~442j",":version":"rv-2yjs.uhup_jtrp",":created_at":"2026-03-10T12:37:08.575Z",":updated_at":"2026-03-10T12:37:08.575Z","cnn":"8761201","corridor":"Market St","limits":"Laguna St  -  Buchanan St","cnnrightleft":"R","blockside":"NorthWest","fullname":"Sunday","weekday":"Sun","fromhour":"2","tohour":"6","week1":"1","week2":"1","week3":"1","week4":"1","week5":"1","holidays":"1","blocksweepid":"1625953","cleaning_days_abbr":"MTuWThFSaSu"}},{"type":"Feature","geometry":{"type":"LineString","coordinates":[[-122.407083680472,37.795970583761],[-122.407319877288,37.795940921113]]},"properties":{":id":"row-wcj6-wby4.atu8",":version":"rv-5j8i~y656~syqt",":created_at":"2026-03-10T12:37:08.575Z",":updated_at":"2026-03-10T12:37:08.575Z","cnn":"7374000","corridor":"Jackson St","limits":"Saint Louis Aly  -  Jason Ct","cnnrightleft":"L","blockside":"South","fullname":"Sunday","weekday":"Sun","fromhour":"2","tohour":"6","week1":"1","week2":"1","week3":"1","week4":"1","week5":"1","holidays":"1","blocksweepid":"1638532","cleaning_days_abbr":"TuThSu"}},{"type":"Feature","geometry":{"type":"LineString","coordinates":[[-122.395583553898,37.793754558847],[-122.396194232171,37.793274591364],[-122.396302004798,37.79325635015]]},"properties":{":id":"row-cub8~bibc_4u7v",":version":"rv-cvs2~r3az-gq8z",":created_at":"2026-03-10T12:37:08.575Z",":updated_at":"2026-03-10T12:37:08.575Z","cnn":"8737102","corridor":"Market St","limits":"Spear St  -  Drumm St","cnnrightleft":"L","blockside":"SouthEast","fullname":"Sunday","weekday":"Sun","fromhour":"5","tohour":"7","week1":"1","week2":"1","week3":"1","week4":"1","week5":"1","holidays":"1","blocksweepid":"1640589","cleaning_days_abbr":"MTuWThFSaSu"}},{"type":"Feature","geometry":{"type":"LineString","coordinates":[[-122.391840525275,37.778125697956],[-122.391799544626,37.777928541664],[-122.393835996994,37.776329223154],[-122.394035065718,37.776332976564]]},"properties":{":id":"row-7kd4~gwm9.52jt",":version":"rv-8zub.upnu_9bxq",":created_at":"2026-03-10T12:37:08.575Z",":updated_at":"2026-03-10T12:37:08.575Z","cnn":"7833101","corridor":"King St","limits":"03rd St  -  04th St","cnnrightleft":"L","blockside":"SouthEast","fullname":"Sunday","weekday":"Sun","fromhour":"1","tohour":"3","week1":"1","week2":"1","week3":"1","week4":"1","week5":"1","holidays":"1","blocksweepid":"1601472","cleaning_days_abbr":"MTuWThFSaSu"}},{"type":"Feature","geometry":{"type":"LineString","coordinates":[[-122.443345610193,37.713928189631],[-122.44370603206,37.713591510834]]},"properties":{":id":"row-3hzu.zazu.mkue",":version":"rv-fepq.mx7c-ktkt",":created_at":"2026-03-10T12:37:08.575Z",":updated_at":"2026-03-10T12:37:08.575Z","cnn":"9184000","corridor":"Mission St","limits":"Concord St  -  Ottawa Ave","cnnrightleft":"L","blockside":"SouthEast","fullname":"Sunday","weekday":"Sun","fromhour":"5","tohour":"7","week1":"1","week2":"1","week3":"1","week4":"1","week5":"1","holidays":"0","blocksweepid":"1626594","cleaning_days_abbr":"MTuWThFSaSu"}},{"type":"Feature","geometry":{"type":"LineString","coordinates":[[-122.42034436809,37.771770250043],[-122.420305735343,37.771676766198],[-122.420174963126,37.770252992189],[-122.420008320652,37.770111449154]]},"properties":{":id":"row-drzh-yqeq~wqz2",":version":"rv-pvhb-iwbr.khpb",":created_at":"2026-03-10T12:37:08.575Z",":updated_at":"2026-03-10T12:37:08.575Z","cnn":"10048000","corridor":"Otis St","limits":"Gough St  -  Mission St","cnnrightleft":"L","blockside":"East","fullname":"Sunday","weekday":"Sun","fromhour":"4","tohour":"6","week1":"1","week2":"1","week3":"1","week4":"1","week5":"1","holidays":"0","blocksweepid":"1630235","cleaning_days_abbr":"MTuWThFSaSu"}},{"type":"Feature","geometry":{"type":"LineString","coordinates":[[-122.388130509241,37.716298216102],[-122.389135962128,37.716879304457]]},"properties":{":id":"row-xqxy.rrnk_849x",":version":"rv-5a2v-est5.6kt4",":created_at":"2026-03-10T12:37:08.575Z",":updated_at":"2026-03-10T12:37:08.575Z","cnn":"7245000","corridor":"Ingerson Ave","limits":"Giants Dr  -  Gilroy St","cnnrightleft":"R","blockside":"NorthEast","fullname":"Sunday","weekday":"Sun","fromhour":"7","tohour":"8","week1":"1","week2":"1","week3":"1","week4":"1","week5":"1","holidays":"0","blocksweepid":"1623570","cleaning_days_abbr":"MSaSu"}},{"type":"Feature","geometry":{"type":"LineString","coordinates":[[-122.434870379142,37.724587706064],[-122.435312570521,37.724004909119]]},"properties":{":id":"row-yrti.sdsk-y9q8",":version":"rv-zk6d_vg4r~rfwm",":created_at":"2026-03-10T12:37:08.575Z",":updated_at":"2026-03-10T12:37:08.575Z","cnn":"9165000","corridor":"Mission St","limits":"Norton St  -  San Juan Ave","cnnrightleft":"R","blockside":"NorthWest","fullname":"Sunday","weekday":"Sun","fromhour":"5","tohour":"7","week1":"1","week2":"1","week3":"1","week4":"1","week5":"1","holidays":"0","blocksweepid":"1626439","cleaning_days_abbr":"MTuWThFSaSu"}},{"type":"Feature","geometry":{"type":"LineString","coordinates":[[-122.452664721847,37.708806337672],[-122.454281126256,37.708255960491]]},"properties":{":id":"row-hkvk-pci3~fb39",":version":"rv-66qz.69r2-s4vf",":created_at":"2026-03-10T12:37:08.575Z",":updated_at":"2026-03-10T12:37:08.575Z","cnn":"9197000","corridor":"Mission St","limits":"Sickles Ave  -  Huron Ave","cnnrightleft":"L","blockside":"South","fullname":"Sunday","weekday":"Sun","fromhour":"5","tohour":"7","week1":"1","week2":"1","week3":"1","week4":"1","week5":"1","holidays":"0","blocksweepid":"1626607","cleaning_days_abbr":"MTuWThFSaSu"}},{"type":"Feature","geometry":{"type":"LineString","coordinates":[[-122.389030967576,37.739533448632],[-122.389131582434,37.739458813498],[-122.389339583377,37.738868903087],[-122.389310055837,37.738741929892]]},"properties":{":id":"row-xx65_2duc~dh4j",":version":"rv-55vg_cwmq.c5uw",":created_at":"2026-03-10T12:37:08.575Z",":updated_at":"2026-03-10T12:37:08.575Z","cnn":"206201","corridor":"03rd St","limits":"Innes Ave  -  Newhall St","cnnrightleft":"R","blockside":"West","fullname":"Sunday","weekday":"Sun","fromhour":"2","tohour":"6","week1":"1","week2":"1","week3":"1","week4":"1","week5":"1","holidays":"1","blocksweepid":"1613816","cleaning_days_abbr":"MTuWThFSaSu"}},{"type":"Feature","geometry":{"type":"LineString","coordinates":[[-122.41936416784,37.784029116242],[-122.421008360568,37.783824118033]]},"properties":{":id":"row-wkec-8732_2wra",":version":"rv-969u-b4zn.66wx",":created_at":"2026-03-10T12:37:08.575Z",":updated_at":"2026-03-10T12:37:08.575Z","cnn":"5179000","corridor":"Ellis St","limits":"Polk St  -  Van Ness Ave","cnnrightleft":"L","blockside":"South","fullname":"Sunday","weekday":"Sun","fromhour":"6","tohour":"8","week1":"1","week2":"1","week3":"1","week4":"1","week5":"1","holidays":"0","blocksweepid":"1643288","cleaning_days_abbr":"TuThSu"}},{"type":"Feature","geometry":{"type":"LineString","coordinates":[[-122.407016163317,37.797822302287],[-122.40861884556,37.797627561973]]},"properties":{":id":"row-p7ne_wbn2~ukb3",":version":"rv-qqs6~e2f9.783i",":created_at":"2026-03-10T12:37:08.575Z",":updated_at":"2026-03-10T12:37:08.575Z","cnn":"3154000","corridor":"Broadway","limits":"Grant Ave  -  Stockton St","cnnrightleft":"L","blockside":"South","fullname":"Sunday","weekday":"Sun","fromhour":"4","tohour":"6","week1":"1","week2":"1","week3":"1","week4":"1","week5":"1","holidays":"0","blocksweepid":"1627503","cleaning_days_abbr":"MTuWThFSaSu"}},{"type":"Feature","geometry":{"type":"LineString","coordinates":[[-122.404613421188,37.793565084245],[-122.4047105823,37.794021380221]]},"properties":{":id":"row-cgdy~ybjb_jrve",":version":"rv-c4e3_6n58.jvr8",":created_at":"2026-03-10T12:37:08.575Z",":updated_at":"2026-03-10T12:37:08.575Z","cnn":"7756000","corridor":"Kearny St","limits":"Sacramento St  -  Commercial St","cnnrightleft":"R","blockside":"East","fullname":"Sunday","weekday":"Sun","fromhour":"2","tohour":"6","week1":"1","week2":"1","week3":"1","week4":"1","week5":"1","holidays":"1","blocksweepid":"1623939","cleaning_days_abbr":"MTuWThFSaSu"}},{"type":"Feature","geometry":{"type":"LineString","coordinates":[[-122.406129483695,37.793379704657],[-122.406220480026,37.793831753392]]},"properties":{":id":"row-dt5f.ejfj_jmaw",":version":"rv-rygi_984y-px73",":created_at":"2026-03-10T12:37:08.575Z",":updated_at":"2026-03-10T12:37:08.575Z","cnn":"6393000","corridor":"Grant Ave","limits":"Sacramento St  -  Commercial St","cnnrightleft":"R","blockside":"East","fullname":"Sunday","weekday":"Sun","fromhour":"2","tohour":"6","week1":"1","week2":"1","week3":"1","week4":"1","week5":"1","holidays":"1","blocksweepid":"1606414","cleaning_days_abbr":"MTuWThFSaSu"}},{"type":"Feature","geometry":{"type":"LineString","coordinates":[[-122.441019561727,37.716459545953],[-122.441554284708,37.71575344485]]},"properties":{":id":"row-qafi_dtyv-spqu",":version":"rv-373j.crnx.aeu3",":created_at":"2026-03-10T12:37:08.575Z",":updated_at":"2026-03-10T12:37:08.575Z","cnn":"9178000","corridor":"Mission St","limits":"Geneva Ave  -  Rolph St","cnnrightleft":"R","blockside":"NorthWest","fullname":"Sunday","weekday":"Sun","fromhour":"5","tohour":"7","week1":"1","week2":"1","week3":"1","week4":"1","week5":"1","holidays":"0","blocksweepid":"1626452","cleaning_days_abbr":"MTuWThFSaSu"}},{"type":"Feature","geometry":{"type":"LineString","coordinates":[[-122.391840525275,37.778125697956],[-122.39112141836,37.777553276909]]},"properties":{":id":"row-yiha~v99j~8zpw",":version":"rv-xgh8~uend_5ynk",":created_at":"2026-03-10T12:37:08.575Z",":updated_at":"2026-03-10T12:37:08.575Z","cnn":"181000","corridor":"03rd St","limits":"King St  -  Berry St","cnnrightleft":"L","blockside":"NorthEast","fullname":"Sunday","weekday":"Sun","fromhour":"2","tohour":"6","week1":"1","week2":"1","week3":"1","week4":"1","week5":"1","holidays":"1","blocksweepid":"1628937","cleaning_days_abbr":"MTuWThFSaSu"}},{"type":"Feature","geometry":{"type":"LineString","coordinates":[[-122.416580343173,37.778657855353],[-122.416765523752,37.778675152695],[-122.418226581079,37.778489116769]]},"properties":{":id":"row-7avc~br6i.t3ah",":version":"rv-wm5r_7hat_shhk",":created_at":"2026-03-10T12:37:08.575Z",":updated_at":"2026-03-10T12:37:08.575Z","cnn":"6553000","corridor":"Grove St","limits":"Larkin St  -  Polk St","cnnrightleft":"R","blockside":"North","fullname":"Sunday","weekday":"Sun","fromhour":"2","tohour":"6","week1":"1","week2":"1","week3":"1","week4":"1","week5":"1","holidays":"0","blocksweepid":"1633262","cleaning_days_abbr":"MTuWThFSaSu"}},{"type":"Feature","geometry":{"type":"LineString","coordinates":[[-122.40389917691,37.745620309979],[-122.403940623945,37.745389017836],[-122.403990394336,37.745230891859],[-122.40447429083,37.743961239783],[-122.40491960953,37.743345109638],[-122.405042210078,37.743180544279],[-122.405242386858,37.743051204677]]},"properties":{":id":"row-iw3z_d46p-xd2d",":version":"rv-vtuk~aewm.kgde",":created_at":"2026-03-10T12:37:08.575Z",":updated_at":"2026-03-10T12:37:08.575Z","cnn":"2799106","corridor":"Bay Shore Blvd","limits":"Bay Shore Blvd  -  Oakdale Ave","cnnrightleft":"L","blockside":"SouthEast","fullname":"Sunday","weekday":"Sun","fromhour":"0","tohour":"2","week1":"1","week2":"1","week3":"1","week4":"1","week5":"1","holidays":"0","blocksweepid":"1628239","cleaning_days_abbr":"TuThSu"}},{"type":"Feature","geometry":{"type":"LineString","coordinates":[[-122.392381992602,37.75002150592],[-122.393340265607,37.749915158777]]},"properties":{":id":"row-tz9b_56np_ifiw",":version":"rv-kh67_pxmh.9he4",":created_at":"2026-03-10T12:37:08.575Z",":updated_at":"2026-03-10T12:37:08.575Z","cnn":"2473000","corridor":"Cesar Chavez St","limits":"Pennsylvania Ave  -  Mississippi St","cnnrightleft":"L","blockside":"South","fullname":"Sunday","weekday":"Sun","fromhour":"0","tohour":"2","week1":"1","week2":"1","week3":"1","week4":"1","week5":"1","holidays":"0","blocksweepid":"1602626","cleaning_days_abbr":"TuThSu"}},{"type":"Feature","geometry":{"type":"LineString","coordinates":[[-122.452664721847,37.708806337672],[-122.454281126256,37.708255960491]]},"properties":{":id":"row-a3ts-ka7w_5j5t",":version":"rv-3jfx_y76q_w8bg",":created_at":"2026-03-10T12:37:08.575Z",":updated_at":"2026-03-10T12:37:08.575Z","cnn":"9197000","corridor":"Mission St","limits":"Sickles Ave  -  Huron Ave","cnnrightleft":"R","blockside":"North","fullname":"Sunday","weekday":"Sun","fromhour":"5","tohour":"7","week1":"1","week2":"1","week3":"1","week4":"1","week5":"1","holidays":"0","blocksweepid":"1600119","cleaning_days_abbr":"MTuWThFSaSu"}},{"type":"Feature","geometry":{"type":"LineString","coordinates":[[-122.422840576823,37.741027407651],[-122.423089906388,37.740641886647]]},"properties":{":id":"row-xcyk.c8bp~d3m2",":version":"rv-23ks.p5uf~n4ri",":created_at":"2026-03-10T12:37:08.575Z",":updated_at":"2026-03-10T12:37:08.575Z","cnn":"9140000","corridor":"Mission St","limits":"Cortland Ave  -  Santa Marina St","cnnrightleft":"R","blockside":"NorthWest","fullname":"Sunday","weekday":"Sun","fromhour":"5","tohour":"7","week1":"1","week2":"1","week3":"1","week4":"1","week5":"1","holidays":"0","blocksweepid":"1599892","cleaning_days_abbr":"MTuWThFSaSu"}},{"type":"Feature","geometry":{"type":"LineString","coordinates":[[-122.4125122556,37.780478512272],[-122.412533884515,37.780407171076],[-122.414643041168,37.778737430015],[-122.414741221821,37.778719429231]]},"properties":{":id":"row-9b2u~2qqk~rf9n",":version":"rv-ivs6.jhi6-msir",":created_at":"2026-03-10T12:37:08.575Z",":updated_at":"2026-03-10T12:37:08.575Z","cnn":"8751101","corridor":"Market St","limits":"07th St  -  Hyde St","cnnrightleft":"L","blockside":"SouthEast","fullname":"Sunday","weekday":"Sun","fromhour":"5","tohour":"7","week1":"1","week2":"1","week3":"1","week4":"1","week5":"1","holidays":"1","blocksweepid":"1618099","cleaning_days_abbr":"MTuWThFSaSu"}},{"type":"Feature","geometry":{"type":"LineString","coordinates":[[-122.428657163625,37.767734888173],[-122.428804951673,37.767714934303],[-122.428930304354,37.767615810853],[-122.428948566763,37.767504459571]]},"properties":{":id":"row-4kg8.tpc9~r2az",":version":"rv-6amy-bj3m~4kfq",":created_at":"2026-03-10T12:37:08.575Z",":updated_at":"2026-03-10T12:37:08.575Z","cnn":"8763201","corridor":"Market St","limits":"14th St  -  Church St","cnnrightleft":"L","blockside":"SouthEast","fullname":"Sunday","weekday":"Sun","fromhour":"8","tohour":"9","week1":"1","week2":"1","week3":"1","week4":"1","week5":"1","holidays":"0","blocksweepid":"1625967"}},{"type":"Feature","geometry":{"type":"LineString","coordinates":[[-122.434380484153,37.79159165099],[-122.434557721145,37.792471637206]]},"properties":{":id":"row-w4tc.92ek_kjcs",":version":"rv-fxx9_bu9n-bi6k",":created_at":"2026-03-10T12:37:08.575Z",":updated_at":"2026-03-10T12:37:08.575Z","cnn":"5556000","corridor":"Fillmore St","limits":"Washington St  -  Jackson St","cnnrightleft":"R","blockside":"East","fullname":"Sunday","weekday":"Sun","fromhour":"6","tohour":"8","week1":"1","week2":"1","week3":"1","week4":"1","week5":"1","holidays":"0","blocksweepid":"1631302","cleaning_days_abbr":"TuThSu"}},{"type":"Feature","geometry":{"type":"LineString","coordinates":[[-122.403316945222,37.7955318328],[-122.40406849084,37.796064037438]]},"properties":{":id":"row-p54q.6iaf_bh4r",":version":"rv-794v.xu4q.ic39",":created_at":"2026-03-10T12:37:08.575Z",":updated_at":"2026-03-10T12:37:08.575Z","cnn":"4286000","corridor":"Columbus Ave","limits":"Washington St  -  Ils Ln","cnnrightleft":"L","blockside":"SouthWest","fullname":"Sunday","weekday":"Sun","fromhour":"4","tohour":"6","week1":"1","week2":"1","week3":"1","week4":"1","week5":"1","holidays":"0","blocksweepid":"1629888","cleaning_days_abbr":"MTuWThFSaSu"}},{"type":"Feature","geometry":{"type":"LineString","coordinates":[[-122.39114136606,37.718040053538],[-122.391206142005,37.718105987568],[-122.392049983556,37.718584930069]]},"properties":{":id":"row-g53a.sqtk~dnf3",":version":"rv-jjgc_fqca-34ec",":created_at":"2026-03-10T12:37:08.575Z",":updated_at":"2026-03-10T12:37:08.575Z","cnn":"7249000","corridor":"Ingerson Ave","limits":"Hawes St  -  Redondo St","cnnrightleft":"R","blockside":"NorthEast","fullname":"Sunday","weekday":"Sun","fromhour":"7","tohour":"8","week1":"1","week2":"1","week3":"1","week4":"1","week5":"1","holidays":"0","blocksweepid":"1623574","cleaning_days_abbr":"MSaSu"}},{"type":"Feature","geometry":{"type":"LineString","coordinates":[[-122.421381475782,37.764947887772],[-122.421886446144,37.764917378514]]},"properties":{":id":"row-qebu.vf23.nd5c",":version":"rv-n78y-sv8m-54wd",":created_at":"2026-03-10T12:37:08.575Z",":updated_at":"2026-03-10T12:37:08.575Z","cnn":"731000","corridor":"16th St","limits":"Caledonia St  -  Valencia St","cnnrightleft":"L","blockside":"South","fullname":"Sunday","weekday":"Sun","fromhour":"2","tohour":"6","week1":"1","week2":"1","week3":"1","week4":"1","week5":"1","holidays":"1","blocksweepid":"1635669","cleaning_days_abbr":"MTuWThFSaSu"}},{"type":"Feature","geometry":{"type":"LineString","coordinates":[[-122.39112141836,37.777553276909],[-122.390428280161,37.777008006114],[-122.390214567234,37.776723442049]]},"properties":{":id":"row-79eg_w8mc_pq4j",":version":"rv-2gvj_mc34-5upp",":created_at":"2026-03-10T12:37:08.575Z",":updated_at":"2026-03-10T12:37:08.575Z","cnn":"182000","corridor":"03rd St","limits":"Berry St  -  Channel St","cnnrightleft":"R","blockside":"SouthWest","fullname":"Sunday","weekday":"Sun","fromhour":"2","tohour":"6","week1":"1","week2":"1","week3":"1","week4":"1","week5":"1","holidays":"1","blocksweepid":"1613784","cleaning_days_abbr":"MWFSaSu"}},{"type":"Feature","geometry":{"type":"LineString","coordinates":[[-122.48151572233,37.780225819294],[-122.481645550152,37.780298709315],[-122.48248599538,37.780260231507],[-122.482591528358,37.780189471673]]},"properties":{":id":"row-e7mj-kxm4~iwfu",":version":"rv-mysx_ps26.8gpq",":created_at":"2026-03-10T12:37:08.575Z",":updated_at":"2026-03-10T12:37:08.575Z","cnn":"6079201","corridor":"Geary Blvd","limits":"22nd Ave  -  23rd Ave","cnnrightleft":"R","blockside":"North","fullname":"Sunday","weekday":"Sun","fromhour":"7","tohour":"8","week1":"1","week2":"1","week3":"1","week4":"1","week5":"1","holidays":"0","blocksweepid":"1611387","cleaning_days_abbr":"TuThSu"}},{"type":"Feature","geometry":{"type":"LineString","coordinates":[[-122.419668972896,37.765051337402],[-122.420482492199,37.765002196919]]},"properties":{":id":"row-nu2p.mxp7-ecen",":version":"rv-c6jf.ugcz.kh9e",":created_at":"2026-03-10T12:37:08.575Z",":updated_at":"2026-03-10T12:37:08.575Z","cnn":"726000","corridor":"16th St","limits":"Mission St  -  Wiese St","cnnrightleft":"R","blockside":"North","fullname":"Sunday","weekday":"Sun","fromhour":"2","tohour":"6","week1":"1","week2":"1","week3":"1","week4":"1","week5":"1","holidays":"1","blocksweepid":"1613665","cleaning_days_abbr":"MTuWThFSaSu"}},{"type":"Feature","geometry":{"type":"LineString","coordinates":[[-122.415862792697,37.748212150197],[-122.41600513949,37.748153487746],[-122.418069410015,37.748113033124],[-122.418221170888,37.748165688851]]},"properties":{":id":"row-3wic_piyq.vpcm",":version":"rv-wwse~ngxs.sp5y",":created_at":"2026-03-10T12:37:08.575Z",":updated_at":"2026-03-10T12:37:08.575Z","cnn":"2488101","corridor":"Cesar Chavez St","limits":"South Van Ness Ave  -  Mission St","cnnrightleft":"R","blockside":"North","fullname":"Sunday","weekday":"Sun","fromhour":"6","tohour":"8","week1":"1","week2":"1","week3":"1","week4":"1","week5":"1","holidays":"0","blocksweepid":"1636922","cleaning_days_abbr":"SaSu"}},{"type":"Feature","geometry":{"type":"LineString","coordinates":[[-122.422043812697,37.76653957647],[-122.421964312447,37.765720755375]]},"properties":{":id":"row-vfrs-2wr2~sncu",":version":"rv-sp33.iban_wfch",":created_at":"2026-03-10T12:37:08.575Z",":updated_at":"2026-03-10T12:37:08.575Z","cnn":"13058000","corridor":"Valencia St","limits":"15th St  -  Sparrow St","cnnrightleft":"L","blockside":"East","fullname":"Sunday","weekday":"Sun","fromhour":"6","tohour":"8","week1":"1","week2":"1","week3":"1","week4":"1","week5":"1","holidays":"0","blocksweepid":"1625304","cleaning_days_abbr":"TuThSu"}},{"type":"Feature","geometry":{"type":"LineString","coordinates":[[-122.407563768616,37.795910291779],[-122.407797303581,37.795880962708]]},"properties":{":id":"row-rrr6~vjga.yj3y",":version":"rv-acgb-ct4t-cirm",":created_at":"2026-03-10T12:37:08.575Z",":updated_at":"2026-03-10T12:37:08.575Z","cnn":"7377000","corridor":"Jackson St","limits":"Duncombe Aly  -  Pontiac St","cnnrightleft":"L","blockside":"South","fullname":"Sunday","weekday":"Sun","fromhour":"2","tohour":"6","week1":"1","week2":"1","week3":"1","week4":"1","week5":"1","holidays":"1","blocksweepid":"1638535","cleaning_days_abbr":"TuThSu"}},{"type":"Feature","geometry":{"type":"LineString","coordinates":[[-122.385869068336,37.720746312725],[-122.387746247092,37.721813259223]]},"properties":{":id":"row-5mmp~9cch~fej4",":version":"rv-n4cx~35nz_4i2t",":created_at":"2026-03-10T12:37:08.575Z",":updated_at":"2026-03-10T12:37:08.575Z","cnn":"3734000","corridor":"Carroll Ave","limits":"Griffith St  -  Hawes St","cnnrightleft":"L","blockside":"SouthWest","fullname":"Sunday","weekday":"Sun","fromhour":"7","tohour":"8","week1":"1","week2":"1","week3":"1","week4":"1","week5":"1","holidays":"0","blocksweepid":"1636803","cleaning_days_abbr":"MSaSu"}},{"type":"Feature","geometry":{"type":"LineString","coordinates":[[-122.387926350852,37.742703154167],[-122.388010334904,37.742645075718],[-122.388235273007,37.74197673718],[-122.388200344111,37.741889062717]]},"properties":{":id":"row-uynv_6rhv.qtm2",":version":"rv-3wsh~tzp5.ig3r",":created_at":"2026-03-10T12:37:08.575Z",":updated_at":"2026-03-10T12:37:08.575Z","cnn":"202201","corridor":"03rd St","limits":"Evans Ave  -  Fairfax Ave","cnnrightleft":"R","blockside":"West","fullname":"Sunday","weekday":"Sun","fromhour":"2","tohour":"6","week1":"1","week2":"1","week3":"1","week4":"1","week5":"1","holidays":"1","blocksweepid":"1613812","cleaning_days_abbr":"MTuWThFSaSu"}},{"type":"Feature","geometry":{"type":"LineString","coordinates":[[-122.420278830377,37.748125283089],[-122.420448706065,37.748062647383],[-122.421289449283,37.748044574998],[-122.421384746936,37.748032124585]]},"properties":{":id":"row-jpsb_664z-k97x",":version":"rv-gsf8-5qjn-cwak",":created_at":"2026-03-10T12:37:08.575Z",":updated_at":"2026-03-10T12:37:08.575Z","cnn":"2490101","corridor":"Cesar Chavez St","limits":"Valencia St  -  San Jose Ave","cnnrightleft":"R","blockside":"North","fullname":"Sunday","weekday":"Sun","fromhour":"6","tohour":"8","week1":"1","week2":"1","week3":"1","week4":"1","week5":"1","holidays":"0","blocksweepid":"1636924","cleaning_days_abbr":"SaSu"}},{"type":"Feature","geometry":{"type":"LineString","coordinates":[[-122.41890102877,37.757035402008],[-122.418747573844,37.75543693624]]},"properties":{":id":"row-asim.ij6w.6r5m",":version":"rv-uv3r-pqhq.gdhv",":created_at":"2026-03-10T12:37:08.575Z",":updated_at":"2026-03-10T12:37:08.575Z","cnn":"9123000","corridor":"Mission St","limits":"21st St  -  22nd St","cnnrightleft":"L","blockside":"East","fullname":"Sunday","weekday":"Sun","fromhour":"4","tohour":"6","week1":"1","week2":"1","week3":"1","week4":"1","week5":"1","holidays":"0","blocksweepid":"1641252","cleaning_days_abbr":"MTuWThFSaSu"}},{"type":"Feature","geometry":{"type":"LineString","coordinates":[[-122.412413343787,37.778045328617],[-122.413157691449,37.777457419935]]},"properties":{":id":"row-4dit-gtsr.xms8",":version":"rv-y793~rtu3_yb2i",":created_at":"2026-03-10T12:37:08.575Z",":updated_at":"2026-03-10T12:37:08.575Z","cnn":"9102000","corridor":"Mission St","limits":"Julia St  -  08th St","cnnrightleft":"R","blockside":"NorthWest","fullname":"Sunday","weekday":"Sun","fromhour":"2","tohour":"6","week1":"1","week2":"1","week3":"1","week4":"1","week5":"1","holidays":"1","blocksweepid":"1618513","cleaning_days_abbr":"MTuWThFSaSu"}},{"type":"Feature","geometry":{"type":"LineString","coordinates":[[-122.417618571016,37.783777523379],[-122.417706749819,37.784235738923]]},"properties":{":id":"row-4qu3~jdq7-3cs7",":version":"rv-v2h5-2gab-pqbs",":created_at":"2026-03-10T12:37:08.575Z",":updated_at":"2026-03-10T12:37:08.575Z","cnn":"8127000","corridor":"Larkin St","limits":"Willow St  -  Ellis St","cnnrightleft":"R","blockside":"East","fullname":"Sunday","weekday":"Sun","fromhour":"6","tohour":"8","week1":"1","week2":"1","week3":"1","week4":"1","week5":"1","holidays":"0","blocksweepid":"1616652","cleaning_days_abbr":"TuThSu"}},{"type":"Feature","geometry":{"type":"LineString","coordinates":[[-122.430824395339,37.766013730949],[-122.430954744696,37.765993628549],[-122.431014633025,37.765950220125],[-122.431025470892,37.765867986364]]},"properties":{":id":"row-ddbb.4ncq.r3hj",":version":"rv-jwk2_axnb.m3y3",":created_at":"2026-03-10T12:37:08.575Z",":updated_at":"2026-03-10T12:37:08.575Z","cnn":"8765201","corridor":"Market St","limits":"15th St  -  Sanchez St","cnnrightleft":"L","blockside":"SouthEast","fullname":"Sunday","weekday":"Sun","fromhour":"8","tohour":"9","week1":"1","week2":"1","week3":"1","week4":"1","week5":"1","holidays":"0","blocksweepid":"1625969"}},{"type":"Feature","geometry":{"type":"LineString","coordinates":[[-122.479266518733,37.763467413575],[-122.480336926577,37.763420291712]]},"properties":{":id":"row-s8g4_xqrn-bxwj",":version":"rv-wfun-7tdk_sdym",":created_at":"2026-03-10T12:37:08.575Z",":updated_at":"2026-03-10T12:37:08.575Z","cnn":"7298000","corridor":"Irving St","limits":"21st Ave  -  22nd Ave","cnnrightleft":"R","blockside":"North","fullname":"Sunday","weekday":"Sun","fromhour":"2","tohour":"4","week1":"1","week2":"1","week3":"1","week4":"1","week5":"1","holidays":"1","blocksweepid":"1638414","cleaning_days_abbr":"TuThSu"}},{"type":"Feature","geometry":{"type":"LineString","coordinates":[[-122.501097483198,37.735206481117],[-122.501178867628,37.73534181798],[-122.501594821913,37.735437876472],[-122.502031178,37.735514909104]]},"properties":{":id":"row-hhjs_jcwb.s7j3",":version":"rv-8in5~uw8k.x5q4",":created_at":"2026-03-10T12:37:08.575Z",":updated_at":"2026-03-10T12:37:08.575Z","cnn":"11962201","corridor":"Sloat Blvd","limits":"43rd Ave  -  44th Ave","cnnrightleft":"L","blockside":"SouthWest","fullname":"Sunday","weekday":"Sun","fromhour":"5","tohour":"7","week1":"1","week2":"1","week3":"1","week4":"1","week5":"1","holidays":"0","blocksweepid":"1605695","cleaning_days_abbr":"MTuWThFSaSu"}},{"type":"Feature","geometry":{"type":"LineString","coordinates":[[-122.462278766115,37.783038338179],[-122.463350525438,37.782989203719]]},"properties":{":id":"row-qe8s.q7at_9u9t",":version":"rv-mk2s~txa6~nz2e",":created_at":"2026-03-10T12:37:08.575Z",":updated_at":"2026-03-10T12:37:08.575Z","cnn":"4153000","corridor":"Clement St","limits":"04th Ave  -  05th Ave","cnnrightleft":"L","blockside":"South","fullname":"Sunday","weekday":"Sun","fromhour":"7","tohour":"8","week1":"1","week2":"1","week3":"1","week4":"1","week5":"1","holidays":"0","blocksweepid":"1602953","cleaning_days_abbr":"TuThSu"}},{"type":"Feature","geometry":{"type":"LineString","coordinates":[[-122.416387522994,37.76524949406],[-122.417486595427,37.765183134696]]},"properties":{":id":"row-zz9c.24ku~7pe3",":version":"rv-s4zp-xer3_h4ry",":created_at":"2026-03-10T12:37:08.575Z",":updated_at":"2026-03-10T12:37:08.575Z","cnn":"722000","corridor":"16th St","limits":"Shotwell St  -  South Van Ness Ave","cnnrightleft":"R","blockside":"North","fullname":"Sunday","weekday":"Sun","fromhour":"2","tohour":"6","week1":"1","week2":"1","week3":"1","week4":"1","week5":"1","holidays":"1","blocksweepid":"1613661","cleaning_days_abbr":"TuThSu"}},{"type":"Feature","geometry":{"type":"LineString","coordinates":[[-122.419086067987,37.807803117552],[-122.420743267337,37.807590106843]]},"properties":{":id":"row-avmw_tryf~29y7",":version":"rv-3yzn~e5sj_yce7",":created_at":"2026-03-10T12:37:08.575Z",":updated_at":"2026-03-10T12:37:08.575Z","cnn":"7459000","corridor":"Jefferson St","limits":"Leavenworth St  -  Hyde St","cnnrightleft":"L","blockside":"South","fullname":"Sunday","weekday":"Sun","fromhour":"1","tohour":"3","week1":"1","week2":"1","week3":"1","week4":"1","week5":"1","holidays":"1","blocksweepid":"1597405","cleaning_days_abbr":"MTuWThFSaSu"}},{"type":"Feature","geometry":{"type":"LineString","coordinates":[[-122.431366396624,37.785372647445],[-122.433083398237,37.785150940561]]},"properties":{":id":"row-p8g7.bbqx_hg2p",":version":"rv-yqqm-ekw7-it79",":created_at":"2026-03-10T12:37:08.575Z",":updated_at":"2026-03-10T12:37:08.575Z","cnn":"10646000","corridor":"Post St","limits":"Webster St  -  Fillmore St","cnnrightleft":"R","blockside":"North","fullname":"Sunday","weekday":"Sun","fromhour":"6","tohour":"8","week1":"1","week2":"1","week3":"1","week4":"1","week5":"1","holidays":"0","blocksweepid":"1630446","cleaning_days_abbr":"TuThSu"}},{"type":"Feature","geometry":{"type":"LineString","coordinates":[[-122.42311242134,37.764843298667],[-122.424102683817,37.764783452449]]},"properties":{":id":"row-pnqz~75ya~6d6p",":version":"rv-b9ey.higk.43be",":created_at":"2026-03-10T12:37:08.575Z",":updated_at":"2026-03-10T12:37:08.575Z","cnn":"734000","corridor":"16th St","limits":"Albion St  -  Guerrero St","cnnrightleft":"R","blockside":"North","fullname":"Sunday","weekday":"Sun","fromhour":"2","tohour":"6","week1":"1","week2":"1","week3":"1","week4":"1","week5":"1","holidays":"1","blocksweepid":"1613673","cleaning_days_abbr":"TuThSu"}},{"type":"Feature","geometry":{"type":"LineString","coordinates":[[-122.43398235555,37.72576179005],[-122.434425696346,37.725175476577]]},"properties":{":id":"row-b4sk~8mg2.t93z",":version":"rv-r357_f2tz-5pk4",":created_at":"2026-03-10T12:37:08.575Z",":updated_at":"2026-03-10T12:37:08.575Z","cnn":"9162000","corridor":"Mission St","limits":"Santa Rosa Ave  -  Harrington St","cnnrightleft":"R","blockside":"NorthWest","fullname":"Sunday","weekday":"Sun","fromhour":"5","tohour":"7","week1":"1","week2":"1","week3":"1","week4":"1","week5":"1","holidays":"0","blocksweepid":"1626436","cleaning_days_abbr":"MTuWThFSaSu"}},{"type":"Feature","geometry":{"type":"LineString","coordinates":[[-122.40148983584,37.785829214079],[-122.400468484099,37.785030285046]]},"properties":{":id":"row-84hs-fzup-jwfq",":version":"rv-83ak-vkxg_wfcz",":created_at":"2026-03-10T12:37:08.575Z",":updated_at":"2026-03-10T12:37:08.575Z","cnn":"167000","corridor":"03rd St","limits":"Minna St  -  Howard St","cnnrightleft":"R","blockside":"SouthWest","fullname":"Sunday","weekday":"Sun","fromhour":"2","tohour":"6","week1":"1","week2":"1","week3":"1","week4":"1","week5":"1","holidays":"1","blocksweepid":"1628678","cleaning_days_abbr":"MTuWThFSaSu"}},{"type":"Feature","geometry":{"type":"LineString","coordinates":[[-122.400503096316,37.787450498776],[-122.401261501824,37.786851715577]]},"properties":{":id":"row-i58n.k5fp~tap9",":version":"rv-rzc2.afr3~aqng",":created_at":"2026-03-10T12:37:08.575Z",":updated_at":"2026-03-10T12:37:08.575Z","cnn":"9093000","corridor":"Mission St","limits":"New Montgomery St  -  Annie St","cnnrightleft":"L","blockside":"SouthEast","fullname":"Sunday","weekday":"Sun","fromhour":"2","tohour":"6","week1":"1","week2":"1","week3":"1","week4":"1","week5":"1","holidays":"1","blocksweepid":"1618951","cleaning_days_abbr":"MTuWThFSaSu"}},{"type":"Feature","geometry":{"type":"LineString","coordinates":[[-122.416291701103,37.777493843394],[-122.416391512057,37.777469367321],[-122.417471475238,37.776618140143],[-122.417501462483,37.776540893509]]},"properties":{":id":"row-zfgh_24cn~pcgn",":version":"rv-qarw.nepz_63v6",":created_at":"2026-03-10T12:37:08.575Z",":updated_at":"2026-03-10T12:37:08.575Z","cnn":"8753201","corridor":"Market St","limits":"Larkin St  -  Polk St","cnnrightleft":"R","blockside":"NorthWest","fullname":"Sunday","weekday":"Sun","fromhour":"5","tohour":"7","week1":"1","week2":"1","week3":"1","week4":"1","week5":"1","holidays":"1","blocksweepid":"1617995","cleaning_days_abbr":"MTuWThFSaSu"}},{"type":"Feature","geometry":{"type":"LineString","coordinates":[[-122.505257352258,37.735475288106],[-122.505368828366,37.735383345501],[-122.506516322243,37.735383532083],[-122.506717428299,37.735469757819]]},"properties":{":id":"row-t22j_m6pq~ifvy",":version":"rv-ywzu_decb_y9c9",":created_at":"2026-03-10T12:37:08.575Z",":updated_at":"2026-03-10T12:37:08.575Z","cnn":"11964101","corridor":"Sloat Blvd","limits":"47th Ave  -  Great Hwy","cnnrightleft":"L","blockside":"South","fullname":"Sunday","weekday":"Sun","fromhour":"5","tohour":"7","week1":"1","week2":"1","week3":"1","week4":"1","week5":"1","holidays":"0","blocksweepid":"1621596","cleaning_days_abbr":"MTuWThFSaSu"}},{"type":"Feature","geometry":{"type":"LineString","coordinates":[[-122.403746846512,37.789363277615],[-122.403841563565,37.789829338933]]},"properties":{":id":"row-6d4h.x82c~tgsk",":version":"rv-npqd~aanj~6sde",":created_at":"2026-03-10T12:37:08.575Z",":updated_at":"2026-03-10T12:37:08.575Z","cnn":"7750000","corridor":"Kearny St","limits":"Ver Mehr Pl  -  Sutter St","cnnrightleft":"R","blockside":"East","fullname":"Sunday","weekday":"Sun","fromhour":"2","tohour":"6","week1":"1","week2":"1","week3":"1","week4":"1","week5":"1","holidays":"1","blocksweepid":"1623933","cleaning_days_abbr":"MTuWThFSaSu"}},{"type":"Feature","geometry":{"type":"LineString","coordinates":[[-122.483661949865,37.780143060168],[-122.483788952465,37.780205850398],[-122.484603830187,37.78016778768],[-122.484732261186,37.780092582495]]},"properties":{":id":"row-wppu-cx84~kjga",":version":"rv-r2nz_uwwb~g6ph",":created_at":"2026-03-10T12:37:08.575Z",":updated_at":"2026-03-10T12:37:08.575Z","cnn":"6081201","corridor":"Geary Blvd","limits":"24th Ave  -  25th Ave","cnnrightleft":"R","blockside":"North","fullname":"Sunday","weekday":"Sun","fromhour":"7","tohour":"8","week1":"1","week2":"1","week3":"1","week4":"1","week5":"1","holidays":"0","blocksweepid":"1611389","cleaning_days_abbr":"TuThSu"}},{"type":"Feature","geometry":{"type":"LineString","coordinates":[[-122.408253202381,37.795823706119],[-122.408430886462,37.796703902691]]},"properties":{":id":"row-puri_d7id.w34e",":version":"rv-jsnn_vn37_n6ge",":created_at":"2026-03-10T12:37:08.575Z",":updated_at":"2026-03-10T12:37:08.575Z","cnn":"12207000","corridor":"Stockton St","limits":"Jackson St  -  Pacific Ave","cnnrightleft":"L","blockside":"West","fullname":"Sunday","weekday":"Sun","fromhour":"2","tohour":"6","week1":"1","week2":"1","week3":"1","week4":"1","week5":"1","holidays":"1","blocksweepid":"1624673","cleaning_days_abbr":"MTuWThFSaSu"}},{"type":"Feature","geometry":{"type":"LineString","coordinates":[[-122.403579879163,37.788427261877],[-122.403660676944,37.788894429573]]},"properties":{":id":"row-2cj3_pjpb~qqmu",":version":"rv-xg43-4d5c_5nym",":created_at":"2026-03-10T12:37:08.575Z",":updated_at":"2026-03-10T12:37:08.575Z","cnn":"7748000","corridor":"Kearny St","limits":"Maiden Ln  -  Post St","cnnrightleft":"R","blockside":"East","fullname":"Sunday","weekday":"Sun","fromhour":"2","tohour":"6","week1":"1","week2":"1","week3":"1","week4":"1","week5":"1","holidays":"1","blocksweepid":"1623931","cleaning_days_abbr":"MTuWThFSaSu"}},{"type":"Feature","geometry":{"type":"LineString","coordinates":[[-122.468704481046,37.782750917064],[-122.469769991545,37.782701905109]]},"properties":{":id":"row-psg4-gy5g-fy2h",":version":"rv-trv5.nqgg_zsus",":created_at":"2026-03-10T12:37:08.575Z",":updated_at":"2026-03-10T12:37:08.575Z","cnn":"4159000","corridor":"Clement St","limits":"10th Ave  -  11th Ave","cnnrightleft":"L","blockside":"South","fullname":"Sunday","weekday":"Sun","fromhour":"7","tohour":"8","week1":"1","week2":"1","week3":"1","week4":"1","week5":"1","holidays":"0","blocksweepid":"1602959","cleaning_days_abbr":"TuThSu"}},{"type":"Feature","geometry":{"type":"LineString","coordinates":[[-122.405473070568,37.798016956507],[-122.406231389855,37.797920272777]]},"properties":{":id":"row-n62c~rn5f~2zsh",":version":"rv-fxce~hguv~rih3",":created_at":"2026-03-10T12:37:08.575Z",":updated_at":"2026-03-10T12:37:08.575Z","cnn":"3151000","corridor":"Broadway","limits":"Kearny St  -  Romolo St","cnnrightleft":"L","blockside":"South","fullname":"Sunday","weekday":"Sun","fromhour":"4","tohour":"6","week1":"1","week2":"1","week3":"1","week4":"1","week5":"1","holidays":"0","blocksweepid":"1627500","cleaning_days_abbr":"MTuWThFSaSu"}},{"type":"Feature","geometry":{"type":"LineString","coordinates":[[-122.412024074642,37.781136160202],[-122.412220735371,37.782073067927]]},"properties":{":id":"row-62su~b897~epev",":version":"rv-jcty.auph_agv4",":created_at":"2026-03-10T12:37:08.575Z",":updated_at":"2026-03-10T12:37:08.575Z","cnn":"7563000","corridor":"Jones St","limits":"McAllister St  -  Golden Gate Ave","cnnrightleft":"R","blockside":"East","fullname":"Sunday","weekday":"Sun","fromhour":"6","tohour":"8","week1":"1","week2":"1","week3":"1","week4":"1","week5":"1","holidays":"0","blocksweepid":"1597541","cleaning_days_abbr":"MTuWThFSaSu"}},{"type":"Feature","geometry":{"type":"LineString","coordinates":[[-122.409646387435,37.748334390368],[-122.409743223632,37.748283002382],[-122.410438874523,37.748269162473],[-122.410546068123,37.748316719113]]},"properties":{":id":"row-n6yp_2ipz~wdx5",":version":"rv-8zqj-dsy9.9hp7",":created_at":"2026-03-10T12:37:08.575Z",":updated_at":"2026-03-10T12:37:08.575Z","cnn":"2483101","corridor":"Cesar Chavez St","limits":"Florida St  -  Alabama St","cnnrightleft":"R","blockside":"North","fullname":"Sunday","weekday":"Sun","fromhour":"6","tohour":"8","week1":"1","week2":"1","week3":"1","week4":"1","week5":"1","holidays":"0","blocksweepid":"1636917","cleaning_days_abbr":"SaSu"}},{"type":"Feature","geometry":{"type":"LineString","coordinates":[[-122.406827677878,37.796901905855],[-122.406944628746,37.797468973132]]},"properties":{":id":"row-vmnn.rf8f_mbjq",":version":"rv-viz4.a7x4~n8ac",":created_at":"2026-03-10T12:37:08.575Z",":updated_at":"2026-03-10T12:37:08.575Z","cnn":"6398000","corridor":"Grant Ave","limits":"Pacific Ave  -  Jack Kerouac Aly","cnnrightleft":"L","blockside":"West","fullname":"Sunday","weekday":"Sun","fromhour":"2","tohour":"6","week1":"1","week2":"1","week3":"1","week4":"1","week5":"1","holidays":"1","blocksweepid":"1606426","cleaning_days_abbr":"MTuWThFSaSu"}},{"type":"Feature","geometry":{"type":"LineString","coordinates":[[-122.416580343173,37.778657855353],[-122.416768092983,37.779584437842]]},"properties":{":id":"row-nspg.y96z_hztg",":version":"rv-e3ez-si6d_rmbs",":created_at":"2026-03-10T12:37:08.575Z",":updated_at":"2026-03-10T12:37:08.575Z","cnn":"8121000","corridor":"Larkin St","limits":"Grove St  -  Fulton St","cnnrightleft":"L","blockside":"West","fullname":"Sunday","weekday":"Sun","fromhour":"2","tohour":"6","week1":"1","week2":"1","week3":"1","week4":"1","week5":"1","holidays":"0","blocksweepid":"1638880","cleaning_days_abbr":"MTuWThFSaSu"}},{"type":"Feature","geometry":{"type":"LineString","coordinates":[[-122.421941247356,37.773036050758],[-122.421968142548,37.772944975733],[-122.422510656235,37.77251888067],[-122.422619690436,37.772502817369]]},"properties":{":id":"row-6iqf-q5ar-umyw",":version":"rv-mgta-tt68.hkm4",":created_at":"2026-03-10T12:37:08.575Z",":updated_at":"2026-03-10T12:37:08.575Z","cnn":"8758101","corridor":"Market St","limits":"Gough St  -  Valencia St","cnnrightleft":"L","blockside":"SouthEast","fullname":"Sunday","weekday":"Sun","fromhour":"5","tohour":"7","week1":"1","week2":"1","week3":"1","week4":"1","week5":"1","holidays":"1","blocksweepid":"1618108","cleaning_days_abbr":"MTuWThFSaSu"}},{"type":"Feature","geometry":{"type":"LineString","coordinates":[[-122.401261501824,37.786851715577],[-122.402025419687,37.786248152145]]},"properties":{":id":"row-7uc3~pxg5~5aij",":version":"rv-8ik5.gk9u_m7pi",":created_at":"2026-03-10T12:37:08.575Z",":updated_at":"2026-03-10T12:37:08.575Z","cnn":"9094000","corridor":"Mission St","limits":"Annie St  -  03rd St","cnnrightleft":"R","blockside":"NorthWest","fullname":"Sunday","weekday":"Sun","fromhour":"2","tohour":"6","week1":"1","week2":"1","week3":"1","week4":"1","week5":"1","holidays":"1","blocksweepid":"1618502","cleaning_days_abbr":"MTuWThFSaSu"}},{"type":"Feature","geometry":{"type":"LineString","coordinates":[[-122.395064952238,37.780700560209],[-122.39463146327,37.780354395261]]},"properties":{":id":"row-7xgq.ayaq_s2tk",":version":"rv-ew3d_sf69.n2x7",":created_at":"2026-03-10T12:37:08.575Z",":updated_at":"2026-03-10T12:37:08.575Z","cnn":"177000","corridor":"03rd St","limits":"South Park  -  Varney Pl","cnnrightleft":"R","blockside":"SouthWest","fullname":"Sunday","weekday":"Sun","fromhour":"2","tohour":"6","week1":"1","week2":"1","week3":"1","week4":"1","week5":"1","holidays":"1","blocksweepid":"1628688","cleaning_days_abbr":"MTuWThFSaSu"}},{"type":"Feature","geometry":{"type":"LineString","coordinates":[[-122.403934377342,37.790286026208],[-122.404030724326,37.7907600962]]},"properties":{":id":"row-ubje_g7eh.hgak",":version":"rv-t88f~pk3s.29iq",":created_at":"2026-03-10T12:37:08.575Z",":updated_at":"2026-03-10T12:37:08.575Z","cnn":"7752000","corridor":"Kearny St","limits":"Hardie Pl  -  Bush St","cnnrightleft":"R","blockside":"East","fullname":"Sunday","weekday":"Sun","fromhour":"2","tohour":"6","week1":"1","week2":"1","week3":"1","week4":"1","week5":"1","holidays":"1","blocksweepid":"1623935","cleaning_days_abbr":"MTuWThFSaSu"}},{"type":"Feature","geometry":{"type":"LineString","coordinates":[[-122.40222863939,37.798429702041],[-122.403075017383,37.798323274712]]},"properties":{":id":"row-qvv8_465g.tfyb",":version":"rv-mq43~sqic~nhzj",":created_at":"2026-03-10T12:37:08.575Z",":updated_at":"2026-03-10T12:37:08.575Z","cnn":"3146000","corridor":"Broadway","limits":"Sansome St  -  Osgood Pl","cnnrightleft":"R","blockside":"North","fullname":"Sunday","weekday":"Sun","fromhour":"4","tohour":"6","week1":"1","week2":"1","week3":"1","week4":"1","week5":"1","holidays":"0","blocksweepid":"1635101","cleaning_days_abbr":"MTuWThFSaSu"}},{"type":"Feature","geometry":{"type":"LineString","coordinates":[[-122.405288396517,37.796909057292],[-122.405512936056,37.797064590557]]},"properties":{":id":"row-72b5_pg9g~nn73",":version":"rv-d8xm-6vvn_kmut",":created_at":"2026-03-10T12:37:08.575Z",":updated_at":"2026-03-10T12:37:08.575Z","cnn":"4289000","corridor":"Columbus Ave","limits":"Kearny St  -  Pacific Ave","cnnrightleft":"L","blockside":"SouthWest","fullname":"Sunday","weekday":"Sun","fromhour":"4","tohour":"6","week1":"1","week2":"1","week3":"1","week4":"1","week5":"1","holidays":"0","blocksweepid":"1629891","cleaning_days_abbr":"MTuWThFSaSu"}},{"type":"Feature","geometry":{"type":"LineString","coordinates":[[-122.403863017888,37.798222971678],[-122.404679934447,37.798118445752]]},"properties":{":id":"row-vjzs.s87a-2zs8",":version":"rv-s5n3-nm83-rn8x",":created_at":"2026-03-10T12:37:08.575Z",":updated_at":"2026-03-10T12:37:08.575Z","cnn":"3149000","corridor":"Broadway","limits":"Montgomery St  -  Rowland St","cnnrightleft":"L","blockside":"South","fullname":"Sunday","weekday":"Sun","fromhour":"4","tohour":"6","week1":"1","week2":"1","week3":"1","week4":"1","week5":"1","holidays":"0","blocksweepid":"1627466","cleaning_days_abbr":"MTuWThFSaSu"}},{"type":"Feature","geometry":{"type":"LineString","coordinates":[[-122.455466732816,37.746327980615],[-122.455374837779,37.746348408412],[-122.454814902905,37.746216804876],[-122.454721961953,37.746178255732],[-122.454664097118,37.746106167961]]},"properties":{":id":"row-6de6-pr86-tr8j",":version":"rv-76ty-jaze~jfb2",":created_at":"2026-03-10T12:37:08.575Z",":updated_at":"2026-03-10T12:37:08.575Z","cnn":"13715101","corridor":"Woodside Ave","limits":"Hernandez Ave  -  Idora Ave","cnnrightleft":"L","blockside":"North","fullname":"Sunday","weekday":"Sun","fromhour":"5","tohour":"7","week1":"1","week2":"1","week3":"1","week4":"1","week5":"1","holidays":"0","blocksweepid":"1635333"}},{"type":"Feature","geometry":{"type":"LineString","coordinates":[[-122.410206544063,37.800315499308],[-122.410953740074,37.800832981544]]},"properties":{":id":"row-agpe.etpv~x7ft",":version":"rv-js46.2jvp.xx9j",":created_at":"2026-03-10T12:37:08.575Z",":updated_at":"2026-03-10T12:37:08.575Z","cnn":"4296000","corridor":"Columbus Ave","limits":"Union St  -  Powell St","cnnrightleft":"L","blockside":"SouthWest","fullname":"Sunday","weekday":"Sun","fromhour":"4","tohour":"6","week1":"1","week2":"1","week3":"1","week4":"1","week5":"1","holidays":"0","blocksweepid":"1637336","cleaning_days_abbr":"MTuWThFSaSu"}},{"type":"Feature","geometry":{"type":"LineString","coordinates":[[-122.456314708553,37.746530445908],[-122.456224338946,37.746558392128],[-122.455533851506,37.746393529204],[-122.455466732816,37.746327980615]]},"properties":{":id":"row-uhx3-vgtn-wp2t",":version":"rv-6kma_4dtg-hz79",":created_at":"2026-03-10T12:37:08.575Z",":updated_at":"2026-03-10T12:37:08.575Z","cnn":"13714101","corridor":"Woodside Ave","limits":"Balceta Ave  -  Hernandez Ave","cnnrightleft":"L","blockside":"North","fullname":"Sunday","weekday":"Sun","fromhour":"5","tohour":"7","week1":"1","week2":"1","week3":"1","week4":"1","week5":"1","holidays":"0","blocksweepid":"1635332"}},{"type":"Feature","geometry":{"type":"LineString","coordinates":[[-122.418221170888,37.748165688851],[-122.419121300714,37.746775140348]]},"properties":{":id":"row-ck3h-feue-3cxt",":version":"rv-xyvj.5w7i_km64",":created_at":"2026-03-10T12:37:08.575Z",":updated_at":"2026-03-10T12:37:08.575Z","cnn":"9129000","corridor":"Mission St","limits":"Cesar Chavez St  -  Precita Ave","cnnrightleft":"L","blockside":"SouthEast","fullname":"Sunday","weekday":"Sun","fromhour":"5","tohour":"7","week1":"1","week2":"1","week3":"1","week4":"1","week5":"1","holidays":"0","blocksweepid":"1619262","cleaning_days_abbr":"MTuWThFSaSu"}},{"type":"Feature","geometry":{"type":"LineString","coordinates":[[-122.392499329227,37.793768814045],[-122.392701723009,37.793818636008],[-122.392945351408,37.794027273561],[-122.393263730659,37.794229821433]]},"properties":{":id":"row-f58h_d6ug_aisy",":version":"rv-k5w2-7wx6-6vpn",":created_at":"2026-03-10T12:37:08.575Z",":updated_at":"2026-03-10T12:37:08.575Z","cnn":"12553102","corridor":"The Embarcadero","limits":"Mission St  -  Don Chee Way","cnnrightleft":"L","blockside":null,"fullname":"Sunday","weekday":"Sun","fromhour":"1","tohour":"3","week1":"1","week2":"1","week3":"1","week4":"1","week5":"1","holidays":"1","blocksweepid":"1639574","cleaning_days_abbr":"MTuWThFSaSu"}},{"type":"Feature","geometry":{"type":"LineString","coordinates":[[-122.411376270209,37.801125132839],[-122.412541278017,37.801930636607]]},"properties":{":id":"row-cumc_rbtm_sy6k",":version":"rv-djgf_fsps-dpdb",":created_at":"2026-03-10T12:37:08.575Z",":updated_at":"2026-03-10T12:37:08.575Z","cnn":"4298000","corridor":"Columbus Ave","limits":"Filbert St  -  Greenwich St","cnnrightleft":"R","blockside":"NorthEast","fullname":"Sunday","weekday":"Sun","fromhour":"4","tohour":"6","week1":"1","week2":"1","week3":"1","week4":"1","week5":"1","holidays":"0","blocksweepid":"1637293","cleaning_days_abbr":"TuThSu"}},{"type":"Feature","geometry":{"type":"LineString","coordinates":[[-122.406667930917,37.797864612499],[-122.407082925661,37.798152056594]]},"properties":{":id":"row-brhs.kkvh-w9y8",":version":"rv-jww3~uhh9.m52n",":created_at":"2026-03-10T12:37:08.575Z",":updated_at":"2026-03-10T12:37:08.575Z","cnn":"4292000","corridor":"Columbus Ave","limits":"Broadway  -  Grant Ave","cnnrightleft":"R","blockside":"NorthEast","fullname":"Sunday","weekday":"Sun","fromhour":"4","tohour":"6","week1":"1","week2":"1","week3":"1","week4":"1","week5":"1","holidays":"0","blocksweepid":"1637287","cleaning_days_abbr":"MTuWThFSaSu"}},{"type":"Feature","geometry":{"type":"LineString","coordinates":[[-122.422853414265,37.764858950385],[-122.42311242134,37.764843298667]]},"properties":{":id":"row-mjce-ha99-pyyv",":version":"rv-w378_b4ja_9tvx",":created_at":"2026-03-10T12:37:08.575Z",":updated_at":"2026-03-10T12:37:08.575Z","cnn":"733000","corridor":"16th St","limits":"Albion St  -  Albion St","cnnrightleft":"R","blockside":"North","fullname":"Sunday","weekday":"Sun","fromhour":"2","tohour":"6","week1":"1","week2":"1","week3":"1","week4":"1","week5":"1","holidays":"1","blocksweepid":"1613672","cleaning_days_abbr":"TuThSu"}},{"type":"Feature","geometry":{"type":"LineString","coordinates":[[-122.389865003356,37.774551171444],[-122.389774562427,37.774429923809],[-122.389639300696,37.773014933902],[-122.38971674082,37.772930795071]]},"properties":{":id":"row-xn8q.pbum.yec6",":version":"rv-xinc.fwy2.hzdu",":created_at":"2026-03-10T12:37:08.575Z",":updated_at":"2026-03-10T12:37:08.575Z","cnn":"184101","corridor":"03rd St","limits":"Channel    -  Mission Rock St","cnnrightleft":"L","blockside":null,"fullname":"Sunday","weekday":"Sun","fromhour":"2","tohour":"6","week1":"1","week2":"1","week3":"1","week4":"1","week5":"1","holidays":"1","blocksweepid":"1628941","cleaning_days_abbr":"MTuWThFSaSu"}},{"type":"Feature","geometry":{"type":"LineString","coordinates":[[-122.402025419687,37.786248152145],[-122.40148983584,37.785829214079]]},"properties":{":id":"row-r5i2~irf8~5z72",":version":"rv-wj3m~cg2q.j2um",":created_at":"2025-06-19T16:07:35.272Z",":updated_at":"2025-06-19T16:07:35.272Z","cnn":"166000","corridor":"03rd St","limits":"Mission St  -  Minna St","cnnrightleft":"R","blockside":"SouthWest","fullname":"Sunday","weekday":"Sun","fromhour":"2","tohour":"6","week1":"1","week2":"1","week3":"1","week4":"1","week5":"1","holidays":"1","blocksweepid":"1628677","cleaning_days_abbr":"MTuWThFSaSu"}},{"type":"Feature","geometry":{"type":"LineString","coordinates":[[-122.401471240393,37.725516289231],[-122.401182917691,37.724588254185],[-122.400784747653,37.723616209195]]},"properties":{":id":"row-wbjm_492d.dzq6",":version":"rv-4vnj~35wh~7ur7",":created_at":"2026-03-10T12:37:08.575Z",":updated_at":"2026-03-10T12:37:08.575Z","cnn":"2813000","corridor":"Bay Shore Blvd","limits":"Woolsey St  -  Paul Ave","cnnrightleft":"R","blockside":"West","fullname":"Sunday","weekday":"Sun","fromhour":"7","tohour":"8","week1":"1","week2":"1","week3":"1","week4":"1","week5":"1","holidays":"0","blocksweepid":"1628226","cleaning_days_abbr":"MWThFSaSu"}},{"type":"Feature","geometry":{"type":"LineString","coordinates":[[-122.396379518889,37.781750284029],[-122.398599520644,37.779979400625]]},"properties":{":id":"row-nsxt_bk8q.bbek",":version":"rv-wzeg_rakv-c952",":created_at":"2026-03-10T12:37:08.575Z",":updated_at":"2026-03-10T12:37:08.575Z","cnn":"12192000","corridor":"Stillman St","limits":"03rd St  -  04th St","cnnrightleft":"R","blockside":"NorthWest","fullname":"Sunday","weekday":"Sun","fromhour":"4","tohour":"6","week1":"1","week2":"1","week3":"1","week4":"1","week5":"1","holidays":"0","blocksweepid":"1639360","cleaning_days_abbr":"TuThSu"}},{"type":"Feature","geometry":{"type":"LineString","coordinates":[[-122.431293843553,37.728729547962],[-122.431800801752,37.728249466321]]},"properties":{":id":"row-ze74.m5u3_jm4q",":version":"rv-rhz9-8kzv.rqtx",":created_at":"2026-03-10T12:37:08.575Z",":updated_at":"2026-03-10T12:37:08.575Z","cnn":"9155000","corridor":"Mission St","limits":"Silver Ave  -  Tingley St","cnnrightleft":"R","blockside":"NorthWest","fullname":"Sunday","weekday":"Sun","fromhour":"5","tohour":"7","week1":"1","week2":"1","week3":"1","week4":"1","week5":"1","holidays":"0","blocksweepid":"1626429","cleaning_days_abbr":"MTuWThFSaSu"}},{"type":"Feature","geometry":{"type":"LineString","coordinates":[[-122.4202542788,37.774358674821],[-122.420386330992,37.77431569003],[-122.420675301537,37.77408699766],[-122.420698773999,37.774007805689]]},"properties":{":id":"row-b7gg~cnvx.6zsp",":version":"rv-nr9f.xcbp_dujc",":created_at":"2026-03-10T12:37:08.575Z",":updated_at":"2026-03-10T12:37:08.575Z","cnn":"8756201","corridor":"Market St","limits":"Page St  -  Franklin St","cnnrightleft":"R","blockside":"NorthWest","fullname":"Sunday","weekday":"Sun","fromhour":"5","tohour":"7","week1":"1","week2":"1","week3":"1","week4":"1","week5":"1","holidays":"1","blocksweepid":"1617998","cleaning_days_abbr":"MTuWThFSaSu"}},{"type":"Feature","geometry":{"type":"LineString","coordinates":[[-122.411699930273,37.781177218451],[-122.412024074642,37.781136160202]]},"properties":{":id":"row-hejn~nqrh_iaqg",":version":"rv-rt5j.kgd7~jssx",":created_at":"2026-03-10T12:37:08.575Z",":updated_at":"2026-03-10T12:37:08.575Z","cnn":"8887000","corridor":"McAllister St","limits":"Market St  -  Jones St","cnnrightleft":"R","blockside":"North","fullname":"Sunday","weekday":"Sun","fromhour":"2","tohour":"6","week1":"1","week2":"1","week3":"1","week4":"1","week5":"1","holidays":"0","blocksweepid":"1599637","cleaning_days_abbr":"MWFSaSu"}},{"type":"Feature","geometry":{"type":"LineString","coordinates":[[-122.394532121343,37.724693137392],[-122.394821474013,37.724058781321],[-122.394926152382,37.723972563668]]},"properties":{":id":"row-aavw-ypei.999g",":version":"rv-pdxp-nys7-ayqg",":created_at":"2026-03-10T12:37:08.575Z",":updated_at":"2026-03-10T12:37:08.575Z","cnn":"225102","corridor":"03rd St","limits":"Donner Ave  -  Egbert Ave","cnnrightleft":"L","blockside":"SouthEast","fullname":"Sunday","weekday":"Sun","fromhour":"2","tohour":"6","week1":"1","week2":"1","week3":"1","week4":"1","week5":"1","holidays":"1","blocksweepid":"1629109","cleaning_days_abbr":"MTuWThFSaSu"}},{"type":"Feature","geometry":{"type":"LineString","coordinates":[[-122.400503096316,37.787450498776],[-122.401261501824,37.786851715577]]},"properties":{":id":"row-gqdg-mdqs~ftmm",":version":"rv-kinf~gv7i.y8gy",":created_at":"2026-03-10T12:37:08.575Z",":updated_at":"2026-03-10T12:37:08.575Z","cnn":"9093000","corridor":"Mission St","limits":"New Montgomery St  -  Annie St","cnnrightleft":"R","blockside":"NorthWest","fullname":"Sunday","weekday":"Sun","fromhour":"2","tohour":"6","week1":"1","week2":"1","week3":"1","week4":"1","week5":"1","holidays":"1","blocksweepid":"1618501","cleaning_days_abbr":"MTuWThFSaSu"}},{"type":"Feature","geometry":{"type":"LineString","coordinates":[[-122.389483281624,37.770656736146],[-122.389541808044,37.770543041676],[-122.389466688445,37.769757143257]]},"properties":{":id":"row-7xsx.hd7b_3ntv",":version":"rv-6xnz-52x9~5y7y",":created_at":"2026-03-10T12:37:08.575Z",":updated_at":"2026-03-10T12:37:08.575Z","cnn":"185204","corridor":"03rd St","limits":"Start:  Block  -  Nelson Rising Ln","cnnrightleft":"R","blockside":null,"fullname":"Sunday","weekday":"Sun","fromhour":"2","tohour":"6","week1":"1","week2":"1","week3":"1","week4":"1","week5":"1","holidays":"1","blocksweepid":"1613791","cleaning_days_abbr":"MFSaSu"}},{"type":"Feature","geometry":{"type":"LineString","coordinates":[[-122.484732261186,37.780092582495],[-122.484882327395,37.780157012424],[-122.485684204684,37.780111045235],[-122.485807575664,37.780037953227]]},"properties":{":id":"row-fzv9~83i5_eppq",":version":"rv-3wxd.dbi7.vzwx",":created_at":"2026-03-10T12:37:08.575Z",":updated_at":"2026-03-10T12:37:08.575Z","cnn":"6082201","corridor":"Geary Blvd","limits":"25th Ave  -  26th Ave","cnnrightleft":"R","blockside":"North","fullname":"Sunday","weekday":"Sun","fromhour":"7","tohour":"8","week1":"1","week2":"1","week3":"1","week4":"1","week5":"1","holidays":"0","blocksweepid":"1611390","cleaning_days_abbr":"TuThSu"}},{"type":"Feature","geometry":{"type":"LineString","coordinates":[[-122.394300037428,37.780089730328],[-122.392749786649,37.778851717265]]},"properties":{":id":"row-wmsa_cnvh~cga6",":version":"rv-hhrz.kp57~pyum",":created_at":"2026-03-10T12:37:08.575Z",":updated_at":"2026-03-10T12:37:08.575Z","cnn":"179000","corridor":"03rd St","limits":"Brannan St  -  Townsend St","cnnrightleft":"R","blockside":"SouthWest","fullname":"Sunday","weekday":"Sun","fromhour":"2","tohour":"6","week1":"1","week2":"1","week3":"1","week4":"1","week5":"1","holidays":"1","blocksweepid":"1628690","cleaning_days_abbr":"MTuWThFSaSu"}},{"type":"Feature","geometry":{"type":"LineString","coordinates":[[-122.420698773999,37.774007805689],[-122.420723870009,37.773922829721],[-122.4212321554,37.773523380984]]},"properties":{":id":"row-bytv-bdxq.5wix",":version":"rv-j7vr~8bnq.ck59",":created_at":"2026-03-10T12:37:08.575Z",":updated_at":"2026-03-10T12:37:08.575Z","cnn":"8757101","corridor":"Market St","limits":"Franklin St  -  Brady St","cnnrightleft":"L","blockside":"SouthEast","fullname":"Sunday","weekday":"Sun","fromhour":"5","tohour":"7","week1":"1","week2":"1","week3":"1","week4":"1","week5":"1","holidays":"1","blocksweepid":"1618106","cleaning_days_abbr":"MTuWThFSaSu"}},{"type":"Feature","geometry":{"type":"LineString","coordinates":[[-122.43948038104,37.783308488002],[-122.439450452905,37.783398293238],[-122.439619935426,37.784243280842],[-122.439684678466,37.784318673891]]},"properties":{":id":"row-vwge-phrw.uiiv",":version":"rv-9mat.mhym-x65t",":created_at":"2026-03-10T12:37:08.575Z",":updated_at":"2026-03-10T12:37:08.575Z","cnn":"4812201","corridor":"Divisadero St","limits":"Geary Blvd  -  Post St","cnnrightleft":"R","blockside":"East","fullname":"Sunday","weekday":"Sun","fromhour":"6","tohour":"8","week1":"1","week2":"1","week3":"1","week4":"1","week5":"1","holidays":"0","blocksweepid":"1615296","cleaning_days_abbr":"TuThSu"}},{"type":"Feature","geometry":{"type":"LineString","coordinates":[[-122.404257984566,37.738712584942],[-122.404373780925,37.738625951384],[-122.404933939721,37.738471694051],[-122.405028365603,37.738498055423]]},"properties":{":id":"row-a8x2_wa26.e5vk",":version":"rv-n2fw~4vr8-wih8",":created_at":"2026-03-10T12:37:08.575Z",":updated_at":"2026-03-10T12:37:08.575Z","cnn":"7206101","corridor":"Industrial St","limits":"Barneveld Ave  -  Charter Oak Ave","cnnrightleft":"L","blockside":"South","fullname":"Sunday","weekday":"Sun","fromhour":"2","tohour":"3","week1":"1","week2":"1","week3":"1","week4":"1","week5":"1","holidays":"0","blocksweepid":"1597143","cleaning_days_abbr":"WSu"}},{"type":"Feature","geometry":{"type":"LineString","coordinates":[[-122.407082925661,37.798152056594],[-122.407869496169,37.798696861567]]},"properties":{":id":"row-szb7.u6cp.gwfw",":version":"rv-w5qx-hf7y~3vyt",":created_at":"2026-03-10T12:37:08.575Z",":updated_at":"2026-03-10T12:37:08.575Z","cnn":"4293000","corridor":"Columbus Ave","limits":"Grant Ave  -  Vallejo St","cnnrightleft":"R","blockside":"NorthEast","fullname":"Sunday","weekday":"Sun","fromhour":"4","tohour":"6","week1":"1","week2":"1","week3":"1","week4":"1","week5":"1","holidays":"0","blocksweepid":"1637288","cleaning_days_abbr":"MTuWThFSaSu"}},{"type":"Feature","geometry":{"type":"LineString","coordinates":[[-122.422328954916,37.79036965946],[-122.422454786173,37.790471874834],[-122.422598619541,37.791182753331],[-122.422514943906,37.791288891217]]},"properties":{":id":"row-iywb-ym9u_9tmx",":version":"rv-cr7h_6d4e.b747",":created_at":"2026-03-10T12:37:08.575Z",":updated_at":"2026-03-10T12:37:08.575Z","cnn":"13158101","corridor":"Van Ness Ave","limits":"California St  -  Sacramento St","cnnrightleft":"L","blockside":"West","fullname":"Sunday","weekday":"Sun","fromhour":"4","tohour":"6","week1":"1","week2":"1","week3":"1","week4":"1","week5":"1","holidays":"0","blocksweepid":"1599000","cleaning_days_abbr":"MTuWThFSaSu"}},{"type":"Feature","geometry":{"type":"LineString","coordinates":[[-122.405494570919,37.734287050483],[-122.405096042785,37.733716127226],[-122.404657096806,37.732948782317]]},"properties":{":id":"row-nkam_htxa_6vjc",":version":"rv-newn.4pw5~nrw9",":created_at":"2026-03-10T12:37:08.575Z",":updated_at":"2026-03-10T12:37:08.575Z","cnn":"2804000","corridor":"Bay Shore Blvd","limits":"Augusta St  -  Silver Ave","cnnrightleft":"R","blockside":"SouthWest","fullname":"Sunday","weekday":"Sun","fromhour":"7","tohour":"8","week1":"1","week2":"1","week3":"1","week4":"1","week5":"1","holidays":"0","blocksweepid":"1628217","cleaning_days_abbr":"MWThFSaSu"}},{"type":"Feature","geometry":{"type":"LineString","coordinates":[[-122.404418427807,37.792638656361],[-122.404613421188,37.793565084245]]},"properties":{":id":"row-evzf.nm2b-aywx",":version":"rv-nxrt-vjk3~r4p2",":created_at":"2026-03-10T12:37:08.575Z",":updated_at":"2026-03-10T12:37:08.575Z","cnn":"7755000","corridor":"Kearny St","limits":"California St  -  Sacramento St","cnnrightleft":"L","blockside":"West","fullname":"Sunday","weekday":"Sun","fromhour":"2","tohour":"6","week1":"1","week2":"1","week3":"1","week4":"1","week5":"1","holidays":"1","blocksweepid":"1623922","cleaning_days_abbr":"MTuWThFSaSu"}},{"type":"Feature","geometry":{"type":"LineString","coordinates":[[-122.41947628774,37.763050839627],[-122.419443735953,37.762712867057]]},"properties":{":id":"row-bu4j-7fzz~fpp7",":version":"rv-jgpn_mkp7.4kka",":created_at":"2026-03-10T12:37:08.575Z",":updated_at":"2026-03-10T12:37:08.575Z","cnn":"9118000","corridor":"Mission St","limits":"Clarion Aly  -  Sycamore St","cnnrightleft":"L","blockside":"East","fullname":"Sunday","weekday":"Sun","fromhour":"4","tohour":"6","week1":"1","week2":"1","week3":"1","week4":"1","week5":"1","holidays":"0","blocksweepid":"1641246","cleaning_days_abbr":"MTuWThFSaSu"}},{"type":"Feature","geometry":{"type":"LineString","coordinates":[[-122.393902507043,37.726237395014],[-122.393893998018,37.726089683513],[-122.394134227246,37.725553023952],[-122.394243492859,37.725475649951]]},"properties":{":id":"row-2u6f-jbrb~sbgh",":version":"rv-37aw.htb8.jf4a",":created_at":"2026-03-10T12:37:08.575Z",":updated_at":"2026-03-10T12:37:08.575Z","cnn":"224101","corridor":"03rd St","limits":"Bancroft Ave  -  Carroll Ave","cnnrightleft":"L","blockside":"East","fullname":"Sunday","weekday":"Sun","fromhour":"2","tohour":"6","week1":"1","week2":"1","week3":"1","week4":"1","week5":"1","holidays":"1","blocksweepid":"1629107","cleaning_days_abbr":"MTuWThFSaSu"}},{"type":"Feature","geometry":{"type":"LineString","coordinates":[[-122.46699101446,37.739723499871],[-122.467022698523,37.73965745068],[-122.468973317692,37.738001498506],[-122.469056678361,37.737969881636]]},"properties":{":id":"row-rpc2-tbhe.ppsv",":version":"rv-da52.eke3.x9jf",":created_at":"2026-03-10T12:37:08.575Z",":updated_at":"2026-03-10T12:37:08.575Z","cnn":"13578101","corridor":"West Portal Ave","limits":"Vicente St  -  14th Ave","cnnrightleft":"L","blockside":"SouthEast","fullname":"Sunday","weekday":"Sun","fromhour":"5","tohour":"7","week1":"1","week2":"1","week3":"1","week4":"1","week5":"1","holidays":"0","blocksweepid":"1601123","cleaning_days_abbr":"MTuWThFSu"}},{"type":"Feature","geometry":{"type":"LineString","coordinates":[[-122.395517753104,37.78106214102],[-122.395064952238,37.780700560209]]},"properties":{":id":"row-nhdh-ip4k.gpsu",":version":"rv-b6sy~6bbh.unnz",":created_at":"2026-03-10T12:37:08.575Z",":updated_at":"2026-03-10T12:37:08.575Z","cnn":"176000","corridor":"03rd St","limits":"Taber Pl  -  South Park","cnnrightleft":"L","blockside":"NorthEast","fullname":"Sunday","weekday":"Sun","fromhour":"2","tohour":"6","week1":"1","week2":"1","week3":"1","week4":"1","week5":"1","holidays":"1","blocksweepid":"1628669","cleaning_days_abbr":"MTuWThFSaSu"}},{"type":"Feature","geometry":{"type":"LineString","coordinates":[[-122.43355325616,37.787484162118],[-122.43364712391,37.787950272493]]},"properties":{":id":"row-y6nb.ihep~4m49",":version":"rv-uhvc.fe7c.btab",":created_at":"2026-03-10T12:37:08.575Z",":updated_at":"2026-03-10T12:37:08.575Z","cnn":"5551000","corridor":"Fillmore St","limits":"Wilmot St  -  Pine St","cnnrightleft":"R","blockside":"East","fullname":"Sunday","weekday":"Sun","fromhour":"6","tohour":"8","week1":"1","week2":"1","week3":"1","week4":"1","week5":"1","holidays":"0","blocksweepid":"1631297","cleaning_days_abbr":"TuThSu"}},{"type":"Feature","geometry":{"type":"LineString","coordinates":[[-122.407691414493,37.780162025776],[-122.407159488015,37.779738905439]]},"properties":{":id":"row-v5mm.amhx~mez3",":version":"rv-mjjy.h3vs~harm",":created_at":"2026-03-10T12:37:08.575Z",":updated_at":"2026-03-10T12:37:08.575Z","cnn":"331000","corridor":"06th St","limits":"Natoma St  -  Howard St","cnnrightleft":"L","blockside":"NorthEast","fullname":"Sunday","weekday":"Sun","fromhour":"4","tohour":"6","week1":"1","week2":"1","week3":"1","week4":"1","week5":"1","holidays":"0","blocksweepid":"1614297","cleaning_days_abbr":"MTuWThFSaSu"}},{"type":"Feature","geometry":{"type":"LineString","coordinates":[[-122.395843498787,37.781321257064],[-122.395517753104,37.78106214102]]},"properties":{":id":"row-kwe9.6zev-ketm",":version":"rv-wipp~6ruq_rgq3",":created_at":"2026-03-10T12:37:08.575Z",":updated_at":"2026-03-10T12:37:08.575Z","cnn":"175000","corridor":"03rd St","limits":"Bryant St  -  Taber Pl","cnnrightleft":"R","blockside":"SouthWest","fullname":"Sunday","weekday":"Sun","fromhour":"2","tohour":"6","week1":"1","week2":"1","week3":"1","week4":"1","week5":"1","holidays":"1","blocksweepid":"1628686","cleaning_days_abbr":"MTuWThFSaSu"}},{"type":"Feature","geometry":{"type":"LineString","coordinates":[[-122.388481187069,37.789571918889],[-122.388476846164,37.789753769428],[-122.389820127919,37.790819696517],[-122.390012346887,37.790826949171]]},"properties":{":id":"row-7cs9-yc27-3ktt",":version":"rv-qbrr~df39-pe8p",":created_at":"2026-03-10T12:37:08.575Z",":updated_at":"2026-03-10T12:37:08.575Z","cnn":"12550202","corridor":"The Embarcadero","limits":"Harrison St  -  Folsom St","cnnrightleft":"R","blockside":"NorthEast","fullname":"Sunday","weekday":"Sun","fromhour":"1","tohour":"3","week1":"1","week2":"1","week3":"1","week4":"1","week5":"1","holidays":"1","blocksweepid":"1624896","cleaning_days_abbr":"MTuWThFSaSu"}},{"type":"Feature","geometry":{"type":"LineString","coordinates":[[-122.411325581285,37.785996235681],[-122.41151576723,37.786939706696]]},"properties":{":id":"row-rjgk-phug~y74p",":version":"rv-ncn7.6qnx-y77j",":created_at":"2026-03-10T12:37:08.575Z",":updated_at":"2026-03-10T12:37:08.575Z","cnn":"12430000","corridor":"Taylor St","limits":"O'Farrell St  -  Geary St","cnnrightleft":"R","blockside":"East","fullname":"Sunday","weekday":"Sun","fromhour":"6","tohour":"8","week1":"1","week2":"1","week3":"1","week4":"1","week5":"1","holidays":"0","blocksweepid":"1617067","cleaning_days_abbr":"TuThSu"}},{"type":"Feature","geometry":{"type":"LineString","coordinates":[[-122.418226581079,37.778489116769],[-122.418598509318,37.780260133266]]},"properties":{":id":"row-asce.m55y~qsk3",":version":"rv-54m2~983r_k7cm",":created_at":"2026-03-10T12:37:08.575Z",":updated_at":"2026-03-10T12:37:08.575Z","cnn":"10549000","corridor":"Dr Carlton B Goodlett Pl","limits":"Polk St  -  Polk St","cnnrightleft":"R","blockside":"East","fullname":"Sunday","weekday":"Sun","fromhour":"2","tohour":"6","week1":"1","week2":"1","week3":"1","week4":"1","week5":"1","holidays":"0","blocksweepid":"1610033","cleaning_days_abbr":"MTuWThFSaSu"}},{"type":"Feature","geometry":{"type":"LineString","coordinates":[[-122.408430886462,37.796703902691],[-122.408557722805,37.797327198682]]},"properties":{":id":"row-at6y.6gpq-455z",":version":"rv-t23z~drsd-nxqw",":created_at":"2026-03-10T12:37:08.575Z",":updated_at":"2026-03-10T12:37:08.575Z","cnn":"12208000","corridor":"Stockton St","limits":"Pacific Ave  -  Stark St","cnnrightleft":"R","blockside":"East","fullname":"Sunday","weekday":"Sun","fromhour":"2","tohour":"6","week1":"1","week2":"1","week3":"1","week4":"1","week5":"1","holidays":"1","blocksweepid":"1617178","cleaning_days_abbr":"MTuWThFSaSu"}},{"type":"Feature","geometry":{"type":"LineString","coordinates":[[-122.440255134802,37.716038820045],[-122.440171085565,37.715945700412],[-122.439565429574,37.715674069439],[-122.439438471855,37.715672554478]]},"properties":{":id":"row-nu7y-pfw6-nsct",":version":"rv-f62x_qnje_qiyq",":created_at":"2026-03-10T12:37:08.575Z",":updated_at":"2026-03-10T12:37:08.575Z","cnn":"6139201","corridor":"Geneva Ave","limits":"London St  -  Paris St","cnnrightleft":"R","blockside":"SouthWest","fullname":"Sunday","weekday":"Sun","fromhour":"5","tohour":"7","week1":"1","week2":"1","week3":"1","week4":"1","week5":"1","holidays":"0","blocksweepid":"1606202","cleaning_days_abbr":"MTuWThFSaSu"}},{"type":"Feature","geometry":{"type":"LineString","coordinates":[[-122.420817003141,37.78289412161],[-122.420901331486,37.782977196495],[-122.4209771239,37.783352075047]]},"properties":{":id":"row-t6em.vy2k~q6d6",":version":"rv-p56t.jjbc~g5f4",":created_at":"2026-03-10T12:37:08.575Z",":updated_at":"2026-03-10T12:37:08.575Z","cnn":"13150101","corridor":"Van Ness Ave","limits":"Eddy St  -  Willow St","cnnrightleft":"L","blockside":"West","fullname":"Sunday","weekday":"Sun","fromhour":"4","tohour":"6","week1":"1","week2":"1","week3":"1","week4":"1","week5":"1","holidays":"0","blocksweepid":"1598986","cleaning_days_abbr":"MTuWThFSaSu"}},{"type":"Feature","geometry":{"type":"LineString","coordinates":[[-122.419011533299,37.758199785454],[-122.41890102877,37.757035402008]]},"properties":{":id":"row-c3jb-79hc_rgrx",":version":"rv-e6zj.ntjs.pfr6",":created_at":"2026-03-10T12:37:08.575Z",":updated_at":"2026-03-10T12:37:08.575Z","cnn":"9122002","corridor":"Mission St","limits":"Catherine Ct  -  21st St","cnnrightleft":"L","blockside":null,"fullname":"Sunday","weekday":"Sun","fromhour":"4","tohour":"6","week1":"1","week2":"1","week3":"1","week4":"1","week5":"1","holidays":"0","blocksweepid":"1641251","cleaning_days_abbr":"MTuWThFSaSu"}},{"type":"Feature","geometry":{"type":"LineString","coordinates":[[-122.389030967576,37.739533448632],[-122.389004771363,37.739420801563],[-122.389113409364,37.739112661356]]},"properties":{":id":"row-8pjx-ipfm_ruwj",":version":"rv-n6fn.cmx8-3fn6",":created_at":"2026-03-10T12:37:08.575Z",":updated_at":"2026-03-10T12:37:08.575Z","cnn":"206101","corridor":"03rd St","limits":"Innes Ave  -  Newhall St","cnnrightleft":"L","blockside":"East","fullname":"Sunday","weekday":"Sun","fromhour":"2","tohour":"6","week1":"1","week2":"1","week3":"1","week4":"1","week5":"1","holidays":"1","blocksweepid":"1629087","cleaning_days_abbr":"MTuWThFSaSu"}},{"type":"Feature","geometry":{"type":"LineString","coordinates":[[-122.389135962128,37.716879304457],[-122.389277654334,37.716961295467]]},"properties":{":id":"row-bdeh-42tu-ngg2",":version":"rv-ta2p.bviw_iyt9",":created_at":"2026-03-10T12:37:08.575Z",":updated_at":"2026-03-10T12:37:08.575Z","cnn":"7246000","corridor":"Ingerson Ave","limits":"Gilroy St  -  Griffith St","cnnrightleft":"R","blockside":"NorthEast","fullname":"Sunday","weekday":"Sun","fromhour":"7","tohour":"8","week1":"1","week2":"1","week3":"1","week4":"1","week5":"1","holidays":"0","blocksweepid":"1623571","cleaning_days_abbr":"MSaSu"}},{"type":"Feature","geometry":{"type":"LineString","coordinates":[[-122.433083398237,37.785150940561],[-122.433271579541,37.786085429391]]},"properties":{":id":"row-g9ut_33im_acr8",":version":"rv-2sdv_6teu~wfy2",":created_at":"2026-03-10T12:37:08.575Z",":updated_at":"2026-03-10T12:37:08.575Z","cnn":"5548000","corridor":"Fillmore St","limits":"Post St  -  Sutter St","cnnrightleft":"R","blockside":"East","fullname":"Sunday","weekday":"Sun","fromhour":"6","tohour":"8","week1":"1","week2":"1","week3":"1","week4":"1","week5":"1","holidays":"0","blocksweepid":"1631294","cleaning_days_abbr":"TuThSu"}},{"type":"Feature","geometry":{"type":"LineString","coordinates":[[-122.403430800691,37.787641848946],[-122.403491775033,37.787963091336]]},"properties":{":id":"row-nm9n-p6pv~xvxy",":version":"rv-kbkg.xad4.wusp",":created_at":"2026-03-10T12:37:08.575Z",":updated_at":"2026-03-10T12:37:08.575Z","cnn":"7746000","corridor":"Kearny St","limits":"03rd St  -  Geary St","cnnrightleft":"R","blockside":"East","fullname":"Sunday","weekday":"Sun","fromhour":"2","tohour":"6","week1":"1","week2":"1","week3":"1","week4":"1","week5":"1","holidays":"1","blocksweepid":"1623929","cleaning_days_abbr":"MTuWThFSaSu"}},{"type":"Feature","geometry":{"type":"LineString","coordinates":[[-122.396504486404,37.793097082824],[-122.396611774355,37.793078960223],[-122.397359199235,37.792490283314],[-122.397383445616,37.792405521236]]},"properties":{":id":"row-pejd~zgay_j4e9",":version":"rv-3nct_s67s~yer4",":created_at":"2026-03-10T12:37:08.575Z",":updated_at":"2026-03-10T12:37:08.575Z","cnn":"8739201","corridor":"Market St","limits":"Main St  -  Pine St","cnnrightleft":"R","blockside":"NorthWest","fullname":"Sunday","weekday":"Sun","fromhour":"5","tohour":"7","week1":"1","week2":"1","week3":"1","week4":"1","week5":"1","holidays":"1","blocksweepid":"1617974","cleaning_days_abbr":"MTuWThFSaSu"}},{"type":"Feature","geometry":{"type":"LineString","coordinates":[[-122.411325581285,37.785996235681],[-122.412147506549,37.785892927575]]},"properties":{":id":"row-x8ky-uvqj~2pav",":version":"rv-n5j3.j22r-4ayx",":created_at":"2026-03-10T12:37:08.575Z",":updated_at":"2026-03-10T12:37:08.575Z","cnn":"9727000","corridor":"O'Farrell St","limits":"Taylor St  -  Shannon St","cnnrightleft":"L","blockside":"South","fullname":"Sunday","weekday":"Sun","fromhour":"6","tohour":"8","week1":"1","week2":"1","week3":"1","week4":"1","week5":"1","holidays":"0","blocksweepid":"1603705","cleaning_days_abbr":"TuThSu"}},{"type":"Feature","geometry":{"type":"LineString","coordinates":[[-122.432911793243,37.727177551268],[-122.433357449495,37.726588202549]]},"properties":{":id":"row-vcnd~gtsh-n2d9",":version":"rv-bhzw.qh5e~vpx4",":created_at":"2026-03-10T12:37:08.575Z",":updated_at":"2026-03-10T12:37:08.575Z","cnn":"9159000","corridor":"Mission St","limits":"Cotter St  -  Francis St","cnnrightleft":"L","blockside":"SouthEast","fullname":"Sunday","weekday":"Sun","fromhour":"5","tohour":"7","week1":"1","week2":"1","week3":"1","week4":"1","week5":"1","holidays":"0","blocksweepid":"1641393","cleaning_days_abbr":"MTuWThFSaSu"}},{"type":"Feature","geometry":{"type":"LineString","coordinates":[[-122.403075017383,37.798323274712],[-122.403519546003,37.798268070024]]},"properties":{":id":"row-us7k~twtj~fhmf",":version":"rv-rxcv_5wfb-7zix",":created_at":"2026-03-10T12:37:08.575Z",":updated_at":"2026-03-10T12:37:08.575Z","cnn":"3147000","corridor":"Broadway","limits":"Osgood Pl  -  Bartol St","cnnrightleft":"L","blockside":"South","fullname":"Sunday","weekday":"Sun","fromhour":"4","tohour":"6","week1":"1","week2":"1","week3":"1","week4":"1","week5":"1","holidays":"0","blocksweepid":"1627464","cleaning_days_abbr":"MTuWThFSaSu"}},{"type":"Feature","geometry":{"type":"LineString","coordinates":[[-122.418445270656,37.752239454508],[-122.418287869549,37.750639649888]]},"properties":{":id":"row-zvs6_vmjg_tvda",":version":"rv-kerw~vb5a_4f6m",":created_at":"2026-03-10T12:37:08.575Z",":updated_at":"2026-03-10T12:37:08.575Z","cnn":"9126000","corridor":"Mission St","limits":"24th St  -  25th St","cnnrightleft":"R","blockside":"West","fullname":"Sunday","weekday":"Sun","fromhour":"4","tohour":"6","week1":"1","week2":"1","week3":"1","week4":"1","week5":"1","holidays":"0","blocksweepid":"1619099","cleaning_days_abbr":"MTuWThFSaSu"}},{"type":"Feature","geometry":{"type":"LineString","coordinates":[[-122.423917825893,37.781535611511],[-122.42720275555,37.781117127347]]},"properties":{":id":"row-52mg.kfuh~uqyi",":version":"rv-6ana_vr2r_r26r",":created_at":"2026-03-10T12:37:08.575Z",":updated_at":"2026-03-10T12:37:08.575Z","cnn":"12726000","corridor":"Turk St","limits":"Gough St  -  Laguna St","cnnrightleft":"L","blockside":"South","fullname":"Sunday","weekday":"Sun","fromhour":"4","tohour":"6","week1":"1","week2":"1","week3":"1","week4":"1","week5":"1","holidays":"0","blocksweepid":"1617440"}},{"type":"Feature","geometry":{"type":"LineString","coordinates":[[-122.404583316994,37.786730565979],[-122.404687713843,37.786709698887],[-122.405803215986,37.785827763175],[-122.405831010893,37.785743989136]]},"properties":{":id":"row-enwx-wzyz-daa9",":version":"rv-d97n_thm4.y45j",":created_at":"2026-03-10T12:37:08.575Z",":updated_at":"2026-03-10T12:37:08.575Z","cnn":"8746201","corridor":"Market St","limits":"Grant Ave  -  Stockton St","cnnrightleft":"R","blockside":"NorthWest","fullname":"Sunday","weekday":"Sun","fromhour":"5","tohour":"7","week1":"1","week2":"1","week3":"1","week4":"1","week5":"1","holidays":"1","blocksweepid":"1617984","cleaning_days_abbr":"MTuWThFSaSu"}},{"type":"Feature","geometry":{"type":"LineString","coordinates":[[-122.420011097939,37.756968601674],[-122.419857942892,37.755365729245]]},"properties":{":id":"row-dcz2.aa56~qeqm",":version":"rv-y75z-k338-w3vf",":created_at":"2026-03-10T12:37:08.575Z",":updated_at":"2026-03-10T12:37:08.575Z","cnn":"2742000","corridor":"Bartlett St","limits":"21st St  -  22nd St","cnnrightleft":"R","blockside":"West","fullname":"Sunday","weekday":"Sun","fromhour":"4","tohour":"6","week1":"1","week2":"1","week3":"1","week4":"1","week5":"1","holidays":"0","blocksweepid":"1607064","cleaning_days_abbr":"MWFSaSu"}},{"type":"Feature","geometry":{"type":"LineString","coordinates":[[-122.417501462483,37.776540893509],[-122.417628887699,37.776493784437],[-122.419167736489,37.775278062454],[-122.419255606289,37.775147074542]]},"properties":{":id":"row-i9ac.ike9_x4b7",":version":"rv-a4dj_v42w-eanh",":created_at":"2026-03-10T12:37:08.575Z",":updated_at":"2026-03-10T12:37:08.575Z","cnn":"8754201","corridor":"Market St","limits":"Polk St  -  Van Ness Ave","cnnrightleft":"R","blockside":"NorthWest","fullname":"Sunday","weekday":"Sun","fromhour":"5","tohour":"7","week1":"1","week2":"1","week3":"1","week4":"1","week5":"1","holidays":"1","blocksweepid":"1617996","cleaning_days_abbr":"MTuWThFSaSu"}},{"type":"Feature","geometry":{"type":"LineString","coordinates":[[-122.416138098276,37.78061496672],[-122.416807391784,37.780530161603],[-122.416947604956,37.780470341035]]},"properties":{":id":"row-mqsu~xeeh~9a7b",":version":"rv-gkr7_pcwe~5ic3",":created_at":"2026-03-10T12:37:08.575Z",":updated_at":"2026-03-10T12:37:08.575Z","cnn":"8892000","corridor":"McAllister St","limits":"Breen Pl  -  Larkin St","cnnrightleft":"R","blockside":"North","fullname":"Sunday","weekday":"Sun","fromhour":"2","tohour":"6","week1":"1","week2":"1","week3":"1","week4":"1","week5":"1","holidays":"0","blocksweepid":"1599642","cleaning_days_abbr":"MWFSaSu"}},{"type":"Feature","geometry":{"type":"LineString","coordinates":[[-122.400784747653,37.723616209195],[-122.400382132593,37.722633285191]]},"properties":{":id":"row-a4q6-8kid~dn7m",":version":"rv-ktzx_jcbp-nxd7",":created_at":"2026-03-10T12:37:08.575Z",":updated_at":"2026-03-10T12:37:08.575Z","cnn":"2814000","corridor":"Bay Shore Blvd","limits":"Paul Ave  -  Wheat St","cnnrightleft":"L","blockside":"East","fullname":"Sunday","weekday":"Sun","fromhour":"7","tohour":"8","week1":"1","week2":"1","week3":"1","week4":"1","week5":"1","holidays":"0","blocksweepid":"1613360","cleaning_days_abbr":"TuThSaSu"}},{"type":"Feature","geometry":{"type":"LineString","coordinates":[[-122.388737998431,37.763048278835],[-122.388775944031,37.762950954817],[-122.388749641768,37.76185373191],[-122.388684015952,37.761766444853]]},"properties":{":id":"row-sfsz.vg6z.rrkq",":version":"rv-vggr~22ux-wfvf",":created_at":"2026-03-10T12:37:08.575Z",":updated_at":"2026-03-10T12:37:08.575Z","cnn":"188201","corridor":"03rd St","limits":"18th St  -  19th St","cnnrightleft":"R","blockside":"West","fullname":"Sunday","weekday":"Sun","fromhour":"2","tohour":"6","week1":"1","week2":"1","week3":"1","week4":"1","week5":"1","holidays":"1","blocksweepid":"1613797","cleaning_days_abbr":"MWFSaSu"}},{"type":"Feature","geometry":{"type":"LineString","coordinates":[[-122.390214567234,37.776723442049],[-122.390048510508,37.776499855037],[-122.390025039703,37.776300145376]]},"properties":{":id":"row-ia9e-4t69-nu9x",":version":"rv-95cz-spsm.3936",":created_at":"2026-03-10T12:37:08.575Z",":updated_at":"2026-03-10T12:37:08.575Z","cnn":"183000","corridor":"03rd St","limits":"Channel St  -  Terry A Francois Blvd","cnnrightleft":"L","blockside":"East","fullname":"Sunday","weekday":"Sun","fromhour":"2","tohour":"6","week1":"1","week2":"1","week3":"1","week4":"1","week5":"1","holidays":"1","blocksweepid":"1628939","cleaning_days_abbr":"MTuWThFSaSu"}},{"type":"Feature","geometry":{"type":"LineString","coordinates":[[-122.435312570521,37.724004909119],[-122.435385086008,37.723909403464]]},"properties":{":id":"row-pqji.6n8x-ds6f",":version":"rv-78z3.6af4-txxe",":created_at":"2026-03-10T12:37:08.575Z",":updated_at":"2026-03-10T12:37:08.575Z","cnn":"9166000","corridor":"Mission St","limits":"San Juan Ave  -  Ocean Ave","cnnrightleft":"L","blockside":"SouthEast","fullname":"Sunday","weekday":"Sun","fromhour":"5","tohour":"7","week1":"1","week2":"1","week3":"1","week4":"1","week5":"1","holidays":"0","blocksweepid":"1641400","cleaning_days_abbr":"MTuWThFSaSu"}},{"type":"Feature","geometry":{"type":"LineString","coordinates":[[-122.408066547135,37.7839914871],[-122.408526829933,37.784353211982],[-122.40849315801,37.784452729643]]},"properties":{":id":"row-j59w.28wh~mtu5",":version":"rv-nkjd_thr5.m98p",":created_at":"2026-03-10T12:37:08.575Z",":updated_at":"2026-03-10T12:37:08.575Z","cnn":"4569000","corridor":"Cyril Magnin St","limits":"Market St  -  Eddy St","cnnrightleft":"R","blockside":"NorthEast","fullname":"Sunday","weekday":"Sun","fromhour":"2","tohour":"6","week1":"1","week2":"1","week3":"1","week4":"1","week5":"1","holidays":"0","blocksweepid":"1630608","cleaning_days_abbr":"TuThSu"}},{"type":"Feature","geometry":{"type":"LineString","coordinates":[[-122.389307715802,37.768819937334],[-122.389366241044,37.768706242914],[-122.389286735733,37.767874420193]]},"properties":{":id":"row-ana5.jsif_znt2",":version":"rv-qtw2~jdes_sutx",":created_at":"2026-03-10T12:37:08.575Z",":updated_at":"2026-03-10T12:37:08.575Z","cnn":"185208","corridor":"03rd St","limits":"Start:  Block  -  Campus Way","cnnrightleft":"R","blockside":null,"fullname":"Sunday","weekday":"Sun","fromhour":"2","tohour":"6","week1":"1","week2":"1","week3":"1","week4":"1","week5":"1","holidays":"1","blocksweepid":"1613794","cleaning_days_abbr":"MFSaSu"}},{"type":"Feature","geometry":{"type":"LineString","coordinates":[[-122.387174218361,37.746157127786],[-122.387220488812,37.74594109545],[-122.387167648335,37.745202563025],[-122.387128522238,37.745070439904]]},"properties":{":id":"row-cxsh.p82m_6jn3",":version":"rv-gsrr-d7s6_bjg7",":created_at":"2026-03-10T12:37:08.575Z",":updated_at":"2026-03-10T12:37:08.575Z","cnn":"198201","corridor":"03rd St","limits":"Cargo Way  -  Burke Ave","cnnrightleft":"R","blockside":"West","fullname":"Sunday","weekday":"Sun","fromhour":"2","tohour":"6","week1":"1","week2":"1","week3":"1","week4":"1","week5":"1","holidays":"1","blocksweepid":"1613807","cleaning_days_abbr":"MTuWThFSaSu"}},{"type":"Feature","geometry":{"type":"LineString","coordinates":[[-122.422619690436,37.772502817369],[-122.42273203126,37.772480081761],[-122.423331543934,37.772006514867],[-122.423396761057,37.77188564464]]},"properties":{":id":"row-bk4c~b9eh-9qn7",":version":"rv-ifp3_fbvq.6icn",":created_at":"2026-03-10T12:37:08.575Z",":updated_at":"2026-03-10T12:37:08.575Z","cnn":"8759201","corridor":"Market St","limits":"Valencia St  -  Octavia St","cnnrightleft":"L","blockside":"SouthEast","fullname":"Sunday","weekday":"Sun","fromhour":"8","tohour":"9","week1":"1","week2":"1","week3":"1","week4":"1","week5":"1","holidays":"0","blocksweepid":"1625961"}},{"type":"Feature","geometry":{"type":"LineString","coordinates":[[-122.388306067817,37.781798235203],[-122.388426876055,37.781655166643],[-122.388446498637,37.781424664893],[-122.388469921104,37.781232279609],[-122.388538918422,37.781028641161],[-122.388655616844,37.780809666344],[-122.388857644467,37.780573402706],[-122.389116440021,37.780356999993],[-122.389570586942,37.77999439977],[-122.389590696096,37.77986128594]]},"properties":{":id":"row-pezs_7hti-zvrg",":version":"rv-qb4r.cjg9-znku",":created_at":"2026-03-10T12:37:08.575Z",":updated_at":"2026-03-10T12:37:08.575Z","cnn":"7831201","corridor":"King St","limits":"The Embarcadero  -  02nd St","cnnrightleft":"R","blockside":"NorthWest","fullname":"Sunday","weekday":"Sun","fromhour":"1","tohour":"3","week1":"1","week2":"1","week3":"1","week4":"1","week5":"1","holidays":"1","blocksweepid":"1627908","cleaning_days_abbr":"MTuWThFSaSu"}},{"type":"Feature","geometry":{"type":"LineString","coordinates":[[-122.419668972896,37.765051337402],[-122.419512737159,37.763429273393]]},"properties":{":id":"row-7rv4~kfay-5nd4",":version":"rv-q5wb-kntx_v26s",":created_at":"2026-03-10T12:37:08.575Z",":updated_at":"2026-03-10T12:37:08.575Z","cnn":"9116000","corridor":"Mission St","limits":"16th St  -  17th St","cnnrightleft":"L","blockside":"East","fullname":"Sunday","weekday":"Sun","fromhour":"4","tohour":"6","week1":"1","week2":"1","week3":"1","week4":"1","week5":"1","holidays":"0","blocksweepid":"1641244","cleaning_days_abbr":"MTuWThFSaSu"}},{"type":"Feature","geometry":{"type":"LineString","coordinates":[[-122.399459824575,37.784213640123],[-122.398930331179,37.783784933736]]},"properties":{":id":"row-28y7-e5py~v7wp",":version":"rv-bf8d~yxfh_5t5n",":created_at":"2026-03-10T12:37:08.575Z",":updated_at":"2026-03-10T12:37:08.575Z","cnn":"169000","corridor":"03rd St","limits":"Clementina St  -  Folsom St","cnnrightleft":"R","blockside":"SouthWest","fullname":"Sunday","weekday":"Sun","fromhour":"2","tohour":"6","week1":"1","week2":"1","week3":"1","week4":"1","week5":"1","holidays":"1","blocksweepid":"1628680","cleaning_days_abbr":"MTuWThFSaSu"}},{"type":"Feature","geometry":{"type":"LineString","coordinates":[[-122.419505113925,37.746182682866],[-122.419885764063,37.745595096744]]},"properties":{":id":"row-dsqk_ggmv~5cfx",":version":"rv-q7pg_icdc.6x6a",":created_at":"2026-03-10T12:37:08.575Z",":updated_at":"2026-03-10T12:37:08.575Z","cnn":"9131000","corridor":"Mission St","limits":"Powers Ave  -  Fair Ave","cnnrightleft":"R","blockside":"NorthWest","fullname":"Sunday","weekday":"Sun","fromhour":"5","tohour":"7","week1":"1","week2":"1","week3":"1","week4":"1","week5":"1","holidays":"0","blocksweepid":"1599883","cleaning_days_abbr":"MTuWThFSaSu"}},{"type":"Feature","geometry":{"type":"LineString","coordinates":[[-122.412147506549,37.785892927575],[-122.412969666673,37.785789584224]]},"properties":{":id":"row-cbxh_uwkr.wh99",":version":"rv-ee3u_mys5-wwww",":created_at":"2026-03-10T12:37:08.575Z",":updated_at":"2026-03-10T12:37:08.575Z","cnn":"9728000","corridor":"O'Farrell St","limits":"Shannon St  -  Jones St","cnnrightleft":"L","blockside":"South","fullname":"Sunday","weekday":"Sun","fromhour":"6","tohour":"8","week1":"1","week2":"1","week3":"1","week4":"1","week5":"1","holidays":"0","blocksweepid":"1603706","cleaning_days_abbr":"TuThSu"}},{"type":"Feature","geometry":{"type":"LineString","coordinates":[[-122.420831850259,37.783370488144],[-122.420904639911,37.783724093269],[-122.421008360568,37.783824118033]]},"properties":{":id":"row-a9ib~xe5d.y2ig",":version":"rv-85xh.taz5-4h4f",":created_at":"2026-03-10T12:37:08.575Z",":updated_at":"2026-03-10T12:37:08.575Z","cnn":"13150202","corridor":"Van Ness Ave","limits":"Willow St  -  Ellis St","cnnrightleft":"R","blockside":"East","fullname":"Sunday","weekday":"Sun","fromhour":"4","tohour":"6","week1":"1","week2":"1","week3":"1","week4":"1","week5":"1","holidays":"0","blocksweepid":"1639880","cleaning_days_abbr":"MTuWThFSaSu"}},{"type":"Feature","geometry":{"type":"LineString","coordinates":[[-122.510341319396,37.764000833634],[-122.510250238363,37.763876233587],[-122.510191568136,37.763232236207],[-122.510055733218,37.762104521613],[-122.509081958701,37.754595345865],[-122.508598807634,37.750882002306],[-122.506691990028,37.736223158689],[-122.506672003204,37.735641799033],[-122.506717428299,37.735469757819]]},"properties":{":id":"row-preh_dqbj~vyi8",":version":"rv-rccm~6k53_z7yt",":created_at":"2026-03-10T12:37:08.575Z",":updated_at":"2026-03-10T12:37:08.575Z","cnn":"6436101","corridor":"Great Hwy","limits":"Lincoln Way  -  Sloat Blvd","cnnrightleft":"L","blockside":"East","fullname":"Sunday","weekday":"Sun","fromhour":"5","tohour":"7","week1":"1","week2":"1","week3":"1","week4":"1","week5":"1","holidays":"0","blocksweepid":"1636092","cleaning_days_abbr":"MTuWThFSaSu"}},{"type":"Feature","geometry":{"type":"LineString","coordinates":[[-122.421008360568,37.783824118033],[-122.421098152895,37.78391523532],[-122.42117098682,37.784283291565]]},"properties":{":id":"row-hb2d.ea8m_6wm4",":version":"rv-8b4b-w5nd~zvtt",":created_at":"2026-03-10T12:37:08.575Z",":updated_at":"2026-03-10T12:37:08.575Z","cnn":"13151101","corridor":"Van Ness Ave","limits":"Ellis St  -  Olive St","cnnrightleft":"L","blockside":"West","fullname":"Sunday","weekday":"Sun","fromhour":"4","tohour":"6","week1":"1","week2":"1","week3":"1","week4":"1","week5":"1","holidays":"0","blocksweepid":"1598988","cleaning_days_abbr":"MTuWThFSaSu"}},{"type":"Feature","geometry":{"type":"LineString","coordinates":[[-122.40822672566,37.787359262241],[-122.408401550082,37.788293193917]]},"properties":{":id":"row-nqhg.wsqx_iiti",":version":"rv-gvzd~yh45~zyxd",":created_at":"2026-03-10T12:37:08.575Z",":updated_at":"2026-03-10T12:37:08.575Z","cnn":"10678000","corridor":"Powell St","limits":"Geary St  -  Post St","cnnrightleft":"L","blockside":"West","fullname":"Sunday","weekday":"Sun","fromhour":"2","tohour":"6","week1":"1","week2":"1","week3":"1","week4":"1","week5":"1","holidays":"0","blocksweepid":"1619838","cleaning_days_abbr":"MTuWThFSaSu"}},{"type":"Feature","geometry":{"type":"LineString","coordinates":[[-122.406589883972,37.78756802487],[-122.40822672566,37.787359262241]]},"properties":{":id":"row-exq2~e7hw.cbj6",":version":"rv-s2nd_xhag~57hu",":created_at":"2026-03-10T12:37:08.575Z",":updated_at":"2026-03-10T12:37:08.575Z","cnn":"6109000","corridor":"Geary St","limits":"Stockton St  -  Powell St","cnnrightleft":"L","blockside":"South","fullname":"Sunday","weekday":"Sun","fromhour":"2","tohour":"6","week1":"1","week2":"1","week3":"1","week4":"1","week5":"1","holidays":"0","blocksweepid":"1606099","cleaning_days_abbr":"TuThSu"}},{"type":"Feature","geometry":{"type":"LineString","coordinates":[[-122.395843498787,37.781321257064],[-122.395517753104,37.78106214102]]},"properties":{":id":"row-n5i8_sq3h.vpsm",":version":"rv-qn9e-v5zx_8m2y",":created_at":"2026-03-10T12:37:08.575Z",":updated_at":"2026-03-10T12:37:08.575Z","cnn":"175000","corridor":"03rd St","limits":"Bryant St  -  Taber Pl","cnnrightleft":"L","blockside":"NorthEast","fullname":"Sunday","weekday":"Sun","fromhour":"2","tohour":"6","week1":"1","week2":"1","week3":"1","week4":"1","week5":"1","holidays":"1","blocksweepid":"1628668","cleaning_days_abbr":"MTuWThFSaSu"}},{"type":"Feature","geometry":{"type":"LineString","coordinates":[[-122.439500375127,37.718467225658],[-122.439496751712,37.718418607004],[-122.440042171056,37.71769574239],[-122.440106607185,37.717665309709]]},"properties":{":id":"row-j76x~m3wu_f4jk",":version":"rv-hvk2~vrca-x96z",":created_at":"2026-03-10T12:37:08.575Z",":updated_at":"2026-03-10T12:37:08.575Z","cnn":"9175101","corridor":"Mission St","limits":"Italy Ave  -  Seneca Ave","cnnrightleft":"L","blockside":"SouthEast","fullname":"Sunday","weekday":"Sun","fromhour":"5","tohour":"7","week1":"1","week2":"1","week3":"1","week4":"1","week5":"1","holidays":"0","blocksweepid":"1641409","cleaning_days_abbr":"MTuWThFSaSu"}},{"type":"Feature","geometry":{"type":"LineString","coordinates":[[-122.389611482614,37.771997938535],[-122.38953201437,37.771892555313],[-122.38946807588,37.771223647133],[-122.389526602327,37.771109952689]]},"properties":{":id":"row-dvmg-65s9~aqx8",":version":"rv-bmif-mbki_idpm",":created_at":"2026-03-10T12:37:08.575Z",":updated_at":"2026-03-10T12:37:08.575Z","cnn":"185102","corridor":"03rd St","limits":"Start:  Block  -  End:  Block","cnnrightleft":"L","blockside":null,"fullname":"Sunday","weekday":"Sun","fromhour":"2","tohour":"6","week1":"1","week2":"1","week3":"1","week4":"1","week5":"1","holidays":"1","blocksweepid":"1628943","cleaning_days_abbr":"MTuWThFSaSu"}},{"type":"Feature","geometry":{"type":"LineString","coordinates":[[-122.426309438393,37.769602597207],[-122.426322811779,37.769465101797],[-122.426858290165,37.769042389187]]},"properties":{":id":"row-nfjd~m63k_rpdx",":version":"rv-8vh6.kpze_crdv",":created_at":"2026-03-10T12:37:08.575Z",":updated_at":"2026-03-10T12:37:08.575Z","cnn":"8762101","corridor":"Market St","limits":"Buchanan St  -  Dolores St","cnnrightleft":"L","blockside":"SouthEast","fullname":"Sunday","weekday":"Sun","fromhour":"2","tohour":"6","week1":"1","week2":"1","week3":"1","week4":"1","week5":"1","holidays":"1","blocksweepid":"1618127","cleaning_days_abbr":"MTuWThFSaSu"}},{"type":"Feature","geometry":{"type":"LineString","coordinates":[[-122.389307715802,37.768819937334],[-122.389228251397,37.768714554199],[-122.389067774365,37.767035516629],[-122.389099104328,37.76690347969]]},"properties":{":id":"row-xz4i.htu2_aqap",":version":"rv-u3jy.wkd3_hzhz",":created_at":"2026-03-10T12:37:08.575Z",":updated_at":"2026-03-10T12:37:08.575Z","cnn":"185105","corridor":"03rd St","limits":"Start:  Block  -  16th St","cnnrightleft":"L","blockside":null,"fullname":"Sunday","weekday":"Sun","fromhour":"2","tohour":"6","week1":"1","week2":"1","week3":"1","week4":"1","week5":"1","holidays":"1","blocksweepid":"1628946","cleaning_days_abbr":"MTuWThFSaSu"}},{"type":"Feature","geometry":{"type":"LineString","coordinates":[[-122.420698773999,37.774007805689],[-122.420807965015,37.773996834559],[-122.421089416929,37.773774753562]]},"properties":{":id":"row-dd85~k66k.xi5a",":version":"rv-wc7p-zaj2-e7g9",":created_at":"2026-03-10T12:37:08.575Z",":updated_at":"2026-03-10T12:37:08.575Z","cnn":"8757201","corridor":"Market St","limits":"Franklin St  -  Rose St","cnnrightleft":"R","blockside":"NorthWest","fullname":"Sunday","weekday":"Sun","fromhour":"5","tohour":"7","week1":"1","week2":"1","week3":"1","week4":"1","week5":"1","holidays":"1","blocksweepid":"1617999","cleaning_days_abbr":"MTuWThFSaSu"}},{"type":"Feature","geometry":{"type":"LineString","coordinates":[[-122.409497525934,37.785282917476],[-122.411139801283,37.785074596379]]},"properties":{":id":"row-ur8v_x6n6.qs4e",":version":"rv-zyyi_r4fr_dxht",":created_at":"2026-03-10T12:37:08.575Z",":updated_at":"2026-03-10T12:37:08.575Z","cnn":"5172000","corridor":"Ellis St","limits":"Mason St  -  Taylor St","cnnrightleft":"L","blockside":"South","fullname":"Sunday","weekday":"Sun","fromhour":"6","tohour":"8","week1":"1","week2":"1","week3":"1","week4":"1","week5":"1","holidays":"0","blocksweepid":"1610171","cleaning_days_abbr":"MTuWThFSaSu"}},{"type":"Feature","geometry":{"type":"LineString","coordinates":[[-122.39540516528,37.722752177442],[-122.39551002808,37.722529468571],[-122.395622760624,37.72243160376]]},"properties":{":id":"row-sjxi-r5np-vj64",":version":"rv-mpvh_s7sp~qekm",":created_at":"2026-03-10T12:37:08.575Z",":updated_at":"2026-03-10T12:37:08.575Z","cnn":"227103","corridor":"03rd St","limits":"Keith St  -  Gilman Ave","cnnrightleft":"L","blockside":null,"fullname":"Sunday","weekday":"Sun","fromhour":"2","tohour":"6","week1":"1","week2":"1","week3":"1","week4":"1","week5":"1","holidays":"1","blocksweepid":"1629112","cleaning_days_abbr":"MTuWThFSaSu"}},{"type":"Feature","geometry":{"type":"LineString","coordinates":[[-122.421239593381,37.764956459787],[-122.421381475782,37.764947887772]]},"properties":{":id":"row-4sn4_nwsy~f3cq",":version":"rv-jzbq.7qfa-bzmy",":created_at":"2026-03-10T12:37:08.575Z",":updated_at":"2026-03-10T12:37:08.575Z","cnn":"730000","corridor":"16th St","limits":"Rondel Pl  -  Caledonia St","cnnrightleft":"L","blockside":"South","fullname":"Sunday","weekday":"Sun","fromhour":"2","tohour":"6","week1":"1","week2":"1","week3":"1","week4":"1","week5":"1","holidays":"1","blocksweepid":"1635668","cleaning_days_abbr":"MTuWThFSaSu"}},{"type":"Feature","geometry":{"type":"LineString","coordinates":[[-122.418698425757,37.765109955105],[-122.419668972896,37.765051337402]]},"properties":{":id":"row-4a4j.37zs~9aik",":version":"rv-6p4j-n5ri-jstw",":created_at":"2026-03-10T12:37:08.575Z",":updated_at":"2026-03-10T12:37:08.575Z","cnn":"725000","corridor":"16th St","limits":"Capp St  -  Mission St","cnnrightleft":"L","blockside":"South","fullname":"Sunday","weekday":"Sun","fromhour":"4","tohour":"6","week1":"1","week2":"1","week3":"1","week4":"1","week5":"1","holidays":"0","blocksweepid":"1636221","cleaning_days_abbr":"MTuWThFSaSu"}},{"type":"Feature","geometry":{"type":"LineString","coordinates":[[-122.505257352258,37.735475288106],[-122.505368828366,37.735383345501],[-122.506516322243,37.735383532083],[-122.506717428299,37.735469757819]]},"properties":{":id":"row-cfnp-6qfc_afgy",":version":"rv-sifr_axhr_xwug",":created_at":"2026-03-10T12:37:08.575Z",":updated_at":"2026-03-10T12:37:08.575Z","cnn":"11964101","corridor":"Sloat Blvd","limits":"47th Ave  -  Great Hwy","cnnrightleft":"R","blockside":"North","fullname":"Sunday","weekday":"Sun","fromhour":"5","tohour":"7","week1":"1","week2":"1","week3":"1","week4":"1","week5":"1","holidays":"0","blocksweepid":"1621656","cleaning_days_abbr":"MTuWThFSaSu"}},{"type":"Feature","geometry":{"type":"LineString","coordinates":[[-122.400468484099,37.785030285046],[-122.399459824575,37.784213640123]]},"properties":{":id":"row-y9cn.2drf-vwfu",":version":"rv-b7u9.bj6u~vh9m",":created_at":"2026-03-10T12:37:08.575Z",":updated_at":"2026-03-10T12:37:08.575Z","cnn":"168000","corridor":"03rd St","limits":"Howard St  -  Clementina St","cnnrightleft":"R","blockside":"SouthWest","fullname":"Sunday","weekday":"Sun","fromhour":"2","tohour":"6","week1":"1","week2":"1","week3":"1","week4":"1","week5":"1","holidays":"1","blocksweepid":"1628679","cleaning_days_abbr":"MTuWThFSaSu"}},{"type":"Feature","geometry":{"type":"LineString","coordinates":[[-122.403435725006,37.805184901498],[-122.403679053603,37.8052146652],[-122.404977332077,37.806111314909],[-122.405751427383,37.806507056445],[-122.40565878456,37.806673631695]]},"properties":{":id":"row-m3xi-rqu4_veju",":version":"rv-kaq4~mxjv-44z7",":created_at":"2026-03-10T12:37:08.575Z",":updated_at":"2026-03-10T12:37:08.575Z","cnn":"12559101","corridor":"The Embarcadero","limits":"Chestnut St  -  Bay St","cnnrightleft":"L","blockside":"SouthWest","fullname":"Sunday","weekday":"Sun","fromhour":"1","tohour":"3","week1":"1","week2":"1","week3":"1","week4":"1","week5":"1","holidays":"1","blocksweepid":"1639580","cleaning_days_abbr":"MTuWThFSaSu"}},{"type":"Feature","geometry":{"type":"LineString","coordinates":[[-122.406023808497,37.783091403293],[-122.40647940289,37.782731636192]]},"properties":{":id":"row-aihi.nved.287f",":version":"rv-dj2u_cz38~yrhp",":created_at":"2026-03-10T12:37:08.575Z",":updated_at":"2026-03-10T12:37:08.575Z","cnn":"9096003","corridor":"Mission St","limits":"Jessie West St  -  05th St","cnnrightleft":"R","blockside":null,"fullname":"Sunday","weekday":"Sun","fromhour":"2","tohour":"6","week1":"1","week2":"1","week3":"1","week4":"1","week5":"1","holidays":"1","blocksweepid":"1618507","cleaning_days_abbr":"MTuWThFSaSu"}},{"type":"Feature","geometry":{"type":"LineString","coordinates":[[-122.402061634111,37.749396678963],[-122.402215286034,37.749358244744],[-122.402746245222,37.749375020214],[-122.402866309241,37.749478459157]]},"properties":{":id":"row-ycr8~ycvg.8jvt",":version":"rv-9733~xs7t_jmv7",":created_at":"2026-03-10T12:37:08.575Z",":updated_at":"2026-03-10T12:37:08.575Z","cnn":"2478101","corridor":"Cesar Chavez St","limits":"Kansas St  -  Bay Shore Blvd","cnnrightleft":"L","blockside":"South","fullname":"Sunday","weekday":"Sun","fromhour":"0","tohour":"2","week1":"1","week2":"1","week3":"1","week4":"1","week5":"1","holidays":"0","blocksweepid":"1602631","cleaning_days_abbr":"TuThSu"}},{"type":"Feature","geometry":{"type":"LineString","coordinates":[[-122.419443735953,37.762712867057],[-122.419359267521,37.761835855191]]},"properties":{":id":"row-kviq~2rgv~xc7e",":version":"rv-xtdd.jw7k.nmjf",":created_at":"2026-03-10T12:37:08.575Z",":updated_at":"2026-03-10T12:37:08.575Z","cnn":"9119000","corridor":"Mission St","limits":"Sycamore St  -  18th St","cnnrightleft":"R","blockside":"West","fullname":"Sunday","weekday":"Sun","fromhour":"4","tohour":"6","week1":"1","week2":"1","week3":"1","week4":"1","week5":"1","holidays":"0","blocksweepid":"1619071","cleaning_days_abbr":"MTuWThFSaSu"}},{"type":"Feature","geometry":{"type":"LineString","coordinates":[[-122.410292026651,37.782230575213],[-122.409693261412,37.781754327744]]},"properties":{":id":"row-v6qe_ipi7-bapv",":version":"rv-qhye~27sj-icpx",":created_at":"2026-03-10T12:37:08.575Z",":updated_at":"2026-03-10T12:37:08.575Z","cnn":"326000","corridor":"06th St","limits":"Market St  -  Stevenson St","cnnrightleft":"L","blockside":"NorthEast","fullname":"Sunday","weekday":"Sun","fromhour":"4","tohour":"6","week1":"1","week2":"1","week3":"1","week4":"1","week5":"1","holidays":"0","blocksweepid":"1614292","cleaning_days_abbr":"MTuWThFSaSu"}},{"type":"Feature","geometry":{"type":"LineString","coordinates":[[-122.401261501824,37.786851715577],[-122.402025419687,37.786248152145]]},"properties":{":id":"row-7fz6-unfc.5f9j",":version":"rv-skuy.w5yz-xdwe",":created_at":"2026-03-10T12:37:08.575Z",":updated_at":"2026-03-10T12:37:08.575Z","cnn":"9094000","corridor":"Mission St","limits":"Annie St  -  03rd St","cnnrightleft":"L","blockside":"SouthEast","fullname":"Sunday","weekday":"Sun","fromhour":"2","tohour":"6","week1":"1","week2":"1","week3":"1","week4":"1","week5":"1","holidays":"1","blocksweepid":"1618952","cleaning_days_abbr":"MTuWThFSaSu"}},{"type":"Feature","geometry":{"type":"LineString","coordinates":[[-122.4047105823,37.794021380221],[-122.404796472442,37.794453004766]]},"properties":{":id":"row-rt3n.ucz5_gwas",":version":"rv-irmj_wp5j-fduh",":created_at":"2026-03-10T12:37:08.575Z",":updated_at":"2026-03-10T12:37:08.575Z","cnn":"7757000","corridor":"Kearny St","limits":"Commercial St  -  Clay St","cnnrightleft":"R","blockside":"East","fullname":"Sunday","weekday":"Sun","fromhour":"2","tohour":"6","week1":"1","week2":"1","week3":"1","week4":"1","week5":"1","holidays":"1","blocksweepid":"1623940","cleaning_days_abbr":"MTuWThFSaSu"}},{"type":"Feature","geometry":{"type":"LineString","coordinates":[[-122.385696543951,37.717797082],[-122.386265013791,37.717178948313]]},"properties":{":id":"row-w53p.gjp4-8mgh",":version":"rv-333x-efbb_4wn9",":created_at":"2026-03-10T12:37:08.575Z",":updated_at":"2026-03-10T12:37:08.575Z","cnn":"5589000","corridor":"Arelious Walker Dr","limits":"Fitzgerald Ave  -  Gilman Ave","cnnrightleft":"R","blockside":"NorthWest","fullname":"Sunday","weekday":"Sun","fromhour":"7","tohour":"8","week1":"1","week2":"1","week3":"1","week4":"1","week5":"1","holidays":"0","blocksweepid":"1627262","cleaning_days_abbr":"SaSu"}},{"type":"Feature","geometry":{"type":"LineString","coordinates":[[-122.472312256173,37.780655827805],[-122.472470554228,37.780726270521],[-122.472742531914,37.78071408565],[-122.472843993683,37.780630787456]]},"properties":{":id":"row-etbm_5hrr.i8yr",":version":"rv-gni6-rndn.frv4",":created_at":"2026-03-10T12:37:08.575Z",":updated_at":"2026-03-10T12:37:08.575Z","cnn":"6070201","corridor":"Geary Blvd","limits":"Park Presidio Blvd  -  14th Ave","cnnrightleft":"R","blockside":"North","fullname":"Sunday","weekday":"Sun","fromhour":"7","tohour":"8","week1":"1","week2":"1","week3":"1","week4":"1","week5":"1","holidays":"0","blocksweepid":"1611378","cleaning_days_abbr":"TuThSu"}},{"type":"Feature","geometry":{"type":"LineString","coordinates":[[-122.422366459744,37.741760488778],[-122.422840576823,37.741027407651]]},"properties":{":id":"row-46re~cqn3~anff",":version":"rv-78cj-gnci~xi9w",":created_at":"2026-03-10T12:37:08.575Z",":updated_at":"2026-03-10T12:37:08.575Z","cnn":"9139000","corridor":"Mission St","limits":"Kingston St  -  Cortland Ave","cnnrightleft":"R","blockside":"NorthWest","fullname":"Sunday","weekday":"Sun","fromhour":"5","tohour":"7","week1":"1","week2":"1","week3":"1","week4":"1","week5":"1","holidays":"0","blocksweepid":"1599891","cleaning_days_abbr":"MTuWThFSaSu"}},{"type":"Feature","geometry":{"type":"LineString","coordinates":[[-122.457166740924,37.746698021032],[-122.45707885202,37.746725178129],[-122.456673688358,37.746660096747],[-122.456376646964,37.746590209202],[-122.456314708553,37.746530445908]]},"properties":{":id":"row-whq2-6vsy_cigu",":version":"rv-re4c~y4mf.7pxu",":created_at":"2026-03-10T12:37:08.575Z",":updated_at":"2026-03-10T12:37:08.575Z","cnn":"13713101","corridor":"Woodside Ave","limits":"Vasquez Ave  -  Balceta Ave","cnnrightleft":"L","blockside":"North","fullname":"Sunday","weekday":"Sun","fromhour":"5","tohour":"7","week1":"1","week2":"1","week3":"1","week4":"1","week5":"1","holidays":"0","blocksweepid":"1635331"}},{"type":"Feature","geometry":{"type":"LineString","coordinates":[[-122.406304985895,37.794263626856],[-122.406475551112,37.795144464814]]},"properties":{":id":"row-xqmd.usb5_85m8",":version":"rv-ybfk-njai~cfjp",":created_at":"2026-03-10T12:37:08.575Z",":updated_at":"2026-03-10T12:37:08.575Z","cnn":"6395000","corridor":"Grant Ave","limits":"Clay St  -  Washington St","cnnrightleft":"R","blockside":"East","fullname":"Sunday","weekday":"Sun","fromhour":"2","tohour":"6","week1":"1","week2":"1","week3":"1","week4":"1","week5":"1","holidays":"1","blocksweepid":"1606416","cleaning_days_abbr":"MTuWThFSaSu"}},{"type":"Feature","geometry":{"type":"LineString","coordinates":[[-122.440417738126,37.717244618779],[-122.441019561727,37.716459545953]]},"properties":{":id":"row-dmnd_55yd.w8vc",":version":"rv-6jsr.huqs~x5nz",":created_at":"2026-03-10T12:37:08.575Z",":updated_at":"2026-03-10T12:37:08.575Z","cnn":"9177000","corridor":"Mission St","limits":"Amazon Ave  -  Geneva Ave","cnnrightleft":"R","blockside":"NorthWest","fullname":"Sunday","weekday":"Sun","fromhour":"5","tohour":"7","week1":"1","week2":"1","week3":"1","week4":"1","week5":"1","holidays":"0","blocksweepid":"1626451","cleaning_days_abbr":"MTuWThFSaSu"}},{"type":"Feature","geometry":{"type":"LineString","coordinates":[[-122.419668972896,37.765051337402],[-122.419512737159,37.763429273393]]},"properties":{":id":"row-gpwc~bvbm.26fj",":version":"rv-ybxa.afub-t23s",":created_at":"2026-03-10T12:37:08.575Z",":updated_at":"2026-03-10T12:37:08.575Z","cnn":"9116000","corridor":"Mission St","limits":"16th St  -  17th St","cnnrightleft":"R","blockside":"West","fullname":"Sunday","weekday":"Sun","fromhour":"4","tohour":"6","week1":"1","week2":"1","week3":"1","week4":"1","week5":"1","holidays":"0","blocksweepid":"1626208","cleaning_days_abbr":"MTuWThFSaSu"}},{"type":"Feature","geometry":{"type":"LineString","coordinates":[[-122.479382975191,37.780334689639],[-122.479494635671,37.780397742024],[-122.480325019199,37.780365535664],[-122.480450628149,37.780280237986]]},"properties":{":id":"row-6rkc.t9wj-r4dq",":version":"rv-ggv9~s8kw-fupv",":created_at":"2026-03-10T12:37:08.575Z",":updated_at":"2026-03-10T12:37:08.575Z","cnn":"6077201","corridor":"Geary Blvd","limits":"20th Ave  -  21st Ave","cnnrightleft":"R","blockside":"North","fullname":"Sunday","weekday":"Sun","fromhour":"7","tohour":"8","week1":"1","week2":"1","week3":"1","week4":"1","week5":"1","holidays":"0","blocksweepid":"1611385","cleaning_days_abbr":"TuThSu"}},{"type":"Feature","geometry":{"type":"LineString","coordinates":[[-122.450095486223,37.709679912839],[-122.450498930495,37.70954336882]]},"properties":{":id":"row-zgpz~btks~ir6c",":version":"rv-u4un-2s3m_3u5x",":created_at":"2026-03-10T12:37:08.575Z",":updated_at":"2026-03-10T12:37:08.575Z","cnn":"9194000","corridor":"Mission St","limits":"Laura St  -  Oliver St","cnnrightleft":"L","blockside":"South","fullname":"Sunday","weekday":"Sun","fromhour":"5","tohour":"7","week1":"1","week2":"1","week3":"1","week4":"1","week5":"1","holidays":"0","blocksweepid":"1626604","cleaning_days_abbr":"MTuWThFSaSu"}},{"type":"Feature","geometry":{"type":"LineString","coordinates":[[-122.480450628149,37.780280237986],[-122.480575233754,37.780349158615],[-122.481392563253,37.78030701938],[-122.48151572233,37.780225819294]]},"properties":{":id":"row-evdv~6smp-jxxu",":version":"rv-b5ke-8s2z.493x",":created_at":"2026-03-10T12:37:08.575Z",":updated_at":"2026-03-10T12:37:08.575Z","cnn":"6078201","corridor":"Geary Blvd","limits":"21st Ave  -  22nd Ave","cnnrightleft":"R","blockside":"North","fullname":"Sunday","weekday":"Sun","fromhour":"7","tohour":"8","week1":"1","week2":"1","week3":"1","week4":"1","week5":"1","holidays":"0","blocksweepid":"1611386","cleaning_days_abbr":"TuThSu"}},{"type":"Feature","geometry":{"type":"LineString","coordinates":[[-122.421192974629,37.7847534462],[-122.421133871804,37.784875082468],[-122.421216457579,37.785232628848]]},"properties":{":id":"row-gjm7~kznq~t4sd",":version":"rv-ak8e~ecq2.5h45",":created_at":"2026-03-10T12:37:08.575Z",":updated_at":"2026-03-10T12:37:08.575Z","cnn":"13152201","corridor":"Van Ness Ave","limits":"O'Farrell St  -  Alice B Toklas Pl","cnnrightleft":"R","blockside":"East","fullname":"Sunday","weekday":"Sun","fromhour":"4","tohour":"6","week1":"1","week2":"1","week3":"1","week4":"1","week5":"1","holidays":"0","blocksweepid":"1639883","cleaning_days_abbr":"MTuWThFSaSu"}},{"type":"Feature","geometry":{"type":"LineString","coordinates":[[-122.43364712391,37.787950272493],[-122.433839653842,37.788906284116]]},"properties":{":id":"row-4ewt_ch9z.si4x",":version":"rv-57pg.fnd8-7qps",":created_at":"2026-03-10T12:37:08.575Z",":updated_at":"2026-03-10T12:37:08.575Z","cnn":"5552000","corridor":"Fillmore St","limits":"Pine St  -  California St","cnnrightleft":"R","blockside":"East","fullname":"Sunday","weekday":"Sun","fromhour":"6","tohour":"8","week1":"1","week2":"1","week3":"1","week4":"1","week5":"1","holidays":"0","blocksweepid":"1631298","cleaning_days_abbr":"TuThSu"}},{"type":"Feature","geometry":{"type":"LineString","coordinates":[[-122.408401550082,37.788293193917],[-122.408595045243,37.789225614915]]},"properties":{":id":"row-7d9e~ai37_v24h",":version":"rv-sx3q~bgix-8fep",":created_at":"2026-03-10T12:37:08.575Z",":updated_at":"2026-03-10T12:37:08.575Z","cnn":"10679000","corridor":"Powell St","limits":"Post St  -  Sutter St","cnnrightleft":"R","blockside":"East","fullname":"Sunday","weekday":"Sun","fromhour":"2","tohour":"6","week1":"1","week2":"1","week3":"1","week4":"1","week5":"1","holidays":"0","blocksweepid":"1619832","cleaning_days_abbr":"MTuWThFSaSu"}},{"type":"Feature","geometry":{"type":"LineString","coordinates":[[-122.405831010893,37.785743989136],[-122.406225598754,37.785751062219],[-122.406398878228,37.786615347195]]},"properties":{":id":"row-d7b7_wwe5.r6s5",":version":"rv-rru2-frsw_8tgh",":created_at":"2026-03-10T12:37:08.575Z",":updated_at":"2026-03-10T12:37:08.575Z","cnn":"12194000","corridor":"Stockton St","limits":"Market St  -  O'Farrell St","cnnrightleft":"R","blockside":"NorthEast","fullname":"Sunday","weekday":"Sun","fromhour":"2","tohour":"6","week1":"1","week2":"1","week3":"1","week4":"1","week5":"1","holidays":"0","blocksweepid":"1639370","cleaning_days_abbr":"TuThSu"}},{"type":"Feature","geometry":{"type":"LineString","coordinates":[[-122.389865003356,37.774551171444],[-122.389912562639,37.774421612245],[-122.389777298285,37.773006622142],[-122.38971674082,37.772930795071]]},"properties":{":id":"row-6m93~ikbr-d843",":version":"rv-ef3c-si76~5w2f",":created_at":"2026-03-10T12:37:08.575Z",":updated_at":"2026-03-10T12:37:08.575Z","cnn":"184201","corridor":"03rd St","limits":"Channel    -  Mission Rock St","cnnrightleft":"R","blockside":null,"fullname":"Sunday","weekday":"Sun","fromhour":"2","tohour":"6","week1":"1","week2":"1","week3":"1","week4":"1","week5":"1","holidays":"1","blocksweepid":"1613787","cleaning_days_abbr":"MWFSaSu"}},{"type":"Feature","geometry":{"type":"LineString","coordinates":[[-122.396379518889,37.781750284029],[-122.395843498787,37.781321257064]]},"properties":{":id":"row-t3wp.gxyp_7x8k",":version":"rv-ywbd_r5jf-y5ci",":created_at":"2026-03-10T12:37:08.575Z",":updated_at":"2026-03-10T12:37:08.575Z","cnn":"174000","corridor":"03rd St","limits":"Stillman St  -  Bryant St","cnnrightleft":"L","blockside":"NorthEast","fullname":"Sunday","weekday":"Sun","fromhour":"2","tohour":"6","week1":"1","week2":"1","week3":"1","week4":"1","week5":"1","holidays":"1","blocksweepid":"1628667","cleaning_days_abbr":"MTuWThFSaSu"}},{"type":"Feature","geometry":{"type":"LineString","coordinates":[[-122.417901410401,37.785167214987],[-122.417996269533,37.78564170987]]},"properties":{":id":"row-6c6v.5k7b-2zzn",":version":"rv-2cak.7yek-67ai",":created_at":"2026-03-10T12:37:08.575Z",":updated_at":"2026-03-10T12:37:08.575Z","cnn":"8130000","corridor":"Larkin St","limits":"O'Farrell St  -  Myrtle St","cnnrightleft":"R","blockside":"East","fullname":"Sunday","weekday":"Sun","fromhour":"6","tohour":"8","week1":"1","week2":"1","week3":"1","week4":"1","week5":"1","holidays":"0","blocksweepid":"1616655","cleaning_days_abbr":"TuThSu"}},{"type":"Feature","geometry":{"type":"LineString","coordinates":[[-122.434425696346,37.725175476577],[-122.43479841318,37.724682554681]]},"properties":{":id":"row-iypj.6mn9_hjp3",":version":"rv-gwu8~xq5d~wacy",":created_at":"2026-03-10T12:37:08.575Z",":updated_at":"2026-03-10T12:37:08.575Z","cnn":"9163000","corridor":"Mission St","limits":"Harrington St  -  Brazil Ave","cnnrightleft":"R","blockside":"NorthWest","fullname":"Sunday","weekday":"Sun","fromhour":"5","tohour":"7","week1":"1","week2":"1","week3":"1","week4":"1","week5":"1","holidays":"0","blocksweepid":"1626437","cleaning_days_abbr":"MTuWThFSaSu"}},{"type":"Feature","geometry":{"type":"LineString","coordinates":[[-122.433074470809,37.764195713209],[-122.433258979665,37.763988567966],[-122.434455761947,37.763038910493],[-122.435051091352,37.76265275122],[-122.435187962327,37.762670707774]]},"properties":{":id":"row-gqd3_cj72-v742",":version":"rv-9hsq~qw4c.a469",":created_at":"2026-03-10T12:37:08.575Z",":updated_at":"2026-03-10T12:37:08.575Z","cnn":"8767101","corridor":"Market St","limits":"16th St  -  17th St","cnnrightleft":"L","blockside":"SouthEast","fullname":"Sunday","weekday":"Sun","fromhour":"2","tohour":"6","week1":"1","week2":"1","week3":"1","week4":"1","week5":"1","holidays":"1","blocksweepid":"1618133","cleaning_days_abbr":"MTuWThFSaSu"}},{"type":"Feature","geometry":{"type":"LineString","coordinates":[[-122.397942939431,37.782997897616],[-122.39738553825,37.782553592904]]},"properties":{":id":"row-zymh-cmfc~xtff",":version":"rv-t8jd~kan6~2tvp",":created_at":"2025-06-19T16:07:35.272Z",":updated_at":"2025-06-19T16:07:35.272Z","cnn":"171000","corridor":"03rd St","limits":"Saint Francis Pl  -  Harrison St","cnnrightleft":"R","blockside":"SouthWest","fullname":"Sunday","weekday":"Sun","fromhour":"2","tohour":"6","week1":"1","week2":"1","week3":"1","week4":"1","week5":"1","holidays":"1","blocksweepid":"1628682","cleaning_days_abbr":"MTuWThFSaSu"}},{"type":"Feature","geometry":{"type":"LineString","coordinates":[[-122.395307861683,37.749803786148],[-122.396273544043,37.749745600425]]},"properties":{":id":"row-zakz.6asg_k4tv",":version":"rv-egs7_dtcz~9pw4",":created_at":"2026-03-10T12:37:08.575Z",":updated_at":"2026-03-10T12:37:08.575Z","cnn":"2475000","corridor":"Cesar Chavez St","limits":"Missouri St  -  Connecticut St","cnnrightleft":"L","blockside":"South","fullname":"Sunday","weekday":"Sun","fromhour":"0","tohour":"2","week1":"1","week2":"1","week3":"1","week4":"1","week5":"1","holidays":"0","blocksweepid":"1602628","cleaning_days_abbr":"TuThSu"}},{"type":"Feature","geometry":{"type":"LineString","coordinates":[[-122.41808809815,37.786101039683],[-122.419738733972,37.78589290085]]},"properties":{":id":"row-cmve.4an5~v638",":version":"rv-aqbj~ksif-zzje",":created_at":"2026-03-10T12:37:08.575Z",":updated_at":"2026-03-10T12:37:08.575Z","cnn":"6117000","corridor":"Geary St","limits":"Larkin St  -  Polk St","cnnrightleft":"L","blockside":"South","fullname":"Sunday","weekday":"Sun","fromhour":"6","tohour":"8","week1":"1","week2":"1","week3":"1","week4":"1","week5":"1","holidays":"0","blocksweepid":"1622105","cleaning_days_abbr":"TuThSu"}},{"type":"Feature","geometry":{"type":"LineString","coordinates":[[-122.419738733972,37.78589290085],[-122.421393307556,37.785685802529]]},"properties":{":id":"row-m53c-f8dq~95ay",":version":"rv-fy4x~e899.a3yh",":created_at":"2026-03-10T12:37:08.575Z",":updated_at":"2026-03-10T12:37:08.575Z","cnn":"6118000","corridor":"Geary St","limits":"Polk St  -  Geary Blvd","cnnrightleft":"L","blockside":"South","fullname":"Sunday","weekday":"Sun","fromhour":"6","tohour":"8","week1":"1","week2":"1","week3":"1","week4":"1","week5":"1","holidays":"0","blocksweepid":"1622106","cleaning_days_abbr":"TuThSu"}},{"type":"Feature","geometry":{"type":"LineString","coordinates":[[-122.423396761057,37.77188564464],[-122.423510160378,37.77173307429],[-122.423973384504,37.771369005805]]},"properties":{":id":"row-dsdw-qa68_kdnn",":version":"rv-a9xu_v8hu-giwe",":created_at":"2026-03-10T12:37:08.575Z",":updated_at":"2026-03-10T12:37:08.575Z","cnn":"8760101","corridor":"Market St","limits":"Octavia St  -  Pearl St","cnnrightleft":"L","blockside":"SouthEast","fullname":"Sunday","weekday":"Sun","fromhour":"2","tohour":"6","week1":"1","week2":"1","week3":"1","week4":"1","week5":"1","holidays":"1","blocksweepid":"1618124","cleaning_days_abbr":"MTuWThFSaSu"}},{"type":"Feature","geometry":{"type":"LineString","coordinates":[[-122.399685488003,37.739901973609],[-122.400086261918,37.73994170235],[-122.400774546395,37.73974210113],[-122.400899014405,37.739659121165]]},"properties":{":id":"row-dmqq~7qku_a694",":version":"rv-phiz.7z63_adke",":created_at":"2026-03-10T12:37:08.575Z",":updated_at":"2026-03-10T12:37:08.575Z","cnn":"7204201","corridor":"Industrial St","limits":"Oakdale Ave  -  Palou Ave","cnnrightleft":"R","blockside":"North","fullname":"Sunday","weekday":"Sun","fromhour":"2","tohour":"3","week1":"1","week2":"1","week3":"1","week4":"1","week5":"1","holidays":"0","blocksweepid":"1623530","cleaning_days_abbr":"TuSu"}},{"type":"Feature","geometry":{"type":"LineString","coordinates":[[-122.410764827715,37.78321431286],[-122.410951618189,37.78414101264]]},"properties":{":id":"row-nckd~feg6-szxc",":version":"rv-njqw~nspu.kwt6",":created_at":"2026-03-10T12:37:08.575Z",":updated_at":"2026-03-10T12:37:08.575Z","cnn":"12427000","corridor":"Taylor St","limits":"Turk St  -  Eddy St","cnnrightleft":"R","blockside":"East","fullname":"Sunday","weekday":"Sun","fromhour":"6","tohour":"8","week1":"1","week2":"1","week3":"1","week4":"1","week5":"1","holidays":"0","blocksweepid":"1617064","cleaning_days_abbr":"TuThSu"}},{"type":"Feature","geometry":{"type":"LineString","coordinates":[[-122.418221170888,37.748165688851],[-122.418413710306,37.748104048963],[-122.420136386867,37.748070020791],[-122.420278830377,37.748125283089]]},"properties":{":id":"row-z2m9-nrkp~kntt",":version":"rv-bnxg.mmxg_whjp",":created_at":"2026-03-10T12:37:08.575Z",":updated_at":"2026-03-10T12:37:08.575Z","cnn":"2489101","corridor":"Cesar Chavez St","limits":"Mission St  -  Valencia St","cnnrightleft":"R","blockside":"North","fullname":"Sunday","weekday":"Sun","fromhour":"6","tohour":"8","week1":"1","week2":"1","week3":"1","week4":"1","week5":"1","holidays":"0","blocksweepid":"1636923","cleaning_days_abbr":"SaSu"}},{"type":"Feature","geometry":{"type":"LineString","coordinates":[[-122.419255606289,37.775147074542],[-122.419279367892,37.775066624016],[-122.420148970583,37.774378056574],[-122.4202542788,37.774358674821]]},"properties":{":id":"row-fam9_ha4c~y37q",":version":"rv-p9au~z8xj-dfwn",":created_at":"2026-03-10T12:37:08.575Z",":updated_at":"2026-03-10T12:37:08.575Z","cnn":"8755101","corridor":"Market St","limits":"Van Ness Ave  -  Page St","cnnrightleft":"L","blockside":"SouthEast","fullname":"Sunday","weekday":"Sun","fromhour":"5","tohour":"7","week1":"1","week2":"1","week3":"1","week4":"1","week5":"1","holidays":"1","blocksweepid":"1618104","cleaning_days_abbr":"MTuWThFSaSu"}},{"type":"Feature","geometry":{"type":"LineString","coordinates":[[-122.444571083206,37.712783427274],[-122.444743290829,37.712622217509]]},"properties":{":id":"row-6mpx_y5i6_wtuq",":version":"rv-iuqj.ccfk-h3rz",":created_at":"2026-03-10T12:37:08.575Z",":updated_at":"2026-03-10T12:37:08.575Z","cnn":"9187000","corridor":"Mission St","limits":"Guttenberg St  -  Foote Ave","cnnrightleft":"R","blockside":"NorthWest","fullname":"Sunday","weekday":"Sun","fromhour":"5","tohour":"7","week1":"1","week2":"1","week3":"1","week4":"1","week5":"1","holidays":"0","blocksweepid":"1600109","cleaning_days_abbr":"MTuWThFSaSu"}},{"type":"Feature","geometry":{"type":"LineString","coordinates":[[-122.409309180162,37.784349269064],[-122.409497525934,37.785282917476]]},"properties":{":id":"row-yqay.77yt~mhie",":version":"rv-v7jh~ugna_pth4",":created_at":"2026-03-10T12:37:08.575Z",":updated_at":"2026-03-10T12:37:08.575Z","cnn":"8800000","corridor":"Mason St","limits":"Eddy St  -  Ellis St","cnnrightleft":"R","blockside":"East","fullname":"Sunday","weekday":"Sun","fromhour":"2","tohour":"6","week1":"1","week2":"1","week3":"1","week4":"1","week5":"1","holidays":"0","blocksweepid":"1628014","cleaning_days_abbr":"TuThSu"}},{"type":"Feature","geometry":{"type":"LineString","coordinates":[[-122.403491775033,37.787963091336],[-122.403579879163,37.788427261877]]},"properties":{":id":"row-gnik.ep8z_dyd2",":version":"rv-cimd.ycq5_phv9",":created_at":"2026-03-10T12:37:08.575Z",":updated_at":"2026-03-10T12:37:08.575Z","cnn":"7747000","corridor":"Kearny St","limits":"Geary St  -  Maiden Ln","cnnrightleft":"L","blockside":"West","fullname":"Sunday","weekday":"Sun","fromhour":"2","tohour":"6","week1":"1","week2":"1","week3":"1","week4":"1","week5":"1","holidays":"1","blocksweepid":"1623914","cleaning_days_abbr":"MTuWThFSaSu"}},{"type":"Feature","geometry":{"type":"LineString","coordinates":[[-122.418618215796,37.773053454473],[-122.418694666174,37.772793495824],[-122.419173127618,37.772001253512],[-122.419610664044,37.771106738356],[-122.41964545812,37.771005772206]]},"properties":{":id":"row-s87t~cnsb.fmh9",":version":"rv-g5fq.4mpq_ng7w",":created_at":"2026-03-10T12:37:08.575Z",":updated_at":"2026-03-10T12:37:08.575Z","cnn":"9110000","corridor":"Mission St","limits":"South Van Ness Ave  -  Plum St","cnnrightleft":"R","blockside":"West","fullname":"Sunday","weekday":"Sun","fromhour":"4","tohour":"6","week1":"1","week2":"1","week3":"1","week4":"1","week5":"1","holidays":"0","blocksweepid":"1618860","cleaning_days_abbr":"MTuWThFSaSu"}},{"type":"Feature","geometry":{"type":"LineString","coordinates":[[-122.410292026651,37.782230575213],[-122.410696654881,37.782267373936],[-122.412220735371,37.782073067927]]},"properties":{":id":"row-ge95.qiap.jjs6",":version":"rv-vw6c.b2mv~6s56",":created_at":"2026-03-10T12:37:08.575Z",":updated_at":"2026-03-10T12:37:08.575Z","cnn":"6259000","corridor":"Golden Gate Ave","limits":"Market St  -  Jones St","cnnrightleft":"L","blockside":"South","fullname":"Sunday","weekday":"Sun","fromhour":"6","tohour":"8","week1":"1","week2":"1","week3":"1","week4":"1","week5":"1","holidays":"0","blocksweepid":"1622237","cleaning_days_abbr":"TuThSu"}},{"type":"Feature","geometry":{"type":"LineString","coordinates":[[-122.420451902657,37.781509971037],[-122.420524190168,37.78187547767],[-122.420638249635,37.781960765928]]},"properties":{":id":"row-jsn4_2kha~4nj3",":version":"rv-p66k-eri3.cvzb",":created_at":"2026-03-10T12:37:08.575Z",":updated_at":"2026-03-10T12:37:08.575Z","cnn":"13148202","corridor":"Van Ness Ave","limits":"Elm St  -  Turk St","cnnrightleft":"R","blockside":"East","fullname":"Sunday","weekday":"Sun","fromhour":"4","tohour":"6","week1":"1","week2":"1","week3":"1","week4":"1","week5":"1","holidays":"0","blocksweepid":"1639877","cleaning_days_abbr":"MTuWThFSaSu"}},{"type":"Feature","geometry":{"type":"LineString","coordinates":[[-122.403316945222,37.7955318328],[-122.40406849084,37.796064037438]]},"properties":{":id":"row-7qpc_bcgp~5fhy",":version":"rv-ctpe~xdqy_2pzh",":created_at":"2026-03-10T12:37:08.575Z",":updated_at":"2026-03-10T12:37:08.575Z","cnn":"4286000","corridor":"Columbus Ave","limits":"Washington St  -  Ils Ln","cnnrightleft":"R","blockside":"NorthEast","fullname":"Sunday","weekday":"Sun","fromhour":"4","tohour":"6","week1":"1","week2":"1","week3":"1","week4":"1","week5":"1","holidays":"0","blocksweepid":"1637281","cleaning_days_abbr":"MTuWThFSaSu"}},{"type":"Feature","geometry":{"type":"LineString","coordinates":[[-122.386774393474,37.711776153802],[-122.386857786838,37.711808490206],[-122.386928042638,37.711869182764],[-122.387305586916,37.712304952725],[-122.38735854203,37.712405922405],[-122.387414888343,37.712563489258]]},"properties":{":id":"row-25fx_d88q~624v",":version":"rv-7wvx~g2f2-uits",":created_at":"2026-03-10T12:37:08.575Z",":updated_at":"2026-03-10T12:37:08.575Z","cnn":"6168000","corridor":"Giants Dr","limits":"Jamestown Ave  -  Giants Dr","cnnrightleft":"L","blockside":"SouthWest","fullname":"Sunday","weekday":"Sun","fromhour":"7","tohour":"8","week1":"1","week2":"1","week3":"1","week4":"1","week5":"1","holidays":"0","blocksweepid":"1606223","cleaning_days_abbr":"WSaSu"}},{"type":"Feature","geometry":{"type":"LineString","coordinates":[[-122.387629453835,37.743527928107],[-122.387926350852,37.742703154167]]},"properties":{":id":"row-xif6_ic95_6kwx",":version":"rv-baq3~46yx~6jvh",":created_at":"2026-03-10T12:37:08.575Z",":updated_at":"2026-03-10T12:37:08.575Z","cnn":"201000","corridor":"03rd St","limits":"Davidson Ave  -  Evans Ave","cnnrightleft":"L","blockside":"East","fullname":"Sunday","weekday":"Sun","fromhour":"2","tohour":"6","week1":"1","week2":"1","week3":"1","week4":"1","week5":"1","holidays":"1","blocksweepid":"1629082","cleaning_days_abbr":"MTuWThFSaSu"}},{"type":"Feature","geometry":{"type":"LineString","coordinates":[[-122.458728517617,37.746755429858],[-122.458656549077,37.746823095503],[-122.458471810547,37.746871011351],[-122.457912317445,37.746860830175],[-122.457247910698,37.746753752524],[-122.457166740924,37.746698021032]]},"properties":{":id":"row-kypj-hskw-xu27",":version":"rv-f7kk_7pp2~gyjm",":created_at":"2026-03-10T12:37:08.575Z",":updated_at":"2026-03-10T12:37:08.575Z","cnn":"13712101","corridor":"Woodside Ave","limits":"Laguna Honda Blvd  -  Vasquez Ave","cnnrightleft":"L","blockside":"North","fullname":"Sunday","weekday":"Sun","fromhour":"5","tohour":"7","week1":"1","week2":"1","week3":"1","week4":"1","week5":"1","holidays":"0","blocksweepid":"1635330"}},{"type":"Feature","geometry":{"type":"LineString","coordinates":[[-122.412782128368,37.784866245085],[-122.412872037823,37.78530844888]]},"properties":{":id":"row-x8rz-zcv8_qyrn",":version":"rv-5wh5-pijv-mt4y",":created_at":"2026-03-10T12:37:08.575Z",":updated_at":"2026-03-10T12:37:08.575Z","cnn":"7567000","corridor":"Jones St","limits":"Ellis St  -  Antonio St","cnnrightleft":"L","blockside":"West","fullname":"Sunday","weekday":"Sun","fromhour":"6","tohour":"8","week1":"1","week2":"1","week3":"1","week4":"1","week5":"1","holidays":"0","blocksweepid":"1597536","cleaning_days_abbr":"MTuWThFSaSu"}},{"type":"Feature","geometry":{"type":"LineString","coordinates":[[-122.417805819654,37.784709804062],[-122.417901410401,37.785167214987]]},"properties":{":id":"row-jdbq~smav.wn7e",":version":"rv-dkyd~we6x_tuwj",":created_at":"2026-03-10T12:37:08.575Z",":updated_at":"2026-03-10T12:37:08.575Z","cnn":"8129000","corridor":"Larkin St","limits":"Olive St  -  O'Farrell St","cnnrightleft":"R","blockside":"East","fullname":"Sunday","weekday":"Sun","fromhour":"6","tohour":"8","week1":"1","week2":"1","week3":"1","week4":"1","week5":"1","holidays":"0","blocksweepid":"1616654","cleaning_days_abbr":"TuThSu"}},{"type":"Feature","geometry":{"type":"LineString","coordinates":[[-122.463657670978,37.75676410851],[-122.463554500246,37.75529810218],[-122.463580718982,37.755014148935],[-122.463627289534,37.754788065242]]},"properties":{":id":"row-5a94-v4m8.ba6u",":version":"rv-j9k2~jpjf-hrhz",":created_at":"2026-03-10T12:37:08.575Z",":updated_at":"2026-03-10T12:37:08.575Z","cnn":"364000","corridor":"07th Ave","limits":"Moraga St  -  Noriega St","cnnrightleft":"L","blockside":"East","fullname":"Sunday","weekday":"Sun","fromhour":"5","tohour":"7","week1":"1","week2":"1","week3":"1","week4":"1","week5":"1","holidays":"0","blocksweepid":"1602181","cleaning_days_abbr":"FSu"}},{"type":"Feature","geometry":{"type":"LineString","coordinates":[[-122.403430800691,37.787641848946],[-122.403491775033,37.787963091336]]},"properties":{":id":"row-yaui_jygw_g3js",":version":"rv-3w3q.4n4q_ca68",":created_at":"2026-03-10T12:37:08.575Z",":updated_at":"2026-03-10T12:37:08.575Z","cnn":"7746000","corridor":"Kearny St","limits":"03rd St  -  Geary St","cnnrightleft":"L","blockside":"West","fullname":"Sunday","weekday":"Sun","fromhour":"2","tohour":"6","week1":"1","week2":"1","week3":"1","week4":"1","week5":"1","holidays":"1","blocksweepid":"1623913","cleaning_days_abbr":"MTuWThFSaSu"}},{"type":"Feature","geometry":{"type":"LineString","coordinates":[[-122.418698425757,37.765109955105],[-122.419668972896,37.765051337402]]},"properties":{":id":"row-z3bj.49wc_8aab",":version":"rv-uf55_ejxc-hq9c",":created_at":"2026-03-10T12:37:08.575Z",":updated_at":"2026-03-10T12:37:08.575Z","cnn":"725000","corridor":"16th St","limits":"Capp St  -  Mission St","cnnrightleft":"R","blockside":"North","fullname":"Sunday","weekday":"Sun","fromhour":"2","tohour":"6","week1":"1","week2":"1","week3":"1","week4":"1","week5":"1","holidays":"1","blocksweepid":"1613664","cleaning_days_abbr":"MTuWThFSaSu"}},{"type":"Feature","geometry":{"type":"LineString","coordinates":[[-122.502031178,37.735514909104],[-122.502557647166,37.735557451758],[-122.502994563118,37.735554712227],[-122.503104759293,37.735466491501]]},"properties":{":id":"row-4n5a-wapz~pu6m",":version":"rv-igtn.aykp~icen",":created_at":"2026-03-10T12:37:08.575Z",":updated_at":"2026-03-10T12:37:08.575Z","cnn":"11962202","corridor":"Sloat Blvd","limits":"44th Ave  -  45th Ave","cnnrightleft":"L","blockside":"South","fullname":"Sunday","weekday":"Sun","fromhour":"5","tohour":"7","week1":"1","week2":"1","week3":"1","week4":"1","week5":"1","holidays":"0","blocksweepid":"1605696","cleaning_days_abbr":"MTuWThFSaSu"}},{"type":"Feature","geometry":{"type":"LineString","coordinates":[[-122.388023343662,37.78477361415],[-122.388172577521,37.784857654456],[-122.388143856732,37.785409037431],[-122.388019182759,37.786990958772],[-122.387794890027,37.787097239396]]},"properties":{":id":"row-vtk3-67dr-x5a8",":version":"rv-b8hc-caha_b7hn",":created_at":"2026-03-10T12:37:08.575Z",":updated_at":"2026-03-10T12:37:08.575Z","cnn":"12548101","corridor":"The Embarcadero","limits":"Brannan St  -  Bryant St","cnnrightleft":"L","blockside":"West","fullname":"Sunday","weekday":"Sun","fromhour":"1","tohour":"3","week1":"1","week2":"1","week3":"1","week4":"1","week5":"1","holidays":"1","blocksweepid":"1639569","cleaning_days_abbr":"MTuWThFSaSu"}},{"type":"Feature","geometry":{"type":"LineString","coordinates":[[-122.448376961959,37.710372707695],[-122.448930949548,37.710074035593],[-122.449308666783,37.709946203641]]},"properties":{":id":"row-fr66-7ka5-s4bu",":version":"rv-3wqs-v45x.ut6p",":created_at":"2026-03-10T12:37:08.575Z",":updated_at":"2026-03-10T12:37:08.575Z","cnn":"9192000","corridor":"Mission St","limits":"Morse St  -  Farragut Ave","cnnrightleft":"R","blockside":"NorthWest","fullname":"Sunday","weekday":"Sun","fromhour":"5","tohour":"7","week1":"1","week2":"1","week3":"1","week4":"1","week5":"1","holidays":"0","blocksweepid":"1600114","cleaning_days_abbr":"MTuWThFSaSu"}},{"type":"Feature","geometry":{"type":"LineString","coordinates":[[-122.412416426243,37.765489809124],[-122.41310524323,37.765447608418]]},"properties":{":id":"row-vw5r.225y.ss5n",":version":"rv-bkq4~z6zm-y3nx",":created_at":"2026-03-10T12:37:08.575Z",":updated_at":"2026-03-10T12:37:08.575Z","cnn":"719000","corridor":"16th St","limits":"Alabama St  -  Harrison St","cnnrightleft":"R","blockside":"North","fullname":"Sunday","weekday":"Sun","fromhour":"2","tohour":"6","week1":"1","week2":"1","week3":"1","week4":"1","week5":"1","holidays":"1","blocksweepid":"1636173","cleaning_days_abbr":"TuThSu"}},{"type":"Feature","geometry":{"type":"LineString","coordinates":[[-122.388754589159,37.740317264063],[-122.388855205357,37.740242629175],[-122.389060494954,37.73966042188],[-122.389030967576,37.739533448632]]},"properties":{":id":"row-a8re_zzbu.p63p",":version":"rv-9c7p_a9u9_kcuw",":created_at":"2026-03-10T12:37:08.575Z",":updated_at":"2026-03-10T12:37:08.575Z","cnn":"205201","corridor":"03rd St","limits":"Hudson Ave  -  Innes Ave","cnnrightleft":"R","blockside":"West","fullname":"Sunday","weekday":"Sun","fromhour":"2","tohour":"6","week1":"1","week2":"1","week3":"1","week4":"1","week5":"1","holidays":"1","blocksweepid":"1613815","cleaning_days_abbr":"MTuWThFSaSu"}},{"type":"Feature","geometry":{"type":"LineString","coordinates":[[-122.418747573844,37.75543693624],[-122.418593944952,37.753836587811]]},"properties":{":id":"row-exa7~5x3m-x6c8",":version":"rv-q6zz.czaf~gmb7",":created_at":"2026-03-10T12:37:08.575Z",":updated_at":"2026-03-10T12:37:08.575Z","cnn":"9124000","corridor":"Mission St","limits":"22nd St  -  23rd St","cnnrightleft":"R","blockside":"West","fullname":"Sunday","weekday":"Sun","fromhour":"4","tohour":"6","week1":"1","week2":"1","week3":"1","week4":"1","week5":"1","holidays":"0","blocksweepid":"1619097","cleaning_days_abbr":"MTuWThFSaSu"}},{"type":"Feature","geometry":{"type":"LineString","coordinates":[[-122.405242386858,37.743051204677],[-122.405242616696,37.742911539158],[-122.405581425365,37.742456752219]]},"properties":{":id":"row-jfm4.wzqz~vivx",":version":"rv-jzkn.4fg6_7qx2",":created_at":"2026-03-10T12:37:08.575Z",":updated_at":"2026-03-10T12:37:08.575Z","cnn":"2800101","corridor":"Bay Shore Blvd","limits":"Oakdale Ave  -  Flower St","cnnrightleft":"L","blockside":"SouthEast","fullname":"Sunday","weekday":"Sun","fromhour":"0","tohour":"2","week1":"1","week2":"1","week3":"1","week4":"1","week5":"1","holidays":"0","blocksweepid":"1628240","cleaning_days_abbr":"TuThSu"}},{"type":"Feature","geometry":{"type":"LineString","coordinates":[[-122.391840525275,37.778125697956],[-122.392013647994,37.778099306371],[-122.394048263715,37.776492213756],[-122.394035065718,37.776332976564]]},"properties":{":id":"row-iwb5_biit-km4i",":version":"rv-yukg-wp9a-8qct",":created_at":"2026-03-10T12:37:08.575Z",":updated_at":"2026-03-10T12:37:08.575Z","cnn":"7833201","corridor":"King St","limits":"03rd St  -  04th St","cnnrightleft":"R","blockside":"NorthWest","fullname":"Sunday","weekday":"Sun","fromhour":"1","tohour":"3","week1":"1","week2":"1","week3":"1","week4":"1","week5":"1","holidays":"1","blocksweepid":"1627910","cleaning_days_abbr":"MTuWThFSaSu"}},{"type":"Feature","geometry":{"type":"LineString","coordinates":[[-122.422366459744,37.741760488778],[-122.422840576823,37.741027407651]]},"properties":{":id":"row-ebmm_ccfi_bzxs",":version":"rv-janx~pnph-h3r2",":created_at":"2026-03-10T12:37:08.575Z",":updated_at":"2026-03-10T12:37:08.575Z","cnn":"9139000","corridor":"Mission St","limits":"Kingston St  -  Cortland Ave","cnnrightleft":"L","blockside":"SouthEast","fullname":"Sunday","weekday":"Sun","fromhour":"5","tohour":"7","week1":"1","week2":"1","week3":"1","week4":"1","week5":"1","holidays":"0","blocksweepid":"1619272","cleaning_days_abbr":"MTuWThFSaSu"}},{"type":"Feature","geometry":{"type":"LineString","coordinates":[[-122.470845996213,37.782652401122],[-122.47191503168,37.782596213938]]},"properties":{":id":"row-vmtc.w3uu-gku8",":version":"rv-ydqf~zs25.qui6",":created_at":"2026-03-10T12:37:08.575Z",":updated_at":"2026-03-10T12:37:08.575Z","cnn":"4161000","corridor":"Clement St","limits":"12th Ave  -  Funston Ave","cnnrightleft":"L","blockside":"South","fullname":"Sunday","weekday":"Sun","fromhour":"7","tohour":"8","week1":"1","week2":"1","week3":"1","week4":"1","week5":"1","holidays":"0","blocksweepid":"1602961","cleaning_days_abbr":"TuThSu"}},{"type":"Feature","geometry":{"type":"LineString","coordinates":[[-122.399873457754,37.798729001446],[-122.401051293437,37.798580054283]]},"properties":{":id":"row-x57k.28y8-gc4f",":version":"rv-yagh.44cy.ndvn",":created_at":"2026-03-10T12:37:08.575Z",":updated_at":"2026-03-10T12:37:08.575Z","cnn":"3144000","corridor":"Broadway","limits":"Front St  -  Battery St","cnnrightleft":"R","blockside":"North","fullname":"Sunday","weekday":"Sun","fromhour":"4","tohour":"6","week1":"1","week2":"1","week3":"1","week4":"1","week5":"1","holidays":"0","blocksweepid":"1635099","cleaning_days_abbr":"MTuWThFSaSu"}},{"type":"Feature","geometry":{"type":"LineString","coordinates":[[-122.421360063587,37.78521438351],[-122.421441717802,37.785567340651],[-122.421393307556,37.785685802529]]},"properties":{":id":"row-n2ax~3sjh-ufws",":version":"rv-pfsv-daxz-hbnm",":created_at":"2026-03-10T12:37:08.575Z",":updated_at":"2026-03-10T12:37:08.575Z","cnn":"13152102","corridor":"Van Ness Ave","limits":"Myrtle St  -  Geary Blvd","cnnrightleft":"L","blockside":"West","fullname":"Sunday","weekday":"Sun","fromhour":"4","tohour":"6","week1":"1","week2":"1","week3":"1","week4":"1","week5":"1","holidays":"0","blocksweepid":"1598991","cleaning_days_abbr":"MTuWThFSaSu"}},{"type":"Feature","geometry":{"type":"LineString","coordinates":[[-122.423673410652,37.771736463592],[-122.424828584124,37.770828786212],[-122.424852598549,37.77074774518]]},"properties":{":id":"row-2qz3.g9de_s9i4",":version":"rv-zhxr.jza8.9vaf",":created_at":"2026-03-10T12:37:08.575Z",":updated_at":"2026-03-10T12:37:08.575Z","cnn":"8760203","corridor":"Market St","limits":"Octavia St  -  Laguna St","cnnrightleft":"L","blockside":null,"fullname":"Sunday","weekday":"Sun","fromhour":"8","tohour":"9","week1":"1","week2":"1","week3":"1","week4":"1","week5":"1","holidays":"0","blocksweepid":"1625963"}},{"type":"Feature","geometry":{"type":"LineString","coordinates":[[-122.393232786724,37.727733468261],[-122.393340495003,37.727659582483],[-122.393581180212,37.727121926179],[-122.393570157018,37.726979832623]]},"properties":{":id":"row-v6zb_9hzt.5y2j",":version":"rv-k98d-unyw_i7w6",":created_at":"2026-03-10T12:37:08.575Z",":updated_at":"2026-03-10T12:37:08.575Z","cnn":"222201","corridor":"03rd St","limits":"Yosemite Ave  -  Armstrong Ave","cnnrightleft":"R","blockside":"West","fullname":"Sunday","weekday":"Sun","fromhour":"2","tohour":"6","week1":"1","week2":"1","week3":"1","week4":"1","week5":"1","holidays":"1","blocksweepid":"1613832","cleaning_days_abbr":"MTuWThFSaSu"}},{"type":"Feature","geometry":{"type":"LineString","coordinates":[[-122.390723104978,37.716921905991],[-122.391088332706,37.7172564843],[-122.391599410583,37.717526158823]]},"properties":{":id":"row-ffke~95y3_ksn4",":version":"rv-3f9m-58ep_cbj6",":created_at":"2026-03-10T12:37:08.575Z",":updated_at":"2026-03-10T12:37:08.575Z","cnn":"7429000","corridor":"Jamestown Ave","limits":"Coronado St  -  Hawes St","cnnrightleft":"R","blockside":"NorthEast","fullname":"Sunday","weekday":"Sun","fromhour":"7","tohour":"8","week1":"1","week2":"1","week3":"1","week4":"1","week5":"1","holidays":"0","blocksweepid":"1597372","cleaning_days_abbr":"WSaSu"}},{"type":"Feature","geometry":{"type":"LineString","coordinates":[[-122.409683072542,37.78620266448],[-122.409775108526,37.786658874648]]},"properties":{":id":"row-jzg5_drnt~jjk8",":version":"rv-4v9e_ufjk_4w3t",":created_at":"2026-03-10T12:37:08.575Z",":updated_at":"2026-03-10T12:37:08.575Z","cnn":"8802000","corridor":"Mason St","limits":"O'Farrell St  -  Elwood St","cnnrightleft":"R","blockside":"East","fullname":"Sunday","weekday":"Sun","fromhour":"2","tohour":"6","week1":"1","week2":"1","week3":"1","week4":"1","week5":"1","holidays":"0","blocksweepid":"1628016","cleaning_days_abbr":"TuThSu"}},{"type":"Feature","geometry":{"type":"LineString","coordinates":[[-122.407159488015,37.779738905439],[-122.406628200105,37.779314675085]]},"properties":{":id":"row-62zn.zaze~kjy9",":version":"rv-s9v8.qz6q.gpnz",":created_at":"2026-03-10T12:37:08.575Z",":updated_at":"2026-03-10T12:37:08.575Z","cnn":"332000","corridor":"06th St","limits":"Howard St  -  Tehama St","cnnrightleft":"R","blockside":"SouthWest","fullname":"Sunday","weekday":"Sun","fromhour":"4","tohour":"6","week1":"1","week2":"1","week3":"1","week4":"1","week5":"1","holidays":"0","blocksweepid":"1636400","cleaning_days_abbr":"MTuWThFSaSu"}},{"type":"Feature","geometry":{"type":"LineString","coordinates":[[-122.404030724326,37.7907600962],[-122.404219835075,37.791690583859]]},"properties":{":id":"row-knd7.6w72_2fci",":version":"rv-dezm_ubk3.uqwr",":created_at":"2026-03-10T12:37:08.575Z",":updated_at":"2026-03-10T12:37:08.575Z","cnn":"7753000","corridor":"Kearny St","limits":"Bush St  -  Pine St","cnnrightleft":"L","blockside":"West","fullname":"Sunday","weekday":"Sun","fromhour":"2","tohour":"6","week1":"1","week2":"1","week3":"1","week4":"1","week5":"1","holidays":"1","blocksweepid":"1623920","cleaning_days_abbr":"MTuWThFSaSu"}},{"type":"Feature","geometry":{"type":"LineString","coordinates":[[-122.391797155906,37.73164354578],[-122.391899180567,37.731554646707],[-122.392110657835,37.730950143643],[-122.392072954656,37.730855182696]]},"properties":{":id":"row-7m62.xrrz.9764",":version":"rv-ra78~b9qp-etxe",":created_at":"2026-03-10T12:37:08.575Z",":updated_at":"2026-03-10T12:37:08.575Z","cnn":"216201","corridor":"03rd St","limits":"Shafter Ave  -  Thomas Ave","cnnrightleft":"R","blockside":"West","fullname":"Sunday","weekday":"Sun","fromhour":"2","tohour":"6","week1":"1","week2":"1","week3":"1","week4":"1","week5":"1","holidays":"1","blocksweepid":"1613826","cleaning_days_abbr":"MTuWThFSaSu"}},{"type":"Feature","geometry":{"type":"LineString","coordinates":[[-122.433271579541,37.786085429391],[-122.43345991669,37.787020667721]]},"properties":{":id":"row-4e2b-icdy.jddy",":version":"rv-5yfp-znuz_zm2v",":created_at":"2026-03-10T12:37:08.575Z",":updated_at":"2026-03-10T12:37:08.575Z","cnn":"5549000","corridor":"Fillmore St","limits":"Sutter St  -  Bush St","cnnrightleft":"R","blockside":"East","fullname":"Sunday","weekday":"Sun","fromhour":"6","tohour":"8","week1":"1","week2":"1","week3":"1","week4":"1","week5":"1","holidays":"0","blocksweepid":"1631295","cleaning_days_abbr":"TuThSu"}},{"type":"Feature","geometry":{"type":"LineString","coordinates":[[-122.443951627671,37.713362090755],[-122.444571083206,37.712783427274]]},"properties":{":id":"row-57nb.u37a.fexd",":version":"rv-2e7b_hcdf.vxpf",":created_at":"2026-03-10T12:37:08.575Z",":updated_at":"2026-03-10T12:37:08.575Z","cnn":"9186000","corridor":"Mission St","limits":"Florentine Ave  -  Guttenberg St","cnnrightleft":"R","blockside":"NorthWest","fullname":"Sunday","weekday":"Sun","fromhour":"5","tohour":"7","week1":"1","week2":"1","week3":"1","week4":"1","week5":"1","holidays":"0","blocksweepid":"1600108","cleaning_days_abbr":"MTuWThFSaSu"}},{"type":"Feature","geometry":{"type":"LineString","coordinates":[[-122.404412160717,37.796302098069],[-122.405288396517,37.796909057292]]},"properties":{":id":"row-dzfp.ba58.a6mt",":version":"rv-pqtg-i9r4_kcmp",":created_at":"2026-03-10T12:37:08.575Z",":updated_at":"2026-03-10T12:37:08.575Z","cnn":"4288000","corridor":"Columbus Ave","limits":"Jackson St  -  Kearny St","cnnrightleft":"R","blockside":"NorthEast","fullname":"Sunday","weekday":"Sun","fromhour":"4","tohour":"6","week1":"1","week2":"1","week3":"1","week4":"1","week5":"1","holidays":"0","blocksweepid":"1637283","cleaning_days_abbr":"MTuWThFSaSu"}},{"type":"Feature","geometry":{"type":"LineString","coordinates":[[-122.400152468999,37.790290160159],[-122.4013477677,37.789347860189],[-122.401375491232,37.789264322323]]},"properties":{":id":"row-imct_6kgc.v3ap",":version":"rv-evrv~7ye2_uns4",":created_at":"2026-03-10T12:37:08.575Z",":updated_at":"2026-03-10T12:37:08.575Z","cnn":"8742203","corridor":"Market St","limits":"Sutter St  -  02nd St","cnnrightleft":"R","blockside":"NorthWest","fullname":"Sunday","weekday":"Sun","fromhour":"5","tohour":"7","week1":"1","week2":"1","week3":"1","week4":"1","week5":"1","holidays":"1","blocksweepid":"1617979","cleaning_days_abbr":"MTuWThFSaSu"}},{"type":"Feature","geometry":{"type":"LineString","coordinates":[[-122.422135208482,37.789412061535],[-122.422051551466,37.789518284988],[-122.422203124448,37.790267443943],[-122.422328954916,37.79036965946]]},"properties":{":id":"row-6ksf_uzxs-htt3",":version":"rv-hpew~xm89.un2e",":created_at":"2026-03-10T12:37:08.575Z",":updated_at":"2026-03-10T12:37:08.575Z","cnn":"13157201","corridor":"Van Ness Ave","limits":"Pine St  -  California St","cnnrightleft":"R","blockside":"East","fullname":"Sunday","weekday":"Sun","fromhour":"4","tohour":"6","week1":"1","week2":"1","week3":"1","week4":"1","week5":"1","holidays":"0","blocksweepid":"1639893","cleaning_days_abbr":"MTuWThFSaSu"}},{"type":"Feature","geometry":{"type":"LineString","coordinates":[[-122.41964545812,37.771005772206],[-122.419758524631,37.770672595078]]},"properties":{":id":"row-6szw.hiha-cbgx",":version":"rv-fjat~xyuu_nfkd",":created_at":"2026-03-10T12:37:08.575Z",":updated_at":"2026-03-10T12:37:08.575Z","cnn":"9111000","corridor":"Mission St","limits":"Plum St  -  Hwy 101 Northbound","cnnrightleft":"R","blockside":"West","fullname":"Sunday","weekday":"Sun","fromhour":"4","tohour":"6","week1":"1","week2":"1","week3":"1","week4":"1","week5":"1","holidays":"0","blocksweepid":"1618861","cleaning_days_abbr":"MTuWThFSaSu"}},{"type":"Feature","geometry":{"type":"LineString","coordinates":[[-122.390019684219,37.719298465706],[-122.391870342606,37.72034909944]]},"properties":{":id":"row-yxmi-tdm2.uw84",":version":"rv-k4ta-gris_dzi8",":created_at":"2026-03-10T12:37:08.575Z",":updated_at":"2026-03-10T12:37:08.575Z","cnn":"6189000","corridor":"Gilman Ave","limits":"Hawes St  -  Ingalls St","cnnrightleft":"L","blockside":"SouthWest","fullname":"Sunday","weekday":"Sun","fromhour":"7","tohour":"8","week1":"1","week2":"1","week3":"1","week4":"1","week5":"1","holidays":"0","blocksweepid":"1633124","cleaning_days_abbr":"WSaSu"}},{"type":"Feature","geometry":{"type":"LineString","coordinates":[[-122.412411746542,37.783004078716],[-122.412595276786,37.783932576959]]},"properties":{":id":"row-kq9d-6qme_aakt",":version":"rv-mg2k_65jr.ann9",":created_at":"2026-03-10T12:37:08.575Z",":updated_at":"2026-03-10T12:37:08.575Z","cnn":"7565000","corridor":"Jones St","limits":"Turk St  -  Eddy St","cnnrightleft":"R","blockside":"East","fullname":"Sunday","weekday":"Sun","fromhour":"6","tohour":"8","week1":"1","week2":"1","week3":"1","week4":"1","week5":"1","holidays":"0","blocksweepid":"1597543","cleaning_days_abbr":"MTuWThFSaSu"}},{"type":"Feature","geometry":{"type":"LineString","coordinates":[[-122.400784747653,37.723616209195],[-122.400382132593,37.722633285191]]},"properties":{":id":"row-puhq_fsxg_yvy4",":version":"rv-r4ta-nwjm_68i3",":created_at":"2026-03-10T12:37:08.575Z",":updated_at":"2026-03-10T12:37:08.575Z","cnn":"2814000","corridor":"Bay Shore Blvd","limits":"Paul Ave  -  Wheat St","cnnrightleft":"R","blockside":"West","fullname":"Sunday","weekday":"Sun","fromhour":"7","tohour":"8","week1":"1","week2":"1","week3":"1","week4":"1","week5":"1","holidays":"0","blocksweepid":"1628227","cleaning_days_abbr":"MWThFSaSu"}},{"type":"Feature","geometry":{"type":"LineString","coordinates":[[-122.390416264113,37.735590520553],[-122.390400159538,37.735445933697],[-122.390598277377,37.734879683372],[-122.390693772313,37.734797359098]]},"properties":{":id":"row-kdv2~3np5.y54t",":version":"rv-su5w-4uzy-a7kj",":created_at":"2026-03-10T12:37:08.575Z",":updated_at":"2026-03-10T12:37:08.575Z","cnn":"211101","corridor":"03rd St","limits":"Newcomb Ave  -  Oakdale Ave","cnnrightleft":"L","blockside":"East","fullname":"Sunday","weekday":"Sun","fromhour":"2","tohour":"6","week1":"1","week2":"1","week3":"1","week4":"1","week5":"1","holidays":"1","blocksweepid":"1629093","cleaning_days_abbr":"MTuWThFSaSu"}},{"type":"Feature","geometry":{"type":"LineString","coordinates":[[-122.408557722805,37.797327198682],[-122.40861884556,37.797627561973]]},"properties":{":id":"row-avhk~cdei_hqzc",":version":"rv-bbj6.85x5_5tuj",":created_at":"2026-03-10T12:37:08.575Z",":updated_at":"2026-03-10T12:37:08.575Z","cnn":"12209000","corridor":"Stockton St","limits":"Stark St  -  Broadway","cnnrightleft":"L","blockside":"West","fullname":"Sunday","weekday":"Sun","fromhour":"2","tohour":"6","week1":"1","week2":"1","week3":"1","week4":"1","week5":"1","holidays":"1","blocksweepid":"1624675","cleaning_days_abbr":"MTuWThFSaSu"}},{"type":"Feature","geometry":{"type":"LineString","coordinates":[[-122.41590817905,37.775272060559],[-122.417104135557,37.774325287386]]},"properties":{":id":"row-jpyd~9i2t~hkzj",":version":"rv-i3aa-drgk-x3rq",":created_at":"2026-03-10T12:37:08.575Z",":updated_at":"2026-03-10T12:37:08.575Z","cnn":"9108000","corridor":"Mission St","limits":"10th St  -  11th St","cnnrightleft":"R","blockside":"NorthWest","fullname":"Sunday","weekday":"Sun","fromhour":"2","tohour":"6","week1":"1","week2":"1","week3":"1","week4":"1","week5":"1","holidays":"1","blocksweepid":"1618519","cleaning_days_abbr":"MTuWThFSaSu"}},{"type":"Feature","geometry":{"type":"LineString","coordinates":[[-122.467487652492,37.780879714821],[-122.467610473388,37.780940376561],[-122.468434170018,37.780899451399],[-122.46856387213,37.780822032344]]},"properties":{":id":"row-9cue.biqj-9g6n",":version":"rv-jatc_bhek.b4v6",":created_at":"2026-03-10T12:37:08.575Z",":updated_at":"2026-03-10T12:37:08.575Z","cnn":"6065201","corridor":"Geary Blvd","limits":"09th Ave  -  10th Ave","cnnrightleft":"R","blockside":"North","fullname":"Sunday","weekday":"Sun","fromhour":"7","tohour":"8","week1":"1","week2":"1","week3":"1","week4":"1","week5":"1","holidays":"0","blocksweepid":"1611373","cleaning_days_abbr":"TuThSu"}},{"type":"Feature","geometry":{"type":"LineString","coordinates":[[-122.399685488003,37.739901973609],[-122.399995856818,37.739851950434],[-122.400669056496,37.739661714068],[-122.400899014405,37.739659121165]]},"properties":{":id":"row-wkg8.axnp-fx4z",":version":"rv-2g4k.y5e7~rxc9",":created_at":"2026-03-10T12:37:08.575Z",":updated_at":"2026-03-10T12:37:08.575Z","cnn":"7204101","corridor":"Industrial St","limits":"Oakdale Ave  -  Palou Ave","cnnrightleft":"L","blockside":"South","fullname":"Sunday","weekday":"Sun","fromhour":"2","tohour":"3","week1":"1","week2":"1","week3":"1","week4":"1","week5":"1","holidays":"0","blocksweepid":"1597139","cleaning_days_abbr":"WSu"}},{"type":"Feature","geometry":{"type":"LineString","coordinates":[[-122.417486595427,37.765183134696],[-122.418579138758,37.765117159294]]},"properties":{":id":"row-gner.h84g.n4vr",":version":"rv-886f.5tzi-948g",":created_at":"2026-03-10T12:37:08.575Z",":updated_at":"2026-03-10T12:37:08.575Z","cnn":"723000","corridor":"16th St","limits":"South Van Ness Ave  -  Capp St","cnnrightleft":"L","blockside":"South","fullname":"Sunday","weekday":"Sun","fromhour":"4","tohour":"6","week1":"1","week2":"1","week3":"1","week4":"1","week5":"1","holidays":"0","blocksweepid":"1636219","cleaning_days_abbr":"MTuWThFSaSu"}},{"type":"Feature","geometry":{"type":"LineString","coordinates":[[-122.40895215881,37.783287852635],[-122.409251727129,37.783407443601],[-122.410764827715,37.78321431286]]},"properties":{":id":"row-ng3d~gfjj_kbk9",":version":"rv-mu66~y4i4-93qj",":created_at":"2026-03-10T12:37:08.575Z",":updated_at":"2026-03-10T12:37:08.575Z","cnn":"12716000","corridor":"Turk St","limits":"Market St  -  Taylor St","cnnrightleft":"L","blockside":"South","fullname":"Sunday","weekday":"Sun","fromhour":"2","tohour":"6","week1":"1","week2":"1","week3":"1","week4":"1","week5":"1","holidays":"0","blocksweepid":"1625133","cleaning_days_abbr":"TuThSu"}},{"type":"Feature","geometry":{"type":"LineString","coordinates":[[-122.467629100629,37.782802249645],[-122.468704481046,37.782750917064]]},"properties":{":id":"row-mpra-f7s8.xt87",":version":"rv-wyht_kxgp~xyin",":created_at":"2026-03-10T12:37:08.575Z",":updated_at":"2026-03-10T12:37:08.575Z","cnn":"4158000","corridor":"Clement St","limits":"09th Ave  -  10th Ave","cnnrightleft":"L","blockside":"South","fullname":"Sunday","weekday":"Sun","fromhour":"7","tohour":"8","week1":"1","week2":"1","week3":"1","week4":"1","week5":"1","holidays":"0","blocksweepid":"1602958","cleaning_days_abbr":"TuThSu"}},{"type":"Feature","geometry":{"type":"LineString","coordinates":[[-122.441622840547,37.717258173255],[-122.441612408963,37.717173608157],[-122.441379898297,37.716899725599],[-122.44115572962,37.716511485902],[-122.441019561727,37.716459545953]]},"properties":{":id":"row-ds2y_rmmt_45vt",":version":"rv-n7ic_sufv_7mj3",":created_at":"2026-03-10T12:37:08.575Z",":updated_at":"2026-03-10T12:37:08.575Z","cnn":"6137201","corridor":"Geneva Ave","limits":"Gloria Ct  -  Mission St","cnnrightleft":"R","blockside":"SouthWest","fullname":"Sunday","weekday":"Sun","fromhour":"5","tohour":"7","week1":"1","week2":"1","week3":"1","week4":"1","week5":"1","holidays":"0","blocksweepid":"1606200","cleaning_days_abbr":"MWThFSaSu"}},{"type":"Feature","geometry":{"type":"LineString","coordinates":[[-122.403430800691,37.787641848946],[-122.403342641146,37.787274627763],[-122.403028192908,37.787024418781]]},"properties":{":id":"row-2rmk.vg7q.q2sj",":version":"rv-85yk_pp5u_suvk",":created_at":"2025-06-19T16:07:35.272Z",":updated_at":"2025-06-19T16:07:35.272Z","cnn":"163000","corridor":"03rd St","limits":"Market St  -  Stevenson St","cnnrightleft":"L","blockside":"NorthEast","fullname":"Sunday","weekday":"Sun","fromhour":"2","tohour":"6","week1":"1","week2":"1","week3":"1","week4":"1","week5":"1","holidays":"1","blocksweepid":"1628656","cleaning_days_abbr":"MTuWThFSaSu"}},{"type":"Feature","geometry":{"type":"LineString","coordinates":[[-122.381590796205,37.712717648874],[-122.381578189046,37.711466010721],[-122.381614897413,37.7109099053],[-122.381608198475,37.7100879336],[-122.381702413418,37.709797468647],[-122.381897939361,37.709608425211],[-122.382165442525,37.709476470948],[-122.382505694144,37.709419118863]]},"properties":{":id":"row-9q89-jfpp.q7fq",":version":"rv-nah7~vj69.p93d",":created_at":"2026-03-10T12:37:08.575Z",":updated_at":"2026-03-10T12:37:08.575Z","cnn":"7097000","corridor":"Hunters Point Expy","limits":"Unnamed 047  -  Jamestown Ave","cnnrightleft":"R","blockside":"West","fullname":"Sunday","weekday":"Sun","fromhour":"7","tohour":"8","week1":"1","week2":"1","week3":"1","week4":"1","week5":"1","holidays":"0","blocksweepid":"1609095","cleaning_days_abbr":"WFSaSu"}},{"type":"Feature","geometry":{"type":"LineString","coordinates":[[-122.410700604509,37.782895685135],[-122.410764827715,37.78321431286]]},"properties":{":id":"row-gwtg.imyt_tpxu",":version":"rv-2kgy.s2a6~vzyp",":created_at":"2026-03-10T12:37:08.575Z",":updated_at":"2026-03-10T12:37:08.575Z","cnn":"12426000","corridor":"Taylor St","limits":"Opal Pl  -  Turk St","cnnrightleft":"R","blockside":"East","fullname":"Sunday","weekday":"Sun","fromhour":"6","tohour":"8","week1":"1","week2":"1","week3":"1","week4":"1","week5":"1","holidays":"0","blocksweepid":"1617063","cleaning_days_abbr":"TuThSu"}},{"type":"Feature","geometry":{"type":"LineString","coordinates":[[-122.389099104328,37.76690347969],[-122.389148887634,37.76678009213],[-122.388912073078,37.764405551743],[-122.388851283059,37.764321835521]]},"properties":{":id":"row-drwp~7r8t.qc92",":version":"rv-zmkt_j3pe-ave3",":created_at":"2026-03-10T12:37:08.575Z",":updated_at":"2026-03-10T12:37:08.575Z","cnn":"186201","corridor":"03rd St","limits":"16th St  -  Mariposa St","cnnrightleft":"R","blockside":"West","fullname":"Sunday","weekday":"Sun","fromhour":"2","tohour":"6","week1":"1","week2":"1","week3":"1","week4":"1","week5":"1","holidays":"1","blocksweepid":"1613795","cleaning_days_abbr":"MWFSaSu"}},{"type":"Feature","geometry":{"type":"LineString","coordinates":[[-122.390025039703,37.776300145376],[-122.389865003356,37.774551171444]]},"properties":{":id":"row-kssf_xm2v~777w",":version":"rv-ipbv-gac8-drf8",":created_at":"2026-03-10T12:37:08.575Z",":updated_at":"2026-03-10T12:37:08.575Z","cnn":"184001","corridor":"03rd St","limits":"rry A Francois Blvd  -  Channel","cnnrightleft":"L","blockside":null,"fullname":"Sunday","weekday":"Sun","fromhour":"2","tohour":"6","week1":"1","week2":"1","week3":"1","week4":"1","week5":"1","holidays":"1","blocksweepid":"1628940","cleaning_days_abbr":"MTuWThFSaSu"}},{"type":"Feature","geometry":{"type":"LineString","coordinates":[[-122.412595276786,37.783932576959],[-122.412782128368,37.784866245085]]},"properties":{":id":"row-qref~jvrk-xz4k",":version":"rv-nkyf.eds7.wm6z",":created_at":"2026-03-10T12:37:08.575Z",":updated_at":"2026-03-10T12:37:08.575Z","cnn":"7566000","corridor":"Jones St","limits":"Eddy St  -  Ellis St","cnnrightleft":"R","blockside":"East","fullname":"Sunday","weekday":"Sun","fromhour":"6","tohour":"8","week1":"1","week2":"1","week3":"1","week4":"1","week5":"1","holidays":"0","blocksweepid":"1597544","cleaning_days_abbr":"MTuWThFSaSu"}},{"type":"Feature","geometry":{"type":"LineString","coordinates":[[-122.418579138758,37.765117159294],[-122.418698425757,37.765109955105]]},"properties":{":id":"row-c9t9_zvxt-3d8b",":version":"rv-s8f9_tvku~cy9r",":created_at":"2026-03-10T12:37:08.575Z",":updated_at":"2026-03-10T12:37:08.575Z","cnn":"724000","corridor":"16th St","limits":"Capp St  -  Capp St","cnnrightleft":"L","blockside":"South","fullname":"Sunday","weekday":"Sun","fromhour":"4","tohour":"6","week1":"1","week2":"1","week3":"1","week4":"1","week5":"1","holidays":"0","blocksweepid":"1636220","cleaning_days_abbr":"MTuWThFSaSu"}},{"type":"Feature","geometry":{"type":"LineString","coordinates":[[-122.40406849084,37.796064037438],[-122.404412160717,37.796302098069]]},"properties":{":id":"row-m4hw.pair~m8ih",":version":"rv-cwi3-ieu2-rc3p",":created_at":"2026-03-10T12:37:08.575Z",":updated_at":"2026-03-10T12:37:08.575Z","cnn":"4287000","corridor":"Columbus Ave","limits":"Ils Ln  -  Jackson St","cnnrightleft":"L","blockside":"SouthWest","fullname":"Sunday","weekday":"Sun","fromhour":"4","tohour":"6","week1":"1","week2":"1","week3":"1","week4":"1","week5":"1","holidays":"0","blocksweepid":"1629889","cleaning_days_abbr":"MTuWThFSaSu"}},{"type":"Feature","geometry":{"type":"LineString","coordinates":[[-122.412220735371,37.782073067927],[-122.413865603598,37.781863339516]]},"properties":{":id":"row-b2am-b5cg.cv3p",":version":"rv-x2ns-mgdv.ckxg",":created_at":"2026-03-10T12:37:08.575Z",":updated_at":"2026-03-10T12:37:08.575Z","cnn":"6260000","corridor":"Golden Gate Ave","limits":"Jones St  -  Leavenworth St","cnnrightleft":"L","blockside":"South","fullname":"Sunday","weekday":"Sun","fromhour":"6","tohour":"8","week1":"1","week2":"1","week3":"1","week4":"1","week5":"1","holidays":"0","blocksweepid":"1622238","cleaning_days_abbr":"TuThSu"}},{"type":"Feature","geometry":{"type":"LineString","coordinates":[[-122.40803623664,37.78640961353],[-122.40822672566,37.787359262241]]},"properties":{":id":"row-h58g_tj6k_aqk8",":version":"rv-4bmy.dsrw~kqty",":created_at":"2026-03-10T12:37:08.575Z",":updated_at":"2026-03-10T12:37:08.575Z","cnn":"10677000","corridor":"Powell St","limits":"O'Farrell St  -  Geary St","cnnrightleft":"L","blockside":"West","fullname":"Sunday","weekday":"Sun","fromhour":"2","tohour":"6","week1":"1","week2":"1","week3":"1","week4":"1","week5":"1","holidays":"0","blocksweepid":"1619837","cleaning_days_abbr":"MTuWThFSaSu"}},{"type":"Feature","geometry":{"type":"LineString","coordinates":[[-122.419206043142,37.760235354983],[-122.419052606406,37.758632566983]]},"properties":{":id":"row-kkw6_v82p-xa4f",":version":"rv-n7hb-kjaf_dar6",":created_at":"2026-03-10T12:37:08.575Z",":updated_at":"2026-03-10T12:37:08.575Z","cnn":"9121000","corridor":"Mission St","limits":"19th St  -  20th St","cnnrightleft":"L","blockside":"East","fullname":"Sunday","weekday":"Sun","fromhour":"4","tohour":"6","week1":"1","week2":"1","week3":"1","week4":"1","week5":"1","holidays":"0","blocksweepid":"1641249","cleaning_days_abbr":"MTuWThFSaSu"}},{"type":"Feature","geometry":{"type":"LineString","coordinates":[[-122.405494570919,37.734287050483],[-122.405096042785,37.733716127226],[-122.404657096806,37.732948782317]]},"properties":{":id":"row-epsc.px6h.x3in",":version":"rv-fb3q_76s8.uxnw",":created_at":"2026-03-10T12:37:08.575Z",":updated_at":"2026-03-10T12:37:08.575Z","cnn":"2804000","corridor":"Bay Shore Blvd","limits":"Augusta St  -  Silver Ave","cnnrightleft":"L","blockside":"NorthEast","fullname":"Sunday","weekday":"Sun","fromhour":"7","tohour":"8","week1":"1","week2":"1","week3":"1","week4":"1","week5":"1","holidays":"0","blocksweepid":"1613350","cleaning_days_abbr":"TuThSaSu"}},{"type":"Feature","geometry":{"type":"LineString","coordinates":[[-122.40647940289,37.782731636192],[-122.407164382555,37.782190721716]]},"properties":{":id":"row-ifku_hrid~ecpt",":version":"rv-79pk_28jf_i6bp",":created_at":"2026-03-10T12:37:08.575Z",":updated_at":"2026-03-10T12:37:08.575Z","cnn":"9097000","corridor":"Mission St","limits":"05th St  -  Mint St","cnnrightleft":"L","blockside":"SouthEast","fullname":"Sunday","weekday":"Sun","fromhour":"2","tohour":"6","week1":"1","week2":"1","week3":"1","week4":"1","week5":"1","holidays":"1","blocksweepid":"1618957","cleaning_days_abbr":"MTuWThFSaSu"}},{"type":"Feature","geometry":{"type":"LineString","coordinates":[[-122.397574468067,37.789762598234],[-122.398315825613,37.789177330318]]},"properties":{":id":"row-vahx-7ecv_a3ry",":version":"rv-g4n8.87b3~ybrj",":created_at":"2026-03-10T12:37:08.575Z",":updated_at":"2026-03-10T12:37:08.575Z","cnn":"9088000","corridor":"Mission St","limits":"01st St  -  Ecker St","cnnrightleft":"R","blockside":"NorthWest","fullname":"Sunday","weekday":"Sun","fromhour":"2","tohour":"6","week1":"1","week2":"1","week3":"1","week4":"1","week5":"1","holidays":"1","blocksweepid":"1618496","cleaning_days_abbr":"MTuWThFSaSu"}},{"type":"Feature","geometry":{"type":"LineString","coordinates":[[-122.397285415892,37.749684622769],[-122.402061634111,37.749396678963]]},"properties":{":id":"row-2uxh~p3a4_rp3a",":version":"rv-2dd7.9cuz~ta3g",":created_at":"2026-03-10T12:37:08.575Z",":updated_at":"2026-03-10T12:37:08.575Z","cnn":"2477000","corridor":"Cesar Chavez St","limits":"Evans Ave  -  Kansas St","cnnrightleft":"L","blockside":"South","fullname":"Sunday","weekday":"Sun","fromhour":"0","tohour":"2","week1":"1","week2":"1","week3":"1","week4":"1","week5":"1","holidays":"0","blocksweepid":"1602630","cleaning_days_abbr":"TuThSu"}},{"type":"Feature","geometry":{"type":"LineString","coordinates":[[-122.410764827715,37.78321431286],[-122.412411746542,37.783004078716]]},"properties":{":id":"row-vppw~4ukj.hyky",":version":"rv-4siu.i9up_cnuw",":created_at":"2026-03-10T12:37:08.575Z",":updated_at":"2026-03-10T12:37:08.575Z","cnn":"12717000","corridor":"Turk St","limits":"Taylor St  -  Jones St","cnnrightleft":"L","blockside":"South","fullname":"Sunday","weekday":"Sun","fromhour":"6","tohour":"8","week1":"1","week2":"1","week3":"1","week4":"1","week5":"1","holidays":"0","blocksweepid":"1625151","cleaning_days_abbr":"TuThSu"}},{"type":"Feature","geometry":{"type":"LineString","coordinates":[[-122.4047105823,37.794021380221],[-122.404796472442,37.794453004766]]},"properties":{":id":"row-h9nz~hpcq.dmmj",":version":"rv-j4cf-wv8y~gya4",":created_at":"2026-03-10T12:37:08.575Z",":updated_at":"2026-03-10T12:37:08.575Z","cnn":"7757000","corridor":"Kearny St","limits":"Commercial St  -  Clay St","cnnrightleft":"L","blockside":"West","fullname":"Sunday","weekday":"Sun","fromhour":"2","tohour":"6","week1":"1","week2":"1","week3":"1","week4":"1","week5":"1","holidays":"1","blocksweepid":"1623924","cleaning_days_abbr":"MTuWThFSaSu"}},{"type":"Feature","geometry":{"type":"LineString","coordinates":[[-122.407882027934,37.748405000246],[-122.408023788463,37.748306670216],[-122.408598350091,37.748303928689],[-122.408706313459,37.748352847539]]},"properties":{":id":"row-a6dx.g2n2_w52a",":version":"rv-966b_wtvs.iktx",":created_at":"2026-03-10T12:37:08.575Z",":updated_at":"2026-03-10T12:37:08.575Z","cnn":"2481101","corridor":"Cesar Chavez St","limits":"York St  -  Bryant St","cnnrightleft":"R","blockside":"North","fullname":"Sunday","weekday":"Sun","fromhour":"6","tohour":"8","week1":"1","week2":"1","week3":"1","week4":"1","week5":"1","holidays":"0","blocksweepid":"1636915","cleaning_days_abbr":"SaSu"}},{"type":"Feature","geometry":{"type":"LineString","coordinates":[[-122.408557722805,37.797327198682],[-122.40861884556,37.797627561973]]},"properties":{":id":"row-k664~uerp_uy4g",":version":"rv-ce4u_4sg7_cfzh",":created_at":"2026-03-10T12:37:08.575Z",":updated_at":"2026-03-10T12:37:08.575Z","cnn":"12209000","corridor":"Stockton St","limits":"Stark St  -  Broadway","cnnrightleft":"R","blockside":"East","fullname":"Sunday","weekday":"Sun","fromhour":"2","tohour":"6","week1":"1","week2":"1","week3":"1","week4":"1","week5":"1","holidays":"1","blocksweepid":"1617179","cleaning_days_abbr":"MTuWThFSaSu"}},{"type":"Feature","geometry":{"type":"LineString","coordinates":[[-122.441019561727,37.716459545953],[-122.440895627935,37.716378123559],[-122.4403485601,37.71613110375],[-122.440255134802,37.716038820045]]},"properties":{":id":"row-3qfh.b7hc~hwrr",":version":"rv-wtaz.5dnp~tw77",":created_at":"2026-03-10T12:37:08.575Z",":updated_at":"2026-03-10T12:37:08.575Z","cnn":"6138101","corridor":"Geneva Ave","limits":"Mission St  -  London St","cnnrightleft":"L","blockside":"NorthEast","fullname":"Sunday","weekday":"Sun","fromhour":"5","tohour":"7","week1":"1","week2":"1","week3":"1","week4":"1","week5":"1","holidays":"0","blocksweepid":"1633056","cleaning_days_abbr":"MTuWThFSaSu"}},{"type":"Feature","geometry":{"type":"LineString","coordinates":[[-122.417486595427,37.765183134696],[-122.418579138758,37.765117159294]]},"properties":{":id":"row-p4mn-r7en-zuyq",":version":"rv-npqe~a8ea_5hwf",":created_at":"2026-03-10T12:37:08.575Z",":updated_at":"2026-03-10T12:37:08.575Z","cnn":"723000","corridor":"16th St","limits":"South Van Ness Ave  -  Capp St","cnnrightleft":"R","blockside":"North","fullname":"Sunday","weekday":"Sun","fromhour":"2","tohour":"6","week1":"1","week2":"1","week3":"1","week4":"1","week5":"1","holidays":"1","blocksweepid":"1613662","cleaning_days_abbr":"MTuWThFSaSu"}},{"type":"Feature","geometry":{"type":"LineString","coordinates":[[-122.403028192908,37.787024418781],[-122.402575227493,37.786678208423]]},"properties":{":id":"row-x6t2_tzce_g58t",":version":"rv-3mw6_ekh8-5evf",":created_at":"2026-03-10T12:37:08.575Z",":updated_at":"2026-03-10T12:37:08.575Z","cnn":"164000","corridor":"03rd St","limits":"Stevenson St  -  Jessie St","cnnrightleft":"L","blockside":"NorthEast","fullname":"Sunday","weekday":"Sun","fromhour":"2","tohour":"6","week1":"1","week2":"1","week3":"1","week4":"1","week5":"1","holidays":"1","blocksweepid":"1628657","cleaning_days_abbr":"MTuWThFSaSu"}},{"type":"Feature","geometry":{"type":"LineString","coordinates":[[-122.418028919748,37.770876470189],[-122.417995341188,37.770765212365],[-122.417914683643,37.770626155752],[-122.417793726363,37.770435322641],[-122.417609443379,37.770407417341]]},"properties":{":id":"row-idsb_9mjf~k4ty",":version":"rv-3pf7_qtjj_nwsq",":created_at":"2026-03-10T12:37:08.575Z",":updated_at":"2026-03-10T12:37:08.575Z","cnn":"12017202","corridor":"South Van Ness Ave","limits":"Plum St  -  Howard St","cnnrightleft":"R","blockside":"SouthWest","fullname":"Sunday","weekday":"Sun","fromhour":"4","tohour":"6","week1":"1","week2":"1","week3":"1","week4":"1","week5":"1","holidays":"0","blocksweepid":"1632474","cleaning_days_abbr":"MTuWThFSaSu"}},{"type":"Feature","geometry":{"type":"LineString","coordinates":[[-122.511424139012,37.779409663242],[-122.511694997486,37.779264783859],[-122.511846539689,37.779186116335],[-122.512075426072,37.779101959513],[-122.512286919852,37.779054576781],[-122.512508337523,37.779034121609],[-122.512660682828,37.779033605187],[-122.512851438931,37.779044939603],[-122.513020681941,37.779037880779],[-122.513181793445,37.779021580608],[-122.513360324687,37.778969547925],[-122.513491254191,37.778905821129],[-122.513568018935,37.778830512828],[-122.513599201556,37.778769531719],[-122.513616719103,37.778688981898],[-122.513612031511,37.778612980417],[-122.513579900985,37.778493674381],[-122.513349772108,37.778047368239],[-122.513283044201,37.777959919768],[-122.513207577741,37.777889295712],[-122.513109624603,37.777812802526],[-122.513013407608,37.777751912304],[-122.512912716634,37.777671296992],[-122.512796680944,37.777557592447],[-122.512659513831,37.77739109531],[-122.512528106883,37.777243259965],[-122.512426823905,37.777140767539],[-122.512287018199,37.777022257381],[-122.512131572945,37.776908182721],[-122.511938325139,37.776756190994]]},"properties":{":id":"row-628e~8e7h-2hnk",":version":"rv-dug4-yruy-epua",":created_at":"2026-03-10T12:37:08.575Z",":updated_at":"2026-03-10T12:37:08.575Z","cnn":"10544000","corridor":"Point Lobos Ave","limits":"Merrie Way  -  Great Hwy","cnnrightleft":"R","blockside":"West","fullname":"Sunday","weekday":"Sun","fromhour":"2","tohour":"5","week1":"1","week2":"1","week3":"1","week4":"1","week5":"1","holidays":"0","blocksweepid":"1609648","cleaning_days_abbr":"MTuWThFSaSu"}},{"type":"Feature","geometry":{"type":"LineString","coordinates":[[-122.477548503129,37.754192711805],[-122.478615694782,37.754145767294]]},"properties":{":id":"row-wnwh_9f7q~iqsa",":version":"rv-ruw8.qhd2.atr8",":created_at":"2026-03-10T12:37:08.575Z",":updated_at":"2026-03-10T12:37:08.575Z","cnn":"9654000","corridor":"Noriega St","limits":"20th Ave  -  21st Ave","cnnrightleft":"R","blockside":"North","fullname":"Sunday","weekday":"Sun","fromhour":"2","tohour":"4","week1":"1","week2":"1","week3":"1","week4":"1","week5":"1","holidays":"1","blocksweepid":"1615539","cleaning_days_abbr":"TuThSu"}},{"type":"Feature","geometry":{"type":"LineString","coordinates":[[-122.399798024477,37.788007160065],[-122.400503096316,37.787450498776]]},"properties":{":id":"row-rzdd.q9s6-ciwk",":version":"rv-anfp~6wpv.ik2k",":created_at":"2026-03-10T12:37:08.575Z",":updated_at":"2026-03-10T12:37:08.575Z","cnn":"9092000","corridor":"Mission St","limits":"02nd St  -  New Montgomery St","cnnrightleft":"L","blockside":"SouthEast","fullname":"Sunday","weekday":"Sun","fromhour":"2","tohour":"6","week1":"1","week2":"1","week3":"1","week4":"1","week5":"1","holidays":"1","blocksweepid":"1618950","cleaning_days_abbr":"MTuWThFSaSu"}},{"type":"Feature","geometry":{"type":"LineString","coordinates":[[-122.386774393474,37.711776153802],[-122.386984413402,37.711767277561],[-122.387101768888,37.711806957987],[-122.387251895519,37.711915379694],[-122.387509818382,37.712145215567],[-122.387599427973,37.712237675354],[-122.387683886057,37.712356384191],[-122.387755050075,37.712486081718],[-122.387798881845,37.712608520604],[-122.387824916433,37.712717391775],[-122.387953558684,37.713354125728],[-122.388018846568,37.713557801755],[-122.388116281752,37.713805601687],[-122.388222589357,37.714020934019],[-122.388334087405,37.714211555477],[-122.388451009882,37.714386696536],[-122.388625427682,37.714623056434],[-122.388759199674,37.714663719907]]},"properties":{":id":"row-bzvv-8qhj_q6y7",":version":"rv-m62x-umc7_arjm",":created_at":"2026-03-10T12:37:08.575Z",":updated_at":"2026-03-10T12:37:08.575Z","cnn":"7425201","corridor":"Jamestown Ave","limits":"Giants Dr  -  Ignacio Ave","cnnrightleft":"R","blockside":"NorthEast","fullname":"Sunday","weekday":"Sun","fromhour":"7","tohour":"8","week1":"1","week2":"1","week3":"1","week4":"1","week5":"1","holidays":"0","blocksweepid":"1597368","cleaning_days_abbr":"WFSaSu"}},{"type":"Feature","geometry":{"type":"LineString","coordinates":[[-122.450498930495,37.70954336882],[-122.450883666773,37.709412742176]]},"properties":{":id":"row-u2cz-sjcp~j97f",":version":"rv-yect.svzf-rdtb",":created_at":"2026-03-10T12:37:08.575Z",":updated_at":"2026-03-10T12:37:08.575Z","cnn":"9195000","corridor":"Mission St","limits":"Oliver St  -  Lawrence Ave","cnnrightleft":"R","blockside":"North","fullname":"Sunday","weekday":"Sun","fromhour":"5","tohour":"7","week1":"1","week2":"1","week3":"1","week4":"1","week5":"1","holidays":"0","blocksweepid":"1600117","cleaning_days_abbr":"MTuWThFSaSu"}},{"type":"Feature","geometry":{"type":"LineString","coordinates":[[-122.401471240393,37.725516289231],[-122.401182917691,37.724588254185],[-122.400784747653,37.723616209195]]},"properties":{":id":"row-zi3z.626s-r2pv",":version":"rv-6uey.22nt-6n9s",":created_at":"2026-03-10T12:37:08.575Z",":updated_at":"2026-03-10T12:37:08.575Z","cnn":"2813000","corridor":"Bay Shore Blvd","limits":"Woolsey St  -  Paul Ave","cnnrightleft":"L","blockside":"East","fullname":"Sunday","weekday":"Sun","fromhour":"7","tohour":"8","week1":"1","week2":"1","week3":"1","week4":"1","week5":"1","holidays":"0","blocksweepid":"1613359","cleaning_days_abbr":"TuThSaSu"}},{"type":"Feature","geometry":{"type":"LineString","coordinates":[[-122.389590696096,37.77986128594],[-122.389562911706,37.779692729582],[-122.390039235805,37.77930735166],[-122.390213499757,37.779138263743],[-122.390628461141,37.778817498441],[-122.391020685827,37.778518653078],[-122.391587636033,37.778069185951],[-122.391840525275,37.778125697956]]},"properties":{":id":"row-i2sc~fa5x.d57s",":version":"rv-u8kx.aibi~hx4c",":created_at":"2026-03-10T12:37:08.575Z",":updated_at":"2026-03-10T12:37:08.575Z","cnn":"7832101","corridor":"King St","limits":"02nd St  -  03rd St","cnnrightleft":"L","blockside":"SouthEast","fullname":"Sunday","weekday":"Sun","fromhour":"1","tohour":"3","week1":"1","week2":"1","week3":"1","week4":"1","week5":"1","holidays":"1","blocksweepid":"1601471","cleaning_days_abbr":"MTuWThFSaSu"}},{"type":"Feature","geometry":{"type":"LineString","coordinates":[[-122.401875118287,37.726964759406],[-122.401822426216,37.726775260692]]},"properties":{":id":"row-2ztt~gnez_qrf7",":version":"rv-xxd7_cq3q~3cs4",":created_at":"2026-03-10T12:37:08.575Z",":updated_at":"2026-03-10T12:37:08.575Z","cnn":"2811000","corridor":"Bay Shore Blvd","limits":"Fitzgerald Ave  -  Wayland St","cnnrightleft":"R","blockside":"West","fullname":"Sunday","weekday":"Sun","fromhour":"7","tohour":"8","week1":"1","week2":"1","week3":"1","week4":"1","week5":"1","holidays":"0","blocksweepid":"1628224","cleaning_days_abbr":"MWThFSaSu"}},{"type":"Feature","geometry":{"type":"LineString","coordinates":[[-122.408066547135,37.7839914871],[-122.408526829933,37.784353211982],[-122.40849315801,37.784452729643]]},"properties":{":id":"row-gvfr_pcrz_tp9z",":version":"rv-rxsp_yyh2_4bpc",":created_at":"2026-03-10T12:37:08.575Z",":updated_at":"2026-03-10T12:37:08.575Z","cnn":"4569000","corridor":"Cyril Magnin St","limits":"Market St  -  Eddy St","cnnrightleft":"L","blockside":"SouthWest","fullname":"Sunday","weekday":"Sun","fromhour":"2","tohour":"6","week1":"1","week2":"1","week3":"1","week4":"1","week5":"1","holidays":"0","blocksweepid":"1604554","cleaning_days_abbr":"MWFSu"}},{"type":"Feature","geometry":{"type":"LineString","coordinates":[[-122.441799464549,37.715429679987],[-122.441895525627,37.71530825554],[-122.442564962803,37.714660619233]]},"properties":{":id":"row-ebis-prv3_4bzp",":version":"rv-8tyw-w6nc.i6n9",":created_at":"2026-03-10T12:37:08.575Z",":updated_at":"2026-03-10T12:37:08.575Z","cnn":"9181000","corridor":"Mission St","limits":"Pope St  -  Allison St","cnnrightleft":"L","blockside":"SouthEast","fullname":"Sunday","weekday":"Sun","fromhour":"5","tohour":"7","week1":"1","week2":"1","week3":"1","week4":"1","week5":"1","holidays":"0","blocksweepid":"1626591","cleaning_days_abbr":"MTuWThFSaSu"}},{"type":"Feature","geometry":{"type":"LineString","coordinates":[[-122.405831010893,37.785743989136],[-122.407852519844,37.785491560352]]},"properties":{":id":"row-ttdp.nm4r_24im",":version":"rv-k8ij.ngz9.4eg6",":created_at":"2026-03-10T12:37:08.575Z",":updated_at":"2026-03-10T12:37:08.575Z","cnn":"5169000","corridor":"Ellis St","limits":"Market St  -  Powell St","cnnrightleft":"L","blockside":"South","fullname":"Sunday","weekday":"Sun","fromhour":"6","tohour":"8","week1":"1","week2":"1","week3":"1","week4":"1","week5":"1","holidays":"0","blocksweepid":"1604750","cleaning_days_abbr":"MTuWThFSaSu"}},{"type":"Feature","geometry":{"type":"LineString","coordinates":[[-122.416259705784,37.785375974611],[-122.417901410401,37.785167214987]]},"properties":{":id":"row-myke~yqgj~ur36",":version":"rv-t8dm_3kek-r2dj",":created_at":"2026-03-10T12:37:08.575Z",":updated_at":"2026-03-10T12:37:08.575Z","cnn":"9733000","corridor":"O'Farrell St","limits":"Hyde St  -  Larkin St","cnnrightleft":"L","blockside":"South","fullname":"Sunday","weekday":"Sun","fromhour":"6","tohour":"8","week1":"1","week2":"1","week3":"1","week4":"1","week5":"1","holidays":"0","blocksweepid":"1603711","cleaning_days_abbr":"TuThSu"}},{"type":"Feature","geometry":{"type":"LineString","coordinates":[[-122.406927344066,37.739234393716],[-122.406936851591,37.739087892107],[-122.406939830521,37.738876166268],[-122.406945393474,37.7386938801],[-122.406915744118,37.738455724989]]},"properties":{":id":"row-i9a4~h3qi-urqi",":version":"rv-vchr~9m47.yzjf",":created_at":"2026-03-10T12:37:08.575Z",":updated_at":"2026-03-10T12:37:08.575Z","cnn":"2801102","corridor":"Bay Shore Blvd","limits":"Waterloo St  -  Marengo St","cnnrightleft":"L","blockside":"East","fullname":"Sunday","weekday":"Sun","fromhour":"0","tohour":"2","week1":"1","week2":"1","week3":"1","week4":"1","week5":"1","holidays":"0","blocksweepid":"1628243","cleaning_days_abbr":"TuThSu"}},{"type":"Feature","geometry":{"type":"LineString","coordinates":[[-122.417528773794,37.783310889584],[-122.417618571016,37.783777523379]]},"properties":{":id":"row-8s62~zv4z-qybr",":version":"rv-9dv5.i9t5.rb8h",":created_at":"2026-03-10T12:37:08.575Z",":updated_at":"2026-03-10T12:37:08.575Z","cnn":"8126000","corridor":"Larkin St","limits":"Eddy St  -  Willow St","cnnrightleft":"R","blockside":"East","fullname":"Sunday","weekday":"Sun","fromhour":"6","tohour":"8","week1":"1","week2":"1","week3":"1","week4":"1","week5":"1","holidays":"0","blocksweepid":"1616651","cleaning_days_abbr":"TuThSu"}},{"type":"Feature","geometry":{"type":"LineString","coordinates":[[-122.420247184087,37.78007469645],[-122.420335800558,37.78018964624],[-122.420499204779,37.780909308367],[-122.420439517797,37.781030842108]]},"properties":{":id":"row-zpcr.wmv3~ertc",":version":"rv-enna-z38f.a8dv",":created_at":"2026-03-10T12:37:08.575Z",":updated_at":"2026-03-10T12:37:08.575Z","cnn":"13147101","corridor":"Van Ness Ave","limits":"McAllister St  -  Golden Gate Ave","cnnrightleft":"L","blockside":"West","fullname":"Sunday","weekday":"Sun","fromhour":"4","tohour":"6","week1":"1","week2":"1","week3":"1","week4":"1","week5":"1","holidays":"0","blocksweepid":"1598982","cleaning_days_abbr":"MTuWThFSaSu"}},{"type":"Feature","geometry":{"type":"LineString","coordinates":[[-122.390001720653,37.716156275131],[-122.390723104978,37.716921905991]]},"properties":{":id":"row-gwws.s37u_vjx9",":version":"rv-r7m5~kdvf.4dic",":created_at":"2026-03-10T12:37:08.575Z",":updated_at":"2026-03-10T12:37:08.575Z","cnn":"7428000","corridor":"Jamestown Ave","limits":"Griffith St  -  Coronado St","cnnrightleft":"R","blockside":"NorthEast","fullname":"Sunday","weekday":"Sun","fromhour":"7","tohour":"8","week1":"1","week2":"1","week3":"1","week4":"1","week5":"1","holidays":"0","blocksweepid":"1597371","cleaning_days_abbr":"WSaSu"}},{"type":"Feature","geometry":{"type":"LineString","coordinates":[[-122.441019561727,37.716459545953],[-122.440961064242,37.716299398499],[-122.440413739919,37.716054527342],[-122.440255134802,37.716038820045]]},"properties":{":id":"row-rjm3.j5ug_6nsk",":version":"rv-emsq~y624~y943",":created_at":"2026-03-10T12:37:08.575Z",":updated_at":"2026-03-10T12:37:08.575Z","cnn":"6138201","corridor":"Geneva Ave","limits":"Mission St  -  London St","cnnrightleft":"R","blockside":"SouthWest","fullname":"Sunday","weekday":"Sun","fromhour":"5","tohour":"7","week1":"1","week2":"1","week3":"1","week4":"1","week5":"1","holidays":"0","blocksweepid":"1606201","cleaning_days_abbr":"MTuWThFSaSu"}},{"type":"Feature","geometry":{"type":"LineString","coordinates":[[-122.473553423885,37.743143591416],[-122.474623829359,37.743096614561]]},"properties":{":id":"row-kkfc-dh44-mxh2",":version":"rv-rnn4.g2fa-fmbs",":created_at":"2026-03-10T12:37:08.575Z",":updated_at":"2026-03-10T12:37:08.575Z","cnn":"12393000","corridor":"Taraval St","limits":"17th Ave  -  18th Ave","cnnrightleft":"R","blockside":"North","fullname":"Sunday","weekday":"Sun","fromhour":"2","tohour":"4","week1":"1","week2":"1","week3":"1","week4":"1","week5":"1","holidays":"1","blocksweepid":"1598181","cleaning_days_abbr":"MTuThSu"}},{"type":"Feature","geometry":{"type":"LineString","coordinates":[[-122.434203153098,37.790711174785],[-122.434380484153,37.79159165099]]},"properties":{":id":"row-zcat~xz8g~dsuz",":version":"rv-x9ph-4ppf_2p8u",":created_at":"2026-03-10T12:37:08.575Z",":updated_at":"2026-03-10T12:37:08.575Z","cnn":"5555000","corridor":"Fillmore St","limits":"Clay St  -  Washington St","cnnrightleft":"R","blockside":"East","fullname":"Sunday","weekday":"Sun","fromhour":"6","tohour":"8","week1":"1","week2":"1","week3":"1","week4":"1","week5":"1","holidays":"0","blocksweepid":"1631301","cleaning_days_abbr":"TuThSu"}},{"type":"Feature","geometry":{"type":"LineString","coordinates":[[-122.412411746542,37.783004078716],[-122.414053764894,37.782794446306]]},"properties":{":id":"row-ix7g-3mct_ckfw",":version":"rv-qfw9~nasi_h8zj",":created_at":"2026-03-10T12:37:08.575Z",":updated_at":"2026-03-10T12:37:08.575Z","cnn":"12718000","corridor":"Turk St","limits":"Jones St  -  Leavenworth St","cnnrightleft":"L","blockside":"South","fullname":"Sunday","weekday":"Sun","fromhour":"6","tohour":"8","week1":"1","week2":"1","week3":"1","week4":"1","week5":"1","holidays":"0","blocksweepid":"1625152","cleaning_days_abbr":"TuThSu"}},{"type":"Feature","geometry":{"type":"LineString","coordinates":[[-122.416982995675,37.782420418166],[-122.417338880528,37.782378943181]]},"properties":{":id":"row-rtrm.zxb5-teic",":version":"rv-7hej.ns9b.78b6",":created_at":"2026-03-10T12:37:08.575Z",":updated_at":"2026-03-10T12:37:08.575Z","cnn":"12721000","corridor":"Turk St","limits":"Dodge Pl  -  Larkin St","cnnrightleft":"L","blockside":"South","fullname":"Sunday","weekday":"Sun","fromhour":"6","tohour":"8","week1":"1","week2":"1","week3":"1","week4":"1","week5":"1","holidays":"0","blocksweepid":"1625155","cleaning_days_abbr":"TuThSu"}},{"type":"Feature","geometry":{"type":"LineString","coordinates":[[-122.415802425062,37.808214054175],[-122.41744593863,37.808013324233]]},"properties":{":id":"row-ijpw_avxz_px5h",":version":"rv-4pfh-dmr9.rcbq",":created_at":"2026-03-10T12:37:08.575Z",":updated_at":"2026-03-10T12:37:08.575Z","cnn":"7457000","corridor":"Jefferson St","limits":"Taylor St  -  Jones St","cnnrightleft":"L","blockside":"South","fullname":"Sunday","weekday":"Sun","fromhour":"1","tohour":"3","week1":"1","week2":"1","week3":"1","week4":"1","week5":"1","holidays":"1","blocksweepid":"1597403","cleaning_days_abbr":"MTuWThFSaSu"}},{"type":"Feature","geometry":{"type":"LineString","coordinates":[[-122.399358490876,37.788354170243],[-122.399798024477,37.788007160065]]},"properties":{":id":"row-p6cn-wf7j~nxdb",":version":"rv-sr64_j4p2~r4wu",":created_at":"2026-03-10T12:37:08.575Z",":updated_at":"2026-03-10T12:37:08.575Z","cnn":"9091000","corridor":"Mission St","limits":"Anthony St  -  02nd St","cnnrightleft":"R","blockside":"NorthWest","fullname":"Sunday","weekday":"Sun","fromhour":"2","tohour":"6","week1":"1","week2":"1","week3":"1","week4":"1","week5":"1","holidays":"1","blocksweepid":"1618499","cleaning_days_abbr":"MTuWThFSaSu"}},{"type":"Feature","geometry":{"type":"LineString","coordinates":[[-122.412782128368,37.784866245085],[-122.412904373759,37.784842292141],[-122.414303023582,37.784664214294],[-122.41443019869,37.784657140749]]},"properties":{":id":"row-zrcd_2jhp.eag6",":version":"rv-duev-rn9h.9rqa",":created_at":"2026-03-10T12:37:08.575Z",":updated_at":"2026-03-10T12:37:08.575Z","cnn":"5174000","corridor":"Ellis St","limits":"Jones St  -  Leavenworth St","cnnrightleft":"L","blockside":"South","fullname":"Sunday","weekday":"Sun","fromhour":"6","tohour":"8","week1":"1","week2":"1","week3":"1","week4":"1","week5":"1","holidays":"0","blocksweepid":"1610210","cleaning_days_abbr":"MTuWThFSaSu"}},{"type":"Feature","geometry":{"type":"LineString","coordinates":[[-122.403491775033,37.787963091336],[-122.403579879163,37.788427261877]]},"properties":{":id":"row-hvp4-mm7j.fjnx",":version":"rv-6vmh~63ia~bk4u",":created_at":"2026-03-10T12:37:08.575Z",":updated_at":"2026-03-10T12:37:08.575Z","cnn":"7747000","corridor":"Kearny St","limits":"Geary St  -  Maiden Ln","cnnrightleft":"R","blockside":"East","fullname":"Sunday","weekday":"Sun","fromhour":"2","tohour":"6","week1":"1","week2":"1","week3":"1","week4":"1","week5":"1","holidays":"1","blocksweepid":"1623930","cleaning_days_abbr":"MTuWThFSaSu"}},{"type":"Feature","geometry":{"type":"LineString","coordinates":[[-122.4202542788,37.774358674821],[-122.420278951832,37.774275133019],[-122.420591658844,37.774027520022],[-122.420698773999,37.774007805689]]},"properties":{":id":"row-i4ku-hbqw.xy2b",":version":"rv-jwew_23vz~pv5b",":created_at":"2026-03-10T12:37:08.575Z",":updated_at":"2026-03-10T12:37:08.575Z","cnn":"8756101","corridor":"Market St","limits":"Page St  -  Franklin St","cnnrightleft":"L","blockside":"SouthEast","fullname":"Sunday","weekday":"Sun","fromhour":"5","tohour":"7","week1":"1","week2":"1","week3":"1","week4":"1","week5":"1","holidays":"1","blocksweepid":"1618105","cleaning_days_abbr":"MTuWThFSaSu"}},{"type":"Feature","geometry":{"type":"LineString","coordinates":[[-122.392348747989,37.730066818506],[-122.392452975081,37.729971615432],[-122.392661242006,37.729376263262],[-122.392624535039,37.729278453928]]},"properties":{":id":"row-37d4.vtws~9aev",":version":"rv-83pw-puqu-2q8a",":created_at":"2026-03-10T12:37:08.575Z",":updated_at":"2026-03-10T12:37:08.575Z","cnn":"219201","corridor":"03rd St","limits":"Underwood Ave  -  Williams Ave","cnnrightleft":"R","blockside":"West","fullname":"Sunday","weekday":"Sun","fromhour":"2","tohour":"6","week1":"1","week2":"1","week3":"1","week4":"1","week5":"1","holidays":"1","blocksweepid":"1613829","cleaning_days_abbr":"MTuWThFSaSu"}},{"type":"Feature","geometry":{"type":"LineString","coordinates":[[-122.415882538495,37.783515640808],[-122.41607173455,37.78444884161]]},"properties":{":id":"row-6gp2~kfwj.b9hr",":version":"rv-k2ja_mjrh.eghg",":created_at":"2026-03-10T12:37:08.575Z",":updated_at":"2026-03-10T12:37:08.575Z","cnn":"7117000","corridor":"Hyde St","limits":"Eddy St  -  Ellis St","cnnrightleft":"R","blockside":"East","fullname":"Sunday","weekday":"Sun","fromhour":"6","tohour":"8","week1":"1","week2":"1","week3":"1","week4":"1","week5":"1","holidays":"0","blocksweepid":"1608266","cleaning_days_abbr":"TuThSu"}},{"type":"Feature","geometry":{"type":"LineString","coordinates":[[-122.389619541306,37.722851441563],[-122.391491914499,37.723914104564]]},"properties":{":id":"row-iic9~z6wd~k4q7",":version":"rv-zmmn-52pn~j7dr",":created_at":"2026-03-10T12:37:08.575Z",":updated_at":"2026-03-10T12:37:08.575Z","cnn":"3736000","corridor":"Carroll Ave","limits":"Ingalls St  -  Jennings St","cnnrightleft":"L","blockside":"SouthWest","fullname":"Sunday","weekday":"Sun","fromhour":"7","tohour":"8","week1":"1","week2":"1","week3":"1","week4":"1","week5":"1","holidays":"0","blocksweepid":"1636805","cleaning_days_abbr":"MSaSu"}},{"type":"Feature","geometry":{"type":"LineString","coordinates":[[-122.408253202381,37.795823706119],[-122.408430886462,37.796703902691]]},"properties":{":id":"row-jf7a.6ewe-43k3",":version":"rv-rzrw-82vj_jwgp",":created_at":"2026-03-10T12:37:08.575Z",":updated_at":"2026-03-10T12:37:08.575Z","cnn":"12207000","corridor":"Stockton St","limits":"Jackson St  -  Pacific Ave","cnnrightleft":"R","blockside":"East","fullname":"Sunday","weekday":"Sun","fromhour":"2","tohour":"6","week1":"1","week2":"1","week3":"1","week4":"1","week5":"1","holidays":"1","blocksweepid":"1617177","cleaning_days_abbr":"MTuWThFSaSu"}},{"type":"Feature","geometry":{"type":"LineString","coordinates":[[-122.421485450703,37.74312266457],[-122.421680447672,37.742821173962]]},"properties":{":id":"row-deju~38s8~xkui",":version":"rv-sabf.zykw.vhs7",":created_at":"2026-03-10T12:37:08.575Z",":updated_at":"2026-03-10T12:37:08.575Z","cnn":"9135000","corridor":"Mission St","limits":"Virginia Ave  -  Godeus St","cnnrightleft":"L","blockside":"SouthEast","fullname":"Sunday","weekday":"Sun","fromhour":"5","tohour":"7","week1":"1","week2":"1","week3":"1","week4":"1","week5":"1","holidays":"0","blocksweepid":"1619268","cleaning_days_abbr":"MTuWThFSaSu"}},{"type":"Feature","geometry":{"type":"LineString","coordinates":[[-122.390145051507,37.73639019456],[-122.390116080865,37.736257855867],[-122.390321350179,37.735671179186],[-122.390416264113,37.735590520553]]},"properties":{":id":"row-hs4y-a2st.qz4k",":version":"rv-4r93~jn4j-6zih",":created_at":"2026-03-10T12:37:08.575Z",":updated_at":"2026-03-10T12:37:08.575Z","cnn":"210101","corridor":"03rd St","limits":"McKinnon Ave  -  Newcomb Ave","cnnrightleft":"L","blockside":"East","fullname":"Sunday","weekday":"Sun","fromhour":"2","tohour":"6","week1":"1","week2":"1","week3":"1","week4":"1","week5":"1","holidays":"1","blocksweepid":"1629092","cleaning_days_abbr":"MTuWThFSaSu"}},{"type":"Feature","geometry":{"type":"LineString","coordinates":[[-122.428948566763,37.767504459571],[-122.429181964081,37.767413367661],[-122.43074894679,37.766176726989],[-122.430824395339,37.766013730949]]},"properties":{":id":"row-f5m7-uv5r_ie22",":version":"rv-d8ba~vbgm_53kp",":created_at":"2026-03-10T12:37:08.575Z",":updated_at":"2026-03-10T12:37:08.575Z","cnn":"8764201","corridor":"Market St","limits":"Church St  -  15th St","cnnrightleft":"R","blockside":"NorthWest","fullname":"Sunday","weekday":"Sun","fromhour":"2","tohour":"6","week1":"1","week2":"1","week3":"1","week4":"1","week5":"1","holidays":"1","blocksweepid":"1625957","cleaning_days_abbr":"MTuWThFSaSu"}},{"type":"Feature","geometry":{"type":"LineString","coordinates":[[-122.387414888343,37.712563489258],[-122.387531815869,37.712820017114],[-122.387586700438,37.713032205815],[-122.387603081193,37.713302433793],[-122.387609064801,37.713538073138],[-122.387633924335,37.71376736516],[-122.38768847886,37.714041515299],[-122.387795955632,37.714600418319],[-122.387840000017,37.714835446913],[-122.387881642662,37.715050870084],[-122.387918596529,37.715231612451],[-122.387965941194,37.715383877268],[-122.388135958822,37.715897952583],[-122.388158343531,37.716004524635],[-122.388130509241,37.716298216102]]},"properties":{":id":"row-rgih~e4ye~5duz",":version":"rv-82sg.wy7e-8rz7",":created_at":"2026-03-10T12:37:08.575Z",":updated_at":"2026-03-10T12:37:08.575Z","cnn":"6170000","corridor":"Giants Dr","limits":"Giants Dr  -  Ingerson Ave","cnnrightleft":"L","blockside":"West","fullname":"Sunday","weekday":"Sun","fromhour":"7","tohour":"8","week1":"1","week2":"1","week3":"1","week4":"1","week5":"1","holidays":"0","blocksweepid":"1606224","cleaning_days_abbr":"WSaSu"}},{"type":"Feature","geometry":{"type":"LineString","coordinates":[[-122.406475551112,37.795144464814],[-122.407000777835,37.795077381844]]},"properties":{":id":"row-8qyk.bm7t_icqd",":version":"rv-rcjp_5qpu_xmz9",":created_at":"2026-03-10T12:37:08.575Z",":updated_at":"2026-03-10T12:37:08.575Z","cnn":"13414000","corridor":"Washington St","limits":"Grant Ave  -  Waverly Pl","cnnrightleft":"L","blockside":"South","fullname":"Sunday","weekday":"Sun","fromhour":"2","tohour":"6","week1":"1","week2":"1","week3":"1","week4":"1","week5":"1","holidays":"1","blocksweepid":"1625549","cleaning_days_abbr":"TuSu"}},{"type":"Feature","geometry":{"type":"LineString","coordinates":[[-122.401957435369,37.73930154389],[-122.403075824826,37.738990416524]]},"properties":{":id":"row-b334_wgg6-2ssm",":version":"rv-j59i-yf2k~kkrm",":created_at":"2026-03-10T12:37:08.575Z",":updated_at":"2026-03-10T12:37:08.575Z","cnn":"7205102","corridor":"Industrial St","limits":"Quesada Ave  -  Revere Ave","cnnrightleft":"L","blockside":"South","fullname":"Sunday","weekday":"Sun","fromhour":"2","tohour":"3","week1":"1","week2":"1","week3":"1","week4":"1","week5":"1","holidays":"0","blocksweepid":"1597141","cleaning_days_abbr":"WSu"}},{"type":"Feature","geometry":{"type":"LineString","coordinates":[[-122.403863017888,37.798222971678],[-122.404679934447,37.798118445752]]},"properties":{":id":"row-9kgx~54pc-zij8",":version":"rv-fd4w-qwyf_ruwm",":created_at":"2026-03-10T12:37:08.575Z",":updated_at":"2026-03-10T12:37:08.575Z","cnn":"3149000","corridor":"Broadway","limits":"Montgomery St  -  Rowland St","cnnrightleft":"R","blockside":"North","fullname":"Sunday","weekday":"Sun","fromhour":"4","tohour":"6","week1":"1","week2":"1","week3":"1","week4":"1","week5":"1","holidays":"0","blocksweepid":"1635104","cleaning_days_abbr":"MTuWThFSaSu"}},{"type":"Feature","geometry":{"type":"LineString","coordinates":[[-122.42175810402,37.787548139832],[-122.421674450056,37.787654369358],[-122.421749881333,37.788027214872]]},"properties":{":id":"row-zjg9-xemt~9ivm",":version":"rv-ws63.xun7_5x7s",":created_at":"2026-03-10T12:37:08.575Z",":updated_at":"2026-03-10T12:37:08.575Z","cnn":"13155201","corridor":"Van Ness Ave","limits":"Sutter St  -  Fern St","cnnrightleft":"R","blockside":"East","fullname":"Sunday","weekday":"Sun","fromhour":"4","tohour":"6","week1":"1","week2":"1","week3":"1","week4":"1","week5":"1","holidays":"0","blocksweepid":"1639889","cleaning_days_abbr":"MTuWThFSaSu"}},{"type":"Feature","geometry":{"type":"LineString","coordinates":[[-122.405831010893,37.785743989136],[-122.405855695696,37.785662598251],[-122.407249593269,37.784568091829],[-122.407337040264,37.78456014194]]},"properties":{":id":"row-4p3a~nrdf-bve2",":version":"rv-cahk-ns2k.w4iv",":created_at":"2026-03-10T12:37:08.575Z",":updated_at":"2026-03-10T12:37:08.575Z","cnn":"8747102","corridor":"Market St","limits":"Stockton St  -  Powell St","cnnrightleft":"L","blockside":null,"fullname":"Sunday","weekday":"Sun","fromhour":"5","tohour":"7","week1":"1","week2":"1","week3":"1","week4":"1","week5":"1","holidays":"1","blocksweepid":"1618094","cleaning_days_abbr":"MTuWThFSaSu"}},{"type":"Feature","geometry":{"type":"LineString","coordinates":[[-122.416449123004,37.786310218483],[-122.41808809815,37.786101039683]]},"properties":{":id":"row-fh8m.bcms-5wiw",":version":"rv-ct58~mgzs-xug7",":created_at":"2026-03-10T12:37:08.575Z",":updated_at":"2026-03-10T12:37:08.575Z","cnn":"6116000","corridor":"Geary St","limits":"Hyde St  -  Larkin St","cnnrightleft":"L","blockside":"South","fullname":"Sunday","weekday":"Sun","fromhour":"6","tohour":"8","week1":"1","week2":"1","week3":"1","week4":"1","week5":"1","holidays":"0","blocksweepid":"1622104","cleaning_days_abbr":"TuThSu"}},{"type":"Feature","geometry":{"type":"LineString","coordinates":[[-122.395431474804,37.719558105472],[-122.39661702614,37.720230912546]]},"properties":{":id":"row-w9ua.bms5~6ujg",":version":"rv-fvek.8bv7_ejcv",":created_at":"2026-03-10T12:37:08.575Z",":updated_at":"2026-03-10T12:37:08.575Z","cnn":"7433000","corridor":"Jamestown Ave","limits":"Jennings St  -  03rd St","cnnrightleft":"R","blockside":"NorthEast","fullname":"Sunday","weekday":"Sun","fromhour":"7","tohour":"8","week1":"1","week2":"1","week3":"1","week4":"1","week5":"1","holidays":"0","blocksweepid":"1597376","cleaning_days_abbr":"WSaSu"}},{"type":"Feature","geometry":{"type":"LineString","coordinates":[[-122.418287869549,37.750639649888],[-122.418135251879,37.749041287221]]},"properties":{":id":"row-ffty~pku8.jhvc",":version":"rv-pmcp_2nft.6ev7",":created_at":"2026-03-10T12:37:08.575Z",":updated_at":"2026-03-10T12:37:08.575Z","cnn":"9127000","corridor":"Mission St","limits":"25th St  -  26th St","cnnrightleft":"L","blockside":"East","fullname":"Sunday","weekday":"Sun","fromhour":"4","tohour":"6","week1":"1","week2":"1","week3":"1","week4":"1","week5":"1","holidays":"0","blocksweepid":"1641256","cleaning_days_abbr":"MTuWThFSaSu"}},{"type":"Feature","geometry":{"type":"LineString","coordinates":[[-122.403021621879,37.729901901319],[-122.402752244553,37.729357163198]]},"properties":{":id":"row-2x4r_f2mh_6xps",":version":"rv-gxaf-fyuy_6ttw",":created_at":"2026-03-10T12:37:08.575Z",":updated_at":"2026-03-10T12:37:08.575Z","cnn":"2807000","corridor":"Bay Shore Blvd","limits":"Quint St  -  Donner Ave","cnnrightleft":"R","blockside":"West","fullname":"Sunday","weekday":"Sun","fromhour":"7","tohour":"8","week1":"1","week2":"1","week3":"1","week4":"1","week5":"1","holidays":"0","blocksweepid":"1628220","cleaning_days_abbr":"MWThFSaSu"}},{"type":"Feature","geometry":{"type":"LineString","coordinates":[[-122.404583316994,37.786730565979],[-122.404608053735,37.786649009656],[-122.405013219483,37.786328681529]]},"properties":{":id":"row-g9ff-qiwc.jani",":version":"rv-agzc_c7ud_t247",":created_at":"2026-03-10T12:37:08.575Z",":updated_at":"2026-03-10T12:37:08.575Z","cnn":"8746102","corridor":"Market St","limits":"O'Farrell St  -  Yerba Buena Ln","cnnrightleft":"L","blockside":null,"fullname":"Sunday","weekday":"Sun","fromhour":"5","tohour":"7","week1":"1","week2":"1","week3":"1","week4":"1","week5":"1","holidays":"1","blocksweepid":"1618092","cleaning_days_abbr":"MTuWThFSaSu"}},{"type":"Feature","geometry":{"type":"LineString","coordinates":[[-122.414164433951,37.808421059353],[-122.415802425062,37.808214054175]]},"properties":{":id":"row-3thv-c6ds.2yrv",":version":"rv-rmuu~kdvh_5zd2",":created_at":"2026-03-10T12:37:08.575Z",":updated_at":"2026-03-10T12:37:08.575Z","cnn":"7456000","corridor":"Jefferson St","limits":"Mason St  -  Taylor St","cnnrightleft":"R","blockside":"North","fullname":"Sunday","weekday":"Sun","fromhour":"1","tohour":"3","week1":"1","week2":"1","week3":"1","week4":"1","week5":"1","holidays":"1","blocksweepid":"1597397","cleaning_days_abbr":"MTuWThFSaSu"}},{"type":"Feature","geometry":{"type":"LineString","coordinates":[[-122.403400462148,37.730658352623],[-122.403021621879,37.729901901319]]},"properties":{":id":"row-exw5.xwc8_hker",":version":"rv-4s95_hf4e_4x87",":created_at":"2026-03-10T12:37:08.575Z",":updated_at":"2026-03-10T12:37:08.575Z","cnn":"2806000","corridor":"Bay Shore Blvd","limits":"Thornton Ave  -  Quint St","cnnrightleft":"R","blockside":"West","fullname":"Sunday","weekday":"Sun","fromhour":"7","tohour":"8","week1":"1","week2":"1","week3":"1","week4":"1","week5":"1","holidays":"0","blocksweepid":"1628219","cleaning_days_abbr":"MWThFSaSu"}},{"type":"Feature","geometry":{"type":"LineString","coordinates":[[-122.421384746936,37.748032124585],[-122.421493717379,37.748017887556],[-122.422252376224,37.747972484391],[-122.422487363566,37.748013449992]]},"properties":{":id":"row-p3rt~f4te.aeuc",":version":"rv-buew-tn72.qvaz",":created_at":"2026-03-10T12:37:08.575Z",":updated_at":"2026-03-10T12:37:08.575Z","cnn":"2490102","corridor":"Cesar Chavez St","limits":"San Jose Ave  -  Guerrero St","cnnrightleft":"R","blockside":"North","fullname":"Sunday","weekday":"Sun","fromhour":"6","tohour":"8","week1":"1","week2":"1","week3":"1","week4":"1","week5":"1","holidays":"0","blocksweepid":"1636925","cleaning_days_abbr":"SaSu"}},{"type":"Feature","geometry":{"type":"LineString","coordinates":[[-122.426391165486,37.73367501675],[-122.429304397483,37.730742172861]]},"properties":{":id":"row-uaxc~7kes~gi4y",":version":"rv-bvcc_5jpb_viiw",":created_at":"2026-03-10T12:37:08.575Z",":updated_at":"2026-03-10T12:37:08.575Z","cnn":"9150000","corridor":"Mission St","limits":"Bosworth St  -  Trumbull St","cnnrightleft":"L","blockside":"SouthEast","fullname":"Sunday","weekday":"Sun","fromhour":"5","tohour":"7","week1":"1","week2":"1","week3":"1","week4":"1","week5":"1","holidays":"0","blocksweepid":"1641384","cleaning_days_abbr":"TuThSu"}},{"type":"Feature","geometry":{"type":"LineString","coordinates":[[-122.419711625489,37.777770152091],[-122.419787996966,37.778145901155],[-122.419883230931,37.778251017767]]},"properties":{":id":"row-85t8.mxev.mu7m",":version":"rv-hjbm-tnue.d2c8",":created_at":"2026-03-10T12:37:08.575Z",":updated_at":"2026-03-10T12:37:08.575Z","cnn":"13145202","corridor":"Van Ness Ave","limits":"Lech Walesa St  -  Grove St","cnnrightleft":"R","blockside":"East","fullname":"Sunday","weekday":"Sun","fromhour":"4","tohour":"6","week1":"1","week2":"1","week3":"1","week4":"1","week5":"1","holidays":"0","blocksweepid":"1639872","cleaning_days_abbr":"MTuWThFSaSu"}},{"type":"Feature","geometry":{"type":"LineString","coordinates":[[-122.404957208412,37.795326691803],[-122.405845727265,37.795223235249]]},"properties":{":id":"row-bzmf-umw4~ggus",":version":"rv-temy-5by4_mvde",":created_at":"2026-03-10T12:37:08.575Z",":updated_at":"2026-03-10T12:37:08.575Z","cnn":"13411000","corridor":"Washington St","limits":"Kearny St  -  Walter U Lum Pl","cnnrightleft":"L","blockside":"South","fullname":"Sunday","weekday":"Sun","fromhour":"2","tohour":"6","week1":"1","week2":"1","week3":"1","week4":"1","week5":"1","holidays":"1","blocksweepid":"1625546","cleaning_days_abbr":"TuSu"}},{"type":"Feature","geometry":{"type":"LineString","coordinates":[[-122.407000777835,37.795077381844],[-122.407266741027,37.795043667683]]},"properties":{":id":"row-92qr~zccq~ew88",":version":"rv-n6z3.s8j8_q8ib",":created_at":"2026-03-10T12:37:08.575Z",":updated_at":"2026-03-10T12:37:08.575Z","cnn":"13415000","corridor":"Washington St","limits":"Waverly Pl  -  Ross Aly","cnnrightleft":"L","blockside":"South","fullname":"Sunday","weekday":"Sun","fromhour":"2","tohour":"6","week1":"1","week2":"1","week3":"1","week4":"1","week5":"1","holidays":"1","blocksweepid":"1625550","cleaning_days_abbr":"TuSu"}},{"type":"Feature","geometry":{"type":"LineString","coordinates":[[-122.404030724326,37.7907600962],[-122.404219835075,37.791690583859]]},"properties":{":id":"row-iq6i.gpja_tnxy",":version":"rv-s4kb~5fjs~2q92",":created_at":"2026-03-10T12:37:08.575Z",":updated_at":"2026-03-10T12:37:08.575Z","cnn":"7753000","corridor":"Kearny St","limits":"Bush St  -  Pine St","cnnrightleft":"R","blockside":"East","fullname":"Sunday","weekday":"Sun","fromhour":"2","tohour":"6","week1":"1","week2":"1","week3":"1","week4":"1","week5":"1","holidays":"1","blocksweepid":"1623936","cleaning_days_abbr":"MTuWThFSaSu"}},{"type":"Feature","geometry":{"type":"LineString","coordinates":[[-122.422083785231,37.742197553341],[-122.422366459744,37.741760488778]]},"properties":{":id":"row-stn5-36nx.i3ee",":version":"rv-hewu.qmjm~xcb8",":created_at":"2026-03-10T12:37:08.575Z",":updated_at":"2026-03-10T12:37:08.575Z","cnn":"9138000","corridor":"Mission St","limits":"Eugenia Ave  -  Kingston St","cnnrightleft":"L","blockside":"SouthEast","fullname":"Sunday","weekday":"Sun","fromhour":"5","tohour":"7","week1":"1","week2":"1","week3":"1","week4":"1","week5":"1","holidays":"0","blocksweepid":"1619271","cleaning_days_abbr":"MTuWThFSaSu"}},{"type":"Feature","geometry":{"type":"LineString","coordinates":[[-122.422619690436,37.772502817369],[-122.422646569125,37.772411794471],[-122.42324214393,37.771943717529],[-122.423396761057,37.77188564464]]},"properties":{":id":"row-hhj2_qat2.4cq2",":version":"rv-78uj_yumf-65nt",":created_at":"2026-03-10T12:37:08.575Z",":updated_at":"2026-03-10T12:37:08.575Z","cnn":"8759101","corridor":"Market St","limits":"Valencia St  -  Octavia St","cnnrightleft":"L","blockside":"SouthEast","fullname":"Sunday","weekday":"Sun","fromhour":"2","tohour":"6","week1":"1","week2":"1","week3":"1","week4":"1","week5":"1","holidays":"1","blocksweepid":"1618123","cleaning_days_abbr":"MTuWThFSaSu"}},{"type":"Feature","geometry":{"type":"LineString","coordinates":[[-122.403519546003,37.798268070024],[-122.403863017888,37.798222971678]]},"properties":{":id":"row-qzwx-gak9_sekb",":version":"rv-shcj_nqzr-t4wp",":created_at":"2026-03-10T12:37:08.575Z",":updated_at":"2026-03-10T12:37:08.575Z","cnn":"3148000","corridor":"Broadway","limits":"Bartol St  -  Montgomery St","cnnrightleft":"L","blockside":"South","fullname":"Sunday","weekday":"Sun","fromhour":"4","tohour":"6","week1":"1","week2":"1","week3":"1","week4":"1","week5":"1","holidays":"0","blocksweepid":"1627465","cleaning_days_abbr":"MTuWThFSaSu"}},{"type":"Feature","geometry":{"type":"LineString","coordinates":[[-122.429304397483,37.730742172861],[-122.429294131655,37.73068108969],[-122.430006240308,37.729964510543],[-122.430110918362,37.729930587958]]},"properties":{":id":"row-6qwa~gds9_9tgx",":version":"rv-q8rt.5qbp-7xqy",":created_at":"2026-03-10T12:37:08.575Z",":updated_at":"2026-03-10T12:37:08.575Z","cnn":"9151101","corridor":"Mission St","limits":"Trumbull St  -  Ney St","cnnrightleft":"L","blockside":"SouthEast","fullname":"Sunday","weekday":"Sun","fromhour":"5","tohour":"7","week1":"1","week2":"1","week3":"1","week4":"1","week5":"1","holidays":"0","blocksweepid":"1641385","cleaning_days_abbr":"MTuWThFSaSu"}},{"type":"Feature","geometry":{"type":"LineString","coordinates":[[-122.389478017801,37.75014510759],[-122.390433038013,37.7501183415]]},"properties":{":id":"row-wkpf~muce-xm5z",":version":"rv-rjph-epys.t2df",":created_at":"2026-03-10T12:37:08.575Z",":updated_at":"2026-03-10T12:37:08.575Z","cnn":"2470000","corridor":"Cesar Chavez St","limits":"Minnesota St  -  Indiana St","cnnrightleft":"L","blockside":"South","fullname":"Sunday","weekday":"Sun","fromhour":"0","tohour":"2","week1":"1","week2":"1","week3":"1","week4":"1","week5":"1","holidays":"0","blocksweepid":"1602623","cleaning_days_abbr":"TuThSu"}},{"type":"Feature","geometry":{"type":"LineString","coordinates":[[-122.421764812617,37.787061578799],[-122.421841758187,37.787441910237],[-122.42175810402,37.787548139832]]},"properties":{":id":"row-qmbc.a3gv_9bsz",":version":"rv-tb53_k254_h35q",":created_at":"2026-03-10T12:37:08.575Z",":updated_at":"2026-03-10T12:37:08.575Z","cnn":"13154102","corridor":"Van Ness Ave","limits":"Daniel Burnham Ct  -  Sutter St","cnnrightleft":"L","blockside":"West","fullname":"Sunday","weekday":"Sun","fromhour":"4","tohour":"6","week1":"1","week2":"1","week3":"1","week4":"1","week5":"1","holidays":"0","blocksweepid":"1598994","cleaning_days_abbr":"MTuWThFSaSu"}},{"type":"Feature","geometry":{"type":"LineString","coordinates":[[-122.404796472442,37.794453004766],[-122.404875610531,37.794859533302]]},"properties":{":id":"row-iiwq.gfi2_huyi",":version":"rv-ci9u_rj6a_gr9v",":created_at":"2026-03-10T12:37:08.575Z",":updated_at":"2026-03-10T12:37:08.575Z","cnn":"7758000","corridor":"Kearny St","limits":"Clay St  -  Merchant St","cnnrightleft":"L","blockside":"West","fullname":"Sunday","weekday":"Sun","fromhour":"2","tohour":"6","week1":"1","week2":"1","week3":"1","week4":"1","week5":"1","holidays":"1","blocksweepid":"1623925","cleaning_days_abbr":"MTuWThFSaSu"}},{"type":"Feature","geometry":{"type":"LineString","coordinates":[[-122.392624535039,37.729278453928],[-122.39260885133,37.729132655814],[-122.392703441883,37.728860122934]]},"properties":{":id":"row-wdmw.z2i4_bdh9",":version":"rv-qkhw-c97h~hr8d",":created_at":"2026-03-10T12:37:08.575Z",":updated_at":"2026-03-10T12:37:08.575Z","cnn":"220101","corridor":"03rd St","limits":"Williams Ave  -  Lane St","cnnrightleft":"L","blockside":"East","fullname":"Sunday","weekday":"Sun","fromhour":"2","tohour":"6","week1":"1","week2":"1","week3":"1","week4":"1","week5":"1","holidays":"1","blocksweepid":"1629102","cleaning_days_abbr":"MTuWThFSaSu"}},{"type":"Feature","geometry":{"type":"LineString","coordinates":[[-122.405626951896,37.748971047742],[-122.405652439388,37.748966256338],[-122.406241320312,37.748868868981],[-122.406385113353,37.748833103782]]},"properties":{":id":"row-3bu4-m542_wkkz",":version":"rv-rfkd.cyrv~k67m",":created_at":"2026-03-10T12:37:08.575Z",":updated_at":"2026-03-10T12:37:08.575Z","cnn":"2479102","corridor":"Cesar Chavez St","limits":"Bay Shore Blvd  -  Hwy 101 S On Ramp","cnnrightleft":"R","blockside":"North","fullname":"Sunday","weekday":"Sun","fromhour":"6","tohour":"8","week1":"1","week2":"1","week3":"1","week4":"1","week5":"1","holidays":"0","blocksweepid":"1636912","cleaning_days_abbr":"SaSu"}},{"type":"Feature","geometry":{"type":"LineString","coordinates":[[-122.438863485498,37.7193093603],[-122.43892171503,37.719285696639],[-122.439497355154,37.718524549509],[-122.439500375127,37.718467225658]]},"properties":{":id":"row-9qkt-5bzz~syjq",":version":"rv-vhf5~9j8a_iy5b",":created_at":"2026-03-10T12:37:08.575Z",":updated_at":"2026-03-10T12:37:08.575Z","cnn":"9174201","corridor":"Mission St","limits":"Kenny Aly  -  Italy Ave","cnnrightleft":"R","blockside":"NorthWest","fullname":"Sunday","weekday":"Sun","fromhour":"5","tohour":"7","week1":"1","week2":"1","week3":"1","week4":"1","week5":"1","holidays":"0","blocksweepid":"1626448","cleaning_days_abbr":"MTuWThFSaSu"}},{"type":"Feature","geometry":{"type":"LineString","coordinates":[[-122.395264646671,37.723222334711],[-122.395252011285,37.72307744407],[-122.39540516528,37.722752177442]]},"properties":{":id":"row-663z_bu9e.snts",":version":"rv-33je.tizz.cngz",":created_at":"2026-03-10T12:37:08.575Z",":updated_at":"2026-03-10T12:37:08.575Z","cnn":"227102","corridor":"03rd St","limits":"Fitzgerald Ave  -  Keith St","cnnrightleft":"L","blockside":null,"fullname":"Sunday","weekday":"Sun","fromhour":"2","tohour":"6","week1":"1","week2":"1","week3":"1","week4":"1","week5":"1","holidays":"1","blocksweepid":"1629111","cleaning_days_abbr":"MTuWThFSaSu"}},{"type":"Feature","geometry":{"type":"LineString","coordinates":[[-122.394243492859,37.725475649951],[-122.394238150378,37.725337606632],[-122.394532121343,37.724693137392]]},"properties":{":id":"row-gfic.yg3w-u755",":version":"rv-e9cf_hee7.gp7h",":created_at":"2026-03-10T12:37:08.575Z",":updated_at":"2026-03-10T12:37:08.575Z","cnn":"225101","corridor":"03rd St","limits":"Carroll Ave  -  Donner Ave","cnnrightleft":"L","blockside":"East","fullname":"Sunday","weekday":"Sun","fromhour":"2","tohour":"6","week1":"1","week2":"1","week3":"1","week4":"1","week5":"1","holidays":"1","blocksweepid":"1629108","cleaning_days_abbr":"MTuWThFSaSu"}},{"type":"Feature","geometry":{"type":"LineString","coordinates":[[-122.503104759293,37.735466491501],[-122.503218860485,37.735550898535],[-122.504185330568,37.735557882752]]},"properties":{":id":"row-94h9_pexx.fpfs",":version":"rv-5aze_wnkh_gzsc",":created_at":"2026-03-10T12:37:08.575Z",":updated_at":"2026-03-10T12:37:08.575Z","cnn":"11963201","corridor":"Sloat Blvd","limits":"45th Ave  -  46th Ave","cnnrightleft":"R","blockside":"North","fullname":"Sunday","weekday":"Sun","fromhour":"5","tohour":"7","week1":"1","week2":"1","week3":"1","week4":"1","week5":"1","holidays":"0","blocksweepid":"1605655","cleaning_days_abbr":"MTuWThFSaSu"}},{"type":"Feature","geometry":{"type":"LineString","coordinates":[[-122.415505178457,37.781654261888],[-122.415693872616,37.782585033233]]},"properties":{":id":"row-y5ww.x69m-ybaf",":version":"rv-8yzt.p5b9.pr9v",":created_at":"2026-03-10T12:37:08.575Z",":updated_at":"2026-03-10T12:37:08.575Z","cnn":"7115000","corridor":"Hyde St","limits":"Golden Gate Ave  -  Turk St","cnnrightleft":"R","blockside":"East","fullname":"Sunday","weekday":"Sun","fromhour":"6","tohour":"8","week1":"1","week2":"1","week3":"1","week4":"1","week5":"1","holidays":"0","blocksweepid":"1608264","cleaning_days_abbr":"TuThSu"}},{"type":"Feature","geometry":{"type":"LineString","coordinates":[[-122.387456310816,37.749004758693],[-122.387515973869,37.74891209271],[-122.387281453319,37.74633135295],[-122.387174218361,37.746157127786]]},"properties":{":id":"row-pt25_wfpz.t7kv",":version":"rv-9mm4~c9fe~ia5y",":created_at":"2026-03-10T12:37:08.575Z",":updated_at":"2026-03-10T12:37:08.575Z","cnn":"197201","corridor":"03rd St","limits":"Marin St  -  Cargo Way","cnnrightleft":"R","blockside":"West","fullname":"Sunday","weekday":"Sun","fromhour":"2","tohour":"6","week1":"1","week2":"1","week3":"1","week4":"1","week5":"1","holidays":"1","blocksweepid":"1613806","cleaning_days_abbr":"MTuWThFSaSu"}},{"type":"Feature","geometry":{"type":"LineString","coordinates":[[-122.387585270171,37.750263377895],[-122.388507729452,37.750205975381]]},"properties":{":id":"row-2vss.p6py_xtur",":version":"rv-zj7k.z3rd.9sb7",":created_at":"2026-03-10T12:37:08.575Z",":updated_at":"2026-03-10T12:37:08.575Z","cnn":"2468000","corridor":"Cesar Chavez St","limits":"03rd St  -  Tennessee St","cnnrightleft":"L","blockside":"South","fullname":"Sunday","weekday":"Sun","fromhour":"0","tohour":"2","week1":"1","week2":"1","week3":"1","week4":"1","week5":"1","holidays":"0","blocksweepid":"1602621","cleaning_days_abbr":"TuThSu"}},{"type":"Feature","geometry":{"type":"LineString","coordinates":[[-122.402025419687,37.786248152145],[-122.402081694534,37.786126260112],[-122.404107442041,37.784527132339],[-122.404266873046,37.784478744544]]},"properties":{":id":"row-326f~38kz_hias",":version":"rv-tffe~g4s5.yshh",":created_at":"2026-03-10T12:37:08.575Z",":updated_at":"2026-03-10T12:37:08.575Z","cnn":"9095101","corridor":"Mission St","limits":"03rd St  -  04th St","cnnrightleft":"L","blockside":"SouthEast","fullname":"Sunday","weekday":"Sun","fromhour":"2","tohour":"6","week1":"1","week2":"1","week3":"1","week4":"1","week5":"1","holidays":"1","blocksweepid":"1618953","cleaning_days_abbr":"MTuWThFSaSu"}},{"type":"Feature","geometry":{"type":"LineString","coordinates":[[-122.446091130186,37.711592021277],[-122.446383348638,37.711436150087]]},"properties":{":id":"row-k8y2~325q.fwaz",":version":"rv-3fuz.j5kj_4peb",":created_at":"2026-03-10T12:37:08.575Z",":updated_at":"2026-03-10T12:37:08.575Z","cnn":"9189000","corridor":"Mission St","limits":"Naglee Ave  -  Lowell St","cnnrightleft":"L","blockside":"SouthEast","fullname":"Sunday","weekday":"Sun","fromhour":"5","tohour":"7","week1":"1","week2":"1","week3":"1","week4":"1","week5":"1","holidays":"0","blocksweepid":"1626599","cleaning_days_abbr":"MTuWThFSaSu"}},{"type":"Feature","geometry":{"type":"LineString","coordinates":[[-122.431025470892,37.765867986364],[-122.431230731606,37.765788289326],[-122.432922797531,37.764468324029],[-122.433074470809,37.764195713209]]},"properties":{":id":"row-esyj_krs7~fmzd",":version":"rv-8wed.eaf7~d8ba",":created_at":"2026-03-10T12:37:08.575Z",":updated_at":"2026-03-10T12:37:08.575Z","cnn":"8766201","corridor":"Market St","limits":"Sanchez St  -  16th St","cnnrightleft":"L","blockside":"SouthEast","fullname":"Sunday","weekday":"Sun","fromhour":"8","tohour":"9","week1":"1","week2":"1","week3":"1","week4":"1","week5":"1","holidays":"0","blocksweepid":"1625970"}},{"type":"Feature","geometry":{"type":"LineString","coordinates":[[-122.390887824731,37.710365233799],[-122.391332097419,37.710140738608],[-122.392689161797,37.709094657653]]},"properties":{":id":"row-6s6p-zu2t_xvpt",":version":"rv-meqr_dkbn_ujm2",":created_at":"2026-03-10T12:37:08.575Z",":updated_at":"2026-03-10T12:37:08.575Z","cnn":"6691000","corridor":"Harney Way","limits":"Executive Park Blvd  -  Thomas Mellon Cir","cnnrightleft":"R","blockside":"NorthWest","fullname":"Sunday","weekday":"Sun","fromhour":"7","tohour":"8","week1":"1","week2":"1","week3":"1","week4":"1","week5":"1","holidays":"0","blocksweepid":"1634485","cleaning_days_abbr":"FSaSu"}},{"type":"Feature","geometry":{"type":"LineString","coordinates":[[-122.401822426216,37.726775260692],[-122.401471240393,37.725516289231]]},"properties":{":id":"row-34yy~aj9n~8z44",":version":"rv-q63j~xgwv_fxkc",":created_at":"2026-03-10T12:37:08.575Z",":updated_at":"2026-03-10T12:37:08.575Z","cnn":"2812000","corridor":"Bay Shore Blvd","limits":"Wayland St  -  Woolsey St","cnnrightleft":"L","blockside":"East","fullname":"Sunday","weekday":"Sun","fromhour":"7","tohour":"8","week1":"1","week2":"1","week3":"1","week4":"1","week5":"1","holidays":"0","blocksweepid":"1613358","cleaning_days_abbr":"TuThSaSu"}},{"type":"Feature","geometry":{"type":"LineString","coordinates":[[-122.400468484099,37.785030285046],[-122.399459824575,37.784213640123]]},"properties":{":id":"row-qvta.7868~39mq",":version":"rv-4g9z_tnh3-ybic",":created_at":"2026-03-10T12:37:08.575Z",":updated_at":"2026-03-10T12:37:08.575Z","cnn":"168000","corridor":"03rd St","limits":"Howard St  -  Clementina St","cnnrightleft":"L","blockside":"NorthEast","fullname":"Sunday","weekday":"Sun","fromhour":"2","tohour":"6","week1":"1","week2":"1","week3":"1","week4":"1","week5":"1","holidays":"1","blocksweepid":"1628661","cleaning_days_abbr":"MTuWThFSaSu"}},{"type":"Feature","geometry":{"type":"LineString","coordinates":[[-122.410292026651,37.782230575213],[-122.410510138336,37.78230333693],[-122.410595617833,37.782374813229],[-122.410700604509,37.782895685135]]},"properties":{":id":"row-2aij-x4nv_qtj4",":version":"rv-m25h_qkax~nxxn",":created_at":"2026-03-10T12:37:08.575Z",":updated_at":"2026-03-10T12:37:08.575Z","cnn":"12425000","corridor":"Taylor St","limits":"Market St  -  Opal Pl","cnnrightleft":"R","blockside":"NorthEast","fullname":"Sunday","weekday":"Sun","fromhour":"6","tohour":"8","week1":"1","week2":"1","week3":"1","week4":"1","week5":"1","holidays":"0","blocksweepid":"1617062","cleaning_days_abbr":"TuThSu"}},{"type":"Feature","geometry":{"type":"LineString","coordinates":[[-122.440106607185,37.717665309709],[-122.440185610526,37.717623547972],[-122.440417628749,37.717309827762],[-122.440417738126,37.717244618779]]},"properties":{":id":"row-g9js~m9rp_a6ay",":version":"rv-tym6~s8bx.xwee",":created_at":"2026-03-10T12:37:08.575Z",":updated_at":"2026-03-10T12:37:08.575Z","cnn":"9176201","corridor":"Mission St","limits":"Seneca Ave  -  Amazon Ave","cnnrightleft":"R","blockside":"NorthWest","fullname":"Sunday","weekday":"Sun","fromhour":"5","tohour":"7","week1":"1","week2":"1","week3":"1","week4":"1","week5":"1","holidays":"0","blocksweepid":"1626450","cleaning_days_abbr":"MTuWThFSaSu"}},{"type":"Feature","geometry":{"type":"LineString","coordinates":[[-122.414741221821,37.778719429231],[-122.414765044095,37.778640841229],[-122.416186993652,37.77751304227],[-122.416291701103,37.777493843394]]},"properties":{":id":"row-j2mb_si95~bekd",":version":"rv-bhyz-49f2_6f2v",":created_at":"2026-03-10T12:37:08.575Z",":updated_at":"2026-03-10T12:37:08.575Z","cnn":"8752101","corridor":"Market St","limits":"Hyde St  -  Larkin St","cnnrightleft":"L","blockside":"SouthEast","fullname":"Sunday","weekday":"Sun","fromhour":"5","tohour":"7","week1":"1","week2":"1","week3":"1","week4":"1","week5":"1","holidays":"1","blocksweepid":"1618100","cleaning_days_abbr":"MTuWThFSaSu"}},{"type":"Feature","geometry":{"type":"LineString","coordinates":[[-122.46856387213,37.780822032344],[-122.46870427249,37.780890085938],[-122.469500676227,37.780842760429],[-122.469627031751,37.780768738835]]},"properties":{":id":"row-27c6~jyb7_8u6f",":version":"rv-xfsk.b33e.r4wi",":created_at":"2026-03-10T12:37:08.575Z",":updated_at":"2026-03-10T12:37:08.575Z","cnn":"6066201","corridor":"Geary Blvd","limits":"10th Ave  -  11th Ave","cnnrightleft":"R","blockside":"North","fullname":"Sunday","weekday":"Sun","fromhour":"7","tohour":"8","week1":"1","week2":"1","week3":"1","week4":"1","week5":"1","holidays":"0","blocksweepid":"1611374","cleaning_days_abbr":"TuThSu"}},{"type":"Feature","geometry":{"type":"LineString","coordinates":[[-122.40691050416,37.737965866897],[-122.406947074487,37.737828948402],[-122.406771870248,37.736424002944],[-122.406703835142,37.736308604033]]},"properties":{":id":"row-5ssr_figu.wnk4",":version":"rv-zt97.smat_7kgz",":created_at":"2026-03-10T12:37:08.575Z",":updated_at":"2026-03-10T12:37:08.575Z","cnn":"2802201","corridor":"Bay Shore Blvd","limits":"Industrial St  -  Helena St","cnnrightleft":"R","blockside":"West","fullname":"Sunday","weekday":"Sun","fromhour":"7","tohour":"8","week1":"1","week2":"1","week3":"1","week4":"1","week5":"1","holidays":"0","blocksweepid":"1628215","cleaning_days_abbr":"MWThFSaSu"}},{"type":"Feature","geometry":{"type":"LineString","coordinates":[[-122.407903301695,37.794060297444],[-122.408079101008,37.794940686929]]},"properties":{":id":"row-aqeh-z8i9_kvgw",":version":"rv-26fz~6jnv_9yqa",":created_at":"2026-03-10T12:37:08.575Z",":updated_at":"2026-03-10T12:37:08.575Z","cnn":"12205000","corridor":"Stockton St","limits":"Clay St  -  Washington St","cnnrightleft":"R","blockside":"East","fullname":"Sunday","weekday":"Sun","fromhour":"2","tohour":"6","week1":"1","week2":"1","week3":"1","week4":"1","week5":"1","holidays":"1","blocksweepid":"1617175","cleaning_days_abbr":"MTuWThFSaSu"}},{"type":"Feature","geometry":{"type":"LineString","coordinates":[[-122.433357449495,37.726588202549],[-122.433623590741,37.726236244239]]},"properties":{":id":"row-e2yk_mef8.wu7w",":version":"rv-mgmr~eas8_hgr2",":created_at":"2026-03-10T12:37:08.575Z",":updated_at":"2026-03-10T12:37:08.575Z","cnn":"9160000","corridor":"Mission St","limits":"Francis St  -  Excelsior Ave","cnnrightleft":"R","blockside":"NorthWest","fullname":"Sunday","weekday":"Sun","fromhour":"5","tohour":"7","week1":"1","week2":"1","week3":"1","week4":"1","week5":"1","holidays":"0","blocksweepid":"1626434","cleaning_days_abbr":"MTuWThFSaSu"}},{"type":"Feature","geometry":{"type":"LineString","coordinates":[[-122.42089365932,37.744037632601],[-122.421485450703,37.74312266457]]},"properties":{":id":"row-jev9.e82s-md4n",":version":"rv-b6nc_ackr_m6ey",":created_at":"2026-03-10T12:37:08.575Z",":updated_at":"2026-03-10T12:37:08.575Z","cnn":"9134000","corridor":"Mission St","limits":"29th St  -  Virginia Ave","cnnrightleft":"R","blockside":"NorthWest","fullname":"Sunday","weekday":"Sun","fromhour":"5","tohour":"7","week1":"1","week2":"1","week3":"1","week4":"1","week5":"1","holidays":"0","blocksweepid":"1599886","cleaning_days_abbr":"MTuWThFSaSu"}},{"type":"Feature","geometry":{"type":"LineString","coordinates":[[-122.433905015014,37.78504768772],[-122.43472999171,37.784944006552]]},"properties":{":id":"row-y9kv_2wa5.jd55",":version":"rv-y5wz~yy9a_ah42",":created_at":"2026-03-10T12:37:08.575Z",":updated_at":"2026-03-10T12:37:08.575Z","cnn":"10648000","corridor":"Post St","limits":"Avery St  -  Steiner St","cnnrightleft":"R","blockside":"North","fullname":"Sunday","weekday":"Sun","fromhour":"6","tohour":"8","week1":"1","week2":"1","week3":"1","week4":"1","week5":"1","holidays":"0","blocksweepid":"1630448","cleaning_days_abbr":"TuThSu"}},{"type":"Feature","geometry":{"type":"LineString","coordinates":[[-122.502031178,37.735514909104],[-122.502557647166,37.735557451758],[-122.502994563118,37.735554712227],[-122.503104759293,37.735466491501]]},"properties":{":id":"row-zq7k_j6bw-94em",":version":"rv-35qn~8zrd.8nrq",":created_at":"2026-03-10T12:37:08.575Z",":updated_at":"2026-03-10T12:37:08.575Z","cnn":"11962202","corridor":"Sloat Blvd","limits":"44th Ave  -  45th Ave","cnnrightleft":"R","blockside":"North","fullname":"Sunday","weekday":"Sun","fromhour":"5","tohour":"7","week1":"1","week2":"1","week3":"1","week4":"1","week5":"1","holidays":"0","blocksweepid":"1605654","cleaning_days_abbr":"MTuWThFSaSu"}},{"type":"Feature","geometry":{"type":"LineString","coordinates":[[-122.419255606289,37.775147074542],[-122.419166691841,37.775038534707],[-122.418612514599,37.77326353789],[-122.418618215796,37.773053454473]]},"properties":{":id":"row-6442-edhw-tszg",":version":"rv-33r7~mvss_e69s",":created_at":"2026-03-10T12:37:08.575Z",":updated_at":"2026-03-10T12:37:08.575Z","cnn":"12015101","corridor":"South Van Ness Ave","limits":"Market St  -  Mission St","cnnrightleft":"L","blockside":"East","fullname":"Sunday","weekday":"Sun","fromhour":"4","tohour":"6","week1":"1","week2":"1","week3":"1","week4":"1","week5":"1","holidays":"0","blocksweepid":"1611090","cleaning_days_abbr":"MTuWThFSaSu"}},{"type":"Feature","geometry":{"type":"LineString","coordinates":[[-122.402914480509,37.788111582733],[-122.403403113389,37.787725286927],[-122.403430800691,37.787641848946]]},"properties":{":id":"row-8qt9_9jig.8qxd",":version":"rv-kedm-umc2-zc2a",":created_at":"2026-03-10T12:37:08.575Z",":updated_at":"2026-03-10T12:37:08.575Z","cnn":"8744202","corridor":"Market St","limits":"Geary St  -  03rd St","cnnrightleft":"R","blockside":"NorthWest","fullname":"Sunday","weekday":"Sun","fromhour":"5","tohour":"7","week1":"1","week2":"1","week3":"1","week4":"1","week5":"1","holidays":"1","blocksweepid":"1617982","cleaning_days_abbr":"MTuWThFSaSu"}},{"type":"Feature","geometry":{"type":"LineString","coordinates":[[-122.407727186607,37.793178302038],[-122.407903301695,37.794060297444]]},"properties":{":id":"row-5yv7-u94v.myzd",":version":"rv-r9gj.x3vn_qwc7",":created_at":"2026-03-10T12:37:08.575Z",":updated_at":"2026-03-10T12:37:08.575Z","cnn":"12204000","corridor":"Stockton St","limits":"Sacramento St  -  Clay St","cnnrightleft":"L","blockside":"West","fullname":"Sunday","weekday":"Sun","fromhour":"2","tohour":"6","week1":"1","week2":"1","week3":"1","week4":"1","week5":"1","holidays":"1","blocksweepid":"1624670","cleaning_days_abbr":"MTuWThFSaSu"}},{"type":"Feature","geometry":{"type":"LineString","coordinates":[[-122.389864462449,37.737169532209],[-122.389965073705,37.737094895976],[-122.390164412059,37.736511977514],[-122.390145051507,37.73639019456]]},"properties":{":id":"row-th6a-j38w.f7rc",":version":"rv-uiae_nbwy-ydp9",":created_at":"2026-03-10T12:37:08.575Z",":updated_at":"2026-03-10T12:37:08.575Z","cnn":"209201","corridor":"03rd St","limits":"La Salle Ave  -  McKinnon Ave","cnnrightleft":"R","blockside":"West","fullname":"Sunday","weekday":"Sun","fromhour":"2","tohour":"6","week1":"1","week2":"1","week3":"1","week4":"1","week5":"1","holidays":"1","blocksweepid":"1613819","cleaning_days_abbr":"MTuWThFSaSu"}},{"type":"Feature","geometry":{"type":"LineString","coordinates":[[-122.409874016327,37.787149143318],[-122.41151576723,37.786939706696]]},"properties":{":id":"row-zpz7~n45v-4mcc",":version":"rv-xqxx~weuj.xcce",":created_at":"2026-03-10T12:37:08.575Z",":updated_at":"2026-03-10T12:37:08.575Z","cnn":"6111000","corridor":"Geary St","limits":"Mason St  -  Taylor St","cnnrightleft":"L","blockside":"South","fullname":"Sunday","weekday":"Sun","fromhour":"2","tohour":"6","week1":"1","week2":"1","week3":"1","week4":"1","week5":"1","holidays":"0","blocksweepid":"1606101","cleaning_days_abbr":"TuThSu"}},{"type":"Feature","geometry":{"type":"LineString","coordinates":[[-122.421680447672,37.742821173962],[-122.421968761687,37.742375398498]]},"properties":{":id":"row-jqac~jepv.v3tp",":version":"rv-i6hc.7p86_tg97",":created_at":"2026-03-10T12:37:08.575Z",":updated_at":"2026-03-10T12:37:08.575Z","cnn":"9136000","corridor":"Mission St","limits":"Godeus St  -  30th St","cnnrightleft":"R","blockside":"NorthWest","fullname":"Sunday","weekday":"Sun","fromhour":"5","tohour":"7","week1":"1","week2":"1","week3":"1","week4":"1","week5":"1","holidays":"0","blocksweepid":"1599888","cleaning_days_abbr":"MTuWThFSaSu"}},{"type":"Feature","geometry":{"type":"LineString","coordinates":[[-122.419547853966,37.784960259485],[-122.419638988981,37.78543303615]]},"properties":{":id":"row-6buy_8zw7-96bs",":version":"rv-8547~xgep.cjpu",":created_at":"2026-03-10T12:37:08.575Z",":updated_at":"2026-03-10T12:37:08.575Z","cnn":"10559000","corridor":"Polk St","limits":"O'Farrell St  -  Myrtle St","cnnrightleft":"R","blockside":"East","fullname":"Sunday","weekday":"Sun","fromhour":"6","tohour":"8","week1":"1","week2":"1","week3":"1","week4":"1","week5":"1","holidays":"0","blocksweepid":"1619916","cleaning_days_abbr":"TuThSu"}},{"type":"Feature","geometry":{"type":"LineString","coordinates":[[-122.408708673446,37.780971182971],[-122.408160792966,37.78053538629]]},"properties":{":id":"row-gyhp.2uwt_q3ag",":version":"rv-9akf~zrjc.3s3z",":created_at":"2026-03-10T12:37:08.575Z",":updated_at":"2026-03-10T12:37:08.575Z","cnn":"329000","corridor":"06th St","limits":"Mission St  -  Minna St","cnnrightleft":"L","blockside":"NorthEast","fullname":"Sunday","weekday":"Sun","fromhour":"4","tohour":"6","week1":"1","week2":"1","week3":"1","week4":"1","week5":"1","holidays":"0","blocksweepid":"1614295","cleaning_days_abbr":"MTuWThFSaSu"}},{"type":"Feature","geometry":{"type":"LineString","coordinates":[[-122.506135124963,37.735571117801],[-122.506521403349,37.735571711894],[-122.506717428299,37.735469757819]]},"properties":{":id":"row-djtm~qgzx~w6cg",":version":"rv-8qia.mwyt_ct3b",":created_at":"2026-03-10T12:37:08.575Z",":updated_at":"2026-03-10T12:37:08.575Z","cnn":"11964202","corridor":"Sloat Blvd","limits":"Lower Great Hwy  -  Great Hwy","cnnrightleft":"L","blockside":"South","fullname":"Sunday","weekday":"Sun","fromhour":"5","tohour":"7","week1":"1","week2":"1","week3":"1","week4":"1","week5":"1","holidays":"0","blocksweepid":"1605700","cleaning_days_abbr":"MTuWThFSaSu"}},{"type":"Feature","geometry":{"type":"LineString","coordinates":[[-122.408941027974,37.786295916211],[-122.409328905494,37.786247172766]]},"properties":{":id":"row-tjzt~r9ch~je6z",":version":"rv-a337.eayv~ugr5",":created_at":"2026-03-10T12:37:08.575Z",":updated_at":"2026-03-10T12:37:08.575Z","cnn":"9724000","corridor":"O'Farrell St","limits":"Cyril Magnin St  -  Elwood St","cnnrightleft":"L","blockside":"South","fullname":"Sunday","weekday":"Sun","fromhour":"2","tohour":"6","week1":"1","week2":"1","week3":"1","week4":"1","week5":"1","holidays":"0","blocksweepid":"1603620","cleaning_days_abbr":"TuThSu"}},{"type":"Feature","geometry":{"type":"LineString","coordinates":[[-122.412908085159,37.802183771213],[-122.413718750001,37.802743201913]]},"properties":{":id":"row-ua2d-vczu~ugsm",":version":"rv-kanq_rn6e.5sek",":created_at":"2026-03-10T12:37:08.575Z",":updated_at":"2026-03-10T12:37:08.575Z","cnn":"4300000","corridor":"Columbus Ave","limits":"Mason St  -  Lombard St","cnnrightleft":"R","blockside":"NorthEast","fullname":"Sunday","weekday":"Sun","fromhour":"4","tohour":"6","week1":"1","week2":"1","week3":"1","week4":"1","week5":"1","holidays":"0","blocksweepid":"1637295","cleaning_days_abbr":"TuThSu"}},{"type":"Feature","geometry":{"type":"LineString","coordinates":[[-122.419883230931,37.778251017767],[-122.419967972509,37.77831212671],[-122.4203106401,37.779917047811],[-122.420247184087,37.78007469645]]},"properties":{":id":"row-t97q~67c6.jxqm",":version":"rv-xwxs.hu9d_9sv4",":created_at":"2026-03-10T12:37:08.575Z",":updated_at":"2026-03-10T12:37:08.575Z","cnn":"13146101","corridor":"Van Ness Ave","limits":"Grove St  -  McAllister St","cnnrightleft":"L","blockside":"West","fullname":"Sunday","weekday":"Sun","fromhour":"4","tohour":"6","week1":"1","week2":"1","week3":"1","week4":"1","week5":"1","holidays":"0","blocksweepid":"1598981","cleaning_days_abbr":"MTuWThFSaSu"}},{"type":"Feature","geometry":{"type":"LineString","coordinates":[[-122.391244493388,37.733223261805],[-122.391343014659,37.733144386131],[-122.391540008228,37.732581309612],[-122.391521350863,37.732431908124]]},"properties":{":id":"row-44y9.3igp-pk7x",":version":"rv-g8w7.89xb~mb93",":created_at":"2026-03-10T12:37:08.575Z",":updated_at":"2026-03-10T12:37:08.575Z","cnn":"214201","corridor":"03rd St","limits":"Quesada Ave  -  Revere Ave","cnnrightleft":"R","blockside":"West","fullname":"Sunday","weekday":"Sun","fromhour":"2","tohour":"6","week1":"1","week2":"1","week3":"1","week4":"1","week5":"1","holidays":"1","blocksweepid":"1613824","cleaning_days_abbr":"MTuWThFSaSu"}},{"type":"Feature","geometry":{"type":"LineString","coordinates":[[-122.41151576723,37.786939706696],[-122.412340302604,37.786834512357]]},"properties":{":id":"row-8wim-hzcj-cia2",":version":"rv-wf9p-pmjm_a6sv",":created_at":"2026-03-10T12:37:08.575Z",":updated_at":"2026-03-10T12:37:08.575Z","cnn":"6112000","corridor":"Geary St","limits":"Taylor St  -  Shannon St","cnnrightleft":"L","blockside":"South","fullname":"Sunday","weekday":"Sun","fromhour":"6","tohour":"8","week1":"1","week2":"1","week3":"1","week4":"1","week5":"1","holidays":"0","blocksweepid":"1622100","cleaning_days_abbr":"TuThSu"}},{"type":"Feature","geometry":{"type":"LineString","coordinates":[[-122.477174111092,37.763559498569],[-122.478190825242,37.763514758567]]},"properties":{":id":"row-s7zb.npui.59hn",":version":"rv-qxds~yn6b-77xp",":created_at":"2026-03-10T12:37:08.575Z",":updated_at":"2026-03-10T12:37:08.575Z","cnn":"7296000","corridor":"Irving St","limits":"19th Ave  -  20th Ave","cnnrightleft":"R","blockside":"North","fullname":"Sunday","weekday":"Sun","fromhour":"2","tohour":"4","week1":"1","week2":"1","week3":"1","week4":"1","week5":"1","holidays":"1","blocksweepid":"1638412","cleaning_days_abbr":"TuThSu"}},{"type":"Feature","geometry":{"type":"LineString","coordinates":[[-122.406398878228,37.786615347195],[-122.40803623664,37.78640961353]]},"properties":{":id":"row-jati_9spn_xxtv",":version":"rv-3jn3.fx3j-qwdu",":created_at":"2026-03-10T12:37:08.575Z",":updated_at":"2026-03-10T12:37:08.575Z","cnn":"9722000","corridor":"O'Farrell St","limits":"Stockton St  -  Powell St","cnnrightleft":"L","blockside":"South","fullname":"Sunday","weekday":"Sun","fromhour":"2","tohour":"6","week1":"1","week2":"1","week3":"1","week4":"1","week5":"1","holidays":"0","blocksweepid":"1603618","cleaning_days_abbr":"TuThSu"}},{"type":"Feature","geometry":{"type":"LineString","coordinates":[[-122.403841563565,37.789829338933],[-122.403934377342,37.790286026208]]},"properties":{":id":"row-mddg-995d-iuv2",":version":"rv-93ww-76sg~v7vk",":created_at":"2026-03-10T12:37:08.575Z",":updated_at":"2026-03-10T12:37:08.575Z","cnn":"7751000","corridor":"Kearny St","limits":"Sutter St  -  Hardie Pl","cnnrightleft":"L","blockside":"West","fullname":"Sunday","weekday":"Sun","fromhour":"2","tohour":"6","week1":"1","week2":"1","week3":"1","week4":"1","week5":"1","holidays":"1","blocksweepid":"1623918","cleaning_days_abbr":"MTuWThFSaSu"}},{"type":"Feature","geometry":{"type":"LineString","coordinates":[[-122.395622760624,37.72243160376],[-122.395614866767,37.722299902946],[-122.395850936144,37.721778321457],[-122.395943826939,37.721715880382]]},"properties":{":id":"row-py4v.jxvf.tbf8",":version":"rv-95sa.rm2z_pqfy",":created_at":"2026-03-10T12:37:08.575Z",":updated_at":"2026-03-10T12:37:08.575Z","cnn":"228101","corridor":"03rd St","limits":"Gilman Ave  -  Hollister Ave","cnnrightleft":"L","blockside":"East","fullname":"Sunday","weekday":"Sun","fromhour":"2","tohour":"6","week1":"1","week2":"1","week3":"1","week4":"1","week5":"1","holidays":"1","blocksweepid":"1629113","cleaning_days_abbr":"TuThSaSu"}},{"type":"Feature","geometry":{"type":"LineString","coordinates":[[-122.407691414493,37.780162025776],[-122.407159488015,37.779738905439]]},"properties":{":id":"row-us65~zut5-8sir",":version":"rv-rvac.vm2j.tngh",":created_at":"2026-03-10T12:37:08.575Z",":updated_at":"2026-03-10T12:37:08.575Z","cnn":"331000","corridor":"06th St","limits":"Natoma St  -  Howard St","cnnrightleft":"R","blockside":"SouthWest","fullname":"Sunday","weekday":"Sun","fromhour":"4","tohour":"6","week1":"1","week2":"1","week3":"1","week4":"1","week5":"1","holidays":"0","blocksweepid":"1636399","cleaning_days_abbr":"MTuWThFSaSu"}},{"type":"Feature","geometry":{"type":"LineString","coordinates":[[-122.41947628774,37.763050839627],[-122.419443735953,37.762712867057]]},"properties":{":id":"row-kv7k-xbu4.ftkp",":version":"rv-bu3a-c976~9ua6",":created_at":"2026-03-10T12:37:08.575Z",":updated_at":"2026-03-10T12:37:08.575Z","cnn":"9118000","corridor":"Mission St","limits":"Clarion Aly  -  Sycamore St","cnnrightleft":"R","blockside":"West","fullname":"Sunday","weekday":"Sun","fromhour":"4","tohour":"6","week1":"1","week2":"1","week3":"1","week4":"1","week5":"1","holidays":"0","blocksweepid":"1619070","cleaning_days_abbr":"MTuWThFSaSu"}},{"type":"Feature","geometry":{"type":"LineString","coordinates":[[-122.404657096806,37.732948782317],[-122.403961731165,37.731610333891],[-122.403400462148,37.730658352623]]},"properties":{":id":"row-yfrp_ghbv~gmnz",":version":"rv-zsbz.p85r_knu5",":created_at":"2026-03-10T12:37:08.575Z",":updated_at":"2026-03-10T12:37:08.575Z","cnn":"2805000","corridor":"Bay Shore Blvd","limits":"Silver Ave  -  Thornton Ave","cnnrightleft":"L","blockside":"NorthEast","fullname":"Sunday","weekday":"Sun","fromhour":"7","tohour":"8","week1":"1","week2":"1","week3":"1","week4":"1","week5":"1","holidays":"0","blocksweepid":"1613351","cleaning_days_abbr":"TuThSaSu"}},{"type":"Feature","geometry":{"type":"LineString","coordinates":[[-122.418993273036,37.782169269872],[-122.420638249635,37.781960765928]]},"properties":{":id":"row-ts83~cn7u-ghxc",":version":"rv-yzxp~7ds2.wqa7",":created_at":"2026-03-10T12:37:08.575Z",":updated_at":"2026-03-10T12:37:08.575Z","cnn":"12723000","corridor":"Turk St","limits":"Polk St  -  Van Ness Ave","cnnrightleft":"L","blockside":"South","fullname":"Sunday","weekday":"Sun","fromhour":"6","tohour":"8","week1":"1","week2":"1","week3":"1","week4":"1","week5":"1","holidays":"0","blocksweepid":"1625157","cleaning_days_abbr":"TuThSu"}},{"type":"Feature","geometry":{"type":"LineString","coordinates":[[-122.405646736963,37.738321361879],[-122.405814449723,37.738338149743],[-122.406761608237,37.738076559385],[-122.40691050416,37.737965866897]]},"properties":{":id":"row-uqh5-dcxs-4udy",":version":"rv-pmg2~piqz.jn39",":created_at":"2026-03-10T12:37:08.575Z",":updated_at":"2026-03-10T12:37:08.575Z","cnn":"7208201","corridor":"Industrial St","limits":"Loomis St  -  Bay Shore Blvd","cnnrightleft":"R","blockside":"North","fullname":"Sunday","weekday":"Sun","fromhour":"2","tohour":"3","week1":"1","week2":"1","week3":"1","week4":"1","week5":"1","holidays":"0","blocksweepid":"1623534","cleaning_days_abbr":"TuSu"}},{"type":"Feature","geometry":{"type":"LineString","coordinates":[[-122.388851283059,37.764321835521],[-122.388787074287,37.76423738189],[-122.388677494959,37.763138552146],[-122.388737998431,37.763048278835]]},"properties":{":id":"row-f9mw~auyb.r58z",":version":"rv-u3vt_xd5w.ddgs",":created_at":"2026-03-10T12:37:08.575Z",":updated_at":"2026-03-10T12:37:08.575Z","cnn":"187101","corridor":"03rd St","limits":"Mariposa St  -  18th St","cnnrightleft":"L","blockside":"East","fullname":"Sunday","weekday":"Sun","fromhour":"2","tohour":"6","week1":"1","week2":"1","week3":"1","week4":"1","week5":"1","holidays":"1","blocksweepid":"1628948","cleaning_days_abbr":"TuThSaSu"}},{"type":"Feature","geometry":{"type":"LineString","coordinates":[[-122.416009495929,37.777773071953],[-122.416261255725,37.777572265861],[-122.416291701103,37.777493843394]]},"properties":{":id":"row-g9da_weqi_4sps",":version":"rv-wf9x-kp9m~hiys",":created_at":"2026-03-10T12:37:08.575Z",":updated_at":"2026-03-10T12:37:08.575Z","cnn":"8752202","corridor":"Market St","limits":"Hayes St  -  Larkin St","cnnrightleft":"R","blockside":"NorthWest","fullname":"Sunday","weekday":"Sun","fromhour":"5","tohour":"7","week1":"1","week2":"1","week3":"1","week4":"1","week5":"1","holidays":"1","blocksweepid":"1617994","cleaning_days_abbr":"MTuWThFSaSu"}},{"type":"Feature","geometry":{"type":"LineString","coordinates":[[-122.420901270457,37.764976898832],[-122.421239593381,37.764956459787]]},"properties":{":id":"row-3np8~e9ns~teih",":version":"rv-4e8f_kcd4~n5k3",":created_at":"2026-03-10T12:37:08.575Z",":updated_at":"2026-03-10T12:37:08.575Z","cnn":"729000","corridor":"16th St","limits":"Julian Ave  -  Rondel Pl","cnnrightleft":"R","blockside":"North","fullname":"Sunday","weekday":"Sun","fromhour":"2","tohour":"6","week1":"1","week2":"1","week3":"1","week4":"1","week5":"1","holidays":"1","blocksweepid":"1613668","cleaning_days_abbr":"MTuWThFSaSu"}},{"type":"Feature","geometry":{"type":"LineString","coordinates":[[-122.475644467962,37.743051812571],[-122.476764599089,37.743002633011]]},"properties":{":id":"row-mn7d~av3h.mrdr",":version":"rv-bwmd~y2as_5b5s",":created_at":"2026-03-10T12:37:08.575Z",":updated_at":"2026-03-10T12:37:08.575Z","cnn":"12395000","corridor":"Taraval St","limits":"19th Ave  -  20th Ave","cnnrightleft":"R","blockside":"North","fullname":"Sunday","weekday":"Sun","fromhour":"2","tohour":"4","week1":"1","week2":"1","week3":"1","week4":"1","week5":"1","holidays":"1","blocksweepid":"1598183","cleaning_days_abbr":"TuThSu"}},{"type":"Feature","geometry":{"type":"LineString","coordinates":[[-122.410546068123,37.748316719113],[-122.41064652368,37.748265057214],[-122.411341640644,37.748249404231],[-122.41148412832,37.74829828695]]},"properties":{":id":"row-2w4n_mv62.bv53",":version":"rv-7zpw_ie8c_58rz",":created_at":"2026-03-10T12:37:08.575Z",":updated_at":"2026-03-10T12:37:08.575Z","cnn":"2484101","corridor":"Cesar Chavez St","limits":"Alabama St  -  Harrison St","cnnrightleft":"R","blockside":"North","fullname":"Sunday","weekday":"Sun","fromhour":"6","tohour":"8","week1":"1","week2":"1","week3":"1","week4":"1","week5":"1","holidays":"0","blocksweepid":"1636918","cleaning_days_abbr":"SaSu"}},{"type":"Feature","geometry":{"type":"LineString","coordinates":[[-122.402025419687,37.786248152145],[-122.402152838144,37.786186306093],[-122.403501281584,37.78512185399]]},"properties":{":id":"row-pfzb~dkre.6wwc",":version":"rv-e5sp-3tua-bph3",":created_at":"2026-03-10T12:37:08.575Z",":updated_at":"2026-03-10T12:37:08.575Z","cnn":"9095201","corridor":"Mission St","limits":"03rd St  -  Yerba Buena Ln","cnnrightleft":"R","blockside":null,"fullname":"Sunday","weekday":"Sun","fromhour":"2","tohour":"6","week1":"1","week2":"1","week3":"1","week4":"1","week5":"1","holidays":"1","blocksweepid":"1618503","cleaning_days_abbr":"MTuWThFSaSu"}},{"type":"Feature","geometry":{"type":"LineString","coordinates":[[-122.424852598549,37.77074774518],[-122.424958238897,37.770726363244],[-122.426285425928,37.769683638552],[-122.426309438393,37.769602597207]]},"properties":{":id":"row-hw8n~nze5.x8ee",":version":"rv-28bz-rhrh.9cga",":created_at":"2026-03-10T12:37:08.575Z",":updated_at":"2026-03-10T12:37:08.575Z","cnn":"8761201","corridor":"Market St","limits":"Laguna St  -  Buchanan St","cnnrightleft":"L","blockside":"SouthEast","fullname":"Sunday","weekday":"Sun","fromhour":"8","tohour":"9","week1":"1","week2":"1","week3":"1","week4":"1","week5":"1","holidays":"0","blocksweepid":"1625964"}},{"type":"Feature","geometry":{"type":"LineString","coordinates":[[-122.390214567234,37.776723442049],[-122.390048510508,37.776499855037],[-122.390025039703,37.776300145376]]},"properties":{":id":"row-qjdt_7pct.96nx",":version":"rv-kj78_h93y.h2ae",":created_at":"2026-03-10T12:37:08.575Z",":updated_at":"2026-03-10T12:37:08.575Z","cnn":"183000","corridor":"03rd St","limits":"Channel St  -  Terry A Francois Blvd","cnnrightleft":"R","blockside":"West","fullname":"Sunday","weekday":"Sun","fromhour":"2","tohour":"6","week1":"1","week2":"1","week3":"1","week4":"1","week5":"1","holidays":"1","blocksweepid":"1613785","cleaning_days_abbr":"MWFSaSu"}},{"type":"Feature","geometry":{"type":"LineString","coordinates":[[-122.406652352008,37.796024750166],[-122.406827677878,37.796901905855]]},"properties":{":id":"row-3sqy.8idx~6zmy",":version":"rv-usqs.ddrz~rwmh",":created_at":"2026-03-10T12:37:08.575Z",":updated_at":"2026-03-10T12:37:08.575Z","cnn":"6397000","corridor":"Grant Ave","limits":"Jackson St  -  Pacific Ave","cnnrightleft":"R","blockside":"East","fullname":"Sunday","weekday":"Sun","fromhour":"2","tohour":"6","week1":"1","week2":"1","week3":"1","week4":"1","week5":"1","holidays":"1","blocksweepid":"1606418","cleaning_days_abbr":"MTuWThFSaSu"}},{"type":"Feature","geometry":{"type":"LineString","coordinates":[[-122.43479841318,37.724682554681],[-122.434870379142,37.724587706064]]},"properties":{":id":"row-n6kt~7gkd-zmhi",":version":"rv-5ep3~5vtc.qzx9",":created_at":"2026-03-10T12:37:08.575Z",":updated_at":"2026-03-10T12:37:08.575Z","cnn":"9164000","corridor":"Mission St","limits":"Brazil Ave  -  Norton St","cnnrightleft":"R","blockside":"NorthWest","fullname":"Sunday","weekday":"Sun","fromhour":"5","tohour":"7","week1":"1","week2":"1","week3":"1","week4":"1","week5":"1","holidays":"0","blocksweepid":"1626438","cleaning_days_abbr":"MTuWThFSaSu"}},{"type":"Feature","geometry":{"type":"LineString","coordinates":[[-122.391096119262,37.792436047738],[-122.391021793411,37.792599161581],[-122.391223049097,37.792779801959],[-122.391719194436,37.79319614671],[-122.392331238042,37.793733745784],[-122.392499329227,37.793768814045]]},"properties":{":id":"row-827b-dz6h_fdsy",":version":"rv-tykp.6ivu.z4f3",":created_at":"2026-03-10T12:37:08.575Z",":updated_at":"2026-03-10T12:37:08.575Z","cnn":"12552201","corridor":"The Embarcadero","limits":"Howard St  -  Mission St","cnnrightleft":"R","blockside":"NorthEast","fullname":"Sunday","weekday":"Sun","fromhour":"1","tohour":"3","week1":"1","week2":"1","week3":"1","week4":"1","week5":"1","holidays":"1","blocksweepid":"1624898","cleaning_days_abbr":"MTuWThFSaSu"}},{"type":"Feature","geometry":{"type":"LineString","coordinates":[[-122.397942939431,37.782997897616],[-122.39738553825,37.782553592904]]},"properties":{":id":"row-8ezu.pk74.sz43",":version":"rv-wnfc~yk84-iqxy",":created_at":"2026-03-10T12:37:08.575Z",":updated_at":"2026-03-10T12:37:08.575Z","cnn":"171000","corridor":"03rd St","limits":"Saint Francis Pl  -  Harrison St","cnnrightleft":"L","blockside":"NorthEast","fullname":"Sunday","weekday":"Sun","fromhour":"2","tohour":"6","week1":"1","week2":"1","week3":"1","week4":"1","week5":"1","holidays":"1","blocksweepid":"1628664","cleaning_days_abbr":"MTuWThFSaSu"}},{"type":"Feature","geometry":{"type":"LineString","coordinates":[[-122.419825234384,37.766673601906],[-122.419668972896,37.765051337402]]},"properties":{":id":"row-mdeu.dq3x_xtrs",":version":"rv-q4qi_4msq~e935",":created_at":"2026-03-10T12:37:08.575Z",":updated_at":"2026-03-10T12:37:08.575Z","cnn":"9115000","corridor":"Mission St","limits":"15th St  -  16th St","cnnrightleft":"R","blockside":"West","fullname":"Sunday","weekday":"Sun","fromhour":"4","tohour":"6","week1":"1","week2":"1","week3":"1","week4":"1","week5":"1","holidays":"0","blocksweepid":"1626194","cleaning_days_abbr":"MTuWThFSaSu"}},{"type":"Feature","geometry":{"type":"LineString","coordinates":[[-122.387456310816,37.749004758693],[-122.387387855154,37.74891923595],[-122.387123923536,37.746335746312],[-122.387174218361,37.746157127786]]},"properties":{":id":"row-gyuy-f37t.374c",":version":"rv-7j7m.e8cs_8jym",":created_at":"2026-03-10T12:37:08.575Z",":updated_at":"2026-03-10T12:37:08.575Z","cnn":"197101","corridor":"03rd St","limits":"Marin St  -  Cargo Way","cnnrightleft":"L","blockside":"East","fullname":"Sunday","weekday":"Sun","fromhour":"2","tohour":"6","week1":"1","week2":"1","week3":"1","week4":"1","week5":"1","holidays":"1","blocksweepid":"1629078","cleaning_days_abbr":"MTuWThFSaSu"}},{"type":"Feature","geometry":{"type":"LineString","coordinates":[[-122.421570115351,37.786618960963],[-122.421689381766,37.786688731831],[-122.421764812617,37.787061578799]]},"properties":{":id":"row-9mq6-vvxw.yeib",":version":"rv-7cpx~s34a.mugi",":created_at":"2026-03-10T12:37:08.575Z",":updated_at":"2026-03-10T12:37:08.575Z","cnn":"13154101","corridor":"Van Ness Ave","limits":"Post St  -  Daniel Burnham Ct","cnnrightleft":"L","blockside":"West","fullname":"Sunday","weekday":"Sun","fromhour":"4","tohour":"6","week1":"1","week2":"1","week3":"1","week4":"1","week5":"1","holidays":"0","blocksweepid":"1598993","cleaning_days_abbr":"MTuWThFSaSu"}},{"type":"Feature","geometry":{"type":"LineString","coordinates":[[-122.437422939693,37.77313349266],[-122.437389647911,37.773229220106],[-122.437551529725,37.773987756733],[-122.437610623863,37.774061646375]]},"properties":{":id":"row-j39d.gthe-ga82",":version":"rv-w9b2~y4ua~g8ik",":created_at":"2026-03-10T12:37:08.575Z",":updated_at":"2026-03-10T12:37:08.575Z","cnn":"4801201","corridor":"Divisadero St","limits":"Oak St  -  Fell St","cnnrightleft":"R","blockside":"East","fullname":"Sunday","weekday":"Sun","fromhour":"6","tohour":"8","week1":"1","week2":"1","week3":"1","week4":"1","week5":"1","holidays":"0","blocksweepid":"1615255","cleaning_days_abbr":"TuThSu"}},{"type":"Feature","geometry":{"type":"LineString","coordinates":[[-122.419255606289,37.775147074542],[-122.419202284049,37.775283856691],[-122.419408930005,37.776280848046],[-122.419506293804,37.776368870039]]},"properties":{":id":"row-w3zi-hap6_euun",":version":"rv-nfu2~xwpi_f758",":created_at":"2026-03-10T12:37:08.575Z",":updated_at":"2026-03-10T12:37:08.575Z","cnn":"13143201","corridor":"Van Ness Ave","limits":"Market St  -  Fell St","cnnrightleft":"R","blockside":"East","fullname":"Sunday","weekday":"Sun","fromhour":"4","tohour":"6","week1":"1","week2":"1","week3":"1","week4":"1","week5":"1","holidays":"0","blocksweepid":"1639869","cleaning_days_abbr":"MTuWThFSaSu"}},{"type":"Feature","geometry":{"type":"LineString","coordinates":[[-122.414106895841,37.776707688168],[-122.414711003922,37.776230519995]]},"properties":{":id":"row-p247-8g6y.qqnf",":version":"rv-fgjm-fxhr-d4q9",":created_at":"2026-03-10T12:37:08.575Z",":updated_at":"2026-03-10T12:37:08.575Z","cnn":"9104000","corridor":"Mission St","limits":"Laskie St  -  09th St","cnnrightleft":"R","blockside":"NorthWest","fullname":"Sunday","weekday":"Sun","fromhour":"2","tohour":"6","week1":"1","week2":"1","week3":"1","week4":"1","week5":"1","holidays":"1","blocksweepid":"1618515","cleaning_days_abbr":"MTuWThFSaSu"}},{"type":"Feature","geometry":{"type":"LineString","coordinates":[[-122.430824395339,37.766013730949],[-122.430954744696,37.765993628549],[-122.431014633025,37.765950220125],[-122.431025470892,37.765867986364]]},"properties":{":id":"row-2gdu~bnfj-3m8r",":version":"rv-rnvh.y9vx~5jw2",":created_at":"2026-03-10T12:37:08.575Z",":updated_at":"2026-03-10T12:37:08.575Z","cnn":"8765201","corridor":"Market St","limits":"15th St  -  Sanchez St","cnnrightleft":"R","blockside":"NorthWest","fullname":"Sunday","weekday":"Sun","fromhour":"2","tohour":"6","week1":"1","week2":"1","week3":"1","week4":"1","week5":"1","holidays":"1","blocksweepid":"1625958","cleaning_days_abbr":"MTuWThFSaSu"}},{"type":"Feature","geometry":{"type":"LineString","coordinates":[[-122.428948566763,37.767504459571],[-122.429181964081,37.767413367661],[-122.43074894679,37.766176726989],[-122.430824395339,37.766013730949]]},"properties":{":id":"row-jtcc-tqgr-6c36",":version":"rv-z453-xxdy_yb26",":created_at":"2026-03-10T12:37:08.575Z",":updated_at":"2026-03-10T12:37:08.575Z","cnn":"8764201","corridor":"Market St","limits":"Church St  -  15th St","cnnrightleft":"L","blockside":"SouthEast","fullname":"Sunday","weekday":"Sun","fromhour":"8","tohour":"9","week1":"1","week2":"1","week3":"1","week4":"1","week5":"1","holidays":"0","blocksweepid":"1625968"}},{"type":"Feature","geometry":{"type":"LineString","coordinates":[[-122.415505178457,37.781654261888],[-122.417145611924,37.781447495006]]},"properties":{":id":"row-v8uh.r748_m2me",":version":"rv-rdnu.pyzy~7upd",":created_at":"2026-03-10T12:37:08.575Z",":updated_at":"2026-03-10T12:37:08.575Z","cnn":"6263000","corridor":"Golden Gate Ave","limits":"Hyde St  -  Larkin St","cnnrightleft":"L","blockside":"South","fullname":"Sunday","weekday":"Sun","fromhour":"6","tohour":"8","week1":"1","week2":"1","week3":"1","week4":"1","week5":"1","holidays":"0","blocksweepid":"1622241","cleaning_days_abbr":"TuThSu"}},{"type":"Feature","geometry":{"type":"LineString","coordinates":[[-122.400382132593,37.722633285191],[-122.399925016868,37.72151727204]]},"properties":{":id":"row-tnsa-4pny.2xrw",":version":"rv-e9gk-z3uk~je79",":created_at":"2026-03-10T12:37:08.575Z",":updated_at":"2026-03-10T12:37:08.575Z","cnn":"2815000","corridor":"Bay Shore Blvd","limits":"Wheat St  -  Hwy 101 S On Ramp","cnnrightleft":"L","blockside":"East","fullname":"Sunday","weekday":"Sun","fromhour":"7","tohour":"8","week1":"1","week2":"1","week3":"1","week4":"1","week5":"1","holidays":"0","blocksweepid":"1613361","cleaning_days_abbr":"TuThSaSu"}},{"type":"Feature","geometry":{"type":"LineString","coordinates":[[-122.387878640607,37.754112146051],[-122.387939316444,37.754021343795],[-122.387834372955,37.752926524556],[-122.387756280195,37.752835611596]]},"properties":{":id":"row-m85g_6edb.53vh",":version":"rv-qy4j.8xih_ckmz",":created_at":"2026-03-10T12:37:08.575Z",":updated_at":"2026-03-10T12:37:08.575Z","cnn":"193201","corridor":"03rd St","limits":"24th St  -  25th St","cnnrightleft":"R","blockside":"West","fullname":"Sunday","weekday":"Sun","fromhour":"2","tohour":"6","week1":"1","week2":"1","week3":"1","week4":"1","week5":"1","holidays":"1","blocksweepid":"1613802","cleaning_days_abbr":"MWFSaSu"}},{"type":"Feature","geometry":{"type":"LineString","coordinates":[[-122.432363263447,37.72771681463],[-122.432447324391,37.727637208054]]},"properties":{":id":"row-wgwm~auk9.tpwk",":version":"rv-n66u-79dh.gfgj",":created_at":"2026-03-10T12:37:08.575Z",":updated_at":"2026-03-10T12:37:08.575Z","cnn":"9157000","corridor":"Mission St","limits":"Theresa St  -  Avalon Ave","cnnrightleft":"R","blockside":"NorthWest","fullname":"Sunday","weekday":"Sun","fromhour":"5","tohour":"7","week1":"1","week2":"1","week3":"1","week4":"1","week5":"1","holidays":"0","blocksweepid":"1626431","cleaning_days_abbr":"MTuWThFSaSu"}},{"type":"Feature","geometry":{"type":"LineString","coordinates":[[-122.397669948657,37.799234483026],[-122.397623314259,37.799398885916],[-122.398945512141,37.800879117939],[-122.399130242841,37.800896476996]]},"properties":{":id":"row-xxsg~i49i~riif",":version":"rv-vrvf~6jzw_f7tp",":created_at":"2026-03-10T12:37:08.575Z",":updated_at":"2026-03-10T12:37:08.575Z","cnn":"12555202","corridor":"The Embarcadero","limits":"Broadway  -  Green St","cnnrightleft":"R","blockside":"NorthEast","fullname":"Sunday","weekday":"Sun","fromhour":"1","tohour":"3","week1":"1","week2":"1","week3":"1","week4":"1","week5":"1","holidays":"1","blocksweepid":"1624901","cleaning_days_abbr":"MTuWThFSaSu"}},{"type":"Feature","geometry":{"type":"LineString","coordinates":[[-122.413161444271,37.786729744902],[-122.414806648356,37.7865198197]]},"properties":{":id":"row-7ktc.8swe~upec",":version":"rv-72t4~wqeu-nv6s",":created_at":"2026-03-10T12:37:08.575Z",":updated_at":"2026-03-10T12:37:08.575Z","cnn":"6114000","corridor":"Geary St","limits":"Jones St  -  Leavenworth St","cnnrightleft":"L","blockside":"South","fullname":"Sunday","weekday":"Sun","fromhour":"6","tohour":"8","week1":"1","week2":"1","week3":"1","week4":"1","week5":"1","holidays":"0","blocksweepid":"1622102","cleaning_days_abbr":"TuThSu"}},{"type":"Feature","geometry":{"type":"LineString","coordinates":[[-122.406226437742,37.797558810251],[-122.406667930917,37.797864612499]]},"properties":{":id":"row-hc6s.2k2n~kzai",":version":"rv-dduh.wehe~5gvv",":created_at":"2026-03-10T12:37:08.575Z",":updated_at":"2026-03-10T12:37:08.575Z","cnn":"4291000","corridor":"Columbus Ave","limits":"Jack Kerouac Aly  -  Broadway","cnnrightleft":"R","blockside":"NorthEast","fullname":"Sunday","weekday":"Sun","fromhour":"4","tohour":"6","week1":"1","week2":"1","week3":"1","week4":"1","week5":"1","holidays":"0","blocksweepid":"1637286","cleaning_days_abbr":"MTuWThFSaSu"}},{"type":"Feature","geometry":{"type":"LineString","coordinates":[[-122.414164433951,37.808421059353],[-122.415802425062,37.808214054175]]},"properties":{":id":"row-z5bd-55b6.dg34",":version":"rv-pcxp~t3f2_9u7v",":created_at":"2026-03-10T12:37:08.575Z",":updated_at":"2026-03-10T12:37:08.575Z","cnn":"7456000","corridor":"Jefferson St","limits":"Mason St  -  Taylor St","cnnrightleft":"L","blockside":"South","fullname":"Sunday","weekday":"Sun","fromhour":"1","tohour":"3","week1":"1","week2":"1","week3":"1","week4":"1","week5":"1","holidays":"1","blocksweepid":"1597402","cleaning_days_abbr":"MTuWThFSaSu"}},{"type":"Feature","geometry":{"type":"LineString","coordinates":[[-122.388023343662,37.78477361415],[-122.387862337714,37.784842845886],[-122.38777198729,37.785912234871],[-122.387708940639,37.786977018156],[-122.387794890027,37.787097239396]]},"properties":{":id":"row-tt3h_u6qw_cw8y",":version":"rv-kukr~tfwi~4u2x",":created_at":"2026-03-10T12:37:08.575Z",":updated_at":"2026-03-10T12:37:08.575Z","cnn":"12548201","corridor":"The Embarcadero","limits":"Brannan St  -  Bryant St","cnnrightleft":"R","blockside":"East","fullname":"Sunday","weekday":"Sun","fromhour":"1","tohour":"3","week1":"1","week2":"1","week3":"1","week4":"1","week5":"1","holidays":"1","blocksweepid":"1624894","cleaning_days_abbr":"MTuWThFSaSu"}},{"type":"Feature","geometry":{"type":"LineString","coordinates":[[-122.441019561727,37.716459545953],[-122.441554284708,37.71575344485]]},"properties":{":id":"row-unws~zdzm_mavp",":version":"rv-928s_xfyr_xauh",":created_at":"2026-03-10T12:37:08.575Z",":updated_at":"2026-03-10T12:37:08.575Z","cnn":"9178000","corridor":"Mission St","limits":"Geneva Ave  -  Rolph St","cnnrightleft":"L","blockside":"SouthEast","fullname":"Sunday","weekday":"Sun","fromhour":"5","tohour":"7","week1":"1","week2":"1","week3":"1","week4":"1","week5":"1","holidays":"0","blocksweepid":"1626588","cleaning_days_abbr":"MTuWThFSaSu"}},{"type":"Feature","geometry":{"type":"LineString","coordinates":[[-122.40622473616,37.796077505163],[-122.40635066883,37.796061968847]]},"properties":{":id":"row-jduc_ysjw.zgga",":version":"rv-7vnu-78r7~q4ja",":created_at":"2026-03-10T12:37:08.575Z",":updated_at":"2026-03-10T12:37:08.575Z","cnn":"7371000","corridor":"Jackson St","limits":"Wentworth Pl  -  Beckett St","cnnrightleft":"L","blockside":"South","fullname":"Sunday","weekday":"Sun","fromhour":"2","tohour":"6","week1":"1","week2":"1","week3":"1","week4":"1","week5":"1","holidays":"1","blocksweepid":"1638529","cleaning_days_abbr":"TuThSu"}},{"type":"Feature","geometry":{"type":"LineString","coordinates":[[-122.415315614941,37.780719176738],[-122.416138098276,37.78061496672]]},"properties":{":id":"row-d66j_4ikv_5d9t",":version":"rv-e494~fxc6-bif6",":created_at":"2026-03-10T12:37:08.575Z",":updated_at":"2026-03-10T12:37:08.575Z","cnn":"8891000","corridor":"McAllister St","limits":"Hyde St  -  Breen Pl","cnnrightleft":"R","blockside":"North","fullname":"Sunday","weekday":"Sun","fromhour":"2","tohour":"6","week1":"1","week2":"1","week3":"1","week4":"1","week5":"1","holidays":"0","blocksweepid":"1599641","cleaning_days_abbr":"MWFSaSu"}},{"type":"Feature","geometry":{"type":"LineString","coordinates":[[-122.406220480026,37.793831753392],[-122.406304985895,37.794263626856]]},"properties":{":id":"row-sjt8~9aaq~pdzf",":version":"rv-k89g.zx4d~cfbd",":created_at":"2026-03-10T12:37:08.575Z",":updated_at":"2026-03-10T12:37:08.575Z","cnn":"6394000","corridor":"Grant Ave","limits":"Commercial St  -  Clay St","cnnrightleft":"R","blockside":"East","fullname":"Sunday","weekday":"Sun","fromhour":"2","tohour":"6","week1":"1","week2":"1","week3":"1","week4":"1","week5":"1","holidays":"1","blocksweepid":"1606415","cleaning_days_abbr":"MTuWThFSaSu"}},{"type":"Feature","geometry":{"type":"LineString","coordinates":[[-122.408708673446,37.780971182971],[-122.410936574036,37.779211685706]]},"properties":{":id":"row-cpe3~uk94-ja5u",":version":"rv-6yvw~twd8~7f36",":created_at":"2026-03-10T12:37:08.575Z",":updated_at":"2026-03-10T12:37:08.575Z","cnn":"9100000","corridor":"Mission St","limits":"06th St  -  07th St","cnnrightleft":"L","blockside":"SouthEast","fullname":"Sunday","weekday":"Sun","fromhour":"2","tohour":"6","week1":"1","week2":"1","week3":"1","week4":"1","week5":"1","holidays":"1","blocksweepid":"1618960","cleaning_days_abbr":"MTuWThFSaSu"}}]}